CustomerId,Age,CreditScore,Balance,EstimatedSalary,Tenure,NumOfProducts,Geography,Gender,IsActiveMember,HasCrCard,Exited,IQR_flagged,Zscore_flagged,ISO_flagged,DBSCAN_outlier,ISO_score,flag_sum,consensus_anomaly,KMeans_Cluster
15654562,45,850,174088.3,5669.31,5,4,Spain,Female,0,1,1,0,1,1,1,-0.10905115107601382,2,1,2
15608528,68,645,0.0,176353.87,9,4,France,Female,1,1,1,1,1,1,1,-0.10412285095285179,3,1,3
15784958,55,797,0.0,49418.87,10,4,France,Female,1,1,1,0,1,1,1,-0.10101975177252243,2,1,3
15691513,60,592,0.0,13614.01,9,4,France,Male,1,1,1,0,1,1,0,-0.09596289656661972,1,0,3
15677764,74,461,186445.31,196767.83,1,2,Germany,Female,1,1,0,0,1,1,1,-0.09427113007360732,2,1,3
15653776,57,720,162082.31,27145.73,1,4,Germany,Female,0,0,1,0,1,1,1,-0.0888899443569765,2,1,3
15671591,52,439,96196.24,198874.52,3,4,Spain,Male,0,1,1,0,1,1,1,-0.08669902697116849,2,1,3
15778975,70,850,96947.58,62282.99,1,3,Germany,Female,0,1,1,0,0,1,1,-0.08419493215411022,2,1,3
15646037,77,641,0.0,81514.06,9,3,France,Male,1,1,0,0,1,1,0,-0.08280618083963431,1,0,3
15605279,50,792,0.0,194700.81,9,4,France,Male,1,1,1,0,1,1,1,-0.08221040545621527,2,1,2
15670374,49,819,120656.86,166164.3,1,4,Germany,Female,0,0,1,0,1,1,1,-0.0817038636185573,2,1,0
15721426,65,606,126306.64,7861.68,10,3,Germany,Male,0,0,1,0,0,1,1,-0.08074859145632596,2,1,3
15599329,49,697,195238.29,131083.56,7,4,France,Female,1,0,1,0,1,1,1,-0.07898525765841835,2,1,2
15582129,62,517,43772.66,187756.24,1,3,France,Male,0,1,1,0,0,1,0,-0.07689881820141298,1,0,3
15703793,58,738,133745.44,28373.86,2,4,Germany,Male,0,1,1,0,1,1,1,-0.07549580138180978,2,1,3
15622033,41,847,101543.51,16025.17,3,4,Germany,Female,0,1,1,0,1,1,0,-0.07252122797657701,1,0,0
15704442,53,672,169406.33,147311.47,9,4,France,Female,1,1,1,0,1,1,1,-0.07146028544676852,2,1,3
15689341,50,655,0.0,179267.94,10,4,France,Female,0,1,1,0,1,1,0,-0.07080430227937173,1,0,2
15664754,39,640,131607.28,6981.43,9,4,Germany,Male,1,0,1,0,1,1,1,-0.0706300336617195,2,1,2
15750335,43,850,108508.82,184044.8,0,3,Germany,Male,0,1,1,0,0,1,0,-0.07059619955087026,1,0,0
15812210,32,497,111537.23,9497.99,8,4,Germany,Female,1,1,1,0,1,1,1,-0.06807383618859764,2,1,2
15653251,84,408,87873.39,188484.52,8,1,France,Female,0,0,1,0,1,1,1,-0.06746235627715891,2,1,3
15673591,44,842,141252.18,128521.16,3,4,France,Male,1,0,1,0,1,1,1,-0.06625727652777469,2,1,0
15812888,41,447,0.0,197490.39,3,4,France,Male,1,1,1,0,1,1,1,-0.0660140902390206,2,1,0
15815316,50,644,76817.0,196371.13,9,4,France,Male,0,1,1,0,1,1,0,-0.065808815001825,1,0,2
15624180,37,584,134171.8,70927.11,10,4,Germany,Female,1,1,1,0,1,1,0,-0.06554360452381058,1,0,2
15608338,55,757,117294.12,94187.47,9,4,Spain,Female,0,1,1,0,1,1,1,-0.06517984257559695,2,1,3
15752081,56,468,0.0,62256.87,10,3,France,Female,1,0,1,0,0,1,0,-0.06515077467588071,1,0,3
15783019,62,794,123681.32,173586.63,9,3,France,Female,0,1,1,0,0,1,1,-0.06489863757333059,2,1,3
15603554,45,513,164649.52,49915.52,0,3,France,Female,0,1,1,0,0,1,0,-0.06347829561596696,1,0,0
15767474,57,481,0.0,169719.35,9,3,France,Female,1,1,1,0,0,1,1,-0.06339541101539947,2,1,3
15651103,69,762,183744.98,196993.69,9,1,Spain,Female,1,1,0,0,0,1,0,-0.06336830932597814,1,0,3
15679770,61,611,131583.59,66238.23,3,4,France,Female,1,0,1,0,1,1,1,-0.06249251384071364,2,1,3
15715638,77,824,27517.15,2746.41,3,2,Germany,Male,1,0,0,0,1,1,1,-0.06188713982062366,2,1,3
15656148,29,376,115046.74,119346.88,4,4,Germany,Female,0,1,1,1,1,1,1,-0.06182312634430298,3,1,1
15610383,46,628,46870.43,31272.14,1,4,France,Female,0,1,1,0,1,1,0,-0.06142786901934982,1,0,0
15813303,88,513,0.0,52952.24,10,2,Spain,Male,1,1,0,0,1,1,1,-0.06136639869047733,2,1,3
15681007,35,850,128548.49,75478.95,2,4,France,Female,0,1,1,0,1,1,1,-0.06098866009308357,2,1,0
15800554,81,850,0.0,59568.24,1,2,France,Female,1,1,0,0,1,1,0,-0.06021069410507984,1,0,3
15578006,85,787,0.0,116537.96,10,2,France,Female,1,1,0,0,1,1,0,-0.06002947129734815,1,0,3
15571816,70,850,0.0,705.18,5,1,Spain,Female,1,1,0,0,0,1,0,-0.058827019795125945,1,0,3
15633194,41,771,108309.0,137510.41,10,4,France,Female,1,1,1,0,1,1,1,-0.058451672870480476,2,1,2
15671769,71,624,170252.05,73679.59,4,3,France,Female,1,1,1,0,1,1,1,-0.058358005454680395,2,1,3
15750778,60,653,120731.39,138160.11,2,4,France,Female,1,1,1,0,1,1,1,-0.058273308343293584,2,1,3
15680611,67,663,0.0,72318.77,9,3,France,Male,1,1,0,0,0,1,0,-0.05815787693426866,1,0,3
15628600,31,807,141069.18,194257.11,1,3,Germany,Female,1,1,0,0,0,1,0,-0.056768072513872725,1,0,0
15639357,46,415,134950.19,178587.36,9,3,France,Male,0,0,1,0,0,1,0,-0.05667960849945508,1,0,2
15666548,56,466,111920.13,197634.11,2,3,Germany,Female,0,1,1,0,0,1,0,-0.05581848206508744,1,0,3
15597914,51,641,117306.69,26912.72,2,4,Germany,Female,1,1,1,0,1,1,0,-0.05510014783620687,1,0,3
15640846,58,546,106458.31,128881.87,3,4,Germany,Female,0,1,1,0,1,1,1,-0.054742000037017124,2,1,3
15665283,57,610,72092.95,113228.82,7,4,France,Female,1,0,1,0,1,1,1,-0.0532707214037178,2,1,3
15603851,32,704,127785.17,184464.7,7,4,France,Male,0,0,1,0,1,1,1,-0.053170315501850585,2,1,2
15787189,60,824,134250.17,153046.16,8,3,Germany,Male,0,0,1,0,0,1,1,-0.052815972021771684,2,1,3
15747174,58,526,190298.89,191263.76,9,2,Germany,Male,1,1,0,0,0,1,0,-0.0515971121882407,1,0,3
15609824,41,794,176845.41,166526.26,7,3,France,Female,0,1,1,0,0,1,0,-0.05111595664078339,1,0,2
15603111,71,850,69608.14,97893.4,10,1,Spain,Male,0,1,1,0,1,1,0,-0.05098411371136835,1,0,3
15801559,41,693,181461.48,187929.43,9,3,Germany,Female,1,1,1,0,0,1,0,-0.050859487666149006,1,0,2
15713440,21,519,151701.45,170138.68,1,3,Germany,Female,1,1,1,0,0,1,0,-0.05075672444497781,1,0,1
15612478,51,525,0.0,171045.35,10,3,France,Male,0,1,1,0,0,1,0,-0.05059462045085694,1,0,2
15570002,55,625,118772.71,135853.62,8,4,Germany,Female,0,0,1,0,1,1,1,-0.050452756701200197,2,1,3
15692416,52,358,143542.36,141959.11,8,3,Spain,Female,0,1,1,0,1,1,1,-0.050326819316600324,2,1,3
15759067,37,537,158411.95,117690.58,7,4,Germany,Female,1,1,1,0,1,1,0,-0.05022947248947962,1,0,2
15803538,56,695,0.0,187734.49,1,3,Spain,Male,0,1,1,0,0,1,1,-0.049858988294078865,2,1,3
15788068,45,743,144677.19,22512.44,10,3,Germany,Male,0,1,1,0,0,1,0,-0.04899143241169035,1,0,2
15664270,45,692,142084.04,188305.85,6,4,Germany,Male,0,1,1,0,1,1,0,-0.04759253511717443,1,0,2
15752294,38,582,135979.01,76582.95,9,4,France,Female,1,1,1,0,1,1,0,-0.04748166117712205,1,0,2
15793726,79,681,0.0,170968.99,0,2,France,Female,1,0,0,0,1,1,0,-0.04701991952580886,1,0,3
15625824,30,596,121345.88,41921.75,6,4,Spain,Male,0,1,1,0,1,1,1,-0.04697117582200616,2,1,1
15668283,48,642,118317.27,78702.98,9,4,France,Male,0,0,1,0,1,1,1,-0.04636240925792756,2,1,2
15719508,49,575,121205.15,168080.53,7,4,Germany,Male,1,1,1,0,1,1,0,-0.04632497416343784,1,0,2
15724076,57,815,0.0,38941.44,5,3,Spain,Female,0,0,1,0,0,1,1,-0.04605017089907115,2,1,3
15603246,73,498,170241.7,165407.96,2,2,France,Male,1,1,0,0,1,1,0,-0.04572106466622661,1,0,3
15588859,44,496,179356.28,2919.21,0,2,Spain,Female,0,1,1,0,0,1,0,-0.04568668207879245,1,0,0
15653037,77,609,0.0,18708.76,1,1,France,Male,1,0,0,0,1,1,0,-0.045080897428291355,1,0,3
15775761,69,610,86038.21,192743.06,5,3,Germany,Female,0,0,1,0,0,1,1,-0.044991618232092856,2,1,3
15601594,51,698,144237.91,157143.61,6,4,France,Female,0,1,1,0,1,1,0,-0.04463456336822824,1,0,3
15766355,49,550,108806.96,61446.92,0,3,Germany,Male,0,1,1,0,0,1,0,-0.044152959521520985,1,0,0
15749519,38,822,128289.7,9149.96,6,3,France,Male,0,1,1,0,0,1,0,-0.04379770425779894,1,0,2
15590201,50,500,0.0,83866.35,5,4,Spain,Female,1,1,1,0,1,1,1,-0.0436871825996481,2,1,0
15579826,66,439,0.0,65535.56,9,1,France,Female,0,1,0,0,0,1,0,-0.043121021432046436,1,0,3
15628999,79,732,61811.23,104222.8,10,1,France,Male,1,1,0,0,1,1,0,-0.042685033093849634,1,0,3
15587647,66,850,127120.62,118929.64,0,1,Germany,Female,1,0,1,0,0,1,0,-0.04253104836876076,1,0,3
15724161,40,644,137285.26,77063.63,9,4,France,Female,0,1,1,0,1,1,0,-0.04241244028639046,1,0,2
15593976,31,578,102088.68,187866.21,5,4,Germany,Female,0,0,1,0,1,1,1,-0.042213858177984176,2,1,0
15701439,50,698,0.0,88566.9,1,4,Spain,Female,0,1,1,0,1,1,0,-0.042183674496265255,1,0,0
15750765,71,650,0.0,175380.77,0,1,Spain,Male,1,1,0,0,1,1,0,-0.042124938899784636,1,0,3
15746333,57,562,0.0,6554.97,3,3,France,Female,0,1,1,0,0,1,0,-0.042110563619505714,1,0,3
15805704,32,745,0.0,179705.13,2,4,France,Female,1,0,1,0,1,1,1,-0.041795163331219354,2,1,0
15580560,73,769,0.0,29792.11,1,1,France,Female,1,1,0,0,1,1,0,-0.041743056629259145,1,0,3
15783615,50,630,129370.91,47775.34,3,4,Germany,Male,1,1,1,0,1,1,0,-0.04173033194842757,1,0,0
15744582,24,680,0.0,154971.63,10,3,France,Female,0,1,1,0,0,1,0,-0.041656898561320155,1,0,1
15757759,28,807,165969.26,156122.13,7,3,Spain,Female,0,1,1,0,0,1,0,-0.04096238345214542,1,0,1
15731569,81,850,0.0,44827.47,5,2,France,Male,1,1,0,0,1,1,0,-0.040902246558479294,1,0,3
15576094,71,743,0.0,29837.65,0,2,France,Male,1,0,0,0,1,1,0,-0.04072338752289606,1,0,3
15733247,33,850,0.0,4861.72,10,1,France,Male,0,1,1,0,0,1,0,-0.040362170457010405,1,0,2
15732438,43,561,0.0,18522.91,4,4,France,Male,0,0,1,0,1,1,0,-0.039697756210384405,1,0,0
15810898,65,803,151659.52,6930.17,2,2,France,Female,1,0,0,0,0,1,0,-0.03960709448166477,1,0,3
15734762,56,602,115895.22,4176.17,3,3,France,Female,0,1,1,0,0,1,0,-0.03943112738216481,1,0,3
15732270,71,727,0.0,198446.91,8,1,Spain,Male,1,1,1,0,1,1,0,-0.039092595120629015,1,0,3
15694376,64,705,153469.26,146573.66,3,3,Germany,Female,0,0,1,0,0,1,0,-0.038930822762985984,1,0,3
15574842,25,653,158266.42,199357.24,2,3,Germany,Female,1,1,0,0,0,1,0,-0.03883408172936387,1,0,1
15808044,65,580,106804.26,107890.69,9,3,France,Female,0,1,1,0,0,1,1,-0.03872184255690081,2,1,3
15763097,80,809,0.0,34164.05,8,2,Spain,Male,1,0,0,0,1,1,0,-0.03867866060143976,1,0,3
15806808,57,834,112281.6,140225.14,8,3,Germany,Female,0,1,1,0,0,1,0,-0.03867775765505821,1,0,3
15663650,52,698,107304.39,28806.32,10,3,Germany,Male,0,1,1,0,0,1,0,-0.03854952392621147,1,0,3
15648681,47,747,139914.6,129964.56,5,4,France,Female,1,0,1,0,1,1,1,-0.03850582122850488,2,1,2
15602735,45,692,152296.83,108040.86,6,4,Germany,Male,1,0,1,0,1,1,0,-0.03822645766550736,1,0,2
15678916,75,512,0.0,123304.62,2,1,France,Female,0,1,0,0,1,1,0,-0.03820753154733769,1,0,3
15771668,59,578,185966.64,9445.42,10,1,France,Male,0,0,1,0,0,1,0,-0.038103152922458916,1,0,3
15655123,45,505,131355.3,195395.33,9,3,Spain,Female,0,1,1,0,0,1,0,-0.038060772117010866,1,0,2
15723318,55,619,0.0,60810.64,0,3,France,Female,0,0,1,0,0,1,0,-0.037888827473001485,1,0,3
15794479,77,767,149083.7,190146.83,8,1,Spain,Male,1,1,0,0,1,1,0,-0.03750708168099226,1,0,3
15579345,74,775,161371.5,134869.93,0,1,Germany,Female,1,1,0,0,1,1,0,-0.03731658585528319,1,0,3
15791700,47,773,118079.47,143007.49,2,4,Germany,Male,1,1,1,0,1,1,0,-0.03695148670330184,1,0,0
15606641,56,762,100260.88,77142.42,10,3,Germany,Male,1,1,1,0,0,1,0,-0.03694527707042172,1,0,3
15780124,74,841,108131.53,60830.38,9,1,France,Male,1,0,0,0,1,1,0,-0.0369030868305964,1,0,3
15764431,34,671,130929.02,28238.25,5,4,Spain,Female,1,1,1,0,1,1,0,-0.03686524294634208,1,0,2
15592925,42,711,177626.77,16392.72,3,3,Spain,Male,1,0,1,0,0,1,0,-0.036618543777301116,1,0,0
15625761,41,632,127205.32,93874.87,8,4,Germany,Male,0,1,1,0,1,1,0,-0.03656238232152709,1,0,2
15714466,41,846,0.0,3440.47,5,3,France,Female,0,1,1,0,0,1,0,-0.03650743510651211,1,0,2
15749401,60,686,0.0,75246.21,9,3,France,Male,1,1,1,0,0,1,0,-0.03633837578979349,1,0,3
15653050,76,719,95052.29,176244.87,10,1,Germany,Female,0,1,0,0,1,1,1,-0.03629512727311379,2,1,3
15735080,64,508,0.0,6076.62,2,1,France,Female,1,1,0,0,0,1,0,-0.0360504961290119,1,0,3
15730579,68,850,169445.4,186335.07,5,1,France,Male,1,1,0,0,0,1,0,-0.03596047009516112,1,0,3
15799534,71,720,183135.39,197688.5,5,2,France,Male,1,1,0,0,1,1,0,-0.03573049056178623,1,0,3
15785576,71,434,119496.87,125848.88,9,1,Germany,Male,0,1,0,0,1,1,1,-0.03495789498892454,2,1,3
15587233,41,457,73700.12,185750.02,8,3,France,Male,1,1,1,0,0,1,0,-0.034318731890841225,1,0,2
15771087,71,757,88084.13,154337.47,0,2,France,Female,1,1,0,0,1,1,0,-0.03415098872293798,1,0,3
15696989,52,469,139493.25,150093.32,8,3,Germany,Female,0,0,1,0,0,1,1,-0.034135724324278804,2,1,3
15668889,43,665,116322.27,35640.12,2,4,Germany,Female,0,1,1,0,1,1,0,-0.034069691655807643,1,0,0
15755178,50,660,0.0,191849.15,1,3,France,Male,1,1,1,0,0,1,0,-0.033943116966239306,1,0,0
15724307,76,780,121313.88,64872.33,10,1,France,Male,1,0,0,0,1,1,0,-0.03328692793910659,1,0,3
15815271,43,755,165048.5,16929.41,6,3,Germany,Male,0,1,1,0,0,1,0,-0.033178445746773866,1,0,2
15775306,28,421,122384.22,89017.38,8,3,Germany,Male,1,1,1,0,0,1,1,-0.03307919927553571,2,1,1
15779947,28,363,146098.43,100615.14,6,3,Spain,Female,0,1,1,0,0,1,1,-0.03306978836767427,2,1,1
15794142,62,564,114931.35,18260.98,5,3,Germany,Female,1,0,1,0,0,1,1,-0.03295469797171957,2,1,3
15732299,67,756,0.0,93081.87,4,3,France,Male,1,1,0,0,0,1,0,-0.03280263487775892,1,0,3
15634974,37,614,75150.34,131766.67,8,4,France,Female,1,0,1,0,1,1,0,-0.03263457942461723,1,0,2
15803685,77,673,76510.52,59595.66,10,2,Germany,Female,1,0,0,0,1,1,1,-0.032412720610434986,2,1,3
15626040,63,793,0.0,27166.75,0,2,Spain,Male,1,0,0,0,0,1,0,-0.032217293261262325,1,0,3
15698335,73,504,0.0,34595.58,8,1,France,Female,1,1,0,0,1,1,0,-0.03211593202063234,1,0,3
15684512,72,818,135290.42,63729.72,8,2,Germany,Female,1,1,0,0,1,1,0,-0.03206479146141328,1,0,3
15592583,47,731,115414.19,191734.67,1,3,France,Female,0,0,1,0,0,1,0,-0.03188017253133035,1,0,0
15712813,43,520,150805.17,25333.03,3,3,Germany,Male,1,0,1,0,0,1,0,-0.031639455233810954,1,0,0
15621550,50,535,140292.58,69531.22,1,3,Spain,Female,0,0,1,0,0,1,0,-0.03157273525264792,1,0,0
15700801,42,850,84445.68,60021.34,6,3,Germany,Male,1,0,1,0,0,1,0,-0.03146480228078963,1,0,2
15754053,67,718,0.0,82782.08,7,3,France,Female,1,1,0,0,0,1,0,-0.03145745850252768,1,0,3
15690231,62,612,167026.61,192892.05,0,2,Spain,Female,1,1,0,0,0,1,0,-0.031330942444368515,1,0,3
15759566,74,617,0.0,53949.98,10,2,France,Male,1,1,0,0,1,1,0,-0.03118101907789017,1,0,3
15635500,75,605,61319.63,186655.11,2,1,Germany,Male,1,0,0,0,1,1,0,-0.031101630303884353,1,0,3
15733014,62,813,64667.95,140454.14,10,2,France,Female,1,0,0,0,0,1,0,-0.03096335788063309,1,0,3
15584156,27,593,0.0,94620.0,10,3,Spain,Male,0,0,1,0,0,1,0,-0.03078395998906336,1,0,1
15809320,52,845,0.0,31726.76,0,1,Spain,Female,0,1,1,0,0,1,0,-0.030679156778907646,1,0,3
15805254,75,652,0.0,114675.75,10,2,Spain,Female,1,1,0,0,1,1,0,-0.030482190044114454,1,0,3
15567339,73,735,0.0,114283.33,9,1,France,Male,1,1,0,0,1,1,0,-0.030361782491458267,1,0,3
15583850,68,672,126061.51,184936.77,0,2,Germany,Male,1,1,0,0,0,1,0,-0.030016842620371964,1,0,3
15689781,49,826,0.0,178709.98,0,1,France,Female,0,0,1,0,0,1,0,-0.029944320473887287,1,0,0
15740223,51,479,107714.74,86128.21,1,3,Germany,Male,0,1,1,0,0,1,0,-0.029524699966007706,1,0,0
15757408,38,655,250898.09,81054.0,3,3,Spain,Male,1,0,1,0,0,1,0,-0.029523588892752195,1,0,0
15610686,63,850,169832.57,184107.26,8,1,France,Male,0,0,1,0,0,1,0,-0.029477106297602806,1,0,3
15794413,32,416,0.0,878.87,0,2,France,Male,1,0,0,0,0,1,0,-0.029154620229980388,1,0,0
15685243,63,736,0.0,502.7,10,2,France,Female,1,0,0,0,0,1,0,-0.02913186989518257,1,0,3
15787255,55,650,140891.46,179834.45,2,3,Germany,Female,1,1,1,0,0,1,0,-0.0289341106703066,1,0,3
15598695,68,834,130169.27,93112.2,9,2,Germany,Female,1,0,0,0,0,1,1,-0.028872475850301726,2,1,3
15722322,78,655,0.0,188435.38,2,2,Spain,Female,1,0,0,0,1,1,0,-0.028811977242058417,1,0,3
15594391,68,770,183555.24,159557.28,2,1,France,Female,0,0,1,0,0,1,1,-0.02870917147829377,2,1,3
15660301,70,491,148745.92,17818.33,6,2,Germany,Male,1,1,0,0,0,1,0,-0.028681710958338935,1,0,3
15657809,55,585,106415.57,122960.98,10,3,France,Male,1,1,1,0,0,1,0,-0.02860501884504607,1,0,3
15803202,51,350,0.0,125823.79,10,1,France,Male,1,1,1,0,1,1,1,-0.028538464834878097,2,1,3
15623944,66,511,0.0,1643.11,4,1,Spain,Female,0,1,1,0,0,1,0,-0.028384228811885626,1,0,3
15717225,21,544,161525.96,9262.77,10,2,France,Female,0,1,0,0,0,1,0,-0.028197937832823317,1,0,1
15639665,61,846,0.0,96202.44,0,2,Spain,Male,1,1,0,0,0,1,0,-0.02803237244443424,1,0,3
15775318,51,590,154962.99,191932.27,3,3,Spain,Female,1,0,1,0,0,1,0,-0.027714719762830353,1,0,3
15810864,82,700,0.0,182055.36,2,2,France,Female,1,0,0,0,1,1,0,-0.027664269439473532,1,0,3
15666711,46,586,0.0,131553.82,0,3,France,Female,1,0,1,0,0,1,0,-0.02739747073750798,1,0,0
15733602,72,814,0.0,130853.03,2,2,Spain,Female,1,0,0,0,1,1,0,-0.02733273881730991,1,0,3
15728542,71,850,0.0,107236.87,4,2,France,Female,1,1,0,0,1,1,0,-0.02731331138266213,1,0,3
15712409,66,749,182532.23,195429.92,6,2,Germany,Male,1,1,0,0,0,1,0,-0.027245868554384156,1,0,3
15592994,65,651,0.0,190454.04,0,2,France,Female,1,1,0,0,0,1,0,-0.026813059155338714,1,0,3
15616859,43,602,113641.49,115116.35,2,4,Germany,Female,0,1,1,0,1,1,0,-0.026783286239001836,1,0,0
15674156,69,810,27288.43,110509.9,3,1,Germany,Male,1,1,0,0,0,1,0,-0.025797612503591916,1,0,3
15656822,43,568,87612.64,107155.4,5,4,Germany,Male,1,1,1,0,1,1,0,-0.025786736914793384,1,0,0
15588944,63,456,165350.61,140758.07,1,2,France,Female,0,0,1,0,0,1,1,-0.025766453109553944,2,1,3
15623210,55,484,149349.58,137519.92,8,3,Germany,Female,0,0,1,0,0,1,1,-0.025670934261599276,2,1,3
15589017,55,547,111362.76,16922.28,4,3,Germany,Male,0,1,1,0,0,1,0,-0.025644431476646412,1,0,3
15792650,36,382,0.0,179540.73,0,1,Spain,Male,1,1,1,0,0,1,0,-0.025308708296106763,1,0,0
15796115,40,689,78119.59,119259.34,4,4,Germany,Female,0,1,1,0,1,1,0,-0.025287529592926794,1,0,0
15730044,42,809,64497.94,182436.81,6,3,Germany,Female,1,0,1,0,0,1,0,-0.025047582491334652,1,0,2
15778489,71,780,142550.25,122506.78,9,2,Germany,Male,1,1,0,0,1,1,0,-0.02503015979757106,1,0,3
15634551,46,727,115248.11,130752.01,3,4,Germany,Male,0,1,1,0,1,1,0,-0.02465692057716007,1,0,0
15589449,56,815,0.0,94248.16,3,3,France,Female,1,1,1,0,0,1,0,-0.024491481139872318,1,0,3
15671256,35,850,211774.31,188574.12,1,1,France,Female,0,1,1,0,0,1,0,-0.024138604825239662,1,0,0
15674671,76,551,128410.71,181718.73,2,2,Spain,Male,1,1,0,0,1,1,0,-0.024063000027157888,1,0,3
15685654,66,514,0.0,14234.31,9,2,Spain,Male,1,1,0,0,0,1,0,-0.023826193860430833,1,0,3
15720910,66,560,0.0,15928.49,9,1,France,Female,1,1,0,0,0,1,0,-0.023816355587171878,1,0,3
15810978,70,788,0.0,41610.62,1,2,Spain,Female,1,1,0,0,0,1,0,-0.023667670067752056,1,0,3
15568032,31,757,127320.36,163170.32,1,3,Germany,Male,0,1,0,0,0,1,0,-0.023321812426636224,1,0,0
15601410,46,744,0.0,177431.59,1,3,Spain,Female,1,1,1,0,0,1,0,-0.02316600973686256,1,0,0
15676715,68,640,0.0,199493.38,9,2,France,Male,1,1,0,0,0,1,0,-0.023085996252591667,1,0,3
15582762,77,667,0.0,34702.92,2,1,Spain,Male,1,1,0,0,1,1,0,-0.022883706616468102,1,0,3
15798024,84,537,92242.34,186235.98,8,1,Germany,Male,1,1,0,0,1,1,0,-0.022791114513468935,1,0,3
15702571,35,778,151958.19,131238.37,1,3,Germany,Female,1,1,1,0,0,1,0,-0.022643391686471337,1,0,0
15685372,54,350,152677.48,191973.49,1,1,Spain,Male,1,1,1,0,1,1,1,-0.022603495552324437,2,1,3
15708236,72,491,91285.22,7032.95,6,1,France,Female,1,1,0,0,1,1,0,-0.022557408637828735,1,0,3
15615207,47,792,0.0,5557.88,0,1,Spain,Male,1,1,1,0,0,1,0,-0.022536157791259503,1,0,0
15570769,69,494,93320.8,24489.44,9,1,France,Male,1,1,0,0,0,1,0,-0.0225007270451818,1,0,3
15743293,35,651,163700.78,29583.48,1,3,Germany,Female,1,1,1,0,0,1,0,-0.022396275963212697,1,0,0
15606435,69,593,187013.13,105898.69,2,2,Germany,Male,1,0,0,0,0,1,0,-0.02230373699517285,1,0,3
15772482,28,829,132405.52,104889.2,3,3,Germany,Male,0,1,1,0,0,1,0,-0.0221250440255768,1,0,1
15763111,67,808,124577.15,169894.4,10,1,Spain,Female,1,0,0,0,0,1,0,-0.021978117749207104,1,0,3
15632575,70,559,0.0,122996.76,9,1,France,Female,1,1,0,0,0,1,0,-0.02169033567577827,1,0,3
15797960,59,806,135296.33,182822.5,0,1,Germany,Female,0,1,0,0,0,1,0,-0.02152787128145439,1,0,3
15809837,66,430,135392.31,172852.06,6,2,Germany,Female,1,1,1,0,0,1,0,-0.021450131937633676,1,0,3
15711028,52,534,0.0,104035.41,1,3,France,Male,1,1,1,0,0,1,0,-0.021448838491147648,1,0,3
15691785,61,850,0.0,53067.83,1,1,France,Male,0,1,1,0,0,1,0,-0.02138937417297271,1,0,3
15655360,72,782,148666.99,2605.65,5,1,Germany,Female,0,1,1,0,1,1,0,-0.021042461458502526,1,0,3
15727317,49,533,102286.6,69409.37,1,3,Germany,Female,0,1,1,0,0,1,0,-0.02095038946758565,1,0,0
15651674,54,438,0.0,191763.07,2,1,Spain,Female,0,0,1,0,0,1,0,-0.02094498551223689,1,0,3
15679884,48,544,78314.63,103713.93,10,3,France,Male,1,1,1,0,0,1,0,-0.02089674988406709,1,0,2
15568006,45,634,0.0,101039.53,2,4,France,Female,0,1,1,0,1,1,0,-0.02083138200302781,1,0,0
15808851,75,511,105609.17,105425.18,9,1,Germany,Female,1,0,0,0,1,1,1,-0.020795080253328102,2,1,3
15580148,40,750,168286.81,20451.99,5,3,Germany,Male,0,1,1,0,0,1,0,-0.020781543262605173,1,0,2
15803479,67,708,0.0,3837.08,1,2,France,Female,1,0,0,0,0,1,0,-0.020740816688541552,1,0,3
15782247,22,540,0.0,186233.26,4,3,France,Male,1,1,1,0,0,1,0,-0.02071090068930892,1,0,1
15782569,72,687,0.0,69829.4,9,1,France,Female,1,0,0,0,1,1,0,-0.02070484308100984,1,0,3
15761141,71,604,0.0,129984.2,10,2,Spain,Female,1,1,0,0,1,1,0,-0.02054046300568302,1,0,3
15812534,40,455,0.0,129975.34,1,3,France,Male,1,0,0,0,0,1,0,-0.020514825624577293,1,0,0
15791780,48,706,104478.12,158248.71,10,3,Germany,Female,1,0,1,0,0,1,0,-0.020505155287907417,1,0,2
15656300,29,411,59697.17,53483.21,0,2,France,Male,1,1,0,0,0,1,0,-0.020462674560446148,1,0,1
15673877,39,490,0.0,171060.01,1,3,France,Male,0,1,1,0,0,1,0,-0.020440981802705926,1,0,0
15790299,37,592,0.0,10656.89,9,3,Spain,Male,1,1,0,0,0,1,0,-0.020290320464899647,1,0,2
15629744,71,804,0.0,147995.96,8,2,France,Female,1,0,0,0,1,1,0,-0.020283614038951625,1,0,3
15592773,51,630,108449.23,88372.69,0,3,Germany,Female,0,0,1,0,0,1,0,-0.020218269830368563,1,0,0
15813022,70,531,0.0,99503.19,1,2,Spain,Male,0,0,0,0,0,1,0,-0.020168038470092187,1,0,3
15664555,40,587,0.0,106174.7,2,4,France,Male,1,0,1,0,1,1,1,-0.020016536298099408,2,1,0
15605826,46,652,121063.8,151481.86,10,3,Germany,Male,0,1,1,0,0,1,0,-0.019918653406487907,1,0,2
15605000,38,550,140278.99,171457.06,9,3,France,Male,1,1,1,0,0,1,0,-0.019771939282845374,1,0,2
15764927,92,753,121513.31,195563.99,3,1,France,Male,1,0,0,0,1,1,1,-0.019493685309726283,2,1,3
15567442,75,656,0.0,1276.87,3,2,France,Female,1,1,0,0,1,1,0,-0.01905304146626674,1,0,3
15660878,92,705,126076.24,34436.83,1,2,France,Male,1,1,0,0,1,1,1,-0.01891383310369632,2,1,3
15706458,39,812,115730.71,185599.34,5,3,Germany,Male,1,1,1,0,0,1,0,-0.018868946340962478,1,0,2
15689886,39,626,132287.92,51467.92,10,3,Germany,Male,1,1,1,0,0,1,0,-0.018801439030972533,1,0,2
15717489,23,835,0.0,19793.73,9,1,France,Male,0,1,1,0,0,1,0,-0.018713237699082175,1,0,1
15641175,63,701,120916.52,144727.45,3,3,Germany,Male,0,0,1,0,0,1,1,-0.01859866726623005,2,1,3
15578462,76,596,134208.25,13455.43,9,1,Spain,Female,1,1,0,0,1,1,0,-0.018579647245316133,1,0,3
15628059,61,529,0.0,191370.97,1,2,France,Male,1,1,0,0,0,1,0,-0.018483428702412263,1,0,3
15610446,51,714,88308.87,5862.53,4,3,France,Female,0,0,1,0,0,1,1,-0.0183713412686225,2,1,3
15700487,46,805,118022.06,162643.15,6,3,France,Male,0,1,1,0,0,1,0,-0.01837023985013375,1,0,2
15769499,74,545,0.0,161326.73,3,2,Spain,Female,1,1,0,0,1,1,0,-0.018091861392334874,1,0,3
15712287,80,652,0.0,188603.07,4,2,France,Female,1,1,0,0,1,1,0,-0.017920075498071397,1,0,3
15578799,58,625,53772.73,192072.1,10,1,France,Female,1,1,1,0,0,1,0,-0.017827374894717085,1,0,3
15720713,29,850,0.0,199775.67,10,2,France,Female,1,1,0,0,0,1,0,-0.017811576834968368,1,0,1
15725665,47,679,198546.1,191198.92,10,2,France,Male,0,1,1,0,0,1,0,-0.01768540920816042,1,0,2
15683416,51,572,97750.07,193014.26,8,3,Germany,Male,1,1,1,0,0,1,0,-0.017651274492360147,1,0,3
15793641,70,792,0.0,172240.27,3,2,France,Female,1,1,0,0,0,1,0,-0.017513787343734433,1,0,3
15658577,37,629,99546.25,25136.95,10,3,France,Female,1,0,1,0,0,1,0,-0.017468929676116463,1,0,2
15635364,49,618,44301.43,89729.3,9,3,France,Female,1,1,1,0,0,1,0,-0.017301129888805278,1,0,2
15768342,52,718,79475.3,32421.32,8,3,France,Male,1,1,1,0,0,1,0,-0.01727976902521855,1,0,3
15804919,65,670,0.0,177655.68,1,1,Spain,Female,1,1,1,0,0,1,0,-0.017245065051699426,1,0,3
15694444,32,648,157138.99,190994.48,8,3,Germany,Female,0,1,1,0,0,1,0,-0.017198467252922844,1,0,2
15583456,45,745,117231.63,122381.02,10,3,Germany,Male,1,1,1,0,0,1,0,-0.017127781642912177,1,0,2
15743817,40,621,174126.75,172490.78,8,3,Germany,Male,0,1,1,0,0,1,0,-0.01708751688665522,1,0,2
15644699,40,850,0.0,1099.95,0,2,France,Female,0,1,0,0,0,1,0,-0.016803591474366053,1,0,0
15720929,47,604,62094.71,9308.1,8,3,France,Female,0,0,1,0,0,1,0,-0.016743556278873917,1,0,2
15574369,53,415,167259.44,22357.25,5,1,Spain,Male,1,1,0,0,0,1,0,-0.016588560705560695,1,0,3
15805212,67,806,0.0,103945.58,1,2,France,Female,1,0,0,0,0,1,0,-0.016565146595579616,1,0,3
15688849,48,609,108019.27,184524.65,1,3,France,Male,1,1,1,0,0,1,0,-0.01656267069990902,1,0,0
15666166,74,653,121276.32,160348.31,0,1,France,Female,1,1,0,0,1,1,0,-0.016552502141062186,1,0,3
15569249,55,576,44582.07,67539.85,6,3,France,Female,1,0,1,0,0,1,0,-0.016429188489717972,1,0,3
15690546,42,618,0.0,111097.39,2,4,France,Female,0,0,1,0,1,1,0,-0.016322596331325268,1,0,0
15762716,60,762,168920.75,31445.03,10,1,Spain,Female,0,1,1,0,0,1,0,-0.01630038849077975,1,0,3
15760446,64,598,0.0,13181.37,9,1,France,Female,1,0,1,0,0,1,0,-0.016246075536273774,1,0,3
15689786,56,850,169743.83,155850.4,1,1,Germany,Male,0,0,1,0,0,1,0,-0.016238721873872097,1,0,3
15765173,60,350,0.0,113796.15,3,1,France,Female,0,0,1,0,1,1,0,-0.016236012934824018,1,0,3
15575935,59,673,178058.06,21063.71,0,2,France,Male,1,0,1,0,0,1,0,-0.016228328741135112,1,0,3
15643048,66,639,0.0,42240.54,0,2,France,Male,1,0,0,0,0,1,0,-0.01619294274544847,1,0,3
15676571,55,850,0.0,944.41,6,1,France,Male,0,1,1,0,0,1,0,-0.01605148345430063,1,0,3
15809087,64,598,0.0,195635.3,1,2,France,Male,0,1,1,0,0,1,0,-0.016033180811712233,1,0,3
15708867,38,684,134168.5,3966.5,3,3,Spain,Female,0,1,1,0,0,1,0,-0.0159911927826889,1,0,0
15731815,63,529,96134.11,108732.96,4,3,Spain,Male,0,1,1,0,0,1,1,-0.015823581363339168,2,1,3
15586996,76,697,0.0,188772.45,7,2,France,Female,1,0,0,0,1,1,0,-0.015766162018731822,1,0,3
15583392,37,747,135776.36,85470.45,9,3,Germany,Male,0,1,1,0,0,1,0,-0.015704975779410657,1,0,2
15706593,50,850,0.0,33741.84,10,2,Spain,Female,1,1,0,0,0,1,0,-0.015659318654232646,1,0,2
15750545,44,629,0.0,117572.59,5,4,France,Male,0,0,1,0,1,1,0,-0.015508049177393346,1,0,0
15660475,54,411,0.0,76621.49,9,1,France,Female,1,0,0,0,0,1,0,-0.015481590402295686,1,0,3
15678034,46,811,180226.24,13464.64,9,1,France,Male,0,1,1,0,0,1,0,-0.01545896945463232,1,0,2
15627203,54,508,0.0,175749.36,10,1,Spain,Male,1,1,0,0,0,1,0,-0.015338033197708656,1,0,3
15773709,35,838,0.0,197305.91,0,2,Spain,Male,1,0,0,0,0,1,0,-0.015017712027664998,1,0,0
15651022,44,480,129608.57,5472.7,10,1,Germany,Male,0,1,1,0,0,1,0,-0.014941397104879295,1,0,2
15675585,25,416,97738.97,160523.33,0,2,Germany,Female,1,1,0,0,0,1,0,-0.014911965892078438,1,0,1
15808389,79,617,0.0,160589.18,7,1,France,Female,1,1,0,0,1,1,0,-0.014748406017433324,1,0,3
15615296,39,405,0.0,160810.85,10,1,France,Male,0,1,1,0,0,1,0,-0.014693088793414799,1,0,2
15594762,46,827,183276.32,13460.27,1,1,Spain,Male,1,1,0,0,0,1,0,-0.01460619517270112,1,0,0
15654296,19,754,0.0,189641.11,9,1,Spain,Female,0,1,0,0,0,1,0,-0.014564413453399538,1,0,1
15600651,24,749,0.0,47911.03,1,3,France,Male,1,1,0,0,0,1,0,-0.014563714101627712,1,0,1
15726487,63,431,160982.89,168008.17,6,1,France,Male,1,1,0,0,0,1,0,-0.01455345200964231,1,0,3
15746664,20,463,204223.03,128268.39,8,1,Spain,Male,0,1,0,0,0,1,0,-0.014460729560018093,1,0,1
15592707,64,531,175754.87,60721.4,2,2,Germany,Female,1,1,0,0,0,1,0,-0.014440117626502325,1,0,3
15672437,72,642,160541.0,142223.94,1,2,France,Male,1,1,0,0,1,1,0,-0.014265808710381633,1,0,3
15655171,80,624,0.0,65801.44,3,1,France,Male,1,1,0,0,1,1,0,-0.014238600931548384,1,0,3
15684769,67,542,129431.36,21343.74,10,1,France,Male,1,0,0,0,0,1,0,-0.014162577279964728,1,0,3
15679249,57,351,163146.46,169621.69,4,1,Germany,Female,0,1,1,0,1,1,0,-0.01413839406731865,1,0,3
15717995,27,849,0.0,157891.86,0,2,France,Male,1,0,0,0,0,1,0,-0.014010622611319246,1,0,1
15656865,69,613,78778.49,8751.59,9,1,Germany,Male,1,0,0,0,0,1,0,-0.013982122910099704,1,0,3
15624850,30,850,153972.89,62811.03,10,2,France,Male,0,1,0,0,0,1,0,-0.013895960222638504,1,0,1
15624820,56,683,50911.21,97629.31,7,3,Spain,Male,0,0,1,0,0,1,0,-0.013830490069575818,1,0,3
15603942,50,547,81290.02,177747.03,3,3,Germany,Male,1,0,1,0,0,1,0,-0.013663487964948096,1,0,0
15800412,35,458,146780.52,3476.38,9,2,Germany,Male,1,1,0,0,0,1,0,-0.013538944889934568,1,0,2
15778290,70,799,70416.75,36483.52,8,1,France,Male,1,1,0,0,0,1,0,-0.013509562667896269,1,0,3
15665159,61,727,128213.96,188729.08,0,2,France,Male,1,1,1,0,0,1,0,-0.013492117271600823,1,0,3
15650545,69,849,71996.09,139065.94,7,1,France,Male,1,1,0,0,0,1,0,-0.012999911873425862,1,0,3
15704795,77,521,0.0,49054.1,6,2,France,Female,1,1,0,0,1,1,0,-0.012993597047135652,1,0,3
15647725,61,675,62055.17,166305.16,5,3,France,Female,0,1,1,0,0,1,1,-0.012880822914395518,2,1,3
15736510,57,605,0.0,66652.75,2,3,Spain,Female,0,1,1,0,0,1,0,-0.012719335682632393,1,0,3
15739972,45,650,152367.21,150835.21,9,3,Germany,Female,0,1,1,0,0,1,0,-0.012688090183940126,1,0,2
15767432,25,711,0.0,9679.28,7,3,France,Female,1,1,0,0,0,1,0,-0.012654420492852592,1,0,1
15716431,30,775,191091.74,96170.38,10,2,France,Female,1,1,0,0,0,1,0,-0.012647053849744627,1,0,1
15810723,39,607,0.0,132741.13,10,3,France,Female,0,1,1,0,0,1,0,-0.012607760734931084,1,0,2
15727619,46,753,113909.69,92320.37,9,3,Germany,Female,0,1,1,0,0,1,0,-0.012570025542519625,1,0,2
15633531,76,717,138489.66,68400.14,9,1,France,Female,1,1,0,0,1,1,0,-0.012461800015792668,1,0,3
15593782,38,816,130878.75,71905.77,5,3,Germany,Female,0,1,1,0,0,1,0,-0.012378483115006556,1,0,2
15746515,36,750,136492.92,26500.29,7,3,France,Male,1,1,1,0,0,1,0,-0.012271352897255894,1,0,2
15721460,60,678,185648.56,192156.54,8,1,France,Male,0,0,1,0,0,1,0,-0.01206501667222748,1,0,3
15642824,56,826,174506.1,161802.82,8,2,Spain,Female,1,0,1,0,0,1,0,-0.011808301836659707,1,0,3
15727299,62,445,64119.38,76569.64,1,1,Spain,Male,1,1,1,0,0,1,0,-0.011783595363742627,1,0,3
15787756,51,467,114514.71,177784.68,10,2,Germany,Male,0,1,1,0,0,1,0,-0.01177174386188884,1,0,2
15792989,71,543,104308.77,25650.04,1,1,France,Female,1,1,0,0,1,1,0,-0.011535855116547311,1,0,3
15690007,58,434,125801.03,60891.8,9,2,Germany,Female,0,1,1,0,0,1,0,-0.011483821118457471,1,0,3
15794941,41,647,85906.65,189159.97,1,3,Germany,Female,0,1,0,0,0,1,0,-0.011458480026687257,1,0,0
15634501,60,441,140614.15,174381.23,1,1,France,Male,1,0,0,0,0,1,0,-0.011389952120074542,1,0,3
15673995,65,516,102541.1,181490.42,9,1,Spain,Female,0,1,0,0,0,1,1,-0.01129020450273066,2,1,3
15680767,64,717,98362.35,21630.21,10,2,Germany,Female,1,1,0,0,0,1,0,-0.01121797367212829,1,0,3
15772250,46,842,0.0,17268.02,9,1,Spain,Male,0,0,0,0,0,1,0,-0.011125684651402956,1,0,2
15580914,48,478,83287.05,44147.95,0,2,Spain,Male,1,0,1,0,0,1,0,-0.010859362418370488,1,0,0
15609070,45,515,120961.5,39288.11,7,3,Germany,Male,1,1,1,0,0,1,0,-0.010859333930344328,1,0,2
15695792,65,673,0.0,85733.33,0,1,France,Male,1,1,0,0,0,1,0,-0.010838234392267387,1,0,3
15791944,32,697,175464.85,116442.42,7,3,France,Male,0,1,1,0,0,1,0,-0.01057322823781659,1,0,2
15720354,71,581,0.0,197562.08,4,2,France,Male,1,1,0,0,1,1,0,-0.010463343700323202,1,0,3
15648489,53,487,199689.49,24207.86,4,1,France,Male,1,1,1,0,0,1,0,-0.010378625846950484,1,0,3
15699325,62,555,114822.64,8444.5,10,1,Germany,Female,1,0,0,0,0,1,0,-0.010268164842127891,1,0,3
15810460,64,708,0.0,112520.07,5,3,Spain,Female,1,0,1,0,0,1,1,-0.01025861991197674,2,1,3
15656176,57,501,0.0,47847.19,10,2,France,Male,1,1,0,0,0,1,0,-0.010100125295567919,1,0,3
15698510,42,468,181627.14,172668.39,9,2,Germany,Male,0,1,0,0,0,1,0,-0.010036071699471405,1,0,2
15708608,22,799,174185.98,192633.85,8,2,France,Female,1,0,0,0,0,1,0,-0.010035352292387056,1,0,1
15673584,74,652,0.0,937.15,5,2,France,Female,1,1,0,0,1,1,0,-0.009903691821416705,1,0,3
15815490,40,670,164948.98,177028.0,2,3,Germany,Male,0,0,1,0,0,1,0,-0.009856926454170134,1,0,0
15746035,25,450,74237.2,195463.35,9,2,Spain,Male,1,0,0,0,0,1,0,-0.009835340050860508,1,0,1
15619304,42,502,159660.8,113931.57,8,3,France,Female,0,1,1,0,0,1,0,-0.009781976979432172,1,0,2
15566660,41,670,0.0,81602.02,10,3,France,Female,0,1,0,0,0,1,0,-0.009654366823223182,1,0,2
15611644,73,627,146329.73,43615.67,0,1,France,Male,1,0,0,0,1,1,0,-0.00957875373478101,1,0,3
15691817,44,547,0.0,5459.07,5,3,Spain,Female,0,0,1,0,0,1,0,-0.009517955858052929,1,0,0
15639946,39,597,162532.14,36051.46,8,3,Germany,Female,0,1,1,0,0,1,0,-0.009418381574101131,1,0,2
15719793,62,850,0.0,180243.56,5,2,Spain,Male,1,1,0,0,0,1,0,-0.009405156195918418,1,0,3
15713604,40,425,166776.6,172646.88,9,2,Germany,Male,1,0,0,0,0,1,0,-0.009183454137452807,1,0,2
15658057,44,812,0.0,66926.83,8,3,Spain,Female,0,1,1,0,0,1,0,-0.009045408284242495,1,0,2
15669414,62,486,118356.89,168034.83,9,2,Germany,Male,0,1,1,0,0,1,0,-0.00904031067599198,1,0,3
15568819,42,619,132796.04,191821.35,8,3,Germany,Female,1,1,1,0,0,1,0,-0.00901387625132788,1,0,2
15745250,58,850,156652.13,25899.21,8,1,France,Male,0,0,1,0,0,1,0,-0.008865204334568388,1,0,3
15692106,25,606,147386.72,45482.04,3,3,Spain,Female,0,1,1,0,0,1,0,-0.008812457018804842,1,0,1
15802088,22,521,0.0,101311.95,10,1,Spain,Female,1,1,0,0,0,1,0,-0.008697774932862723,1,0,1
15610900,70,770,110738.89,22666.77,9,1,France,Female,0,1,1,0,0,1,0,-0.008631523632227522,1,0,3
15605698,58,746,0.0,80344.96,3,3,France,Male,1,1,1,0,0,1,0,-0.008618857568657656,1,0,3
15752507,60,769,148846.39,192831.67,9,1,Germany,Male,0,1,1,0,0,1,0,-0.008475934655413186,1,0,3
15681075,58,682,0.0,706.5,1,1,France,Female,1,1,0,0,0,1,0,-0.008360802117055588,1,0,3
15605067,19,472,0.0,3453.4,9,2,France,Male,0,1,0,0,0,1,0,-0.00834039855229729,1,0,1
15693203,75,710,0.0,9376.89,5,2,Spain,Female,1,1,0,0,1,1,0,-0.008174857683401426,1,0,3
15575119,71,779,0.0,146895.36,3,2,France,Male,1,1,1,0,1,1,0,-0.00809151036681488,1,0,3
15665460,67,732,0.0,177783.04,1,2,Spain,Female,1,1,0,0,0,1,0,-0.007921109080035182,1,0,3
15779176,58,565,108888.24,135875.51,3,3,Germany,Female,1,0,1,0,0,1,0,-0.007842614476023413,1,0,3
15702499,46,770,190678.02,14725.36,9,1,Spain,Male,1,1,0,0,0,1,0,-0.007514722396687823,1,0,2
15744691,29,755,0.0,4733.94,3,3,France,Female,0,1,0,0,0,1,0,-0.007486287556251692,1,0,1
15597983,69,692,154953.94,70849.47,10,1,France,Male,1,1,0,0,0,1,0,-0.007481322270286528,1,0,3
15807003,32,762,191775.65,179657.83,10,1,France,Male,0,1,0,0,0,1,0,-0.007369923875248596,1,0,2
15684801,47,689,93871.95,156878.42,1,3,France,Male,0,1,1,0,0,1,0,-0.007279438761075618,1,0,0
15760244,76,590,160979.68,13848.58,5,1,France,Female,1,0,0,0,1,1,0,-0.007196962498627557,1,0,3
15737792,31,818,186796.37,178252.63,1,1,France,Female,0,0,0,0,0,1,0,-0.007134695546956116,1,0,0
15681439,25,775,60205.2,14073.11,10,2,Germany,Male,0,1,0,0,0,1,0,-0.007048401207985666,1,0,1
15630913,69,476,105303.73,134260.34,1,1,Spain,Female,1,0,0,0,0,1,0,-0.0069777599942827395,1,0,3
15753337,51,555,0.0,189122.89,5,3,France,Male,0,1,1,0,0,1,0,-0.006844486379021131,1,0,3
15613656,58,842,63492.94,83172.19,1,1,France,Male,1,1,0,0,0,1,0,-0.006763144718709091,1,0,3
15646566,58,763,187911.55,35825.18,9,1,France,Female,1,0,0,0,0,1,0,-0.006732715830879643,1,0,3
15577478,72,714,0.0,86733.61,3,1,France,Female,1,1,0,0,1,1,0,-0.00662912219305356,1,0,3
15794276,64,588,0.0,189703.65,3,1,France,Female,1,1,0,0,0,1,0,-0.00654087423015326,1,0,3
15741197,22,710,0.0,107292.91,8,3,Spain,Male,0,1,0,0,0,1,0,-0.006492134856267429,1,0,1
15749345,22,468,76318.64,194783.12,1,1,France,Female,1,1,0,0,0,1,0,-0.006483029236829307,1,0,1
15736420,21,596,210433.08,197297.77,4,2,France,Male,1,0,1,0,0,1,0,-0.0064029008276783594,1,0,1
15593778,29,779,46388.16,127939.26,3,3,France,Female,0,1,1,0,0,1,0,-0.0063980291232828,1,0,1
15611786,69,668,0.0,134483.07,9,1,Spain,Female,1,0,0,0,0,1,0,-0.006397896157345095,1,0,3
15643908,49,433,0.0,87711.61,10,1,France,Female,1,1,0,0,0,1,0,-0.006350844443216541,1,0,2
15693732,66,775,0.0,67622.34,9,2,France,Female,1,1,0,0,0,1,0,-0.00629929999917378,1,0,3
15662291,55,534,116973.26,122066.5,8,3,France,Female,0,1,1,0,0,1,0,-0.006224436341269013,1,0,3
15792868,69,675,0.0,157097.09,1,2,France,Male,0,1,0,0,0,1,0,-0.006000815673685378,1,0,3
15669589,68,491,95039.12,116471.14,1,1,Germany,Female,1,0,1,0,0,1,0,-0.005921935844285242,1,0,3
15809909,54,422,0.0,7166.71,4,2,Spain,Female,1,1,0,0,0,1,0,-0.0058436815590078295,1,0,3
15657214,74,601,0.0,51554.58,2,2,France,Male,1,0,0,0,1,1,0,-0.005812920297218582,1,0,3
15650068,58,511,149117.31,162599.51,0,1,France,Male,1,1,0,0,0,1,0,-0.005798344958278467,1,0,3
15606149,66,571,111577.01,189271.9,9,1,Germany,Female,1,0,0,0,0,1,0,-0.005754939379779445,1,0,3
15574142,28,458,171932.26,9578.24,2,2,Germany,Female,1,1,0,0,0,1,0,-0.005656664900311914,1,0,1
15668575,26,626,148610.41,104502.02,8,3,Spain,Female,1,0,1,0,0,1,0,-0.005628399940287299,1,0,1
15595324,39,579,117833.3,5831.0,5,3,Germany,Female,0,0,1,0,0,1,0,-0.005448014886602959,1,0,0
15687421,67,559,125919.35,175910.95,9,1,Spain,Male,0,1,1,0,0,1,0,-0.0054451647625872734,1,0,3
15670943,31,778,182275.23,190631.23,9,2,Germany,Male,0,1,0,0,0,1,0,-0.00543895470926492,1,0,2
15636977,36,507,118214.32,119110.03,9,3,Germany,Male,0,1,1,0,0,1,0,-0.005423697991788989,1,0,2
15607713,29,850,0.0,197996.65,1,2,Spain,Female,1,1,0,0,0,1,0,-0.005416496711218133,1,0,1
15663410,51,771,135506.58,152479.64,5,3,Spain,Male,1,1,1,0,0,1,1,-0.005356121157696014,2,1,3
15701602,52,521,116497.31,53793.1,5,3,Germany,Male,0,0,1,0,0,1,0,-0.005290575385831442,1,0,3
15713596,62,428,107735.93,58381.77,1,1,France,Female,1,0,0,0,0,1,0,-0.005228386100686766,1,0,3
15672594,60,597,131778.08,10703.53,0,1,France,Female,0,0,1,0,0,1,0,-0.005219406587004927,1,0,3
15753174,37,571,139592.98,104152.65,9,3,Germany,Male,0,1,1,0,0,1,0,-0.0051250261337074665,1,0,2
15570073,57,721,0.0,195940.96,1,1,Spain,Male,1,1,0,0,0,1,0,-0.005087441281655725,1,0,3
15585901,35,717,0.0,174770.14,1,3,Spain,Male,0,0,1,0,0,1,0,-0.005073876901051433,1,0,0
15796569,44,831,0.0,47729.33,10,1,Spain,Female,1,0,0,0,0,1,0,-0.00503500307947935,1,0,2
15632665,61,832,0.0,127804.66,2,1,France,Male,1,0,1,0,0,1,0,-0.005012311827080396,1,0,3
15759274,32,447,0.0,151815.76,10,1,France,Female,1,1,0,0,0,1,0,-0.004936482633225214,1,0,2
15606310,71,823,149105.08,162683.06,5,1,France,Male,1,0,0,0,1,1,0,-0.004930243071678553,1,0,3
15730441,26,509,0.0,6177.83,10,2,France,Male,1,1,0,0,0,1,0,-0.004903084451452044,1,0,1
15682576,67,763,149436.73,106282.74,1,2,France,Male,1,0,0,0,0,1,0,-0.004823117031766189,1,0,3
15658969,51,711,0.0,38409.79,7,3,France,Male,0,1,1,0,0,1,0,-0.004788192689726634,1,0,3
15789669,65,510,0.0,48071.61,2,2,France,Male,1,1,0,0,0,1,0,-0.004735378776868804,1,0,3
15792305,46,762,123571.77,57014.17,6,3,Germany,Male,1,0,1,0,0,1,0,-0.004551501949823011,1,0,2
15767339,53,777,0.0,189992.97,10,2,France,Female,0,1,0,0,0,1,0,-0.00453094828741174,1,0,3
15663987,30,723,0.0,164647.72,1,3,Spain,Male,0,1,1,0,0,1,0,-0.004496771039120384,1,0,1
15762799,23,720,187861.18,104120.17,0,2,Germany,Male,1,1,0,0,0,1,0,-0.004439957448803544,1,0,1
15736126,55,850,98710.89,83617.17,0,1,Germany,Male,1,1,1,0,0,1,0,-0.0043783012754621264,1,0,3
15613699,60,430,73937.02,161937.62,7,1,France,Female,0,1,1,0,0,1,0,-0.004317298995339391,1,0,3
15623489,67,543,128843.67,134612.48,0,1,France,Female,1,1,0,0,0,1,0,-0.004298239003793336,1,0,3
15692750,45,629,129818.39,9217.55,7,3,Germany,Female,0,1,1,0,0,1,0,-0.004284103247535254,1,0,2
15572182,33,505,106506.77,45445.78,3,3,Germany,Female,0,1,1,0,0,1,0,-0.004223555451453587,1,0,0
15752984,70,737,87542.89,42576.86,9,2,France,Female,1,1,0,0,0,1,0,-0.004206823056726372,1,0,3
15778149,68,538,0.0,110440.5,9,2,Spain,Male,0,1,1,0,0,1,0,-0.004203708331697031,1,0,3
15808473,72,673,0.0,111981.19,1,2,France,Male,1,0,0,0,1,1,0,-0.00417030292230991,1,0,3
15736778,60,807,72948.58,17355.36,1,2,Germany,Female,1,1,0,0,0,1,0,-0.004128446513847139,1,0,3
15577999,62,850,124678.35,70916.0,1,1,France,Female,0,1,1,0,0,1,0,-0.004124888144920846,1,0,3
15662641,19,850,0.0,68569.89,8,1,France,Male,1,1,0,0,0,1,0,-0.00404595089876536,1,0,1
15641604,55,850,98488.08,155879.57,10,1,France,Female,0,1,1,0,0,1,0,-0.004026701703622626,1,0,3
15788776,49,588,132623.76,36292.94,6,3,Germany,Male,0,1,1,0,0,1,0,-0.003906850808445328,1,0,2
15597131,32,415,145807.59,3064.65,5,1,France,Male,1,1,0,0,0,1,0,-0.0038926217419922304,1,0,0
15751628,60,438,78391.17,49424.6,7,1,France,Male,1,0,0,0,0,1,0,-0.003804663415300058,1,0,3
15650432,41,849,84622.13,198072.16,10,1,Germany,Male,1,1,0,0,0,1,0,-0.003684400743472094,1,0,2
15574213,53,789,158271.74,5036.39,1,1,France,Female,1,1,1,0,0,1,0,-0.003679679690785531,1,0,3
15781574,76,636,126534.6,39789.62,9,1,Spain,Male,1,1,0,0,1,1,0,-0.003613710384736901,1,0,3
15587443,69,728,0.0,131804.86,1,2,France,Female,1,1,0,0,0,1,0,-0.003613541043164137,1,0,3
15793324,32,695,0.0,38533.79,9,3,Spain,Male,1,0,0,0,0,1,0,-0.003466882121292758,1,0,2
15729908,36,411,0.0,120694.35,10,1,France,Female,0,0,0,0,0,1,0,-0.0033905085287063708,1,0,2
15779496,64,615,81564.1,35896.09,0,2,France,Male,1,0,0,0,0,1,0,-0.003293527467289503,1,0,3
15717770,55,850,0.0,171762.87,7,1,Spain,Female,0,0,1,0,0,1,0,-0.003225542932898673,1,0,3
15748532,42,828,0.0,186071.14,10,1,Spain,Male,1,1,0,0,0,1,0,-0.0031416882576292826,1,0,2
15800061,45,495,89158.94,135169.76,3,3,Spain,Female,0,1,1,0,0,1,0,-0.003072207356569545,1,0,0
15778142,31,850,130089.56,4466.21,1,2,Germany,Female,1,1,0,0,0,1,0,-0.0030126660872897837,1,0,0
15599403,60,577,125389.7,178616.73,10,2,France,Male,1,1,0,0,0,1,0,-0.0029269787242014456,1,0,3
15780870,67,580,153946.14,7418.92,3,1,Spain,Male,1,1,0,0,0,1,0,-0.0029238594594360734,1,0,3
15757981,66,748,0.0,163331.65,8,1,France,Male,1,1,0,0,0,1,0,-0.0028869230768018284,1,0,3
15577107,22,657,0.0,168412.07,6,3,Spain,Female,1,0,1,0,0,1,0,-0.0028652770050261456,1,0,1
15810218,29,610,0.0,83912.24,9,3,Spain,Male,1,0,0,0,0,1,0,-0.0027541426988196838,1,0,1
15810942,61,445,137655.31,29909.84,2,1,Germany,Female,1,0,0,0,0,1,0,-0.002693498078977008,1,0,3
15807609,25,650,86605.5,16649.31,3,3,Spain,Female,0,1,1,0,0,1,0,-0.002621316918969163,1,0,1
15740104,22,425,169649.73,136365.0,7,2,Spain,Female,1,0,1,0,0,1,0,-0.002529690956469488,1,0,1
15638730,21,711,82844.33,1408.68,0,2,France,Female,1,0,0,0,0,1,0,-0.002479426446229116,1,0,1
15660602,33,464,164284.72,3710.34,8,2,Germany,Male,1,1,0,0,0,1,0,-0.002338039788737256,1,0,2
15802593,49,504,0.0,87822.14,7,3,France,Female,1,0,1,0,0,1,0,-0.0022560430616953564,1,0,2
15793346,72,602,0.0,171260.66,3,2,France,Female,1,1,0,0,1,1,0,-0.0021994838548353712,1,0,3
15642816,27,850,43658.33,3025.49,7,2,France,Female,1,1,0,0,0,1,0,-0.0021966560134314417,1,0,1
15650538,48,445,168286.58,16645.77,7,1,Germany,Female,0,1,1,0,0,1,0,-0.002149278464023796,1,0,2
15787619,18,844,160980.03,145936.28,2,1,France,Male,0,0,0,0,0,1,0,-0.002144655916486937,1,0,1
15630363,39,437,102721.49,22191.82,0,1,France,Female,0,0,0,0,0,1,0,-0.0021293313253519797,1,0,0
15725221,62,738,83008.31,42766.03,10,1,Germany,Male,1,1,0,0,0,1,0,-0.0021252627893270093,1,0,3
15590320,66,850,0.0,64350.8,4,2,France,Male,1,0,0,0,0,1,0,-0.002072361396410982,1,0,3
15589949,34,433,152806.74,19687.99,9,1,Spain,Male,0,1,0,0,0,1,0,-0.002003090304057542,1,0,2
15737025,33,635,0.0,178067.33,1,3,France,Male,0,0,1,0,0,1,0,-0.001958883043437498,1,0,0
15680736,72,597,124978.19,7144.46,6,2,Germany,Female,1,1,0,0,1,1,0,-0.0019577147462265243,1,0,3
15711843,40,613,147856.82,107961.11,1,3,Germany,Male,0,0,1,0,0,1,0,-0.0017932810052266879,1,0,0
15806688,56,726,123110.9,130113.78,8,3,Spain,Female,1,0,1,0,0,1,0,-0.0017925684988263635,1,0,3
15777067,64,445,136770.67,43678.06,2,1,France,Male,1,0,0,0,0,1,0,-0.0015052691597653434,1,0,3
15762351,63,689,0.0,186526.12,1,2,Spain,Female,1,1,0,0,0,1,0,-0.0015035647331660407,1,0,3
15644103,78,659,151675.65,49978.67,2,1,Spain,Male,1,0,0,0,1,1,0,-0.0014995308648216854,1,0,3
15737647,77,775,135120.56,37836.64,6,1,Germany,Female,0,1,0,0,1,1,0,-0.0014646848959883885,1,0,3
15725639,63,793,116270.72,184243.25,9,1,France,Female,1,1,0,0,0,1,0,-0.0012931818953628715,1,0,3
15672574,32,850,0.0,3830.59,5,1,Spain,Female,1,1,0,0,0,1,0,-0.0012301386642242784,1,0,2
15735878,47,850,134381.52,26812.89,10,1,Germany,Female,0,0,1,0,0,1,0,-0.0012063852602228753,1,0,2
15752342,54,704,133656.91,145071.33,6,3,Germany,Female,0,1,1,0,0,1,0,-0.001194748810081081,1,0,3
15620341,44,500,160838.13,196261.64,9,2,Germany,Male,0,1,0,0,0,1,0,-0.0011066614973181954,1,0,2
15619935,59,783,126224.87,4423.63,9,1,Spain,Female,1,1,0,0,0,1,0,-0.0010625445121746901,1,0,3
15765532,76,612,96166.88,191393.26,6,1,Germany,Male,1,1,0,0,1,1,0,-0.001050645837741504,1,0,3
15628972,32,699,123906.22,127443.82,1,3,Germany,Male,1,1,1,0,0,1,0,-0.0010258294297924575,1,0,0
15766183,76,580,130334.84,51672.08,2,2,Germany,Male,1,1,0,0,1,1,0,-0.0009691965787987922,1,0,3
15670416,43,780,0.0,15705.27,0,1,France,Female,1,0,0,0,0,1,0,-0.0008607565861021849,1,0,0
15759436,50,758,95813.76,67944.09,2,3,France,Female,1,1,1,0,0,1,0,-0.000849117080164774,1,0,0
15629677,39,687,0.0,188150.6,2,3,Spain,Female,0,0,1,0,0,1,0,-0.0008408997588632561,1,0,0
15663921,60,429,0.0,163691.48,7,2,France,Male,1,1,0,0,0,1,0,-0.0008119201530415454,1,0,3
15663134,58,535,0.0,11779.98,1,2,Spain,Male,1,1,1,0,0,1,0,-0.0006796252085177201,1,0,3
15745088,29,443,99027.61,10940.4,9,2,Germany,Female,0,1,0,0,0,1,0,-0.0006771943140524428,1,0,1
15598744,71,576,140273.47,193135.25,6,1,Germany,Female,1,1,1,0,1,1,0,-0.0006602164072259109,1,0,3
15745533,63,799,110314.21,37464.0,1,2,France,Female,0,1,1,0,0,1,0,-0.0005885580285355241,1,0,3
15710087,54,705,125889.3,96013.5,3,3,Germany,Female,0,1,1,0,0,1,0,-0.0005206367161408876,1,0,3
15680167,78,635,47536.4,119400.08,6,1,France,Female,1,1,0,0,1,1,0,-0.00047987249235026397,1,0,3
15608344,29,749,137059.05,102975.72,7,3,Germany,Female,0,1,1,0,0,1,0,-0.00047820924282104826,1,0,1
15623712,42,453,0.0,83008.49,5,3,Spain,Female,0,1,1,0,0,1,0,-0.0004662462419522395,1,0,0
15764604,35,586,164769.02,119814.25,7,3,France,Female,0,1,1,0,0,1,0,-0.00031893673315253057,1,0,2
15712199,61,655,183997.7,161217.18,2,2,Germany,Female,1,1,0,0,0,1,0,-0.0002974808656657224,1,0,3
15758813,39,350,109733.2,123602.11,0,2,Germany,Male,0,0,1,0,1,1,0,-0.00010795140011232718,1,0,0
15670587,25,558,111363.1,197264.35,10,2,Germany,Male,0,1,0,0,0,0,0,5.6816526374792176e-06,0,0,1
15791102,41,549,95020.8,131710.59,9,3,Germany,Male,1,1,1,0,0,0,0,0.00015245157290166844,0,0,2
15573045,62,547,127738.75,85153.0,10,2,France,Male,1,1,0,0,0,0,0,0.00019312866637788417,0,0,3
15668309,40,350,111098.85,172321.21,0,1,France,Female,1,1,1,0,1,0,0,0.00023434903157038,0,0,0
15634949,74,593,161434.36,65532.17,5,2,Germany,Male,1,1,0,0,1,0,0,0.0003019392266849774,0,0,3
15696852,32,803,192122.84,54277.45,9,1,France,Female,1,1,1,0,0,0,0,0.0004217733611944219,0,0,2
15801265,45,689,57784.22,197804.0,0,1,Spain,Female,0,1,1,0,0,0,0,0.00044996928151674886,0,0,0
15791674,34,846,142388.61,68393.64,10,2,France,Female,1,0,1,0,0,0,0,0.0005309261079311511,0,0,2
15800062,49,850,0.0,25867.67,8,1,Spain,Male,0,0,1,0,0,0,0,0.0005339053671763461,0,0,2
15796764,56,684,127585.98,80593.49,3,3,Germany,Female,1,1,1,0,0,0,0,0.0005910965534529078,0,0,3
15728906,77,634,0.0,161579.85,5,2,France,Male,1,1,0,0,1,0,0,0.00066295422216478,0,0,3
15597467,71,606,0.0,169741.96,8,2,France,Female,1,1,0,0,1,0,0,0.0006695682285500215,0,0,3
15707596,74,546,114888.74,66732.63,8,2,Germany,Female,1,1,1,0,1,0,0,0.0007511351303867153,0,0,3
15607275,39,850,206014.94,42774.84,6,2,Spain,Male,1,0,1,0,0,0,0,0.0008128017111292962,0,0,2
15697574,40,582,0.0,60954.45,9,3,France,Female,1,1,0,0,0,0,0,0.0008336681257021805,0,0,2
15687079,69,646,115462.44,40421.87,10,1,Spain,Male,0,1,0,0,0,0,0,0.0008379943337720741,0,0,3
15572356,73,689,108555.07,167969.15,1,1,Spain,Male,1,0,0,0,1,0,0,0.0008526237435598771,0,0,3
15764866,43,539,116220.5,55803.96,3,3,Germany,Female,0,1,1,0,0,0,0,0.0008812515215635974,0,0,0
15689492,41,850,176958.46,125806.3,1,2,Germany,Male,1,0,0,0,0,0,0,0.0009125917587774479,0,0,0
15656351,60,414,0.0,93844.82,3,2,Spain,Male,1,1,0,0,0,0,0,0.0009664330541544475,0,0,3
15671137,52,549,0.0,8636.05,1,1,France,Female,1,0,1,0,0,0,0,0.0011763937895322707,0,0,3
15574072,62,786,0.0,165702.64,8,1,France,Female,1,1,0,0,0,0,0,0.001190442766993316,0,0,3
15799932,24,812,0.0,156906.15,10,2,France,Male,1,1,0,0,0,0,0,0.0012026136599047055,0,0,1
15621423,42,736,117280.23,41921.06,7,3,France,Female,0,0,1,0,0,0,0,0.0012205595333879549,0,0,2
15760774,21,519,146329.57,194867.27,1,2,France,Female,1,1,0,0,0,0,0,0.0013059162484042597,0,0,1
15750658,37,798,0.0,110783.28,8,3,France,Male,0,0,0,0,0,0,0,0.0013248770494030948,0,0,2
15710164,73,523,0.0,130883.9,7,2,France,Female,0,0,1,0,1,0,1,0.001348506804443983,1,0,3
15623314,59,506,190353.08,78365.75,3,1,Germany,Female,0,1,0,0,0,0,0,0.001407283000274151,0,0,3
15815095,54,850,108185.81,24093.4,7,2,Spain,Male,0,0,1,0,0,0,0,0.0014153948577934061,0,0,3
15639077,30,622,158584.82,142342.55,2,3,France,Female,0,1,1,0,0,0,0,0.0014410002081173268,0,0,1
15677382,69,625,107569.96,182336.45,1,1,Spain,Female,1,1,0,0,0,0,0,0.0015389077519537553,0,0,3
15749583,38,686,93569.86,10137.34,2,3,Germany,Female,0,0,1,0,0,0,0,0.0017678951553475875,0,0,0
15775433,71,666,53013.29,112222.64,1,2,Germany,Male,1,1,0,0,1,0,0,0.0018021306758074784,0,0,3
15616954,71,592,0.0,17013.54,4,2,France,Male,1,0,0,0,1,0,0,0.001927288980011821,0,0,3
15791174,67,540,88382.01,59457.0,1,1,Spain,Male,1,0,0,0,0,0,0,0.001962530703186971,0,0,3
15772559,47,790,148636.21,16119.96,10,1,France,Female,1,0,1,0,0,0,0,0.002084648351160845,0,0,2
15577806,54,794,75900.84,192154.66,1,1,Germany,Female,1,1,0,0,0,0,0,0.002118325492851625,0,0,3
15782468,51,850,109799.55,12457.76,3,2,Spain,Male,1,1,1,0,0,0,0,0.0022176996585066,0,0,3
15775709,27,832,98590.25,30912.89,10,1,France,Female,0,1,0,0,0,0,0,0.0023018280419478954,0,0,1
15730287,41,679,147726.98,172749.4,8,3,France,Male,0,1,1,0,0,0,0,0.00236370392784635,0,0,2
15804131,53,850,65407.16,182633.63,7,2,Spain,Female,0,0,1,0,0,0,0,0.0024739180753803325,0,0,3
15645517,22,850,0.0,9684.52,2,2,Spain,Male,1,1,0,0,0,0,0,0.0024886736104047236,0,0,1
15715622,57,583,238387.56,147964.99,3,1,France,Female,1,0,1,0,0,0,0,0.0025312248552920025,0,0,3
15701318,67,763,148564.66,87236.4,9,1,Spain,Male,1,0,0,0,0,0,0,0.002658202206272664,0,0,3
15721658,56,672,209767.31,150694.42,2,2,Spain,Female,1,1,1,0,0,0,0,0.0026610369748316653,0,0,3
15774696,75,640,106307.91,113428.77,1,2,Germany,Female,1,0,0,0,1,0,0,0.002679458042919136,0,0,3
15646720,55,628,0.0,85890.75,7,3,Spain,Female,0,1,1,0,0,0,0,0.002724887830371503,0,0,3
15608226,72,513,98903.06,81251.24,3,1,Spain,Male,1,1,0,0,1,0,0,0.002836152351275989,0,0,3
15767626,42,811,0.0,3797.79,10,2,France,Male,1,1,0,0,0,0,0,0.0029137808524647424,0,0,2
15694456,62,756,0.0,11199.04,3,1,France,Male,1,1,1,0,0,0,0,0.002931391449765175,0,0,3
15738088,63,634,0.0,30772.86,10,2,Spain,Male,0,1,1,0,0,0,0,0.0029817787891314174,0,0,3
15662189,33,434,0.0,2739.71,3,1,Spain,Male,1,1,0,0,0,0,0,0.003099578531139846,0,0,0
15767818,55,640,132436.34,978.66,10,1,France,Male,0,1,0,0,0,0,0,0.003137340881901207,0,0,3
15743411,61,609,0.0,22447.85,1,1,Spain,Male,0,1,1,0,0,0,0,0.003222857124473344,0,0,3
15622833,29,835,130420.2,106276.55,10,2,Germany,Female,0,0,0,0,0,0,0,0.003226461607335307,0,0,1
15624729,27,594,197041.8,151912.49,0,1,France,Male,0,0,0,0,0,0,0,0.0032374251031823675,0,0,1
15794849,22,850,91560.58,10541.38,7,2,Germany,Male,0,0,0,0,0,0,0,0.003349363106981307,0,0,1
15804787,75,562,87140.85,39351.64,5,1,France,Male,1,1,0,0,1,0,0,0.003423559172034296,0,0,3
15732061,45,850,121874.89,6865.41,1,1,Germany,Female,0,0,1,0,0,0,0,0.003450140913211719,0,0,0
15672056,43,710,140080.32,157908.19,2,3,Germany,Male,1,1,1,0,0,0,0,0.0036124365754762744,0,0,0
15660403,35,827,0.0,184514.01,0,2,Spain,Female,1,0,0,0,0,0,0,0.0037585144583447416,0,0,0
15769915,20,643,133313.34,3965.69,0,1,Spain,Female,1,1,0,0,0,0,0,0.003872529856344231,0,0,1
15700263,66,569,0.0,130784.2,2,1,France,Male,0,1,1,0,0,0,0,0.0039173238830050305,0,0,3
15605037,49,818,0.0,192298.84,2,1,France,Female,1,0,1,0,0,0,0,0.003932906771768385,0,0,0
15707637,56,765,0.0,13228.93,1,1,France,Female,0,1,1,0,0,0,0,0.004187043922790901,0,0,3
15775797,32,607,0.0,10674.62,7,3,Spain,Female,1,0,0,0,0,0,0,0.004196673706810761,0,0,2
15769246,59,813,135078.41,187636.06,2,1,Germany,Male,0,1,1,0,0,0,0,0.0042312913374863426,0,0,3
15574119,64,598,62979.93,152273.57,1,1,Spain,Female,1,1,0,0,0,0,0,0.004341654412757134,0,0,3
15611599,71,604,0.0,49506.82,2,2,France,Female,1,1,0,0,1,0,0,0.004473643964758356,0,0,3
15688963,52,731,0.0,24998.75,10,1,France,Female,1,1,1,0,0,0,0,0.00447723986806392,0,0,3
15633840,20,781,125023.1,108301.45,0,2,France,Male,1,1,0,0,0,0,0,0.004485543628406807,0,0,1
15625641,74,697,108071.36,16445.79,3,2,Germany,Female,1,1,0,0,1,0,0,0.004495962435904111,0,0,3
15603328,27,483,77805.66,2101.89,1,1,France,Male,1,1,0,0,0,0,0,0.0046442663477226365,0,0,1
15772601,41,845,81733.74,199761.29,2,2,Germany,Female,0,0,0,0,0,0,0,0.004645083054785171,0,0,0
15719950,61,682,73688.2,172141.33,10,1,France,Male,1,1,0,0,0,0,0,0.004720553355363255,0,0,3
15764892,51,590,84474.62,190937.09,10,2,Spain,Female,1,1,0,0,0,0,0,0.004741391582221199,0,0,3
15606386,46,753,111512.75,159576.75,3,3,Germany,Female,0,1,1,0,0,0,0,0.00477789395919892,0,0,0
15627971,32,504,206663.75,16281.94,8,1,France,Female,0,0,0,0,0,0,0,0.004794219318300819,0,0,2
15652674,20,539,83459.86,146752.67,0,1,France,Male,1,1,0,0,0,0,0,0.004841949298377335,0,0,1
15684951,59,542,68892.77,7905.06,2,2,France,Female,0,1,1,0,0,0,0,0.004907790843762139,0,0,3
15706647,31,761,0.0,166698.18,7,3,France,Male,1,1,0,0,0,0,0,0.004936252989902745,0,0,2
15647898,50,610,130554.51,184758.17,5,3,Spain,Female,0,1,1,0,0,0,0,0.004939852537944156,0,0,0
15643630,55,770,63127.41,185211.28,9,2,Spain,Male,0,1,1,0,0,0,0,0.005058670721064806,0,0,3
15633059,34,413,0.0,6534.18,9,2,France,Male,0,0,0,0,0,0,0,0.005070632372965234,0,0,2
15640407,45,821,135827.33,131778.58,0,2,Germany,Male,1,1,0,0,0,0,0,0.00511844891703328,0,0,0
15734246,21,746,166883.07,194563.65,8,2,France,Female,1,0,0,0,0,0,0,0.005124017138335213,0,0,1
15573348,35,850,102050.47,3769.71,9,1,France,Male,1,1,0,0,0,0,0,0.005198822922071189,0,0,2
15782159,28,850,67639.56,194245.29,8,2,France,Male,1,1,0,0,0,0,0,0.005394625173879897,0,0,1
15793307,41,724,142880.28,185541.2,4,3,Spain,Female,0,0,1,0,0,0,0,0.0054134113694283,0,0,0
15751774,76,774,112510.89,143133.18,4,1,France,Male,1,1,0,0,1,0,0,0.005480254876023549,0,0,3
15677804,38,783,0.0,80178.54,1,3,Spain,Male,1,1,1,0,0,0,0,0.005498542471219725,0,0,0
15757140,51,787,58137.08,142538.31,0,1,France,Male,1,0,0,0,0,0,0,0.005559176578652347,0,0,3
15674583,25,768,78396.08,8316.19,0,1,France,Male,1,1,0,0,0,0,0,0.005575924302104962,0,0,1
15726945,72,677,0.0,153604.44,8,2,France,Female,1,1,0,0,1,0,0,0.005587080205494477,0,0,3
15709941,46,753,0.0,90747.94,8,3,France,Male,0,1,1,0,0,0,0,0.005587451945288868,0,0,2
15736271,29,498,0.0,190035.83,9,1,France,Female,0,1,0,0,0,0,0,0.00567852117187817,0,0,1
15600710,22,620,0.0,32589.45,0,1,France,Male,0,1,0,0,0,0,0,0.005750702343898961,0,0,1
15798424,59,833,130854.59,30722.52,1,1,Germany,Male,1,1,1,0,0,0,0,0.005855290530514035,0,0,3
15639004,72,668,0.0,70783.61,2,2,France,Male,1,1,0,0,1,0,0,0.005856521710212115,0,0,3
15663826,66,532,0.0,115227.02,3,1,Spain,Female,1,1,0,0,0,0,0,0.005936587947309668,0,0,3
15604482,30,850,141040.01,5978.2,2,1,Spain,Male,1,1,0,0,0,0,0,0.00598525529714844,0,0,1
15604576,22,850,0.0,144385.54,3,1,Spain,Male,1,1,0,0,0,0,0,0.006022047524955498,0,0,1
15729574,71,616,0.0,173599.38,4,2,Spain,Male,1,1,0,0,1,0,0,0.0060324119700571055,0,0,3
15595071,22,696,149777.0,198032.93,9,1,France,Male,1,1,0,0,0,0,0,0.006053082989161962,0,0,1
15636061,78,649,68345.86,142566.75,4,2,Germany,Male,1,1,0,0,1,0,0,0.006056404653587033,0,0,3
15641675,49,611,88915.37,161435.02,2,3,France,Female,0,0,1,0,0,0,0,0.00612497825305891,0,0,0
15803136,41,416,122189.66,98301.61,10,2,Germany,Female,0,1,0,0,0,0,0,0.006138192697639044,0,0,2
15691004,37,407,0.0,49161.12,1,1,Spain,Male,1,1,1,0,0,0,0,0.006172617436419614,0,0,0
15619608,50,454,92895.56,154344.0,10,1,Germany,Female,0,1,1,0,0,0,0,0.006206844771873721,0,0,2
15614813,46,777,107362.8,487.3,0,1,Germany,Female,0,1,0,0,0,0,0,0.006249573114624596,0,0,0
15791040,58,801,79954.61,30484.19,1,2,Spain,Male,1,1,0,0,0,0,0,0.006269391834859528,0,0,3
15807563,52,841,0.0,183239.71,5,1,France,Female,0,0,1,0,0,0,0,0.006567870190362313,0,0,3
15757632,41,496,176024.05,182337.98,1,2,France,Female,0,1,0,0,0,0,0,0.006610679631994909,0,0,0
15796957,35,597,0.0,73181.39,9,3,Spain,Male,1,0,1,0,0,0,0,0.00669409142985522,0,0,2
15634141,42,708,192390.52,823.36,8,2,Germany,Female,0,1,0,0,0,0,0,0.006694546754001718,0,0,2
15669491,46,850,157866.77,18986.12,2,1,France,Female,1,1,0,0,0,0,0,0.006773232032395882,0,0,0
15804721,49,602,191808.73,97640.2,0,1,France,Male,0,0,0,0,0,0,0,0.006798754271973739,0,0,0
15685329,63,531,114715.71,24506.95,1,1,France,Female,1,0,1,0,0,0,0,0.00683434036484265,0,0,3
15814405,46,418,0.0,81014.5,9,1,France,Female,1,1,1,0,0,0,0,0.006903451046317177,0,0,2
15742009,58,489,0.0,191419.32,4,2,Spain,Male,1,1,0,0,0,0,0,0.007009863752476031,0,0,3
15655464,67,640,0.0,42964.63,3,1,France,Female,1,0,0,0,0,0,0,0.007040860806115767,0,0,3
15731522,67,771,0.0,51219.8,8,2,Spain,Female,1,1,0,0,0,0,0,0.007062685586951889,0,0,3
15773013,47,633,0.0,6342.84,0,1,France,Female,1,1,1,0,0,0,0,0.007079253174069766,0,0,0
15784301,42,850,0.0,44165.84,0,2,France,Male,0,1,0,0,0,0,0,0.00721950959548423,0,0,0
15677324,73,683,124730.26,51999.5,9,1,Germany,Male,1,1,0,0,1,0,0,0.007270211144019378,0,0,3
15790757,25,769,0.0,187925.75,10,2,France,Female,0,0,0,0,0,0,0,0.007308412247293727,0,0,1
15592229,52,713,185891.54,46369.57,0,1,France,Female,1,1,1,0,0,0,0,0.007347901790546896,0,0,3
15721469,45,492,170295.04,164741.81,9,2,Germany,Male,0,0,0,0,0,0,0,0.007360287217189065,0,0,2
15714240,74,712,0.0,151425.82,5,2,Spain,Male,0,0,0,0,1,0,0,0.007412240346308607,0,0,3
15623989,54,435,0.0,156910.46,3,1,France,Male,0,1,1,0,0,0,0,0.007424173422580949,0,0,3
15757607,45,623,0.0,196533.72,0,1,France,Male,0,1,1,0,0,0,0,0.00743461560130243,0,0,0
15567431,64,773,145578.28,186172.85,2,1,France,Male,1,0,0,0,0,0,0,0.007454958408249723,0,0,3
15762793,36,850,136980.23,99019.65,0,2,Germany,Female,1,1,0,0,0,0,0,0.0076030468919222605,0,0,0
15670646,42,499,147187.84,14868.94,0,1,Spain,Female,1,1,1,0,0,0,0,0.007621428393416507,0,0,0
15734649,55,779,133295.98,22832.71,0,1,Spain,Female,0,1,1,0,0,0,0,0.007653961847378987,0,0,3
15792228,60,748,152335.7,126743.33,0,1,France,Male,0,1,1,0,0,0,0,0.007661243064132628,0,0,3
15567114,35,430,118894.22,2923.61,1,1,France,Male,0,0,0,0,0,0,0,0.00777624027790591,0,0,0
15625151,66,640,116037.76,184636.05,9,1,France,Female,1,0,0,0,0,0,0,0.007821992738645922,0,0,3
15602797,49,645,110132.55,187689.91,5,3,Spain,Female,1,0,1,0,0,0,0,0.007943514739065183,0,0,0
15757811,69,732,137453.43,110932.24,9,1,Spain,Female,1,0,1,0,0,0,0,0.007957401850787527,0,0,3
15616471,51,599,0.0,175235.99,0,1,Spain,Male,1,1,0,0,0,0,0,0.0080070703340277,0,0,3
15676895,39,547,74596.15,85746.52,6,3,Germany,Female,1,1,1,0,0,0,0,0.008133751518301424,0,0,2
15579183,64,586,0.0,53710.23,1,2,France,Male,1,1,0,0,0,0,0,0.008139217222619344,0,0,3
15719426,67,529,103101.56,154002.02,8,2,France,Male,1,1,1,0,0,0,0,0.008195230795864261,0,0,3
15663883,32,850,141827.33,149458.73,9,2,Germany,Male,1,1,0,0,0,0,0,0.008206897884380004,0,0,2
15634143,30,581,53291.86,196582.28,0,1,Spain,Male,0,0,0,0,0,0,0,0.008286751057928088,0,0,1
15768574,58,671,178713.98,21768.21,1,1,Spain,Male,1,1,0,0,0,0,0,0.008297824032541423,0,0,3
15569759,27,583,0.0,163113.41,4,3,France,Female,0,1,0,0,0,0,0,0.008304701164203343,0,0,1
15631685,60,523,163894.35,57061.71,1,1,Germany,Male,1,0,0,0,0,0,0,0.008328979218333643,0,0,3
15718153,74,759,128917.84,48244.64,6,1,Spain,Female,1,1,0,0,1,0,0,0.008425936688207125,0,0,3
15664498,26,508,205962.0,156424.4,7,1,France,Male,0,1,0,0,0,0,0,0.008439486215891856,0,0,1
15640852,39,617,83348.89,7953.62,5,3,Germany,Female,0,1,1,0,0,0,0,0.008469804180216145,0,0,0
15706587,57,560,0.0,116781.71,0,2,France,Male,1,0,0,0,0,0,0,0.008510331930597137,0,0,3
15750776,36,850,164850.54,62722.44,0,1,France,Female,1,1,0,0,0,0,0,0.00852406811001094,0,0,0
15640507,35,762,119349.69,47114.18,3,3,Spain,Female,1,1,1,0,0,0,0,0.008638864457892081,0,0,0
15794171,45,475,134264.04,27822.99,0,1,France,Female,0,1,1,0,0,0,0,0.008641484226098672,0,0,0
15659495,23,784,0.0,6847.73,2,1,Spain,Male,1,1,0,0,0,0,0,0.008683879860623245,0,0,1
15641250,38,794,179581.31,23596.24,9,1,Spain,Male,0,1,0,0,0,0,0,0.00868616447585202,0,0,2
15620443,81,711,0.0,72276.24,6,2,France,Female,1,1,0,0,1,0,0,0.008702516774047875,0,0,3
15701936,28,467,126315.26,32349.29,10,1,Germany,Male,0,1,1,0,0,0,0,0.008723906553274707,0,0,1
15806967,65,778,0.0,77867.23,7,1,France,Female,1,1,0,0,0,0,0,0.008912636075569802,0,0,3
15589869,49,437,111634.29,166440.32,9,2,France,Male,1,0,0,0,0,0,0,0.008962943058545392,0,0,2
15737509,34,850,199229.14,68106.29,8,1,Spain,Male,0,0,0,0,0,0,0,0.008981643602561484,0,0,2
15786196,44,555,105770.7,60533.96,3,3,France,Female,0,1,1,0,0,0,0,0.009011296437659633,0,0,0
15579781,31,806,138653.51,190803.37,10,1,Germany,Male,0,1,0,0,0,0,0,0.009043101042477186,0,0,2
15769818,37,850,212778.2,69372.88,3,1,France,Female,1,0,0,0,0,0,0,0.0090672715497091,0,0,0
15756026,46,790,0.0,14679.81,9,1,Spain,Female,0,0,1,0,0,0,0,0.009073878344806774,0,0,2
15644501,26,579,162482.76,18458.2,10,1,France,Female,1,1,0,0,0,0,0,0.009122408919008285,0,0,1
15616028,30,694,0.0,15039.41,2,3,France,Male,1,0,0,0,0,0,0,0.00912626338339495,0,0,1
15596761,60,515,113715.36,18424.24,9,1,Germany,Male,0,1,1,0,0,0,0,0.009224711530179008,0,0,3
15784761,46,554,87603.35,96929.24,7,3,Spain,Female,1,0,1,0,0,0,0,0.009245182706142163,0,0,2
15654457,30,685,0.0,172576.43,2,3,Spain,Female,1,1,1,0,0,0,0,0.009280305828133661,0,0,1
15809137,29,453,0.0,198376.02,6,1,France,Male,0,0,1,0,0,0,0,0.009421125668800712,0,0,1
15619932,66,847,123760.68,53157.16,7,1,France,Male,1,0,0,0,0,0,0,0.009482392167524556,0,0,3
15812767,70,731,0.0,141180.66,3,2,Spain,Male,1,1,0,0,0,0,0,0.009516980401179431,0,0,3
15795990,48,722,138311.76,3472.63,10,1,Germany,Female,1,1,1,0,0,0,0,0.009531100569833084,0,0,2
15768219,36,850,0.0,141242.57,0,2,Spain,Male,0,1,0,0,0,0,0,0.009594923371251673,0,0,0
15811032,58,477,145984.92,24564.7,8,1,Germany,Female,1,1,0,0,0,0,0,0.009707636766114747,0,0,3
15597957,66,614,0.0,180082.7,2,2,Spain,Male,1,0,0,0,0,0,0,0.009800734969589331,0,0,3
15595592,59,708,0.0,179673.11,2,1,France,Female,0,1,1,0,0,0,0,0.009808092676569347,0,0,3
15597109,70,627,94416.78,145299.5,1,1,France,Male,1,0,0,0,0,0,0,0.009852905062739503,0,0,3
15666297,53,706,0.0,88479.02,3,3,Spain,Female,0,0,1,0,0,0,0,0.009928883648944287,0,0,3
15696637,23,571,151097.28,17163.75,10,1,France,Female,1,0,0,0,0,0,0,0.009986495875176082,0,0,1
15613319,33,793,0.0,175544.02,0,1,France,Female,0,0,0,0,0,0,0,0.009996234010628102,0,0,0
15567991,31,794,144880.34,175643.44,0,2,Spain,Male,1,0,0,0,0,0,0,0.010029050320622512,0,0,0
15580249,45,502,0.0,84663.21,0,1,France,Male,0,0,0,0,0,0,0,0.010057554478449249,0,0,0
15780140,32,435,57017.06,5907.11,2,2,Germany,Male,1,1,0,0,0,0,0,0.010101825968984568,0,0,0
15654096,24,779,122200.31,43705.56,10,2,Germany,Female,0,1,0,0,0,0,0,0.010126905385133278,0,0,1
15729954,28,586,0.0,170487.4,5,3,France,Female,0,1,1,0,0,0,0,0.010148739114764549,0,0,1
15611767,52,624,133723.43,4859.59,0,1,Germany,Female,0,0,1,0,0,0,0,0.010163221182961202,0,0,3
15637169,67,838,103267.8,78310.04,4,1,Spain,Female,1,1,0,0,0,0,0,0.01019442551674099,0,0,3
15761720,41,422,153238.88,11663.09,6,1,France,Male,0,1,0,0,0,0,0,0.010224632776001608,0,0,2
15733973,42,850,0.0,19632.64,8,1,France,Female,0,1,1,0,0,0,0,0.010242936356752774,0,0,2
15678497,48,850,0.0,169425.3,2,1,Spain,Male,0,1,1,0,0,0,0,0.010286890285460148,0,0,0
15778481,59,817,118962.58,120819.58,1,1,France,Male,1,1,0,0,0,0,0,0.010387299936802652,0,0,3
15700209,63,486,97009.15,85101.0,9,1,France,Male,1,1,0,0,0,0,0,0.010396107899691143,0,0,3
15571571,31,680,127331.46,176433.6,3,3,Germany,Female,1,1,0,0,0,0,0,0.010416090940351674,0,0,0
15738715,37,600,0.0,7312.25,4,3,France,Female,0,1,1,0,0,0,0,0.010423682777539578,0,0,0
15739046,23,850,143054.85,62980.96,9,1,Spain,Female,1,0,0,0,0,0,0,0.010497265950604406,0,0,1
15717879,79,712,108078.56,174118.93,5,1,Spain,Female,1,1,0,0,1,0,0,0.010499082653997238,0,0,3
15646372,66,616,135842.41,183840.51,1,1,France,Female,0,1,1,0,0,0,0,0.010511385066635959,0,0,3
15733581,32,831,80262.66,194867.78,9,1,Germany,Male,0,1,0,0,0,0,0,0.010543479704025138,0,0,2
15787597,31,420,108377.75,9904.63,1,2,Germany,Female,1,1,0,0,0,0,0,0.010576037370748748,0,0,0
15751185,50,699,158633.61,193785.87,0,1,Spain,Female,0,1,0,0,0,0,0,0.010583701873118967,0,0,0
15775803,41,841,0.0,193093.77,1,2,Spain,Male,1,0,0,0,0,0,0,0.010654283889176108,0,0,0
15754342,60,597,78539.84,48502.88,0,1,Germany,Female,1,0,0,0,0,0,0,0.010769681798544095,0,0,3
15786078,28,850,0.0,185821.41,9,2,France,Female,0,1,0,0,0,0,0,0.010777479701876036,0,0,1
15673020,49,678,204510.94,738.88,3,1,France,Female,1,0,1,0,0,0,0,0.010790458745115639,0,0,0
15696859,45,474,0.0,172175.9,10,2,France,Male,0,0,0,0,0,0,0,0.010863376516426437,0,0,2
15701537,60,756,0.0,166513.49,2,1,France,Male,1,1,1,0,0,0,0,0.010906201040335795,0,0,3
15640268,71,652,0.0,120107.1,4,1,Spain,Male,1,1,0,0,1,0,0,0.011003593413586699,0,0,3
15671209,29,593,101713.84,134594.99,5,3,Germany,Female,0,1,0,0,0,0,0,0.011004808204290395,0,0,1
15675360,33,427,0.0,13858.95,8,1,France,Male,1,1,0,0,0,0,0,0.011066544582821858,0,0,2
15634146,18,835,142872.36,117632.63,2,1,Germany,Male,1,1,0,0,0,0,0,0.011068600140721085,0,0,1
15682211,57,467,0.0,114448.77,1,2,France,Male,1,1,0,0,0,0,0,0.01121080787608697,0,0,3
15577700,37,749,185063.7,134526.87,10,2,France,Male,1,1,0,0,0,0,0,0.01122268357576961,0,0,2
15768233,37,435,114346.3,980.93,8,1,Germany,Male,1,0,1,0,0,0,0,0.01123299064361738,0,0,2
15794939,72,783,121215.9,105206.48,5,2,France,Female,1,1,0,0,1,0,0,0.0113639051786254,0,0,3
15772216,67,738,130652.52,22762.23,1,1,France,Female,1,0,0,0,0,0,0,0.011395107885587397,0,0,3
15811947,33,850,124781.67,33700.52,0,1,France,Male,1,0,0,0,0,0,0,0.011412048904921535,0,0,0
15791988,68,670,0.0,11426.7,4,2,France,Male,1,1,0,0,0,0,0,0.011527814243600276,0,0,3
15794278,67,816,151858.98,72814.31,6,1,Spain,Male,1,1,0,0,0,0,0,0.011531156250090713,0,0,3
15624695,72,662,140301.72,179258.67,7,1,Spain,Female,1,0,0,0,1,0,0,0.0115981832012928,0,0,3
15724453,23,570,0.0,198830.98,2,1,France,Male,0,0,0,0,0,0,0,0.011628644408314903,0,0,1
15755722,24,554,0.0,92180.62,10,1,France,Male,0,0,0,0,0,0,0,0.011637328995218521,0,0,1
15605872,73,707,66573.17,62768.8,6,1,France,Male,1,1,0,0,1,0,0,0.01165031712149256,0,0,3
15712903,21,499,176511.08,153920.22,3,1,France,Female,1,1,0,0,0,0,0,0.011651807279490889,0,0,1
15681506,43,478,0.0,197916.43,1,2,Spain,Male,1,1,0,0,0,0,0,0.011684011804645178,0,0,0
15713346,24,794,146126.75,88992.05,10,1,France,Male,1,1,0,0,0,0,0,0.011799205975961291,0,0,1
15643658,53,850,94078.97,36980.54,2,2,Germany,Male,0,1,0,0,0,0,0,0.01189460475166848,0,0,3
15772777,29,850,0.0,94815.04,10,2,Spain,Female,1,1,0,0,0,0,0,0.011943926010741568,0,0,1
15718673,33,839,75592.43,62674.42,10,1,Spain,Female,0,1,0,0,0,0,0,0.011956279507808532,0,0,2
15623369,52,708,105355.81,123.07,10,1,France,Male,0,1,1,0,0,0,0,0.011995679743396437,0,0,3
15752026,58,691,0.0,194930.3,3,1,France,Male,1,0,1,0,0,0,0,0.012001765852467927,0,0,3
15771154,73,683,137732.23,133210.44,8,2,France,Female,1,1,0,0,1,0,0,0.012073897471110984,0,0,3
15799494,44,850,140393.65,186285.52,3,2,Germany,Male,1,0,0,0,0,0,0,0.012081074386357193,0,0,0
15711446,51,569,0.0,75084.96,3,3,Spain,Female,0,1,1,0,0,0,0,0.012112634291816082,0,0,3
15801293,27,850,101278.25,26265.18,1,2,Germany,Male,1,1,0,0,0,0,0,0.012125512544050365,0,0,1
15635177,66,597,0.0,70532.53,3,1,Spain,Female,1,1,0,0,0,0,0,0.01214407610978352,0,0,3
15614716,37,515,196853.62,132770.11,0,1,France,Female,1,1,0,0,0,0,0,0.01222472435299693,0,0,0
15583221,70,667,77356.92,20881.96,3,2,Germany,Male,1,1,0,0,0,0,0,0.012325948663184594,0,0,3
15738448,25,480,174330.35,181647.13,3,2,Germany,Female,0,0,0,0,0,0,0,0.012370733667476097,0,0,1
15730273,27,841,0.0,171922.72,8,1,France,Male,0,1,0,0,0,0,0,0.012620179518026187,0,0,1
15611759,57,850,126776.3,132298.49,8,2,Spain,Female,1,1,0,0,0,0,1,0.01266167017508002,1,0,3
15594815,35,807,174790.15,600.36,3,1,France,Male,1,1,0,0,0,0,0,0.012724120457163757,0,0,0
15644934,26,466,105522.06,10842.46,9,1,France,Male,0,1,0,0,0,0,0,0.012751728675598595,0,0,1
15796993,52,741,171236.3,21834.4,1,2,France,Male,0,0,1,0,0,0,0,0.012827396956227033,0,0,3
15586236,31,704,132084.66,54474.48,5,3,France,Male,1,1,1,0,0,0,0,0.012843414564380762,0,0,2
15607263,55,788,0.0,13288.46,3,1,France,Male,1,0,1,0,0,0,0,0.012845998968707861,0,0,3
15612525,57,499,0.0,131372.38,1,1,France,Female,0,0,1,0,0,0,0,0.01285527552768262,0,0,3
15665416,62,779,119096.55,116977.89,10,1,France,Male,1,0,0,0,0,0,0,0.01293521615436044,0,0,3
15805104,73,743,0.0,107867.38,6,2,France,Female,1,0,0,0,1,0,0,0.01295917509005673,0,0,3
15647965,57,477,114023.64,71167.17,9,2,France,Female,1,1,1,0,0,0,0,0.013047274423406363,0,0,3
15769917,34,673,127122.79,76703.1,1,3,Germany,Female,1,0,0,0,0,0,0,0.013052940791646539,0,0,0
15728885,41,808,0.0,79888.78,0,1,France,Male,1,1,0,0,0,0,0,0.013106773092506296,0,0,0
15800434,52,811,76915.4,146359.81,10,1,Germany,Male,0,0,1,0,0,0,0,0.013292862503555658,0,0,3
15762331,37,569,178755.84,199929.17,9,1,France,Male,0,1,0,0,0,0,0,0.013301205020162965,0,0,2
15600821,69,721,108424.19,178418.35,2,1,France,Male,1,1,0,0,0,0,0,0.013338777998363693,0,0,3
15792729,34,474,176311.36,160213.27,9,1,Germany,Female,0,1,0,0,0,0,0,0.013357690011679857,0,0,2
15766272,61,521,125193.96,109356.53,0,1,Germany,Female,1,1,0,0,0,0,0,0.013383179133663381,0,0,3
15746737,59,565,69129.59,170705.53,9,1,Germany,Male,1,1,0,0,0,0,0,0.013425713027834463,0,0,3
15664808,37,790,0.0,98897.32,3,3,Spain,Female,0,0,0,0,0,0,0,0.013508708831773686,0,0,0
15771728,41,641,104405.54,17384.21,7,3,Germany,Male,0,1,0,0,0,0,0,0.013641281323224397,0,0,2
15805637,36,625,108546.16,133807.77,9,3,France,Male,0,1,1,0,0,0,0,0.013645075158408293,0,0,2
15655082,48,607,112070.86,173568.3,4,3,France,Female,0,1,1,0,0,0,0,0.013647619688867518,0,0,0
15630244,40,457,134320.23,150757.35,10,2,France,Male,0,1,0,0,0,0,0,0.013677354323903712,0,0,2
15724858,54,688,0.0,191212.63,9,1,France,Female,0,1,1,0,0,0,0,0.013726411586260978,0,0,3
15734058,32,509,170661.47,21646.2,9,1,Germany,Male,1,1,0,0,0,0,0,0.013829154874413274,0,0,2
15768451,40,739,149131.03,60036.99,5,3,Germany,Male,1,1,1,0,0,0,0,0.01383713753721516,0,0,2
15568240,30,492,77168.87,146700.22,10,2,Germany,Female,1,0,0,0,0,0,0,0.013849059037290723,0,0,1
15696098,31,498,0.0,13892.57,10,2,France,Female,0,1,0,0,0,0,0,0.013873866482074781,0,0,2
15605926,70,649,116854.71,107125.79,9,2,Germany,Male,1,0,0,0,0,0,0,0.013882976540608216,0,0,3
15608109,58,710,170113.0,10494.64,7,2,Germany,Male,1,0,0,0,0,0,0,0.013949771936718536,0,0,3
15587507,47,850,0.0,187391.02,6,1,France,Male,0,1,1,0,0,0,0,0.013965083100097364,0,0,2
15618239,48,530,0.0,85081.09,0,1,France,Female,0,1,0,0,0,0,0,0.014062815188583988,0,0,0
15771997,31,791,75499.24,22184.14,10,1,France,Female,0,1,0,0,0,0,0,0.01414545132815559,0,0,2
15794056,46,668,0.0,89048.46,2,3,France,Female,0,1,1,0,0,0,0,0.01418375046657483,0,0,0
15731507,33,456,188285.68,58363.94,1,1,France,Female,0,0,0,0,0,0,0,0.014184127793970713,0,0,0
15585580,52,796,167194.36,62808.93,9,1,Germany,Female,1,1,1,0,0,0,0,0.014187422542107475,0,0,3
15597896,30,365,127760.07,81537.85,0,1,Germany,Male,0,1,1,0,0,0,0,0.014191729472502912,0,0,0
15698474,54,601,131039.97,199661.5,1,2,Germany,Female,1,1,0,0,0,0,0,0.014215243760183571,0,0,3
15798906,69,628,0.0,181964.6,5,2,France,Male,1,1,0,0,0,0,0,0.01422582342339418,0,0,3
15646817,51,769,156773.78,40257.79,9,2,France,Male,0,1,0,0,0,0,0,0.014278600595252211,0,0,3
15792473,50,598,88379.81,64157.24,5,3,Germany,Female,1,0,1,0,0,0,0,0.014327099262023357,0,0,3
15780961,21,735,178718.19,22388.0,1,2,France,Female,0,1,0,0,0,0,0,0.014361007168787077,0,0,1
15810593,51,568,0.0,66586.56,4,3,France,Male,1,1,0,0,0,0,0,0.01437726724931132,0,0,3
15649992,65,681,134714.7,190419.81,7,2,Spain,Male,1,0,0,0,0,0,0,0.01445155856873992,0,0,3
15576824,44,564,111760.4,104722.47,3,3,Germany,Female,1,1,1,0,0,0,0,0.014466556201648384,0,0,0
15612771,35,452,148172.44,4175.68,4,1,France,Male,1,1,0,0,0,0,0,0.014482442449243571,0,0,0
15735246,58,798,0.0,119071.56,9,2,Spain,Female,0,0,1,0,0,0,0,0.014485876340738724,0,0,3
15718231,28,537,88963.31,189839.93,0,2,France,Male,1,1,0,0,0,0,0,0.014490802060024732,0,0,1
15727311,22,539,100885.93,38772.65,0,2,France,Female,1,1,0,0,0,0,0,0.014525610196729155,0,0,1
15648967,64,698,169362.43,84760.32,1,1,Germany,Female,0,1,1,0,0,0,0,0.014527740382733079,0,0,3
15638871,77,639,80926.02,55829.25,6,2,France,Male,1,1,0,0,1,0,0,0.014562456576658889,0,0,3
15714680,78,755,121206.96,76016.49,5,1,France,Female,1,1,0,0,1,0,0,0.01459454753681122,0,0,3
15709920,33,479,208165.53,50774.81,2,1,France,Female,0,0,1,0,0,0,0,0.014616968696752441,0,0,0
15684999,26,850,62610.96,179365.1,4,2,France,Female,1,0,0,0,0,0,0,0.014617559527506874,0,0,1
15781272,50,669,149713.61,124872.42,4,3,France,Male,1,1,1,0,0,0,0,0.014634906400493142,0,0,0
15573319,35,493,178317.6,197428.64,8,1,Germany,Female,0,0,0,0,0,0,0,0.014704292547749298,0,0,2
15591123,68,557,100194.44,38596.34,2,1,Germany,Male,1,1,0,0,0,0,0,0.014705618213788352,0,0,3
15674637,68,491,107571.61,113695.99,3,1,France,Female,1,0,0,0,0,0,0,0.014724251307290603,0,0,3
15643438,20,850,0.0,31288.77,7,2,France,Male,0,1,0,0,0,0,0,0.014745806880656187,0,0,1
15600399,60,598,0.0,197727.14,4,1,France,Male,0,1,1,0,0,0,0,0.014786057796143615,0,0,3
15745266,55,434,0.0,73562.05,6,1,Spain,Male,1,0,1,0,0,0,0,0.014943251226690935,0,0,3
15781034,67,796,0.0,54871.02,5,2,Spain,Male,1,0,0,0,0,0,0,0.014961255495736459,0,0,3
15813862,66,526,132044.6,158365.89,7,2,Spain,Male,1,1,0,0,0,0,0,0.014972605507981962,0,0,3
15804853,48,781,57098.96,85644.06,0,1,France,Female,0,1,1,0,0,0,0,0.015006372076332042,0,0,0
15645847,35,569,109196.66,109393.19,2,3,Germany,Male,0,1,1,0,0,0,0,0.015080872574647963,0,0,0
15611247,28,481,0.0,145215.96,10,2,France,Female,0,1,0,0,0,0,0,0.015189935616105377,0,0,1
15709459,63,698,0.0,173576.71,5,1,Spain,Female,1,1,0,0,0,0,0,0.015189963755554592,0,0,3
15705174,68,656,153545.11,186574.68,7,1,Germany,Male,1,1,0,0,0,0,0,0.015229307425999705,0,0,3
15587535,46,450,177619.71,54227.06,5,1,Spain,Female,0,1,0,0,0,0,0,0.015252068127584728,0,0,0
15571958,40,489,221532.8,171867.08,3,1,Spain,Male,0,1,0,0,0,0,0,0.015330834091153323,0,0,0
15709643,32,675,0.0,85901.09,1,3,France,Male,0,1,0,0,0,0,0,0.015375619046815614,0,0,0
15635116,60,659,0.0,177480.45,2,1,Spain,Male,0,1,1,0,0,0,0,0.01538203168079677,0,0,3
15570086,18,684,90544.0,4777.23,9,1,Germany,Male,1,0,0,0,0,0,0,0.015383914956184186,0,0,1
15654211,27,559,0.0,1050.33,1,1,Spain,Female,1,0,0,0,0,0,0,0.015386539954375555,0,0,1
15601719,24,465,156007.09,191368.37,6,1,Germany,Male,0,1,0,0,0,0,0,0.015446585686888836,0,0,1
15684010,74,640,116800.25,34130.43,2,1,Germany,Female,1,1,0,0,1,0,0,0.01551051213714838,0,0,3
15695339,53,517,109172.88,54676.1,0,1,Germany,Male,0,1,1,0,0,0,0,0.015523923806877171,0,0,3
15569654,31,850,51293.47,35534.68,3,1,Germany,Female,0,0,0,0,0,0,0,0.01560004429605899,0,0,0
15796813,54,493,167831.88,150159.95,3,2,France,Male,0,1,1,0,0,0,0,0.01560227943944914,0,0,3
15569976,65,754,136186.44,121529.59,1,1,Germany,Male,1,1,1,0,0,0,0,0.015805194472045647,0,0,3
15585427,26,528,102073.67,166799.93,10,2,France,Female,0,0,0,0,0,0,0,0.015825449894683485,0,0,1
15713374,67,689,157094.78,99490.01,9,1,Germany,Male,1,1,0,0,0,0,0,0.01583238227204986,0,0,3
15785170,32,850,116968.91,175094.62,0,1,Germany,Female,0,0,0,0,0,0,0,0.01583887003221418,0,0,0
15764105,57,475,0.0,89248.99,1,2,France,Female,0,1,0,0,0,0,0,0.015839527724744396,0,0,3
15765300,40,596,62389.03,148623.43,5,3,Germany,Male,0,1,1,0,0,0,0,0.015865381141234258,0,0,0
15760216,49,718,0.0,184474.72,10,1,France,Female,0,1,1,0,0,0,0,0.015899977919213715,0,0,2
15628308,24,850,0.0,13159.9,6,2,France,Female,1,1,0,0,0,0,0,0.01592784237108913,0,0,1
15719377,50,804,0.0,8546.87,4,1,France,Female,1,1,1,0,0,0,0,0.01598368659100513,0,0,3
15640421,35,811,0.0,178.19,7,1,France,Female,1,1,0,0,0,0,0,0.016018055655185104,0,0,2
15732235,64,662,98848.19,42730.12,0,1,France,Male,1,0,0,0,0,0,0,0.016034462546989814,0,0,3
15640491,33,464,147493.7,100447.53,10,2,France,Female,0,1,0,0,0,0,0,0.01605184444413743,0,0,2
15771636,36,793,0.0,148993.47,0,1,Spain,Female,0,0,0,0,0,0,0,0.01609573322748914,0,0,0
15569247,57,727,109679.72,753.37,1,1,Spain,Female,1,0,0,0,0,0,0,0.01612521596362848,0,0,3
15712403,61,589,0.0,61108.56,1,1,France,Female,0,1,1,0,0,0,0,0.01612576145326239,0,0,3
15787907,42,719,137227.04,149097.38,5,3,Germany,Female,0,1,1,0,0,0,0,0.016165526548839404,0,0,2
15785290,29,542,0.0,8342.35,9,1,France,Male,0,1,0,0,0,0,0,0.016225860392576896,0,0,1
15716781,24,815,171922.72,178028.96,7,1,France,Male,1,0,0,0,0,0,0,0.016241182535541743,0,0,1
15743490,56,795,94348.94,29239.29,9,1,Germany,Female,0,1,1,0,0,0,0,0.016241378101133908,0,0,3
15708904,37,850,0.0,100101.06,9,1,France,Female,0,0,0,0,0,0,0,0.01627042039957438,0,0,2
15648721,64,711,0.0,3185.67,4,2,France,Male,1,1,0,0,0,0,0,0.016285998938750712,0,0,3
15797733,30,503,136622.55,47310.24,10,2,Germany,Male,0,0,0,0,0,0,0,0.016380539048204024,0,0,1
15812850,67,494,0.0,85890.16,5,2,Spain,Male,1,1,0,0,0,0,0,0.01638070383674639,0,0,3
15807889,74,634,108891.7,10078.02,5,1,Germany,Male,0,1,0,0,1,0,0,0.016380768330652273,0,0,3
15702806,24,696,0.0,10883.52,9,1,Spain,Male,0,0,0,0,0,0,0,0.01644609993262458,0,0,1
15811588,53,664,187602.18,186392.99,7,1,Spain,Female,0,1,1,0,0,0,0,0.016508748637831472,0,0,3
15754929,31,757,39539.39,192519.39,10,2,France,Male,0,0,0,0,0,0,0,0.016515785900261815,0,0,2
15732778,29,468,111681.98,195711.16,1,2,Germany,Male,1,1,0,0,0,0,0,0.01652553128770784,0,0,1
15659557,28,811,167738.82,9903.42,4,2,Germany,Female,1,1,0,0,0,0,0,0.01653003603844927,0,0,1
15813645,36,491,53369.13,103934.12,0,1,France,Female,1,1,0,0,0,0,0,0.01657039234045765,0,0,0
15682070,64,611,0.0,53277.15,9,2,France,Male,1,1,0,0,0,0,0,0.016574676732983185,0,0,3
15764284,27,714,0.0,129130.09,3,3,Spain,Male,1,1,0,0,0,0,0,0.016639950947165527,0,0,1
15801316,61,523,66250.71,21859.06,8,1,France,Male,1,1,0,0,0,0,0,0.016693979975482054,0,0,3
15651943,65,580,0.0,103182.46,1,2,Spain,Female,1,0,0,0,0,0,0,0.01673911055135391,0,0,3
15799966,59,792,101609.77,161479.19,9,1,Germany,Female,0,0,1,0,0,0,0,0.016760345682738764,0,0,3
15757306,49,738,0.0,65066.48,3,3,Spain,Male,1,1,1,0,0,0,0,0.016760728653055668,0,0,0
15665402,73,703,137761.55,159677.46,5,1,Spain,Male,1,1,0,0,1,0,0,0.016800155291669117,0,0,3
15663164,49,663,116150.65,84358.71,7,3,Germany,Male,1,1,1,0,0,0,0,0.016805608535813366,0,0,2
15720559,61,487,110368.03,11384.45,5,1,Germany,Female,0,0,1,0,0,0,0,0.016903120069617694,0,0,3
15755678,62,534,0.0,42763.12,2,2,France,Male,0,0,1,0,0,0,0,0.016904379405330183,0,0,3
15633227,28,518,85146.36,2803.89,9,1,France,Female,0,0,0,0,0,0,0,0.016930011474193485,0,0,1
15763256,64,661,128751.65,189398.18,8,2,Germany,Female,0,1,1,0,0,0,0,0.01696314518753006,0,0,3
15658982,28,650,122034.4,146663.43,5,3,Germany,Female,1,0,1,0,0,0,0,0.01704504623887171,0,0,1
15737452,58,653,132602.88,5097.67,1,1,Germany,Male,0,1,1,0,0,0,0,0.01706891045035408,0,0,3
15812241,59,438,127197.14,51565.98,7,1,Germany,Male,0,1,1,0,0,0,0,0.017118018530428936,0,0,3
15772650,55,732,136576.02,3268.17,9,1,France,Male,1,0,1,0,0,0,0,0.01721404268375437,0,0,3
15663252,32,850,0.0,18924.92,9,2,Spain,Female,1,1,0,0,0,0,0,0.01723338947045261,0,0,2
15614936,49,718,82321.88,11144.4,10,1,Spain,Female,1,0,0,0,0,0,0,0.01730434085772714,0,0,2
15804586,46,376,0.0,157333.69,6,1,France,Female,0,1,1,0,0,0,0,0.017340917470443196,0,0,2
15573599,57,506,0.0,194421.12,6,2,France,Female,1,0,1,0,0,0,0,0.01736025671755792,0,0,3
15628144,72,635,74812.84,27448.33,4,1,France,Female,1,0,0,0,1,0,0,0.017379628764328747,0,0,3
15721116,24,597,108058.07,187826.11,0,2,Spain,Male,1,1,0,0,0,0,0,0.01749476098814584,0,0,1
15765014,48,547,179380.74,69263.1,1,2,France,Female,1,0,0,0,0,0,0,0.017503840393251924,0,0,0
15732643,53,386,131955.07,62514.65,1,1,Spain,Female,1,1,1,0,0,0,0,0.017537610768045497,0,0,3
15693376,43,741,0.0,2920.63,0,2,Spain,Male,1,1,1,0,0,0,0,0.017543617339678352,0,0,0
15739194,38,548,178056.54,38434.73,0,2,Spain,Male,0,1,0,0,0,0,0,0.01757639675968581,0,0,0
15693926,37,670,178742.71,194493.57,0,1,Spain,Male,1,1,0,0,0,0,0,0.017578434605329374,0,0,0
15696605,49,571,180614.04,523.0,4,1,France,Male,0,0,0,0,0,0,0,0.017585220914167254,0,0,0
15713949,40,850,76914.21,174183.44,1,1,France,Male,0,1,0,0,0,0,0,0.017598282841983504,0,0,0
15759140,64,682,128306.7,66040.83,10,1,France,Female,1,0,0,0,0,0,0,0.017611749379916053,0,0,3
15732437,44,504,131873.07,158036.72,0,2,Germany,Female,1,1,1,0,0,0,0,0.017639554304297644,0,0,0
15776545,28,682,200724.96,82872.64,10,1,France,Male,1,0,1,0,0,0,0,0.01765865483479967,0,0,1
15589715,66,584,0.0,49553.38,5,1,France,Female,0,1,1,0,0,0,0,0.017676910719322092,0,0,3
15671800,20,688,137624.4,197582.79,8,2,France,Male,1,1,0,0,0,0,0,0.01776205082818727,0,0,1
15657603,35,850,81684.97,824.0,6,1,France,Female,0,1,0,0,0,0,0,0.017769477265297873,0,0,2
15612776,39,850,0.0,143030.09,10,2,Spain,Female,1,1,0,0,0,0,0,0.017830840256738645,0,0,2
15571778,55,817,117561.49,95941.55,10,1,France,Female,0,1,1,0,0,0,0,0.0179244268352432,0,0,3
15726832,61,850,141784.02,92053.75,3,1,Germany,Male,1,1,0,0,0,0,0,0.017925088539136658,0,0,3
15607314,53,536,143923.96,2019.78,2,1,Spain,Male,0,1,1,0,0,0,0,0.01800373962452073,0,0,3
15740527,62,766,142724.48,5893.23,7,1,Germany,Female,1,0,1,0,0,0,1,0.01805188826977333,1,0,3
15772781,51,703,0.0,77294.56,3,3,France,Female,1,1,1,0,0,0,0,0.01807949636134354,0,0,3
15584363,30,824,133634.02,162053.92,0,1,France,Male,1,1,0,0,0,0,0,0.01808973787492829,0,0,1
15760880,29,513,0.0,25514.77,10,2,France,Male,1,0,0,0,0,0,0,0.018118863569573707,0,0,1
15627360,42,432,152603.45,110265.24,9,1,France,Male,0,1,1,0,0,0,0,0.018143755218941626,0,0,2
15672152,37,850,122506.38,199693.84,9,1,Germany,Male,1,0,1,0,0,0,0,0.01815771489480289,0,0,2
15624423,28,850,99986.98,196582.55,8,1,France,Male,0,1,0,0,0,0,0,0.018159409743055188,0,0,1
15768367,27,781,186558.55,175071.29,7,1,France,Female,1,1,1,0,0,0,0,0.01821376024346366,0,0,1
15688612,33,850,140956.99,3510.18,7,1,France,Male,0,0,0,0,0,0,0,0.01824066420308501,0,0,2
15731543,58,679,109327.65,3829.13,9,1,Spain,Male,1,1,0,0,0,0,0,0.018273240092115728,0,0,3
15702968,74,733,106545.53,134589.58,3,1,Germany,Male,1,1,0,0,1,0,0,0.018286159303684713,0,0,3
15812230,42,670,49508.79,100324.01,5,3,Germany,Female,1,1,0,0,0,0,0,0.018287834514230772,0,0,2
15681402,61,763,66101.89,143981.27,1,1,Germany,Female,1,1,0,0,0,0,0,0.018301964441021057,0,0,3
15710450,22,848,120811.89,185510.34,7,1,Spain,Male,1,1,0,0,0,0,0,0.01830291423396202,0,0,1
15678284,35,651,74623.5,129451.29,7,3,France,Male,0,1,1,0,0,0,0,0.01836720138503456,0,0,2
15769051,25,503,0.0,192841.13,7,1,Spain,Male,1,0,0,0,0,0,0,0.018402885730439467,0,0,1
15585282,62,755,127706.33,142377.69,1,2,France,Male,1,0,0,0,0,0,0,0.0184207215696367,0,0,3
15701687,44,664,77526.66,57338.56,7,3,Spain,Male,0,0,1,0,0,0,0,0.018453697453861828,0,0,2
15692664,58,677,90022.85,2988.28,1,1,France,Female,1,0,0,0,0,0,0,0.018507008936065605,0,0,3
15715512,29,850,154640.41,164039.51,1,1,Germany,Male,1,1,0,0,0,0,0,0.018548848940260432,0,0,1
15720820,24,462,69881.09,64421.02,9,2,Germany,Female,1,0,0,0,0,0,0,0.018553753807515005,0,0,1
15573893,25,569,173459.45,44381.06,9,2,Germany,Male,1,1,0,0,0,0,0,0.018580324081417632,0,0,1
15756305,66,515,0.0,160663.11,6,2,France,Female,1,1,0,0,0,0,0,0.01861607563192813,0,0,3
15726494,44,481,175303.06,65500.53,9,1,France,Male,0,1,1,0,0,0,0,0.018704072324528087,0,0,2
15807728,45,530,0.0,190663.89,1,1,France,Female,1,0,1,0,0,0,0,0.01870647362524802,0,0,0
15790810,41,844,76319.64,141175.18,10,1,France,Female,1,1,1,0,0,0,0,0.018806496671976425,0,0,2
15727197,52,576,170228.59,148477.57,9,2,France,Female,0,0,1,0,0,0,0,0.01880770130093401,0,0,3
15571302,72,529,94216.05,78695.68,5,1,Germany,Male,1,1,0,0,1,0,0,0.018825881466939864,0,0,3
15581620,28,597,0.0,78707.97,2,3,France,Male,1,1,0,0,0,0,0,0.018925039946691813,0,0,1
15658532,63,520,162278.32,34765.33,5,1,Spain,Female,1,1,0,0,0,0,0,0.018931236533486606,0,0,3
15690589,37,541,212314.03,148814.54,9,1,France,Male,1,0,0,0,0,0,0,0.019116824113637243,0,0,2
15673747,22,519,0.0,167553.06,8,1,France,Female,1,0,0,0,0,0,0,0.01915144332755281,0,0,1
15642870,58,677,0.0,168650.4,9,1,France,Male,1,0,0,0,0,0,0,0.01919737167284208,0,0,3
15614034,61,607,164523.5,35786.76,2,2,Germany,Male,1,1,0,0,0,0,0,0.01923310582488913,0,0,3
15693382,31,828,0.0,164257.37,9,1,France,Male,1,0,0,0,0,0,0,0.019233490167114065,0,0,2
15805162,25,550,0.0,184221.11,0,2,France,Male,1,1,0,0,0,0,0,0.019252009102797674,0,0,1
15752857,52,452,98443.14,92033.98,1,2,Germany,Male,0,0,0,0,0,0,0,0.019252167472404325,0,0,3
15700693,68,693,0.0,59864.96,2,2,France,Male,1,1,0,0,0,0,0,0.019253221713011692,0,0,3
15687270,61,491,0.0,139861.53,8,2,Spain,Female,1,0,0,0,0,0,1,0.01927130940339783,1,0,3
15627352,46,459,110356.42,4969.13,7,1,Germany,Male,0,1,1,0,0,0,0,0.019406603606321737,0,0,2
15714241,42,749,222267.63,101108.85,9,1,Spain,Male,0,0,1,0,0,0,0,0.019455409657833656,0,0,2
15603088,23,451,0.0,48021.71,9,2,Spain,Female,1,0,0,0,0,0,0,0.019556218255027513,0,0,1
15584580,35,443,161111.45,13946.66,6,1,France,Male,0,0,0,0,0,0,0,0.019568246426923785,0,0,2
15763381,30,496,90963.49,27802.0,0,1,France,Male,1,0,0,0,0,0,0,0.019576581395999937,0,0,1
15718281,67,706,123276.69,86507.88,1,2,Germany,Male,1,1,1,0,0,0,0,0.019576828925819245,0,0,3
15591010,55,434,109339.17,96405.88,8,2,Germany,Male,0,1,1,0,0,0,0,0.019666734935618768,0,0,3
15776433,62,730,0.0,186489.95,2,2,Spain,Male,1,1,0,0,0,0,0,0.0196791494816847,0,0,3
15750299,24,746,68781.82,47997.39,10,1,Spain,Male,1,0,0,0,0,0,0,0.019726565518271344,0,0,1
15764922,20,596,187294.46,103456.47,3,1,Spain,Male,0,1,0,0,0,0,0,0.019735536039580892,0,0,1
15671014,72,573,98765.84,96015.53,8,1,Spain,Female,1,1,0,0,1,0,0,0.01976206945398462,0,0,3
15766458,33,498,198113.86,69664.35,1,1,France,Male,0,1,0,0,0,0,0,0.019773573565837754,0,0,0
15801395,33,790,135120.72,195204.99,10,1,France,Female,0,0,0,0,0,0,0,0.019845299727568877,0,0,2
15699461,35,515,176273.95,121277.78,10,1,Spain,Male,1,0,0,0,0,0,0,0.019870313996783517,0,0,2
15605804,45,737,0.0,1364.54,10,2,France,Male,0,1,0,0,0,0,0,0.01987668689179367,0,0,2
15813741,25,549,193858.2,21600.11,6,1,Spain,Male,1,0,0,0,0,0,0,0.019917172799484906,0,0,1
15756920,63,576,70655.48,78955.8,9,1,France,Male,0,0,1,0,0,0,0,0.01993535273453173,0,0,3
15669611,71,632,83116.68,27597.76,3,1,France,Male,1,1,0,0,1,0,0,0.019943701631819022,0,0,3
15783338,32,449,155619.36,166692.03,0,1,Spain,Male,1,1,0,0,0,0,0,0.019998336441584774,0,0,0
15658693,60,827,0.0,60615.83,2,2,France,Female,1,0,0,0,0,0,0,0.020000781610483687,0,0,3
15666633,56,758,0.0,10643.38,1,2,Spain,Male,1,1,0,0,0,0,0,0.02002481557779401,0,0,3
15649379,46,850,0.0,187980.21,3,2,France,Female,1,1,0,0,0,0,0,0.020087507290160733,0,0,0
15651460,34,424,0.0,16250.61,7,1,Spain,Male,1,1,0,0,0,0,0,0.020090734541615585,0,0,2
15573851,38,735,0.0,92220.12,1,3,France,Female,0,0,1,0,0,0,0,0.020112477177765542,0,0,0
15727291,40,821,0.0,194273.12,1,2,France,Female,0,1,0,0,0,0,0,0.020219178940217963,0,0,0
15660101,31,803,157120.86,141300.53,9,2,France,Male,0,1,0,0,0,0,0,0.020275018307819193,0,0,2
15744240,46,688,74458.25,6866.31,0,1,Germany,Female,1,0,0,0,0,0,0,0.020276207675446023,0,0,0
15647091,19,725,75888.2,45613.75,0,1,Germany,Male,0,0,0,0,0,0,0,0.020317126965463506,0,0,1
15669060,74,662,0.0,123583.85,6,2,France,Male,0,1,0,0,1,0,0,0.020330346580166414,0,0,3
15644200,42,807,0.0,16500.66,1,1,Spain,Female,0,1,1,0,0,0,0,0.02033616361241486,0,0,0
15792726,25,470,127974.06,183259.35,8,2,France,Female,1,1,0,0,0,0,0,0.020380690106516552,0,0,1
15808930,37,531,0.0,4606.97,1,1,France,Female,0,1,0,0,0,0,0,0.020380876991807906,0,0,0
15761717,26,720,51962.91,45507.24,10,2,France,Male,0,1,0,0,0,0,0,0.02038969216319364,0,0,1
15745326,62,538,75051.49,17682.02,3,1,France,Female,0,0,1,0,0,0,0,0.020434951844438665,0,0,3
15664150,29,528,170214.23,49284.0,9,2,Germany,Female,0,1,0,0,0,0,0,0.020439045138765155,0,0,1
15771580,38,850,106831.69,148977.72,0,1,France,Female,1,0,0,0,0,0,0,0.0204440700341062,0,0,0
15806511,45,445,0.0,90977.48,10,2,Spain,Male,1,0,0,0,0,0,0,0.02048151791411168,0,0,2
15699524,30,466,0.0,193984.6,3,1,France,Female,0,1,0,0,0,0,0,0.020506138689482478,0,0,1
15689526,35,542,127543.11,468.94,9,2,Germany,Female,0,1,1,0,0,0,0,0.020522752684993706,0,0,2
15651900,53,782,81571.05,182960.46,1,1,Germany,Female,0,1,1,0,0,0,0,0.020568970941872378,0,0,3
15710424,36,435,0.0,197015.2,4,1,France,Male,1,1,0,0,0,0,0,0.020572089242899994,0,0,0
15811343,35,644,161591.11,63795.62,5,3,Germany,Male,1,1,0,0,0,0,0,0.020667816266954353,0,0,0
15604818,34,798,154495.79,191395.88,9,1,France,Male,0,1,0,0,0,0,0,0.020692813360061124,0,0,2
15719940,51,628,115280.49,12628.61,10,2,Germany,Female,0,0,1,0,0,0,0,0.020695282860835773,0,0,3
15693205,41,691,109153.96,148848.76,8,3,Germany,Female,1,1,1,0,0,0,0,0.020704998462750646,0,0,2
15749489,22,533,115743.6,43852.05,10,1,Germany,Female,0,0,0,0,0,0,0,0.020736144314161487,0,0,1
15716236,35,499,0.0,10722.54,10,2,France,Male,0,1,0,0,0,0,0,0.020751863488326028,0,0,2
15761775,20,598,180293.84,29552.7,8,2,Germany,Male,1,1,0,0,0,0,0,0.02078650366791679,0,0,1
15709256,28,850,0.0,164864.67,9,2,France,Female,1,1,0,0,0,0,0,0.020786639149913633,0,0,1
15568595,64,544,113829.45,124341.49,9,1,France,Male,1,1,0,0,0,0,0,0.02081909740177368,0,0,3
15814465,24,612,182705.05,171837.06,1,1,France,Male,1,1,0,0,0,0,0,0.020821257491791978,0,0,1
15769312,48,557,0.0,185094.48,10,2,Spain,Male,1,1,0,0,0,0,0,0.020825365262627904,0,0,2
15612207,51,840,87779.83,36687.11,1,1,Germany,Female,1,0,1,0,0,0,0,0.02091168626552975,0,0,3
15678385,25,465,78247.31,10472.31,2,2,France,Male,1,1,0,0,0,0,0,0.020944089781505526,0,0,1
15583073,56,771,0.0,25222.6,2,1,Spain,Female,1,1,1,0,0,0,0,0.020979471767533342,0,0,3
15703544,34,559,0.0,182988.94,0,1,Spain,Male,0,1,0,0,0,0,0,0.020986000381081338,0,0,0
15757310,67,655,148363.38,186995.17,6,1,Germany,Male,1,1,0,0,0,0,0,0.021036334546793767,0,0,3
15648702,70,775,119684.88,74532.02,6,2,Germany,Male,1,1,0,0,0,0,0,0.021050808130183785,0,0,3
15800793,39,477,182491.57,185830.72,4,1,Germany,Female,0,1,0,0,0,0,0,0.021070340006793753,0,0,0
15663808,59,666,152614.51,188782.3,8,2,Germany,Female,1,1,0,0,0,0,0,0.021072167453978552,0,0,3
15571843,24,486,0.0,98802.76,1,1,Spain,Male,0,1,0,0,0,0,0,0.021099416680065763,0,0,1
15610147,60,632,0.0,2085.32,2,2,France,Male,1,0,0,0,0,0,0,0.021111209332439373,0,0,3
15643439,47,537,0.0,25482.62,10,2,France,Male,1,0,0,0,0,0,0,0.021158468138520625,0,0,2
15688071,53,609,0.0,154642.91,10,1,Spain,Male,1,1,0,0,0,0,0,0.021169424581784058,0,0,3
15764448,35,837,144037.6,145325.32,0,1,Germany,Male,0,1,0,0,0,0,0,0.021229251229440305,0,0,0
15683977,72,687,0.0,50267.69,4,2,Spain,Female,1,1,0,0,1,0,0,0.02126774683652688,0,0,3
15634295,35,470,96473.59,5962.3,1,1,France,Male,0,0,0,0,0,0,0,0.0213110823092153,0,0,0
15602994,53,487,89550.85,90076.85,10,1,France,Female,1,0,0,0,0,0,0,0.02134354914887171,0,0,3
15793688,50,669,201009.64,158032.5,9,1,France,Male,0,1,1,0,0,0,0,0.021375594758295202,0,0,2
15776348,20,835,124365.42,180197.74,4,1,Germany,Male,0,0,1,0,0,0,0,0.021392449027337834,0,0,1
15757952,44,651,0.0,102530.35,2,3,France,Male,0,1,1,0,0,0,0,0.021447678712883333,0,0,0
15684908,64,540,91869.69,95421.0,1,1,Germany,Male,1,0,0,0,0,0,0,0.02158013658550717,0,0,3
15813113,56,795,0.0,35418.69,5,1,Spain,Female,0,1,1,0,0,0,0,0.021584878385753847,0,0,3
15793693,60,694,0.0,57088.97,9,1,France,Male,1,1,0,0,0,0,0,0.021634733548908325,0,0,3
15762134,59,506,119152.1,170679.74,8,2,Germany,Male,1,1,0,0,0,0,0,0.021658959261177224,0,0,3
15594404,49,834,160602.25,129273.94,8,2,France,Female,0,1,0,0,0,0,0,0.02166685543221325,0,0,2
15732448,28,821,0.0,36754.13,8,1,France,Female,1,1,0,0,0,0,0,0.02167071062546988,0,0,1
15585466,29,552,0.0,12186.83,10,2,France,Male,0,1,0,0,0,0,0,0.021685581065764348,0,0,1
15572631,25,609,0.0,109895.16,10,1,France,Male,1,0,0,0,0,0,0,0.021689330439900845,0,0,1
15627365,46,732,0.0,184350.78,0,2,France,Male,1,1,0,0,0,0,0,0.0217119502914358,0,0,0
15655192,24,850,0.0,69052.87,1,2,Spain,Female,1,0,0,0,0,0,0,0.021713718104677038,0,0,1
15595537,49,626,171787.84,187192.23,9,2,Germany,Male,0,1,0,0,0,0,0,0.021716459625051976,0,0,2
15767793,38,819,0.0,30498.7,10,2,France,Female,0,1,0,0,0,0,0,0.02171758728770745,0,0,2
15700212,46,475,0.0,122953.0,10,2,France,Female,0,0,1,0,0,0,0,0.02172940896311837,0,0,2
15779738,24,534,0.0,169653.32,1,1,France,Male,1,1,0,0,0,0,0,0.021741565911919003,0,0,1
15623107,45,686,74274.87,64907.48,3,3,Spain,Male,0,1,1,0,0,0,0,0.02174957487237794,0,0,0
15765520,27,769,188614.07,171344.09,7,1,Germany,Male,0,1,0,0,0,0,0,0.021761296556350396,0,0,1
15566312,42,660,0.0,189016.24,5,3,Spain,Female,1,1,1,0,0,0,0,0.021769344546928027,0,0,2
15751158,42,571,108825.34,55558.51,4,3,France,Female,0,1,1,0,0,0,0,0.021816191328879242,0,0,0
15585362,60,749,0.0,17978.68,6,1,France,Female,0,1,1,0,0,0,0,0.021859468079540312,0,0,3
15589475,39,591,0.0,140469.38,3,3,Spain,Female,0,1,1,0,0,0,0,0.02189384740913003,0,0,0
15747677,69,656,163975.09,36108.5,6,1,Spain,Male,1,1,0,0,0,0,0,0.02190875564826089,0,0,3
15812720,37,807,130110.45,172097.95,10,2,Germany,Male,1,0,0,0,0,0,0,0.02197592544415161,0,0,2
15685997,39,838,166733.92,14279.44,5,2,Spain,Female,0,1,0,0,0,0,0,0.021986060990159872,0,0,2
15808674,45,616,128352.59,144000.59,6,3,Germany,Female,1,1,1,0,0,0,0,0.021993049830314693,0,0,2
15815259,56,835,0.0,39820.13,2,2,France,Female,1,1,0,0,0,0,0,0.02201377709348651,0,0,3
15626985,39,850,104386.53,105886.77,0,1,France,Female,0,1,0,0,0,0,0,0.0220388606940366,0,0,0
15683213,35,554,74988.59,190155.13,10,2,France,Female,1,0,0,0,0,0,0,0.022053574409713894,0,0,2
15770309,18,656,151762.74,127014.32,10,1,France,Male,1,0,0,0,0,0,0,0.02210052546352781,0,0,1
15610165,26,761,0.0,199409.19,1,2,France,Female,1,1,0,0,0,0,0,0.02211525862471042,0,0,1
15572762,50,410,102278.79,89822.48,2,2,Germany,Female,0,1,0,0,0,0,0,0.02213084199694726,0,0,0
15591698,49,849,132934.89,171056.65,9,1,Germany,Female,0,1,1,0,0,0,0,0.022163465514966396,0,0,2
15797627,54,732,134249.7,13404.4,0,1,Spain,Male,1,0,0,0,0,0,0,0.0221660108688726,0,0,3
15715541,42,850,113311.11,198193.75,9,1,France,Female,1,1,0,0,0,0,0,0.02216624509344467,0,0,2
15616152,47,754,185513.67,27438.83,1,1,France,Female,0,1,0,0,0,0,0,0.022170531589586595,0,0,0
15658716,37,667,92171.35,178106.34,5,3,Germany,Female,0,1,1,0,0,0,0,0.02221881385811697,0,0,2
15698167,24,677,148298.59,182913.95,0,2,France,Female,0,0,0,0,0,0,0,0.022282628852558495,0,0,1
15775756,33,809,148055.74,199203.21,8,1,Germany,Male,0,0,0,0,0,0,0,0.022305251458112574,0,0,2
15665062,19,696,110928.51,2766.63,1,1,France,Male,1,1,0,0,0,0,0,0.022380515911865073,0,0,1
15790282,58,817,114327.59,42831.11,3,2,Germany,Male,1,1,0,0,0,0,0,0.02240298061056656,0,0,3
15787026,27,627,185267.45,77027.34,0,2,Germany,Male,1,1,0,0,0,0,0,0.02241457733446406,0,0,1
15684198,38,551,0.0,216.27,10,2,France,Female,1,1,0,0,0,0,0,0.02244160594734057,0,0,2
15586699,32,825,0.0,9751.03,9,2,France,Male,0,0,0,0,0,0,0,0.022461643087881344,0,0,2
15736154,44,823,0.0,182495.7,1,2,France,Female,1,0,0,0,0,0,0,0.022467526695578388,0,0,0
15684395,45,446,125191.69,128260.86,10,1,Spain,Female,1,1,1,0,0,0,0,0.02253708694796963,0,0,2
15688691,51,665,110610.41,1112.76,9,2,Germany,Female,1,0,1,0,0,0,0,0.022552979031437714,0,0,3
15786463,59,645,121669.93,91.75,8,2,Germany,Female,0,0,1,0,0,0,0,0.022564701612188598,0,0,3
15734711,42,373,0.0,77786.37,7,1,France,Male,0,1,1,0,0,0,0,0.022588881233012614,0,0,2
15751561,61,498,102453.26,187247.56,7,1,Germany,Male,0,1,1,0,0,0,0,0.022614418565829686,0,0,3
15649183,35,598,0.0,88658.73,8,3,Spain,Female,1,0,0,0,0,0,0,0.022617456547138093,0,0,2
15787550,69,719,0.0,58320.06,3,2,France,Male,1,1,0,0,0,0,0,0.02263320729370355,0,0,3
15746970,57,760,0.0,25101.17,1,2,Spain,Female,1,1,0,0,0,0,0,0.022646986251274592,0,0,3
15593555,38,430,0.0,12050.77,9,2,France,Male,1,1,0,0,0,0,0,0.02265040006844654,0,0,2
15796505,34,811,149297.19,186339.74,1,2,Germany,Female,1,1,0,0,0,0,0,0.022671546073169013,0,0,0
15796230,36,642,124495.98,57904.22,2,3,Germany,Female,1,1,1,0,0,0,0,0.022693747234432737,0,0,0
15566689,66,554,0.0,116747.62,8,2,Spain,Male,1,1,0,0,0,0,0,0.022723462490336854,0,0,3
15708534,64,524,0.0,136079.64,5,1,Spain,Female,0,1,1,0,0,0,0,0.022817938465164445,0,0,3
15806027,52,556,0.0,175149.2,9,1,France,Female,0,1,1,0,0,0,0,0.022883927000704518,0,0,3
15669664,54,574,99774.5,4896.11,1,1,Germany,Male,0,0,1,0,0,0,0,0.022925058666727227,0,0,3
15574004,27,429,117307.44,24020.49,6,2,France,Female,1,1,0,0,0,0,0,0.022976984451336224,0,0,1
15662098,41,650,128808.65,113677.53,3,3,Spain,Male,0,0,1,0,0,0,0,0.023016027978479348,0,0,0
15747503,44,705,184552.12,68860.3,0,1,Spain,Male,0,1,1,0,0,0,0,0.023049447551023672,0,0,0
15702541,59,551,166968.28,159483.76,2,1,France,Female,0,1,1,0,0,0,0,0.023050266019785437,0,0,3
15770474,33,685,0.0,70221.13,1,3,France,Female,1,0,1,0,0,0,0,0.023054536407997595,0,0,0
15763460,33,680,183768.47,164119.35,10,1,France,Male,0,1,0,0,0,0,0,0.023068438125499635,0,0,2
15588839,30,606,180307.73,1914.41,8,2,Spain,Male,1,1,0,0,0,0,0,0.023072424404677383,0,0,1
15808784,28,835,163569.61,154559.28,2,2,France,Male,1,1,0,0,0,0,0,0.023108207741869946,0,0,1
15641835,72,683,140997.26,52876.41,3,1,France,Male,1,0,0,0,1,0,0,0.023124909614845035,0,0,3
15772341,81,682,122029.15,50783.88,6,1,Germany,Male,1,1,0,0,1,0,0,0.023193063840212247,0,0,3
15664907,47,527,0.0,21312.16,1,1,France,Male,0,1,1,0,0,0,0,0.02320341677370996,0,0,0
15582849,51,757,0.0,22835.13,1,1,France,Female,1,1,1,0,0,0,0,0.02320419858631073,0,0,3
15690175,45,585,0.0,189683.7,0,2,Spain,Male,0,0,0,0,0,0,0,0.023211936948709266,0,0,0
15706557,52,626,0.0,32159.46,0,2,France,Female,0,1,1,0,0,0,0,0.02329911205209556,0,0,3
15640409,46,817,89087.89,87941.85,0,1,Germany,Female,1,0,1,0,0,0,0,0.023318411808590955,0,0,0
15722246,60,742,0.0,13161.66,4,1,France,Female,1,1,1,0,0,0,0,0.02332683798233215,0,0,3
15797900,56,517,142147.32,39488.04,9,1,France,Male,0,0,1,0,0,0,0,0.023376693841317575,0,0,3
15617136,38,451,61482.47,167538.66,9,1,Germany,Female,1,1,0,0,0,0,0,0.023406983420632965,0,0,2
15666856,49,774,142767.39,8214.41,1,1,France,Male,1,1,0,0,0,0,0,0.023438021114343566,0,0,0
15791172,21,672,35741.69,28789.94,1,1,Germany,Female,0,1,0,0,0,0,0,0.023440419113198052,0,0,1
15707011,47,495,137682.68,71071.47,10,1,France,Male,0,1,0,0,0,0,0,0.023453476072550883,0,0,2
15616088,70,782,97072.42,131177.22,7,1,France,Female,1,0,0,0,0,0,0,0.023462342702207706,0,0,3
15747854,35,749,0.0,132649.85,3,3,France,Female,1,1,0,0,0,0,0,0.02350547260803071,0,0,0
15588955,43,581,93259.57,141035.65,5,3,Germany,Female,0,1,1,0,0,0,0,0.023538594570239657,0,0,0
15593128,56,608,129255.2,142492.04,10,2,France,Female,0,1,1,0,0,0,0,0.0235940851767642,0,0,3
15630241,61,594,62391.22,192434.11,3,1,France,Male,1,1,0,0,0,0,0,0.023625233762073705,0,0,3
15699446,25,816,150355.35,35770.84,2,2,Germany,Female,1,1,0,0,0,0,0,0.023645968811358054,0,0,1
15619955,34,733,100337.96,48559.19,3,3,Germany,Male,0,1,1,0,0,0,0,0.023693783894525478,0,0,0
15658504,62,584,137727.34,121102.9,9,2,Germany,Female,1,0,0,0,0,0,1,0.023697464060368212,1,0,3
15727384,43,705,146547.78,10072.55,10,1,Germany,Female,1,0,1,0,0,0,0,0.02371876484212898,0,0,2
15798615,47,850,137301.87,44351.77,9,1,France,Female,0,1,0,0,0,0,0,0.02373185730999583,0,0,2
15735078,53,724,139687.66,12913.92,1,2,Germany,Female,1,1,0,0,0,0,0,0.023736324626072558,0,0,3
15689096,47,590,117879.32,8214.46,0,1,France,Male,1,1,0,0,0,0,0,0.023747052239439292,0,0,0
15729087,54,751,156367.6,116179.92,9,2,Germany,Male,1,0,0,0,0,0,0,0.023786155774538575,0,0,3
15749265,42,427,75681.52,57098.0,1,1,Germany,Male,1,1,0,0,0,0,0,0.023792475166362403,0,0,0
15656286,33,794,0.0,178122.71,0,2,France,Male,0,0,0,0,0,0,0,0.023808390825727832,0,0,0
15724150,48,814,136596.85,185791.9,9,1,France,Male,1,1,0,0,0,0,0,0.023868908621793028,0,0,2
15763665,28,833,136674.51,5278.78,4,2,France,Female,0,0,0,0,0,0,0,0.023879225752550526,0,0,1
15784323,21,449,0.0,175743.92,7,2,France,Female,0,0,0,0,0,0,0,0.023900038438807614,0,0,1
15625426,55,754,161608.81,8080.85,3,1,Germany,Female,0,1,1,0,0,0,0,0.02393528112627885,0,0,3
15683503,43,601,0.0,110916.15,8,3,France,Female,1,0,1,0,0,0,0,0.023958317418951602,0,0,2
15620276,36,539,0.0,118959.64,6,3,Spain,Male,1,1,0,0,0,0,0,0.02398809220474185,0,0,2
15598536,26,736,84587.9,188037.76,0,1,Germany,Female,1,0,0,0,0,0,0,0.024014795589951232,0,0,1
15681758,25,525,0.0,69361.95,10,2,Spain,Female,0,1,0,0,0,0,0,0.02402043914654428,0,0,1
15734610,42,543,89838.71,85983.54,4,3,France,Male,0,1,1,0,0,0,0,0.024051106163571978,0,0,0
15723053,32,504,170291.22,15658.99,8,2,Germany,Male,1,0,0,0,0,0,0,0.024056900890150446,0,0,2
15688865,35,850,0.0,25329.48,9,2,France,Female,0,0,0,0,0,0,0,0.024120246318629968,0,0,2
15588219,38,850,106871.81,29333.01,1,2,France,Female,0,1,0,0,0,0,0,0.024123565430240412,0,0,0
15615254,40,555,43028.77,170514.21,10,1,France,Male,0,1,0,0,0,0,0,0.024160357622090012,0,0,2
15641490,25,850,69385.17,87834.24,8,2,Germany,Female,0,1,0,0,0,0,0,0.02420099872819048,0,0,1
15772337,49,723,153855.52,180862.26,0,1,Germany,Female,1,1,1,0,0,0,0,0.024231079483613693,0,0,0
15753332,48,401,128140.17,175753.55,8,1,Germany,Male,0,1,1,0,0,0,0,0.02423668267450907,0,0,2
15621075,45,778,162150.42,174531.27,1,2,Germany,Female,0,1,0,0,0,0,0,0.0242448999578615,0,0,0
15649124,30,850,121535.18,40313.47,9,1,France,Male,0,0,0,0,0,0,0,0.024271710645308198,0,0,1
15687688,32,564,139875.2,15378.23,10,2,Germany,Female,0,1,0,0,0,0,0,0.02432248703584272,0,0,2
15690372,38,553,181110.13,184544.59,1,2,Spain,Male,0,1,0,0,0,0,0,0.024411374951014086,0,0,0
15609458,30,797,69413.44,74637.57,10,1,France,Male,1,1,0,0,0,0,0,0.02442303270840518,0,0,1
15632264,34,476,0.0,26260.98,10,2,France,Female,0,1,0,0,0,0,0,0.02450052921165513,0,0,2
15794273,56,604,62732.65,124954.56,0,1,France,Female,1,0,0,0,0,0,0,0.024508275313637085,0,0,3
15687162,51,461,119889.84,56767.67,9,1,France,Male,0,0,1,0,0,0,0,0.024524657344897616,0,0,3
15709441,59,745,0.0,36124.98,8,1,Spain,Female,1,1,0,0,0,0,0,0.02453361375710994,0,0,3
15596074,37,502,0.0,76642.68,10,1,France,Male,1,1,0,0,0,0,0,0.024545396377143147,0,0,2
15592531,50,822,0.0,10062.8,7,2,France,Male,1,1,0,0,0,0,0,0.024598314309794755,0,0,2
15813168,39,756,100717.85,73406.04,3,3,Germany,Female,1,1,1,0,0,0,0,0.02460387350773896,0,0,0
15619857,64,605,129555.7,13601.79,2,1,France,Female,1,1,0,0,0,0,0,0.024635388655002477,0,0,3
15698953,36,636,0.0,74048.1,1,3,Spain,Male,1,1,1,0,0,0,0,0.024674129334714467,0,0,0
15620756,49,747,202904.64,17298.72,6,1,France,Male,1,1,1,0,0,0,0,0.024710218460874178,0,0,2
15635502,44,443,0.0,159165.7,2,1,France,Male,0,1,0,0,0,0,0,0.02471410233022786,0,0,0
15755196,49,834,131394.56,194365.76,2,1,France,Female,0,0,1,0,0,0,0,0.0247233726042686,0,0,0
15790596,39,850,141829.67,92748.16,0,1,Spain,Male,1,1,0,0,0,0,0,0.02472837706095643,0,0,0
15633729,43,488,112751.13,28332.0,10,1,France,Male,1,1,0,0,0,0,0,0.024747602282678804,0,0,2
15756299,64,741,69311.16,59237.72,2,1,France,Female,1,1,0,0,0,0,0,0.024776427131447232,0,0,3
15568506,31,524,67238.98,161811.23,10,2,Germany,Female,1,1,0,0,0,0,0,0.024783900943747605,0,0,2
15605264,47,669,63723.78,181928.25,0,2,Germany,Male,1,1,0,0,0,0,0,0.02479814043641637,0,0,0
15649450,24,805,143221.35,186035.72,6,2,Germany,Male,0,1,0,0,0,0,0,0.024830179844414935,0,0,1
15609928,43,850,129305.09,19244.58,5,2,Germany,Male,1,0,0,0,0,0,0,0.024835417816678973,0,0,2
15661526,37,815,110777.26,2383.59,2,2,Germany,Male,0,1,0,0,0,0,0,0.024885854363326465,0,0,0
15565879,28,845,0.0,56185.98,9,2,France,Female,1,1,0,0,0,0,0,0.024890746312745238,0,0,1
15633870,36,850,0.0,100750.03,10,2,France,Female,1,1,0,0,0,0,0,0.024921804376821455,0,0,2
15684925,43,850,0.0,2465.8,3,2,France,Female,0,0,0,0,0,0,0,0.02493757486370396,0,0,0
15786215,56,793,119496.25,29880.99,8,2,France,Male,0,1,0,0,0,0,0,0.02497114941410672,0,0,3
15794236,22,642,111812.52,183045.46,10,2,Germany,Male,1,1,0,0,0,0,0,0.02497297945175525,0,0,1
15707974,38,815,48387.0,184796.84,2,1,Spain,Female,0,1,0,0,0,0,0,0.024999050437056414,0,0,0
15646196,36,850,155180.56,169415.54,2,2,Spain,Female,0,0,0,0,0,0,0,0.025009165769244723,0,0,0
15752193,34,421,90723.36,12162.76,6,1,Spain,Male,1,1,0,0,0,0,0,0.02506019754320654,0,0,2
15647572,34,504,54980.81,136909.88,0,1,Spain,Male,1,1,0,0,0,0,0,0.025096774928836774,0,0,0
15611612,29,570,0.0,37092.43,0,1,France,Female,0,1,0,0,0,0,0,0.025106120323324155,0,0,1
15638882,62,710,148214.36,48571.14,9,1,Germany,Female,0,1,1,0,0,0,0,0.02511120123827082,0,0,3
15766575,62,612,140745.33,193437.89,8,1,Germany,Female,0,1,1,0,0,0,0,0.025132082324232807,0,0,3
15574554,66,537,103291.25,130664.79,8,2,Germany,Male,1,1,0,0,0,0,0,0.025146860908032975,0,0,3
15726289,25,645,174400.36,42669.37,0,1,France,Male,0,1,0,0,0,0,0,0.025179475158266906,0,0,1
15744606,29,832,93833.86,10417.87,8,1,Spain,Male,1,0,0,0,0,0,0,0.0252705318084957,0,0,1
15746726,31,438,78398.69,44937.01,8,1,Germany,Male,0,1,0,0,0,0,0,0.025277618536123314,0,0,2
15810786,67,620,0.0,43486.73,3,2,France,Female,1,1,0,0,0,0,0,0.025313530523781935,0,0,3
15686611,30,495,129755.99,172749.65,10,1,France,Male,0,0,0,0,0,0,0,0.02537305497495823,0,0,1
15613337,47,833,0.0,182247.77,2,2,France,Male,1,1,0,0,0,0,0,0.025430426315883325,0,0,0
15624072,22,669,0.0,176163.74,10,2,Spain,Male,0,1,0,0,0,0,0,0.02559495157926539,0,0,1
15715907,64,699,113109.52,27980.8,9,1,France,Male,0,1,1,0,0,0,0,0.025601611328254115,0,0,3
15708196,60,696,88786.81,196858.4,8,1,Spain,Male,1,1,0,0,0,0,0,0.02560197276274101,0,0,3
15691119,68,721,136525.99,175399.14,4,1,Germany,Male,0,0,0,0,0,0,0,0.02563099947929326,0,0,3
15634591,33,850,73059.38,186281.0,8,1,France,Male,1,1,0,0,0,0,0,0.025637754400921975,0,0,2
15765694,59,584,0.0,130260.11,1,1,Spain,Female,1,0,1,0,0,0,0,0.02567756110375563,0,0,3
15809515,32,797,151922.94,8877.06,1,1,Germany,Male,0,1,0,0,0,0,0,0.025703929677901693,0,0,0
15625047,38,846,0.0,187616.16,5,1,France,Female,1,1,0,0,0,0,0,0.025752684737697096,0,0,2
15791373,35,850,80931.75,12639.67,2,1,Germany,Female,0,0,1,0,0,0,0,0.025787181808132886,0,0,0
15604345,22,730,65763.57,145792.01,9,1,France,Female,1,1,0,0,0,0,0,0.025796079883050882,0,0,1
15708513,39,446,90217.07,191350.48,1,1,France,Female,0,1,0,0,0,0,0,0.025804450958103686,0,0,0
15575417,37,849,143452.74,17294.12,7,2,Germany,Male,1,1,0,0,0,0,0,0.025819449432107344,0,0,2
15622478,40,698,105061.74,107815.31,7,3,France,Female,0,1,1,0,0,0,0,0.025828052895370268,0,0,2
15773283,65,641,38340.02,32607.77,6,1,France,Male,0,1,1,0,0,0,0,0.025836500095576143,0,0,3
15595037,47,772,152347.01,17671.78,9,1,France,Male,1,0,0,0,0,0,0,0.025861970982436255,0,0,2
15803378,44,850,0.0,183617.32,8,2,Spain,Male,1,1,0,0,0,0,0,0.025874588348976935,0,0,2
15760521,50,796,94164.0,189414.74,1,1,France,Female,1,1,0,0,0,0,0,0.025904503493614728,0,0,0
15744529,63,510,0.0,115291.86,8,2,France,Male,1,1,0,0,0,0,0,0.0259254171552592,0,0,3
15776780,59,608,0.0,70649.64,1,1,France,Male,0,1,1,0,0,0,0,0.025935034533565493,0,0,3
15722364,43,664,189026.53,56099.86,9,2,France,Male,1,1,0,0,0,0,0,0.02603650979926342,0,0,2
15606601,22,561,186788.96,73286.8,6,2,France,Female,0,1,0,0,0,0,0,0.02604782397477845,0,0,1
15587611,59,537,0.0,103799.77,9,2,France,Male,0,0,1,0,0,0,0,0.026079585232455238,0,0,3
15599956,27,747,0.0,13007.89,10,2,France,Male,0,0,0,0,0,0,0,0.026102733347420304,0,0,1
15653521,40,850,104449.8,747.88,7,1,Germany,Female,1,1,0,0,0,0,0,0.026111683490500304,0,0,2
15680804,29,850,0.0,10672.54,6,2,France,Male,1,1,0,0,0,0,0,0.026120102797028366,0,0,1
15657535,29,590,0.0,51907.72,10,1,Spain,Male,1,1,1,0,0,0,0,0.026172839742581777,0,0,1
15624641,43,740,0.0,199290.68,9,1,Spain,Male,0,1,1,0,0,0,0,0.026204897321807308,0,0,2
15773723,22,588,67178.19,163534.75,9,1,Spain,Female,1,1,1,0,0,0,0,0.026230571895696775,0,0,1
15693468,39,488,140553.46,12440.44,9,1,Spain,Female,0,0,0,0,0,0,0,0.026308979671419874,0,0,2
15795519,18,716,128743.8,197322.13,3,1,Germany,Female,0,0,0,0,0,0,0,0.026319763876163194,0,0,1
15670528,43,787,132217.45,20955.03,0,1,Germany,Male,0,1,1,0,0,0,0,0.026322956103122075,0,0,0
15717962,63,773,111179.83,93091.02,9,1,Spain,Male,1,1,0,0,0,0,0,0.026335633993945007,0,0,3
15672704,24,809,0.0,193518.76,4,2,France,Female,0,1,0,0,0,0,0,0.026337330557237637,0,0,1
15566156,44,749,71497.79,151083.8,0,2,Germany,Female,0,0,0,0,0,0,0,0.02635533419064051,0,0,0
15810167,75,657,126273.95,91673.6,7,1,Spain,Male,1,0,0,0,1,0,0,0.026432778234401932,0,0,3
15797160,49,492,0.0,182865.09,8,1,France,Female,1,1,1,0,0,0,0,0.02652449346692609,0,0,2
15790204,22,663,0.0,29135.89,9,1,Spain,Female,0,1,1,0,0,0,0,0.02654118323008603,0,0,1
15815560,74,666,105102.5,46172.47,7,1,Germany,Male,1,1,0,0,1,0,0,0.026590723024651042,0,0,3
15801934,66,678,0.0,47117.03,8,2,France,Male,1,1,0,0,0,0,0,0.02660272940925079,0,0,3
15575445,41,629,150148.51,6936.27,10,1,Spain,Male,0,0,0,0,0,0,0,0.026613982900590916,0,0,2
15776921,45,431,83624.55,36899.62,5,2,Germany,Male,0,0,0,0,0,0,0,0.02669603372666074,0,0,0
15619972,47,807,167664.83,125440.11,9,1,France,Female,0,0,1,0,0,0,0,0.026704555223733606,0,0,2
15653404,24,684,79263.9,196574.48,9,1,Spain,Female,1,0,0,0,0,0,0,0.02671800222706111,0,0,1
15721024,26,642,0.0,47472.68,0,1,France,Male,0,0,0,0,0,0,0,0.02672527874983821,0,0,1
15699095,24,603,0.0,198826.03,3,1,France,Female,1,1,1,0,0,0,0,0.026809012230044726,0,0,1
15776124,51,802,0.0,40855.79,7,1,Spain,Male,1,0,0,0,0,0,0,0.02684325316565561,0,0,3
15580134,27,479,172463.45,40315.27,2,1,Spain,Male,1,1,0,0,0,0,0,0.0269030805706435,0,0,1
15736112,57,519,119035.35,29871.79,2,2,Spain,Female,1,1,0,0,0,0,0,0.02691190823730083,0,0,3
15624068,26,779,0.0,111906.0,0,2,France,Female,1,0,0,0,0,0,0,0.026935153664910505,0,0,1
15795298,35,573,206868.78,102986.15,9,2,Germany,Female,1,0,0,0,0,0,0,0.026953901961356164,0,0,2
15599084,33,782,191523.09,167058.75,7,1,France,Male,1,1,0,0,0,0,0,0.026976259387752166,0,0,2
15705994,27,712,0.0,94544.88,10,1,Spain,Male,0,1,0,0,0,0,0,0.026979416534105405,0,0,1
15606115,52,510,191665.21,131312.56,6,1,France,Female,1,1,1,0,0,0,0,0.026984489432111736,0,0,3
15801942,41,619,0.0,79866.73,8,3,Spain,Female,1,1,1,0,0,0,0,0.02707057865860918,0,0,2
15724223,55,545,0.0,10034.77,5,1,France,Female,0,0,1,0,0,0,0,0.02709573170463342,0,0,3
15675518,53,499,75225.53,144849.1,1,2,Spain,Female,0,0,1,0,0,0,1,0.027117958634393813,1,0,3
15684173,44,687,0.0,155853.52,7,3,Spain,Female,0,1,1,0,0,0,0,0.0271975914611573,0,0,2
15811958,44,850,112755.34,158171.36,2,2,Germany,Male,0,0,0,0,0,0,0,0.02721601165237164,0,0,0
15621644,83,678,123356.63,92934.41,6,1,Germany,Male,1,0,0,0,1,0,0,0.027262324756257228,0,0,3
15713826,20,613,117356.19,113557.7,0,1,Germany,Female,0,0,1,0,0,0,0,0.027276713519863383,0,0,1
15654975,53,641,123835.52,160110.65,0,2,France,Female,1,0,0,0,0,0,0,0.027303796166094907,0,0,3
15589572,61,785,129855.72,170214.82,4,2,Spain,Female,0,1,1,0,0,0,1,0.027377755713566376,1,0,3
15625461,45,613,187841.99,147224.27,1,2,France,Female,1,1,0,0,0,0,0,0.027389741147470614,0,0,0
15616555,41,850,60880.68,31825.84,8,1,Germany,Male,0,1,0,0,0,0,0,0.027470647281868432,0,0,2
15716926,33,807,101952.97,178153.65,10,2,France,Male,0,1,0,0,0,0,0,0.027476535114018152,0,0,2
15605665,69,673,78833.15,37196.15,3,2,Germany,Female,1,1,0,0,0,0,0,0.027484704268147198,0,0,3
15600911,33,712,182888.08,3061.0,2,1,France,Male,0,1,0,0,0,0,0,0.027499660338463072,0,0,0
15778410,52,533,0.0,194113.99,7,1,Spain,Female,1,0,1,0,0,0,0,0.027550410844556228,0,0,3
15715920,23,782,98052.66,142587.32,10,1,Spain,Male,1,1,0,0,0,0,0,0.02755551977715487,0,0,1
15581286,40,734,176914.8,12799.23,9,1,France,Female,1,1,0,0,0,0,0,0.02758289676747472,0,0,2
15677921,60,720,115920.62,157552.08,9,2,Germany,Male,0,0,1,0,0,0,0,0.0275833159644977,0,0,3
15717426,36,850,0.0,40812.9,7,1,France,Male,1,1,0,0,0,0,0,0.027595365765652358,0,0,2
15616811,47,535,160729.1,145986.35,0,1,France,Male,1,0,0,0,0,0,0,0.027621684533123747,0,0,0
15757867,30,570,176173.52,97045.32,10,1,France,Female,0,1,1,0,0,0,0,0.027638387292455713,0,0,1
15658409,41,686,128876.71,106939.34,5,3,France,Male,1,1,1,0,0,0,0,0.027649824044750027,0,0,2
15589431,47,807,171937.27,65636.92,1,1,Germany,Male,1,1,0,0,0,0,0,0.02767656619019343,0,0,0
15751788,28,850,97408.03,175853.64,9,1,Spain,Male,1,1,0,0,0,0,0,0.02775128715117725,0,0,1
15698716,70,620,87926.24,33350.26,3,2,France,Female,0,1,1,0,0,0,0,0.0277831913697395,0,0,3
15641416,61,732,94867.18,157527.6,9,2,Germany,Female,1,1,1,0,0,0,0,0.027804175820915766,0,0,3
15710365,50,646,104129.24,181794.86,0,2,France,Male,0,1,1,0,0,0,0,0.02781501456323776,0,0,0
15657937,22,709,112949.71,155231.55,0,1,Germany,Male,0,0,0,0,0,0,0,0.02782006979482954,0,0,1
15702430,35,548,0.0,31299.71,10,1,France,Female,1,1,0,0,0,0,0,0.027825295931604654,0,0,2
15708917,53,598,167772.96,136886.86,10,1,Germany,Male,1,1,0,0,0,0,0,0.02789803832336002,0,0,3
15598751,43,556,0.0,125154.57,6,3,France,Female,0,0,1,0,0,0,0,0.027911689007088403,0,0,2
15638269,67,597,0.0,108645.85,2,2,France,Male,1,0,0,0,0,0,0,0.027967281613744288,0,0,3
15593094,27,516,0.0,142680.64,9,1,France,Male,0,1,1,0,0,0,0,0.02797016326554036,0,0,1
15584704,48,519,71083.98,137959.0,10,1,France,Male,0,1,0,0,0,0,0,0.0279846640972643,0,0,2
15672692,42,787,145988.65,79510.37,10,2,France,Female,1,1,0,0,0,0,0,0.027987177097712923,0,0,2
15796787,46,681,105969.42,5771.56,0,1,France,Male,0,1,0,0,0,0,0,0.027990791452945363,0,0,0
15591969,27,497,75263.16,164825.04,9,1,Spain,Male,1,1,0,0,0,0,0,0.028001261141317624,0,0,1
15673929,64,543,0.0,148305.82,4,2,France,Male,1,1,0,0,0,0,0,0.02802695529564203,0,0,3
15808868,31,652,103696.97,155221.05,3,3,France,Female,0,0,1,0,0,0,0,0.02803226129386105,0,0,0
15785975,60,525,0.0,168034.9,7,2,Spain,Female,1,0,0,0,0,0,0,0.02810344494700212,0,0,3
15744109,32,850,0.0,180622.02,4,1,France,Male,1,1,0,0,0,0,0,0.028147059757231196,0,0,0
15809777,55,497,131778.66,9972.64,7,1,Germany,Female,1,1,0,0,0,0,0,0.02815146312327277,0,0,3
15599792,26,545,0.0,199638.56,1,2,France,Female,1,1,0,0,0,0,0,0.02819454717775438,0,0,1
15673372,58,635,0.0,58907.08,1,1,France,Female,1,1,1,0,0,0,0,0.028259349778949727,0,0,3
15782659,32,527,0.0,109523.88,0,1,France,Male,0,1,0,0,0,0,0,0.02826098079123618,0,0,0
15636767,32,665,0.0,22487.45,10,1,Spain,Female,1,1,0,0,0,0,0,0.028263217753474845,0,0,2
15573171,63,695,146202.93,126688.83,1,1,Spain,Male,1,1,1,0,0,0,0,0.028305841659619246,0,0,3
15589358,31,848,90018.45,193132.98,4,2,Germany,Male,0,1,0,0,0,0,0,0.028324510492220956,0,0,0
15697606,21,637,125712.2,175072.47,10,1,France,Female,0,0,0,0,0,0,0,0.028324729595777254,0,0,1
15684419,37,709,0.0,71738.56,8,3,Spain,Female,0,1,0,0,0,0,0,0.028359359126228778,0,0,2
15593425,54,662,187997.15,111442.71,1,1,Spain,Female,0,0,1,0,0,0,0,0.028399735585201258,0,0,3
15669887,51,839,0.0,69101.23,3,1,France,Female,1,1,1,0,0,0,0,0.028491724120637607,0,0,3
15651983,56,591,128882.49,196241.94,9,1,France,Female,1,1,1,0,0,0,0,0.028492764414578597,0,0,3
15666141,26,829,101440.36,19324.5,8,2,Spain,Female,1,1,0,0,0,0,0,0.028494808330380872,0,0,1
15664610,48,459,133994.52,19287.06,4,1,Germany,Male,1,1,1,0,0,0,0,0.02849837009506484,0,0,0
15570629,72,655,138089.97,99920.41,5,2,Germany,Female,1,1,0,0,1,0,0,0.028539008220851647,0,0,3
15619898,55,785,0.0,7008.65,5,2,France,Male,1,1,0,0,0,0,0,0.02854619076077236,0,0,3
15666559,23,608,197715.93,116124.28,8,2,Germany,Male,1,1,0,0,0,0,0,0.028595524978538456,0,0,1
15687130,43,686,0.0,170072.9,0,1,France,Female,1,1,0,0,0,0,0,0.02859850685804244,0,0,0
15577170,60,532,76705.87,13889.73,5,2,France,Male,1,0,0,0,0,0,0,0.02860524888101712,0,0,3
15668767,36,850,0.0,195033.07,3,2,France,Male,0,1,0,0,0,0,0,0.028639945568179614,0,0,0
15708710,37,525,0.0,131521.72,0,1,Spain,Female,1,0,0,0,0,0,0,0.028659607782729135,0,0,0
15607269,49,492,151249.45,167237.94,2,2,Germany,Female,1,1,0,0,0,0,0,0.028688785565084918,0,0,0
15713483,52,793,0.0,159123.82,2,1,Spain,Male,0,1,1,0,0,0,0,0.028714118630066787,0,0,3
15750466,42,790,85839.62,198182.73,1,1,Germany,Male,0,1,0,0,0,0,0,0.028714568306829835,0,0,0
15646490,42,537,190569.23,127154.8,1,1,Spain,Male,1,0,0,0,0,0,0,0.028722181835718508,0,0,0
15740283,29,850,0.0,152996.89,1,2,France,Male,0,0,0,0,0,0,0,0.028731024671486693,0,0,1
15637650,50,549,94748.76,13608.18,9,2,France,Male,1,0,0,0,0,0,0,0.028765141379710868,0,0,2
15700223,48,806,164701.68,21439.49,4,1,France,Male,1,1,0,0,0,0,0,0.02879302363651315,0,0,0
15698932,44,756,137452.09,189543.9,10,1,Germany,Male,0,1,0,0,0,0,0,0.02883116790666107,0,0,2
15757535,44,647,0.0,174205.22,5,3,Spain,Female,1,1,1,0,0,0,0,0.028901842388723176,0,0,2
15727041,71,624,0.0,108841.83,7,2,France,Male,1,1,0,0,1,0,0,0.02892532379432733,0,0,3
15681843,35,624,180303.24,163587.9,0,2,Germany,Female,0,1,0,0,0,0,0,0.028945321466762985,0,0,0
15681878,45,436,104339.11,183540.22,3,2,Germany,Male,1,1,1,0,0,0,0,0.028950446621130665,0,0,0
15690021,42,502,132002.7,28204.98,0,1,Germany,Female,1,0,1,0,0,0,0,0.028977670602644,0,0,0
15807709,55,714,180075.22,100127.71,9,1,Germany,Female,1,1,0,0,0,0,0,0.029058477180182063,0,0,3
15661591,39,413,130969.77,158891.79,1,2,Germany,Male,1,1,0,0,0,0,0,0.029063583674233673,0,0,0
15621687,34,813,0.0,43169.15,0,2,France,Male,0,1,0,0,0,0,0,0.029078404557944304,0,0,0
15756751,54,596,78126.28,153482.91,0,1,Spain,Female,1,1,1,0,0,0,0,0.02910087640924619,0,0,3
15735782,31,528,120962.59,5419.31,9,1,France,Male,0,1,0,0,0,0,0,0.029112226984388645,0,0,2
15705953,51,721,169312.13,109078.35,0,1,Spain,Male,0,1,1,0,0,0,0,0.029143034097518172,0,0,3
15579262,41,497,0.0,22074.48,9,1,France,Male,0,0,0,0,0,0,0,0.029145356945877277,0,0,2
15646276,32,831,146033.62,191260.74,2,1,France,Female,0,1,0,0,0,0,0,0.029189152645567873,0,0,0
15788723,49,599,143888.22,166236.38,10,2,Germany,Female,1,1,1,0,0,0,0,0.029196711740819503,0,0,2
15624775,67,729,94203.8,102391.06,2,1,France,Male,1,0,0,0,0,0,0,0.029201915327266237,0,0,3
15576263,22,759,0.0,22303.17,5,1,France,Female,0,1,0,0,0,0,0,0.029223894449690535,0,0,1
15572361,34,790,164011.48,199420.41,2,1,Germany,Female,0,1,0,0,0,0,0,0.02923974051122713,0,0,0
15628767,63,608,139529.93,175696.16,3,2,Spain,Female,1,1,1,0,0,0,0,0.029260682319101172,0,0,3
15596800,33,779,158456.76,197000.92,1,1,Germany,Male,1,1,1,0,0,0,0,0.02931485510310483,0,0,0
15601659,59,496,91680.1,163141.18,7,2,Germany,Female,0,1,1,0,0,0,0,0.029325341831256457,0,0,3
15675854,50,573,159304.07,155915.24,0,1,Spain,Male,1,0,1,0,0,0,0,0.02936872706231608,0,0,0
15743818,58,748,122330.7,124429.19,9,2,Spain,Male,1,0,0,0,0,0,0,0.029384407815049918,0,0,3
15695492,29,439,156569.43,180598.66,6,1,France,Female,0,1,0,0,0,0,0,0.029508319534952254,0,0,1
15606554,29,797,0.0,149991.32,1,1,France,Male,1,0,0,0,0,0,0,0.02952412222376699,0,0,1
15638257,54,682,83102.72,54132.93,0,2,Spain,Female,1,1,0,0,0,0,0,0.0295487053047927,0,0,3
15729515,36,782,148795.17,195681.43,1,2,France,Male,1,1,0,0,0,0,0,0.029559812859552892,0,0,0
15623521,43,838,123105.88,145765.83,9,2,Spain,Male,0,1,0,0,0,0,0,0.029594067365244614,0,0,2
15807163,38,537,0.0,52337.97,10,1,France,Female,0,0,1,0,0,0,0,0.029615714153653938,0,0,2
15787710,39,427,0.0,28368.37,9,2,Spain,Female,0,1,0,0,0,0,0,0.029635607221648264,0,0,2
15729718,41,610,0.0,56118.81,6,3,France,Male,0,0,1,0,0,0,0,0.029638420076214422,0,0,2
15736287,33,586,0.0,6975.02,9,1,France,Male,0,1,0,0,0,0,0,0.029660562715655314,0,0,2
15676404,50,672,0.0,12106.82,1,1,France,Female,0,1,1,0,0,0,0,0.02971554387070896,0,0,0
15786418,20,546,0.0,20508.85,6,1,France,Female,1,0,0,0,0,0,0,0.029725010362412818,0,0,1
15801904,28,677,143988.0,8755.69,0,2,Germany,Male,0,1,1,0,0,0,0,0.029734319487654703,0,0,1
15602845,41,466,152102.18,181879.56,2,2,Germany,Male,0,1,0,0,0,0,0,0.02973952648707545,0,0,0
15729359,29,837,0.0,41866.26,9,2,France,Female,1,1,0,0,0,0,0,0.029741907948204527,0,0,1
15806941,60,499,76961.6,83643.87,7,2,France,Male,1,1,0,0,0,0,0,0.02975994610011834,0,0,3
15699225,46,757,0.0,37460.05,0,2,France,Male,0,1,0,0,0,0,0,0.029829489864038772,0,0,0
15581736,47,673,183579.54,34047.54,1,2,Germany,Male,1,0,0,0,0,0,0,0.029832316044208884,0,0,0
15575955,24,764,0.0,88724.49,0,2,France,Female,0,1,0,0,0,0,0,0.02984701402730605,0,0,1
15630402,31,594,0.0,5719.11,9,1,France,Female,1,0,0,0,0,0,0,0.029889664963417273,0,0,2
15769191,55,509,132387.91,170360.11,8,2,France,Male,1,1,0,0,0,0,0,0.02990300194901907,0,0,3
15740487,41,627,0.0,138700.75,6,3,France,Female,1,1,1,0,0,0,0,0.02991487072041865,0,0,2
15616550,44,698,116363.37,198059.16,10,2,Germany,Male,0,1,0,0,0,0,0,0.02995456933270446,0,0,2
15626114,24,429,95741.75,46170.75,4,1,France,Male,0,1,0,0,0,0,0,0.029976306684617482,0,0,1
15697441,29,485,182123.79,116828.51,7,1,France,Male,0,1,1,0,0,0,0,0.03000081662673859,0,0,1
15778304,24,646,92398.08,18897.29,0,1,Germany,Male,1,1,0,0,0,0,0,0.03000148826333715,0,0,1
15733303,67,630,0.0,27330.27,5,2,France,Male,1,1,0,0,0,0,0,0.030017477112543434,0,0,3
15586680,27,462,176913.52,80587.27,4,1,France,Male,0,1,0,0,0,0,0,0.030024752702735746,0,0,1
15641582,43,735,123180.01,196673.28,10,2,Germany,Male,1,1,0,0,0,0,0,0.03004540050220006,0,0,2
15798310,35,480,165692.91,197984.58,2,1,France,Male,1,1,0,0,0,0,0,0.030071773168790505,0,0,0
15761286,66,696,119499.42,174027.3,7,2,Germany,Female,1,1,0,0,0,0,0,0.03009682171588024,0,0,3
15604544,40,850,166082.15,44406.17,4,2,Germany,Male,1,0,0,0,0,0,0,0.030104858211866703,0,0,0
15717984,47,477,144900.58,61315.37,9,1,France,Male,0,1,1,0,0,0,0,0.030108719265453,0,0,2
15812918,27,432,62339.81,53874.67,6,2,France,Female,0,0,0,0,0,0,0,0.030144759126555454,0,0,1
15690130,32,468,137649.47,198714.29,8,1,France,Female,0,0,0,0,0,0,0,0.030145130583739244,0,0,2
15715939,33,730,0.0,1474.79,0,2,France,Male,0,1,0,0,0,0,0,0.03016937557381294,0,0,0
15601026,19,572,138657.08,16161.82,1,1,Germany,Female,1,1,0,0,0,0,0,0.03017635751648784,0,0,1
15574068,56,504,104217.3,55857.48,9,1,Germany,Male,0,0,1,0,0,0,0,0.03024290629685189,0,0,3
15675337,34,395,106011.59,17376.57,5,1,Germany,Female,1,1,1,0,0,0,0,0.030275283358389138,0,0,0
15713621,41,687,134318.21,198064.52,10,2,Germany,Male,1,1,0,0,0,0,0,0.030295795007097226,0,0,2
15600110,41,506,57745.76,4035.46,3,1,Germany,Female,0,1,0,0,0,0,0,0.030346459691317662,0,0,0
15798200,35,707,0.0,94148.3,2,3,France,Male,1,1,0,0,0,0,0,0.030360656081413584,0,0,0
15652883,39,492,124576.65,148584.61,10,2,Germany,Male,0,1,0,0,0,0,0,0.030386910812040813,0,0,2
15734737,56,744,0.0,169498.61,9,2,France,Male,1,1,0,0,0,0,0,0.030415880732939993,0,0,3
15741988,52,492,125396.24,10014.72,8,1,Germany,Female,0,1,1,0,0,0,0,0.030471324715376724,0,0,3
15681671,28,850,101100.22,35337.31,2,2,Germany,Male,1,1,0,0,0,0,0,0.030553714299206725,0,0,1
15673619,25,530,162560.32,64129.03,9,1,France,Male,0,1,0,0,0,0,0,0.030566300630168297,0,0,1
15774358,59,443,110939.3,72846.58,4,1,Germany,Male,0,1,1,0,0,0,0,0.03059525137764263,0,0,3
15716334,45,850,122311.21,19482.5,2,1,Spain,Female,1,1,0,0,0,0,0,0.030601008950395192,0,0,0
15718852,56,794,96951.21,71776.76,9,1,France,Male,1,1,0,0,0,0,0,0.03061263286345106,0,0,3
15636999,38,414,0.0,77661.12,8,1,France,Male,1,0,1,0,0,0,0,0.030614901768238778,0,0,2
15733872,33,791,130229.71,54019.93,10,2,Germany,Female,0,0,1,0,0,0,0,0.030651489614927696,0,0,2
15802106,34,418,155973.88,154208.96,8,1,France,Male,0,1,0,0,0,0,0,0.0306680348389462,0,0,2
15812324,27,779,0.0,190623.02,1,2,France,Male,1,1,0,0,0,0,0,0.030688759730030934,0,0,1
15701555,53,575,84903.33,26015.8,1,2,Spain,Male,1,0,0,0,0,0,0,0.030722651685217484,0,0,3
15711251,45,514,178827.79,60375.18,1,1,France,Male,0,1,0,0,0,0,0,0.030736660266058036,0,0,0
15666823,39,425,0.0,197226.32,4,2,France,Male,0,1,0,0,0,0,0,0.030753552556511465,0,0,0
15755521,48,660,90044.32,187604.97,0,2,France,Female,1,0,1,0,0,0,0,0.030756936533333,0,0,0
15735025,37,535,175534.78,9241.52,3,2,Spain,Male,1,1,0,0,0,0,0,0.03075969637901632,0,0,0
15625080,54,745,0.0,173912.29,8,1,Spain,Female,0,1,1,0,0,0,0,0.03076227847419044,0,0,3
15799652,38,763,152582.2,31892.82,0,2,France,Female,0,0,0,0,0,0,0,0.03082532688618056,0,0,0
15673238,59,517,154110.99,101240.08,8,2,Germany,Female,0,1,1,0,0,0,0,0.0308303234205225,0,0,3
15716608,38,651,0.0,67029.82,2,3,Spain,Male,0,1,1,0,0,0,0,0.030858039567304374,0,0,0
15782688,56,625,148507.24,46824.08,0,1,Germany,Male,0,1,1,0,0,0,0,0.030884038261856928,0,0,3
15690743,61,536,65190.29,64308.49,8,1,France,Female,1,1,1,0,0,0,0,0.03091325537725953,0,0,3
15785865,58,711,91285.13,26767.85,9,2,France,Male,1,1,0,0,0,0,0,0.030914812394172042,0,0,3
15664339,48,775,178144.91,50168.41,4,2,Spain,Male,0,0,1,0,0,0,0,0.030916432962369678,0,0,0
15722599,37,751,183613.66,49734.94,9,2,France,Female,0,0,0,0,0,0,0,0.030919894136866244,0,0,2
15566843,20,535,134874.4,118825.56,9,1,Germany,Male,1,1,0,0,0,0,0,0.030939951759025974,0,0,1
15776233,61,758,125397.21,182184.09,8,1,Germany,Female,0,1,1,0,0,0,0,0.030947194843394032,0,0,3
15701809,28,749,0.0,3408.7,3,1,Spain,Female,0,1,0,0,0,0,0,0.0309912991526351,0,0,1
15778219,26,790,0.0,20510.79,5,1,France,Male,0,1,0,0,0,0,0,0.031036225103543646,0,0,1
15656330,32,528,68138.37,170309.19,0,1,Spain,Female,1,1,0,0,0,0,0,0.03117434644397199,0,0,0
15594577,35,556,0.0,192751.18,10,2,France,Male,1,1,0,0,0,0,0,0.03119335444393223,0,0,2
15755018,26,568,109819.16,154491.39,10,2,Germany,Female,0,1,0,0,0,0,0,0.031198926875711686,0,0,1
15750837,41,579,141749.68,9201.53,0,1,Germany,Male,1,0,0,0,0,0,0,0.03126874204874308,0,0,0
15615938,64,502,139663.37,100995.11,3,1,France,Female,1,0,0,0,0,0,0,0.03136165635216359,0,0,3
15678206,46,464,161798.53,182944.47,6,1,France,Male,0,1,0,0,0,0,0,0.03138553305992797,0,0,2
15607753,23,606,70417.79,90896.04,10,1,Spain,Female,1,0,0,0,0,0,0,0.031400368288756586,0,0,1
15585734,41,803,137742.9,166957.82,9,2,Germany,Male,1,1,0,0,0,0,0,0.03142757239016747,0,0,2
15660809,28,850,0.0,12409.01,4,2,France,Male,1,1,0,0,0,0,0,0.03148784908374036,0,0,1
15709199,40,511,0.0,184118.73,1,1,Spain,Female,1,1,0,0,0,0,0,0.031500300740982756,0,0,0
15609623,63,637,0.0,28092.77,5,1,France,Female,0,1,1,0,0,0,0,0.03153862070498703,0,0,3
15616213,51,555,138214.5,198715.27,9,1,Germany,Female,0,1,1,0,0,0,0,0.03155503902993051,0,0,3
15767129,60,452,121730.49,142963.29,6,1,France,Female,1,1,0,0,0,0,0,0.031577169143082506,0,0,3
15705991,38,469,113599.42,11950.29,9,1,Germany,Male,0,0,0,0,0,0,0,0.03159644653161342,0,0,2
15784148,62,643,0.0,155870.82,9,2,France,Male,0,0,0,0,0,0,0,0.03160378326851032,0,0,3
15642991,29,850,0.0,23237.25,7,2,Spain,Female,0,1,0,0,0,0,0,0.031620007258012395,0,0,1
15614929,28,508,96213.82,147913.56,0,2,Germany,Male,0,1,0,0,0,0,0,0.03162458472271834,0,0,1
15785899,33,789,151607.56,4389.4,8,1,Germany,Male,0,1,0,0,0,0,0,0.031680642386031854,0,0,2
15747724,34,671,0.0,23235.38,10,1,Spain,Female,0,1,0,0,0,0,0,0.03168176399067835,0,0,2
15726634,47,479,0.0,95270.83,1,1,France,Male,0,1,0,0,0,0,0,0.03168956985790394,0,0,0
15620344,29,813,0.0,33953.87,6,1,France,Male,0,1,0,0,0,0,0,0.03170090155166072,0,0,1
15756150,39,418,0.0,9041.71,2,2,France,Female,0,0,0,0,0,0,0,0.03171386027452938,0,0,0
15658946,40,579,45408.85,18732.91,10,2,Germany,Male,0,1,0,0,0,0,0,0.03172393488259273,0,0,2
15708265,24,581,159203.71,102517.83,10,1,Spain,Female,1,1,1,0,0,0,0,0.0317979350052251,0,0,1
15686137,32,456,147506.25,135399.21,9,1,Spain,Male,1,1,0,0,0,0,0,0.03181704687581799,0,0,2
15748597,56,844,99529.7,157230.06,5,1,Spain,Male,1,0,1,0,0,0,0,0.031818148104288846,0,0,3
15724632,41,537,0.0,175262.49,0,2,France,Female,1,0,0,0,0,0,0,0.031836986066741346,0,0,0
15708063,36,712,100749.5,70758.37,2,3,France,Male,0,0,1,0,0,0,0,0.03187015406296756,0,0,0
15708362,63,793,103729.79,80272.06,4,2,France,Male,1,1,0,0,0,0,0,0.03187411968711562,0,0,3
15604515,22,737,111543.26,106327.85,10,2,Germany,Female,0,0,0,0,0,0,0,0.0318890412897429,0,0,1
15566594,23,709,0.0,129590.18,10,2,Spain,Male,0,0,0,0,0,0,0,0.03191039170543275,0,0,1
15788025,38,715,0.0,332.81,0,2,France,Female,1,1,0,0,0,0,0,0.03192175431896038,0,0,0
15605791,29,524,144287.6,32063.3,9,2,Germany,Male,0,1,0,0,0,0,0,0.03192994843426844,0,0,1
15582519,47,479,121797.09,5811.9,6,1,France,Male,1,0,1,0,0,0,0,0.03194078904730013,0,0,2
15747097,35,611,0.0,23598.23,10,1,France,Male,1,1,1,0,0,0,0,0.03195023791025442,0,0,2
15604782,33,733,187257.94,190430.81,7,1,Germany,Female,1,0,0,0,0,0,0,0.03197747521156136,0,0,2
15719561,42,768,0.0,60686.4,5,3,France,Male,0,0,0,0,0,0,0,0.03197885826198754,0,0,2
15645717,62,732,0.0,25438.87,2,2,France,Male,1,1,0,0,0,0,0,0.032051807154362066,0,0,3
15723064,24,603,165149.13,21858.28,1,2,Spain,Male,0,1,0,0,0,0,0,0.03208981663110255,0,0,1
15799479,33,809,0.0,124045.65,9,1,Spain,Male,1,1,0,0,0,0,0,0.03210428539919308,0,0,2
15782418,19,589,83495.11,143022.31,9,1,Germany,Female,1,1,1,0,0,0,0,0.032114642884570443,0,0,1
15592386,58,520,0.0,32790.02,3,2,France,Male,1,0,0,0,0,0,0,0.03212771479256915,0,0,3
15691387,29,483,0.0,81634.45,9,1,France,Male,1,1,0,0,0,0,0,0.03214153517294438,0,0,1
15654489,38,843,134887.53,10804.04,8,1,France,Female,1,1,0,0,0,0,0,0.0321784949375582,0,0,2
15672016,35,819,0.0,3385.04,1,2,France,Male,1,0,0,0,0,0,0,0.032184517539143864,0,0,0
15728823,37,836,0.0,111324.41,10,2,Spain,Female,0,1,0,0,0,0,0,0.032203913689782704,0,0,2
15723818,37,453,131834.76,8949.2,4,2,France,Female,0,1,0,0,0,0,0,0.03223839083679325,0,0,0
15724282,44,540,164113.04,12120.79,3,2,Germany,Male,1,1,0,0,0,0,0,0.03227148880622566,0,0,0
15638231,62,730,0.0,162889.1,2,2,Spain,Female,1,1,0,0,0,0,0,0.032314929124229064,0,0,3
15617052,34,782,0.0,183021.06,9,1,France,Male,0,1,1,0,0,0,0,0.03232465125405937,0,0,2
15683053,48,809,0.0,160976.85,2,1,Spain,Female,0,1,1,0,0,0,0,0.03232646218134305,0,0,0
15704231,33,430,0.0,69759.91,8,1,France,Female,1,1,0,0,0,0,0,0.03234455578297413,0,0,2
15744913,36,788,109632.85,16149.13,10,1,Spain,Male,1,1,0,0,0,0,0,0.03236479089289113,0,0,2
15635435,54,648,120633.42,5924.38,9,1,France,Female,0,0,1,0,0,0,0,0.03238177740214465,0,0,3
15747014,28,850,105245.34,74780.13,1,1,France,Female,1,0,0,0,0,0,0,0.03238368147597859,0,0,1
15796231,18,681,98894.39,9596.4,1,1,France,Female,1,1,0,0,0,0,0,0.03238920669697831,0,0,1
15641690,67,681,0.0,163714.92,7,2,Spain,Male,1,0,0,0,0,0,0,0.0324216975107855,0,0,3
15661945,40,623,0.0,31669.18,4,3,Spain,Female,0,1,0,0,0,0,0,0.03243463482093778,0,0,0
15622897,46,646,0.0,93251.42,4,3,France,Female,0,1,1,0,0,0,0,0.03243591942309765,0,0,0
15777211,65,515,92113.61,142548.33,7,1,France,Male,1,1,0,0,0,0,0,0.03248186419349186,0,0,3
15741195,19,613,0.0,176903.35,5,1,Spain,Male,1,1,0,0,0,0,0,0.03248641844700262,0,0,1
15623972,23,479,123575.51,95148.28,9,1,Germany,Female,1,0,0,0,0,0,0,0.03251072642320929,0,0,1
15789582,55,587,0.0,64593.07,9,1,France,Male,0,1,0,0,0,0,0,0.03253070311326445,0,0,3
15571586,29,524,159035.45,2705.31,3,1,Spain,Male,0,1,1,0,0,0,0,0.03254567719833257,0,0,1
15577515,55,554,108477.27,140003.0,0,1,Germany,Female,1,0,1,0,0,0,0,0.0325616838531132,0,0,3
15717010,60,741,0.0,38914.51,5,1,France,Female,1,1,0,0,0,0,0,0.03256781273530973,0,0,3
15616922,26,479,0.0,19116.97,1,2,France,Female,1,1,0,0,0,0,0,0.032567897993232786,0,0,1
15664639,19,645,128514.84,175969.19,9,1,France,Male,0,0,0,0,0,0,0,0.032568928380141915,0,0,1
15686983,25,678,76968.12,131501.72,10,2,Germany,Female,1,0,0,0,0,0,0,0.032606085553720576,0,0,1
15747265,27,598,171283.91,84136.12,10,1,Germany,Female,1,1,0,0,0,0,0,0.032615462787515925,0,0,1
15783958,37,539,130922.81,2186.83,1,2,Spain,Female,0,0,0,0,0,0,0,0.032630992780690704,0,0,0
15722765,57,580,136820.99,108528.74,0,1,Spain,Female,1,0,0,0,0,0,0,0.032636874337390154,0,0,3
15704954,37,431,120764.08,117023.08,0,1,France,Male,1,1,0,0,0,0,0,0.032643608376448086,0,0,0
15732740,32,765,178095.55,47247.56,9,1,Spain,Female,0,0,0,0,0,0,0,0.03268627534801283,0,0,2
15587210,44,591,113581.98,1985.41,10,1,Germany,Female,0,1,0,0,0,0,0,0.03272306045996509,0,0,2
15749727,50,829,0.0,178458.86,7,2,Spain,Male,1,0,0,0,0,0,0,0.03273223648650336,0,0,2
15652955,30,678,0.0,35113.08,0,1,Spain,Male,0,1,0,0,0,0,0,0.03273389472339372,0,0,1
15659949,31,850,96399.31,106534.15,1,2,France,Male,0,1,0,0,0,0,0,0.03275850133624103,0,0,0
15666295,50,610,113957.01,196526.55,1,2,Germany,Male,0,1,1,0,0,0,0,0.0327791033090683,0,0,0
15586674,58,663,216109.88,74176.71,5,1,Spain,Female,1,0,1,0,0,0,0,0.032793484689388364,0,0,3
15807595,51,485,144244.59,51113.14,7,2,Germany,Male,0,1,0,0,0,0,0,0.03285056873413472,0,0,3
15643361,34,477,139959.55,189875.83,8,2,Germany,Male,1,1,0,0,0,0,0,0.03285456995248304,0,0,2
15590234,42,697,0.0,1262.83,1,1,France,Female,0,1,1,0,0,0,0,0.032857854776398465,0,0,0
15686835,57,738,148384.64,155047.11,9,1,Germany,Female,0,0,1,0,0,0,0,0.032886129073633974,0,0,3
15750447,60,678,117738.81,147489.76,10,1,France,Female,0,1,1,0,0,0,0,0.0329236646596176,0,0,3
15746695,39,429,48023.83,74870.99,6,1,France,Female,0,1,0,0,0,0,0,0.03292838539285636,0,0,2
15589975,73,646,97259.25,104719.66,6,1,France,Female,1,0,0,0,1,0,0,0.032942713615636166,0,0,3
15698184,50,484,90408.16,48170.57,2,2,France,Female,0,0,0,0,0,0,0,0.032948677589658915,0,0,0
15636684,34,727,0.0,198637.34,10,2,France,Male,1,1,0,0,0,0,0,0.0330076247436879,0,0,2
15723864,47,828,109876.82,83611.45,1,2,Spain,Male,0,1,1,0,0,0,0,0.033009388975713816,0,0,0
15680243,19,792,143390.51,33282.84,7,1,France,Male,0,1,0,0,0,0,0,0.033060474920687644,0,0,1
15675190,21,623,0.0,135851.3,10,2,France,Male,1,0,0,0,0,0,0,0.03307011383160685,0,0,1
15657449,25,446,136202.78,176743.51,3,1,Germany,Male,0,1,0,0,0,0,0,0.03310655549358077,0,0,1
15777217,25,641,0.0,180808.39,10,2,Spain,Male,1,1,0,0,0,0,0,0.03310750858147926,0,0,1
15632609,39,554,160132.75,32824.15,10,1,France,Female,0,1,0,0,0,0,0,0.03312148741933463,0,0,2
15588450,60,633,69365.25,10288.24,8,1,France,Female,1,1,0,0,0,0,0,0.03314241198104517,0,0,3
15632344,42,792,99045.93,47160.01,0,2,France,Female,0,1,0,0,0,0,0,0.03314938380787158,0,0,0
15642821,48,383,95808.19,137702.01,8,1,Spain,Female,0,0,1,0,0,0,0,0.0331850348236189,0,0,2
15718839,38,850,102741.15,23974.85,2,2,Germany,Female,1,0,0,0,0,0,0,0.03320350323990462,0,0,0
15629117,28,584,0.0,19834.32,10,2,France,Male,0,1,0,0,0,0,0,0.03320626595610687,0,0,1
15686776,32,557,184686.41,14956.44,6,2,France,Female,0,1,0,0,0,0,0,0.03320808330257341,0,0,2
15794841,19,739,89750.21,193008.52,5,1,Spain,Male,0,1,0,0,0,0,0,0.03324087558531619,0,0,1
15612109,38,819,122334.26,181507.44,9,2,France,Male,1,1,0,0,0,0,0,0.03324129002360732,0,0,2
15684865,66,771,143773.07,130827.88,7,1,France,Female,1,1,0,0,0,0,0,0.033334861207700905,0,0,3
15658668,49,581,0.0,41623.59,10,2,Spain,Male,0,0,0,0,0,0,0,0.03334230490255796,0,0,2
15814757,31,477,0.0,184061.17,9,2,Spain,Male,1,0,0,0,0,0,0,0.03335459632688975,0,0,2
15777639,23,595,101126.66,37042.8,10,2,Spain,Female,0,0,0,0,0,0,0,0.03337817284318345,0,0,1
15709004,22,528,93547.23,961.57,5,2,Germany,Male,1,0,0,0,0,0,0,0.033387000003766265,0,0,1
15656683,52,551,0.0,63584.55,1,1,France,Male,0,0,1,0,0,0,0,0.03342970280374946,0,0,3
15622017,33,773,0.0,98820.09,10,1,Spain,Female,1,1,0,0,0,0,0,0.03350198145668615,0,0,2
15588350,43,744,147832.15,24234.11,10,1,France,Female,1,0,0,0,0,0,0,0.0335680341926996,0,0,2
15742798,22,829,150126.44,152107.93,7,1,France,Female,0,1,1,0,0,0,0,0.03356913520127658,0,0,1
15583595,28,461,0.0,103349.74,8,1,France,Female,1,1,0,0,0,0,0,0.03360018078510785,0,0,1
15757541,33,778,151772.63,180249.94,9,2,France,Female,0,0,1,0,0,0,0,0.03360169105226107,0,0,2
15786993,51,810,0.0,184524.74,5,2,France,Female,1,0,0,0,0,0,0,0.03360716012027698,0,0,3
15715160,36,439,165536.28,123956.83,2,2,France,Male,1,1,0,0,0,0,0,0.03362302507496351,0,0,0
15597951,58,471,114713.57,36315.03,4,1,France,Female,1,1,0,0,0,0,0,0.033627517377401106,0,0,3
15693683,29,814,97086.4,197276.13,8,2,Germany,Male,1,1,0,0,0,0,0,0.033641297495472844,0,0,1
15691792,35,416,0.0,119712.78,8,1,Spain,Male,0,0,0,0,0,0,0,0.03368580989653669,0,0,2
15765806,29,492,144591.96,196293.76,1,1,France,Male,1,1,0,0,0,0,0,0.03370641259675311,0,0,1
15791321,58,682,0.0,176036.01,4,1,Spain,Female,0,1,0,0,0,0,0,0.03371164915141678,0,0,3
15679145,57,706,0.0,17941.16,7,1,Spain,Male,0,1,1,0,0,0,0,0.03372264317260576,0,0,3
15751137,36,850,169025.83,174235.06,3,1,Germany,Female,0,1,0,0,0,0,0,0.03375760262280514,0,0,0
15793890,59,728,0.0,163365.85,4,1,France,Female,1,1,1,0,0,0,0,0.03376923523153075,0,0,3
15661380,69,682,0.0,149604.18,6,2,France,Male,1,0,0,0,0,0,0,0.03377198908882251,0,0,3
15805764,18,646,0.0,52795.15,10,2,France,Male,1,0,0,0,0,0,0,0.033778808627251466,0,0,1
15742269,24,756,0.0,184182.25,1,2,France,Female,0,1,0,0,0,0,0,0.03377999655698716,0,0,1
15631681,43,807,0.0,85523.24,0,2,Spain,Female,1,0,0,0,0,0,0,0.033796765169639253,0,0,0
15711219,57,788,93716.72,180150.49,8,1,Germany,Female,1,1,1,0,0,0,0,0.03380257388849017,0,0,3
15598614,20,790,0.0,168152.76,8,2,Spain,Male,0,1,0,0,0,0,0,0.03380385305363298,0,0,1
15629078,45,850,127258.79,192744.23,5,1,Germany,Female,1,1,1,0,0,0,0,0.033823992422189475,0,0,2
15724863,55,420,91893.32,144870.28,4,1,Spain,Female,0,1,1,0,0,0,0,0.03384145221437751,0,0,3
15596455,45,546,0.0,197789.83,2,1,Spain,Female,0,0,1,0,0,0,0,0.03388269536519495,0,0,0
15636592,35,651,181821.96,36923.67,0,2,France,Male,1,0,1,0,0,0,0,0.03391011641950925,0,0,0
15715208,33,804,138335.96,80483.76,10,1,Germany,Female,1,1,0,0,0,0,0,0.033913908678676496,0,0,2
15672966,64,682,0.0,103318.44,9,2,Spain,Female,1,1,0,0,0,0,0,0.033935510792218015,0,0,3
15590349,36,732,0.0,3749.0,9,1,France,Female,0,0,1,0,0,0,0,0.03394419519073533,0,0,2
15635097,39,599,188976.89,176142.09,2,2,Germany,Male,1,0,0,0,0,0,0,0.03394747293249856,0,0,0
15665327,18,706,176139.5,129654.22,2,2,France,Male,0,1,0,0,0,0,0,0.03395719336398251,0,0,1
15758775,34,820,97208.46,59553.34,10,1,Spain,Male,1,1,0,0,0,0,0,0.0339601470380112,0,0,2
15798824,38,671,92674.94,3647.57,0,2,Spain,Male,0,1,0,0,0,0,0,0.033961920003386936,0,0,0
15664668,42,534,144801.97,12483.39,9,1,France,Female,1,0,1,0,0,0,0,0.033964867399018384,0,0,2
15782550,41,490,139659.04,176254.12,0,1,Germany,Female,1,1,0,0,0,0,0,0.03397090005966774,0,0,0
15743714,46,468,91443.75,10958.18,7,1,France,Male,0,1,0,0,0,0,0,0.03398556904116967,0,0,2
15737832,45,771,139825.56,170984.97,0,1,Spain,Male,0,0,1,0,0,0,0,0.033991230642122616,0,0,0
15651581,68,758,112595.85,35865.44,6,1,Germany,Male,0,1,1,0,0,0,0,0.03402113830918696,0,0,3
15641773,45,580,179334.83,169303.65,2,2,Germany,Male,1,1,0,0,0,0,0,0.03404310023406476,0,0,0
15736534,33,742,181656.51,107667.91,0,1,Germany,Male,1,1,0,0,0,0,0,0.03406886259409703,0,0,0
15811389,35,724,171982.95,167313.07,0,2,Germany,Female,1,0,0,0,0,0,0,0.034070788791958795,0,0,0
15779182,46,790,182364.53,139266.48,8,1,Spain,Male,0,0,1,0,0,0,0,0.034135831378590664,0,0,2
15794360,70,592,71816.74,105096.82,5,2,Germany,Female,0,1,1,0,0,0,0,0.03414394287234179,0,0,3
15779522,24,736,0.0,109355.73,0,2,France,Female,0,1,1,0,0,0,0,0.03417457556742942,0,0,1
15576352,57,586,0.0,6057.81,3,2,Spain,Female,1,0,0,0,0,0,0,0.034188799886906596,0,0,3
15649078,27,850,111837.78,110805.79,8,2,Germany,Female,1,1,0,0,0,0,0,0.034225636085941424,0,0,1
15707114,30,831,0.0,3430.38,2,2,France,Male,1,0,0,0,0,0,0,0.03423611532565096,0,0,1
15639415,35,850,162442.35,183566.78,3,1,France,Male,0,1,0,0,0,0,0,0.034240854202045146,0,0,0
15665008,26,805,42712.87,28861.69,8,2,Germany,Female,1,1,0,0,0,0,0,0.034272901095064756,0,0,1
15570194,29,412,0.0,12510.53,5,2,France,Male,0,0,0,0,0,0,0,0.03428011435347711,0,0,1
15662751,40,655,81954.6,198798.44,0,1,Germany,Female,1,1,1,0,0,0,0,0.03429246207633585,0,0,0
15711316,27,771,0.0,199527.34,2,2,France,Male,1,1,0,0,0,0,0,0.034301854796912834,0,0,1
15615330,23,651,0.0,170099.23,10,2,France,Male,1,1,0,0,0,0,0,0.0343267377498252,0,0,1
15728006,40,524,180516.9,180002.42,2,1,France,Male,0,1,0,0,0,0,0,0.03434088748478081,0,0,0
15704770,25,773,124532.78,11723.57,1,2,France,Male,1,0,0,0,0,0,0,0.03438917720144263,0,0,1
15626147,62,608,144976.5,175836.03,8,1,France,Female,0,0,1,0,0,0,0,0.034412711434566035,0,0,3
15726855,45,805,116585.97,189428.75,9,1,Germany,Female,0,1,1,0,0,0,0,0.034426317693664776,0,0,2
15700864,21,607,0.0,116106.52,0,2,France,Female,0,1,0,0,0,0,0,0.034448530649693,0,0,1
15680449,44,431,138843.7,37688.31,2,1,Germany,Female,0,1,1,0,0,0,0,0.03448338228248726,0,0,0
15662884,58,739,110597.76,160122.66,1,1,Germany,Male,1,0,1,0,0,0,0,0.03448985095721635,0,0,3
15612139,33,786,83036.05,154990.58,0,1,France,Female,1,0,1,0,0,0,0,0.03449123223163919,0,0,0
15713370,36,657,188241.05,183058.51,8,2,Spain,Male,0,0,1,0,0,0,0,0.03450753185509503,0,0,2
15648047,27,742,190125.43,21793.59,5,2,Germany,Male,0,0,0,0,0,0,0,0.03451639370170023,0,0,1
15654106,26,604,149542.52,197911.52,8,2,France,Male,1,0,0,0,0,0,0,0.03454576812898735,0,0,1
15685314,28,850,0.0,38773.74,2,2,France,Female,1,1,0,0,0,0,0,0.03455502122989529,0,0,1
15685279,57,511,122950.31,181258.76,8,1,Spain,Female,1,1,0,0,0,0,0,0.034570343541380555,0,0,3
15624703,35,550,129847.75,197325.4,9,2,Germany,Male,0,1,0,0,0,0,0,0.03461378985056296,0,0,2
15770255,33,797,83555.58,69767.14,10,1,Germany,Female,0,0,0,0,0,0,0,0.034641218301786125,0,0,2
15702095,56,585,128472.8,186476.91,1,1,Spain,Female,0,1,1,0,0,0,0,0.03465634398211159,0,0,3
15800514,24,477,95675.62,162699.7,2,2,Germany,Female,0,0,1,0,0,0,0,0.03467980396301806,0,0,1
15780746,61,705,0.0,191313.7,4,2,France,Male,1,1,0,0,0,0,0,0.03471429913127311,0,0,3
15731755,49,680,0.0,187008.45,10,2,France,Male,0,1,0,0,0,0,0,0.03471497613673402,0,0,2
15578671,29,706,209490.21,133267.69,1,1,Spain,Female,1,1,1,0,0,0,0,0.034732684066694164,0,0,1
15705777,49,710,129164.88,193266.72,10,1,Germany,Male,1,1,0,0,0,0,0,0.034745923919245914,0,0,2
15569892,35,516,57369.61,101699.77,10,1,France,Male,1,1,0,0,0,0,0,0.03477391015441855,0,0,2
15800805,31,451,140931.82,20388.77,7,1,France,Female,1,0,0,0,0,0,0,0.034813234167717644,0,0,2
15799480,34,600,0.0,3756.23,0,2,France,Male,1,0,0,0,0,0,0,0.0348253247133381,0,0,0
15743893,42,471,164951.56,190531.77,3,1,France,Male,0,1,0,0,0,0,0,0.034839805850553573,0,0,0
15733234,58,777,0.0,62449.07,4,1,France,Female,1,1,1,0,0,0,0,0.03483996062622341,0,0,3
15696371,24,812,92476.88,83247.14,1,1,Spain,Female,0,0,0,0,0,0,0,0.03486605980746693,0,0,1
15632503,32,563,148326.09,191604.27,0,1,France,Female,0,1,1,0,0,0,0,0.034900188455165404,0,0,0
15738148,51,465,122522.32,181297.65,8,1,France,Female,0,0,1,0,0,0,0,0.034913898122615694,0,0,3
15791851,34,726,185734.75,102036.82,0,1,France,Female,1,1,0,0,0,0,0,0.03491741737097065,0,0,0
15677135,61,520,133802.29,90304.01,8,2,Germany,Male,1,1,0,0,0,0,0,0.03492630846265299,0,0,3
15763327,32,835,124993.29,27548.06,8,2,France,Male,1,1,0,0,0,0,0,0.0349357375321252,0,0,2
15599301,28,538,164365.44,5698.97,6,1,Germany,Female,1,0,0,0,0,0,0,0.0349818477917625,0,0,1
15807993,30,588,110148.49,5790.9,0,1,Germany,Female,0,1,1,0,0,0,0,0.035049297457728334,0,0,1
15654531,22,477,82559.42,163112.9,5,2,France,Male,0,0,1,0,0,0,0,0.035061035866843504,0,0,1
15635125,63,566,120787.18,52198.84,2,2,Spain,Male,1,1,0,0,0,0,0,0.03507289745597386,0,0,3
15769586,49,820,0.0,119087.25,1,2,France,Female,1,1,0,0,0,0,0,0.03508600505669912,0,0,0
15609011,47,480,75408.33,25887.89,8,1,Spain,Male,0,1,1,0,0,0,0,0.035121520899280445,0,0,2
15568162,53,527,0.0,51711.57,8,1,Spain,Male,1,1,0,0,0,0,0,0.03516924864759308,0,0,3
15601012,60,802,92887.06,39473.63,3,1,France,Female,0,1,1,0,0,0,0,0.035240041673343714,0,0,3
15794580,58,599,0.0,176407.15,4,1,France,Male,0,0,1,0,0,0,0,0.035241366014060915,0,0,3
15665956,46,509,0.0,71244.59,1,1,France,Female,0,1,1,0,0,0,0,0.03526249165855899,0,0,0
15790683,36,850,104077.19,68594.0,1,2,France,Male,1,0,0,0,0,0,0,0.035277239721414944,0,0,0
15717156,30,520,143396.54,898.51,3,2,France,Male,1,1,0,0,0,0,0,0.035288907675803616,0,0,1
15788218,24,549,0.0,14406.41,9,2,Spain,Female,1,1,0,0,0,0,0,0.03531036372411722,0,0,1
15802362,45,550,0.0,70399.71,0,2,Spain,Male,1,0,0,0,0,0,0,0.03533062643289964,0,0,0
15722701,18,594,132694.73,167689.56,1,1,Germany,Male,0,1,0,0,0,0,0,0.03535007549373104,0,0,1
15653275,54,785,0.0,45113.92,1,2,Spain,Female,0,1,1,0,0,0,0,0.03536123670653224,0,0,3
15668248,62,528,133201.17,168507.68,7,1,Germany,Female,0,0,1,0,0,0,0,0.035382101528029675,0,0,3
15784130,30,850,154870.28,54191.38,8,1,Germany,Female,1,1,0,0,0,0,0,0.035440203311713714,0,0,1
15652400,56,667,168883.08,18897.78,2,1,Spain,Male,1,0,0,0,0,0,0,0.035502386949370135,0,0,3
15648794,57,836,101247.06,37141.62,4,1,Spain,Male,0,1,1,0,0,0,0,0.03551048502665366,0,0,3
15711352,31,841,162701.65,126794.56,3,2,France,Female,1,1,0,0,0,0,0,0.03554041532899754,0,0,0
15591107,68,723,110357.0,141977.54,3,1,Germany,Female,0,0,1,0,0,0,0,0.03554800313579776,0,0,3
15616172,31,838,0.0,8222.96,2,2,France,Male,0,1,0,0,0,0,0,0.035589442525960524,0,0,0
15680752,49,675,0.0,80496.71,0,1,France,Female,1,1,1,0,0,0,0,0.03561834739521197,0,0,0
15753110,64,720,45752.78,79623.28,3,2,Spain,Male,0,1,1,0,0,0,0,0.03564991537248985,0,0,3
15665077,43,598,0.0,100722.72,5,3,France,Female,1,1,1,0,0,0,0,0.03566228290215312,0,0,0
15611191,37,505,122453.97,52693.99,10,2,Germany,Female,1,1,0,0,0,0,0,0.03567725343704509,0,0,2
15605293,43,559,0.0,196645.87,1,2,France,Female,1,1,0,0,0,0,0,0.03571102134941084,0,0,0
15753079,41,612,0.0,151256.22,5,3,France,Male,0,0,0,0,0,0,0,0.03571191979432509,0,0,0
15799300,31,510,113688.63,33099.41,0,1,Germany,Male,0,1,1,0,0,0,0,0.0357787244425295,0,0,0
15754577,51,556,61354.14,198810.65,8,1,France,Female,0,1,1,0,0,0,0,0.035905278118173345,0,0,3
15660524,54,572,97382.53,195771.95,9,1,Germany,Female,1,1,0,0,0,0,0,0.035908951180098625,0,0,3
15607301,63,651,129968.67,11830.53,8,1,Spain,Female,1,1,0,0,0,0,0,0.03593045613060386,0,0,3
15665158,27,813,137275.36,115733.16,1,1,Spain,Male,1,0,0,0,0,0,0,0.03598052233692617,0,0,1
15722010,53,621,170491.84,35588.07,9,1,Spain,Male,0,1,1,0,0,0,0,0.03598842843940686,0,0,3
15657085,23,578,88980.32,125222.36,10,1,France,Male,1,1,0,0,0,0,0,0.03600837066739038,0,0,1
15710687,33,593,95927.04,199478.05,0,1,France,Female,0,1,0,0,0,0,0,0.03602478193705949,0,0,0
15713347,48,577,179852.26,193580.32,6,1,Spain,Male,0,1,0,0,0,0,0,0.036073171416871164,0,0,2
15579526,42,551,50194.59,23399.58,1,1,France,Male,1,1,0,0,0,0,0,0.03611262645012947,0,0,0
15617482,52,489,131441.51,37240.11,1,1,Germany,Female,0,1,1,0,0,0,0,0.03616577630233164,0,0,3
15587978,37,455,170057.62,54398.56,6,1,Germany,Female,1,0,0,0,0,0,0,0.03617364121436217,0,0,2
15766826,26,824,146266.0,21903.62,7,1,France,Male,0,1,1,0,0,0,0,0.03627286782634109,0,0,1
15763895,32,536,178011.5,22375.14,7,2,France,Male,0,1,0,0,0,0,0,0.036309690790843896,0,0,2
15796218,29,814,131968.57,147693.92,1,2,Germany,Male,1,1,0,0,0,0,0,0.03632312376677327,0,0,1
15745295,31,727,0.0,121751.04,0,1,Spain,Female,0,1,1,0,0,0,0,0.03635706195479094,0,0,0
15676519,61,615,0.0,150227.85,9,2,Spain,Male,0,1,1,0,0,0,0,0.03636737203532414,0,0,3
15637593,20,722,0.0,195486.28,6,2,France,Male,0,1,0,0,0,0,0,0.03640261062480443,0,0,1
15653547,56,850,131317.48,119175.45,7,1,France,Male,1,1,0,0,0,0,0,0.03641271411457736,0,0,3
15682533,39,850,79259.99,186910.74,7,1,France,Female,1,0,0,0,0,0,0,0.03644307262423374,0,0,2
15577398,30,850,86449.39,188809.23,6,1,France,Male,1,1,0,0,0,0,0,0.03644614755539366,0,0,1
15743760,31,850,131996.66,178747.43,6,2,France,Male,1,1,0,0,0,0,0,0.03644882208854361,0,0,2
15663263,47,698,156265.31,1055.66,5,2,France,Male,0,0,0,0,0,0,0,0.036535075714784426,0,0,2
15792646,64,647,91216.0,41800.18,1,1,Spain,Female,1,1,0,0,0,0,0,0.036577639511613635,0,0,3
15620204,57,543,106138.33,120657.32,1,2,Germany,Female,1,1,1,0,0,0,0,0.03660876173637251,0,0,3
15614420,32,531,109570.21,172049.84,0,2,Germany,Female,1,1,0,0,0,0,0,0.036645888532672366,0,0,0
15793070,41,494,69974.66,188426.13,2,2,Spain,Female,0,1,1,0,0,0,0,0.03669255909366054,0,0,0
15646513,42,803,0.0,196466.83,5,1,France,Male,0,1,1,0,0,0,0,0.03670260046119245,0,0,2
15576745,48,769,96542.16,197885.72,2,2,France,Male,1,0,0,0,0,0,0,0.0367341734340525,0,0,0
15680587,23,834,131254.81,20199.3,4,1,France,Male,0,1,0,0,0,0,0,0.03676686573248977,0,0,1
15653595,51,796,0.0,194733.28,6,2,France,Male,1,0,0,0,0,0,0,0.03678503697466984,0,0,3
15605950,23,530,137060.88,165227.23,1,2,Germany,Male,1,1,0,0,0,0,0,0.03685573886261173,0,0,1
15639049,31,489,139395.08,6120.84,7,1,France,Female,1,0,0,0,0,0,0,0.03692104333209412,0,0,2
15732113,50,671,0.0,2560.11,8,1,Spain,Male,1,0,0,0,0,0,0,0.036936951537972496,0,0,2
15628292,32,850,156001.68,151677.31,4,2,France,Male,1,1,0,0,0,0,0,0.036940857529424664,0,0,0
15686099,61,563,82182.1,106826.92,1,1,Spain,Male,0,1,1,0,0,0,0,0.036962759720816196,0,0,3
15678626,31,538,0.0,179453.66,0,2,Spain,Female,0,0,0,0,0,0,0,0.036980495263690405,0,0,0
15761487,55,678,0.0,196794.11,5,1,France,Female,1,0,1,0,0,0,0,0.03698889267111494,0,0,3
15579647,42,682,0.0,160828.98,0,1,France,Male,1,1,0,0,0,0,0,0.036992066519483724,0,0,0
15650591,50,809,118098.62,100720.02,10,1,Germany,Male,1,1,1,0,0,0,0,0.0370340715699754,0,0,2
15602456,47,850,99219.47,122141.13,4,2,Germany,Female,1,1,0,0,0,0,0,0.03704276455357436,0,0,0
15646190,56,677,119963.45,158325.87,0,1,France,Female,0,0,1,0,0,0,0,0.03706367484664286,0,0,3
15694859,28,751,132932.14,46630.47,10,2,Germany,Female,1,1,0,0,0,0,0,0.03711036361447417,0,0,1
15574169,32,595,92466.21,4721.3,0,1,Germany,Female,0,1,0,0,0,0,0,0.03712340538439307,0,0,0
15751491,50,443,117206.3,42840.18,3,1,Germany,Male,0,1,1,0,0,0,0,0.037133993096853835,0,0,0
15669782,39,820,111336.89,16770.31,9,1,Germany,Male,0,1,1,0,0,0,0,0.03715303000307146,0,0,2
15593468,33,850,0.0,11159.19,3,2,France,Female,1,1,0,0,0,0,0,0.03715789641528722,0,0,0
15713843,30,850,0.0,27937.12,2,2,Spain,Male,1,0,0,0,0,0,0,0.037182985683639425,0,0,1
15691910,30,663,0.0,101371.05,4,3,Spain,Male,0,1,0,0,0,0,0,0.03723047374613664,0,0,1
15791533,42,367,93608.28,168816.73,6,1,Spain,Male,0,1,1,0,0,0,0,0.037271481905975845,0,0,2
15809847,46,668,0.0,29388.02,0,2,France,Male,0,0,0,0,0,0,0,0.03730539238532515,0,0,0
15650933,48,490,155413.06,187921.3,8,1,Spain,Female,0,1,0,0,0,0,0,0.03733977818471901,0,0,2
15761763,33,845,164385.53,150664.97,8,1,France,Male,0,1,0,0,0,0,0,0.03736592373236791,0,0,2
15634772,59,682,122661.39,84803.76,0,1,Spain,Female,1,0,0,0,0,0,0,0.03740346361195468,0,0,3
15629846,47,827,143001.5,108977.5,8,2,Germany,Female,0,1,0,0,0,0,0,0.037406124892583215,0,0,2
15729771,31,799,154586.92,88604.89,9,1,Germany,Male,1,0,1,0,0,0,0,0.03747618445310674,0,0,2
15765287,38,850,0.0,9015.07,2,2,France,Female,0,1,0,0,0,0,0,0.037501645066812084,0,0,0
15671172,23,623,106012.2,191415.94,1,2,France,Male,1,0,0,0,0,0,0,0.03750502894642482,0,0,1
15595831,64,579,145215.43,164083.72,6,1,Germany,Female,1,1,0,0,0,0,0,0.03753558820178271,0,0,3
15808023,29,836,133681.78,153747.73,9,1,France,Female,1,1,0,0,0,0,0,0.03754484132301783,0,0,1
15702138,22,510,156834.34,44374.44,3,1,France,Female,0,0,0,0,0,0,0,0.037549096383448055,0,0,1
15648989,37,850,126872.6,197266.58,4,1,France,Male,0,1,0,0,0,0,0,0.03756147716268621,0,0,0
15585928,31,821,68927.57,25445.0,2,1,Germany,Female,1,1,0,0,0,0,0,0.0375676386511995,0,0,0
15571928,43,679,0.0,115136.51,4,3,France,Female,0,1,1,0,0,0,0,0.037571912785065,0,0,0
15768201,39,850,148586.64,176791.27,2,1,France,Female,1,1,0,0,0,0,0,0.0375857138001684,0,0,0
15715047,43,640,172478.15,191084.4,9,1,Spain,Male,0,1,1,0,0,0,0,0.03760516339482889,0,0,2
15689061,68,611,82547.11,146448.01,5,2,France,Male,1,1,0,0,0,0,0,0.0376098467717515,0,0,3
15619465,24,555,0.0,197866.55,2,2,Spain,Female,1,0,0,0,0,0,0,0.03764386707945799,0,0,1
15756926,29,833,96462.25,48986.18,1,2,Germany,Male,1,0,0,0,0,0,0,0.037652659373072384,0,0,1
15588614,57,753,0.0,159475.08,7,1,France,Male,0,1,1,0,0,0,0,0.037657644898426046,0,0,3
15569452,58,652,116353.2,193502.9,3,2,Germany,Female,1,0,0,0,0,0,0,0.03767330961769644,0,0,3
15725355,43,439,0.0,104889.3,8,1,France,Female,1,0,0,0,0,0,0,0.037673522771584866,0,0,2
15618774,54,474,0.0,108409.17,3,1,France,Male,0,1,1,0,0,0,0,0.03768711381770873,0,0,3
15754537,40,748,0.0,60416.76,0,1,France,Male,0,0,0,0,0,0,0,0.03771256694870162,0,0,0
15614302,31,699,125837.86,189392.66,10,2,Germany,Female,0,1,0,0,0,0,0,0.03771318351272934,0,0,2
15738751,46,493,0.0,1907.66,4,2,France,Female,0,1,0,0,0,0,0,0.03775666965226099,0,0,0
15770091,28,643,160858.13,27149.27,9,2,Germany,Male,0,1,0,0,0,0,0,0.03777000320754431,0,0,1
15608114,62,587,121286.27,6776.92,7,1,Spain,Male,1,0,0,0,0,0,0,0.03780269742609277,0,0,3
15596339,54,422,140014.42,86350.97,3,1,France,Male,1,0,0,0,0,0,0,0.03782801106750777,0,0,3
15806486,48,705,0.0,149772.61,0,2,France,Female,0,0,0,0,0,0,0,0.037860382575889195,0,0,0
15741094,21,693,0.0,3494.02,1,2,France,Male,1,1,0,0,0,0,0,0.03788414006237972,0,0,1
15707078,26,577,180530.51,123454.62,1,1,France,Female,0,0,0,0,0,0,0,0.03792206991263691,0,0,1
15567860,44,581,189318.16,45026.23,7,2,Spain,Female,0,1,1,0,0,0,0,0.03792788121381463,0,0,2
15621815,40,803,165526.71,12328.08,6,1,France,Female,0,1,0,0,0,0,0,0.03797175055938207,0,0,2
15714874,42,850,0.0,176883.42,3,2,France,Female,1,1,0,0,0,0,0,0.03799775967889629,0,0,0
15695499,45,510,103821.47,77878.62,10,2,France,Female,1,0,0,0,0,0,0,0.038007054715843536,0,0,2
15658339,37,795,139265.63,198745.94,2,2,Germany,Male,1,1,0,0,0,0,0,0.038008398608419425,0,0,0
15806389,55,549,137592.31,116548.02,1,2,Germany,Female,1,0,1,0,0,0,0,0.038079181023078945,0,0,3
15733297,38,518,84764.79,162253.9,10,1,France,Female,1,1,0,0,0,0,0,0.038093676981503455,0,0,2
15576945,29,582,0.0,142516.35,0,1,France,Male,0,1,0,0,0,0,0,0.038100649426551336,0,0,1
15693893,59,684,122471.09,15807.07,9,1,Germany,Male,1,0,0,0,0,0,0,0.03810452850295243,0,0,3
15621653,29,716,87946.39,182531.74,10,1,France,Female,1,1,0,0,0,0,0,0.038111027022077804,0,0,1
15800251,26,583,72835.56,96792.15,10,2,Germany,Female,0,1,0,0,0,0,0,0.03813740184968206,0,0,1
15683544,62,626,0.0,65010.74,3,1,Spain,Male,1,1,0,0,0,0,0,0.03814970760503755,0,0,3
15679663,36,488,0.0,136675.22,0,2,France,Female,0,1,0,0,0,0,0,0.038174027277489864,0,0,0
15747534,46,595,0.0,73489.15,10,1,France,Male,0,1,1,0,0,0,0,0.038184568623771176,0,0,2
15798749,43,845,152063.59,97910.06,3,2,Germany,Female,0,1,0,0,0,0,0,0.03818690500498767,0,0,0
15766776,41,576,0.0,188274.6,1,1,France,Male,1,1,0,0,0,0,0,0.038211521969639284,0,0,0
15743871,59,567,0.0,25843.7,3,2,France,Male,0,1,1,0,0,0,0,0.038258742661928746,0,0,3
15762172,39,850,0.0,179451.42,2,2,France,Female,0,1,0,0,0,0,0,0.03825978428189758,0,0,0
15795124,50,726,94504.35,5078.9,9,1,Germany,Male,1,0,0,0,0,0,0,0.03827502446669284,0,0,2
15751455,48,469,0.0,160529.71,5,1,France,Female,0,1,1,0,0,0,0,0.0382878376467235,0,0,0
15661409,42,542,0.0,178256.58,1,1,France,Female,1,1,1,0,0,0,0,0.038295772708407005,0,0,0
15589969,34,850,0.0,52796.31,6,1,France,Male,1,0,0,0,0,0,0,0.0382975389851784,0,0,2
15718893,54,404,125456.07,83715.66,4,1,Germany,Female,0,1,1,0,0,0,0,0.03830972944023525,0,0,3
15766734,31,430,0.0,95655.16,5,1,France,Male,0,1,0,0,0,0,0,0.038313513886373496,0,0,0
15738181,31,850,67996.23,50129.87,6,2,France,Male,0,0,1,0,0,0,0,0.038320444496484196,0,0,2
15572735,27,433,0.0,153698.65,2,2,Spain,Male,1,1,0,0,0,0,0,0.03832688019326613,0,0,1
15704284,57,736,95295.39,28434.44,9,1,Germany,Male,0,1,1,0,0,0,0,0.03836504349749492,0,0,3
15728829,18,509,102983.91,171770.58,7,1,France,Male,0,1,0,0,0,0,0,0.038380922865417944,0,0,1
15807045,37,829,103457.76,1114.12,3,1,Germany,Female,0,0,0,0,0,0,0,0.03840888498962902,0,0,0
15811690,54,793,128966.13,18633.4,2,1,Germany,Male,0,0,1,0,0,0,0,0.03842997843036622,0,0,3
15701605,37,815,166115.42,67208.3,1,1,France,Male,0,1,0,0,0,0,0,0.03846623296885987,0,0,0
15738907,60,798,96956.1,31907.44,6,1,France,Female,0,1,1,0,0,0,0,0.03847219215855524,0,0,3
15706071,39,528,127631.62,22197.8,0,1,Germany,Male,1,0,1,0,0,0,0,0.03851020436451724,0,0,0
15709523,30,525,157989.21,100687.67,0,2,Germany,Female,1,1,0,0,0,0,0,0.03853227268157189,0,0,1
15661723,71,667,137260.78,94433.08,4,1,Spain,Male,1,0,1,0,1,0,0,0.03861709523630541,0,0,3
15569438,36,607,106702.94,198313.69,10,2,Germany,Male,0,0,0,0,0,0,0,0.03866488896820475,0,0,2
15730488,27,516,0.0,112311.15,1,1,Spain,Female,1,0,0,0,0,0,0,0.03868195285921816,0,0,1
15710743,47,621,0.0,133831.37,0,1,France,Male,1,1,1,0,0,0,0,0.038701809756159666,0,0,0
15812616,49,707,0.0,82967.97,10,1,France,Female,0,1,1,0,0,0,0,0.03871435013699842,0,0,2
15682523,20,762,139432.55,85606.83,1,1,France,Male,1,1,0,0,0,0,0,0.03878265375978751,0,0,1
15760085,48,684,126384.42,198129.36,10,1,Germany,Female,1,1,0,0,0,0,0,0.03883114914916741,0,0,2
15579617,51,489,0.0,174098.28,3,2,France,Female,1,0,1,0,0,0,0,0.0388394029391913,0,0,3
15809823,19,491,125860.2,129690.5,2,1,Germany,Male,0,0,0,0,0,0,0,0.03884642102258562,0,0,1
15588695,32,833,0.0,44323.22,6,1,Spain,Male,1,1,1,0,0,0,0,0.038867134221170385,0,0,2
15683841,41,555,113270.2,185387.14,10,2,Germany,Male,1,1,0,0,0,0,0,0.038882120423301525,0,0,2
15648881,40,581,101016.53,7926.35,0,1,Germany,Male,1,0,1,0,0,0,0,0.038886261532615984,0,0,0
15806964,45,702,80793.58,27474.81,0,1,France,Male,1,1,0,0,0,0,0,0.03889994385467366,0,0,0
15674526,66,725,86459.8,141476.56,4,1,France,Male,1,1,0,0,0,0,0,0.038941975535352946,0,0,3
15745030,41,809,79706.25,165675.01,1,2,Germany,Male,0,1,0,0,0,0,0,0.038981606285985015,0,0,0
15599131,26,650,214346.96,128815.33,4,2,Germany,Male,0,1,0,0,0,0,0,0.03898324166365763,0,0,1
15602851,40,629,0.0,106.67,9,1,France,Male,0,1,0,0,0,0,0,0.03899877541899144,0,0,2
15674678,43,731,79120.27,548.52,9,1,Germany,Female,0,0,1,0,0,0,0,0.03901918110974778,0,0,2
15729201,55,682,0.0,153356.8,9,1,France,Male,0,1,1,0,0,0,0,0.03902913105423245,0,0,3
15672432,53,594,0.0,5408.74,4,1,France,Female,0,1,1,0,0,0,0,0.039042185640937865,0,0,3
15628523,24,539,0.0,198161.07,3,2,France,Female,1,1,0,0,0,0,0,0.039044970777751375,0,0,1
15586300,66,615,0.0,74580.8,7,2,France,Male,1,1,0,0,0,0,0,0.03907041723679339,0,0,3
15783225,54,737,0.0,83470.4,9,1,France,Male,0,1,1,0,0,0,0,0.03909784925149551,0,0,3
15617401,22,468,0.0,28123.99,2,2,France,Male,0,1,0,0,0,0,0,0.03910942434528786,0,0,1
15732430,54,850,120952.74,66963.15,4,1,Spain,Female,0,1,0,0,0,0,0,0.039120986997507656,0,0,3
15580579,40,490,0.0,49594.19,1,1,France,Female,1,1,1,0,0,0,0,0.039149905779724214,0,0,0
15639368,25,732,110942.9,172576.56,0,1,France,Male,0,0,0,0,0,0,0,0.0391546469152696,0,0,1
15677387,33,749,76692.22,30396.43,10,1,Germany,Female,1,0,0,0,0,0,0,0.03918369602137173,0,0,2
15722548,48,540,148116.48,116973.48,0,1,France,Male,0,0,0,0,0,0,0,0.03918710188997565,0,0,0
15812945,29,582,0.0,84012.81,0,1,France,Female,1,1,0,0,0,0,0,0.03919025228332462,0,0,1
15790455,50,478,0.0,93332.64,2,1,France,Female,1,0,1,0,0,0,0,0.03919939939599715,0,0,0
15757931,24,804,0.0,173195.33,3,2,France,Male,0,1,0,0,0,0,0,0.03920964043871389,0,0,1
15737627,20,589,121093.29,3529.72,2,2,Germany,Female,0,1,0,0,0,0,0,0.03924027567935717,0,0,1
15636756,23,545,0.0,189613.12,2,2,France,Male,0,1,0,0,0,0,0,0.03926461393894465,0,0,1
15747974,49,614,0.0,192440.54,1,2,France,Male,0,1,0,0,0,0,0,0.039294904510674966,0,0,0
15574761,41,466,33563.95,178994.13,3,2,France,Female,0,1,1,0,0,0,0,0.039306963637034786,0,0,0
15795079,67,596,0.0,138350.74,6,2,Spain,Male,1,1,0,0,0,0,0,0.039319496496524,0,0,3
15782360,65,743,131935.51,96399.67,2,1,Germany,Male,1,1,1,0,0,0,0,0.039326289649695756,0,0,3
15682489,27,605,0.0,198091.81,9,2,France,Male,0,1,0,0,0,0,0,0.0393450537822998,0,0,1
15594720,35,460,102742.91,189339.6,8,2,Germany,Female,1,1,0,0,0,0,0,0.03940665762579776,0,0,2
15659736,66,716,121411.9,10070.4,5,1,Germany,Male,0,0,1,0,0,0,0,0.03941110451206531,0,0,3
15707120,46,850,117640.39,88920.68,9,1,France,Male,0,1,0,0,0,0,0,0.03942370674924034,0,0,2
15626141,26,750,151510.17,19921.72,1,2,France,Female,1,1,0,0,0,0,0,0.03945662392890936,0,0,1
15747878,60,739,0.0,51637.67,4,1,Spain,Male,1,1,0,0,0,0,0,0.03950885082297717,0,0,3
15743498,52,532,137755.76,163191.99,9,1,Germany,Male,0,1,1,0,0,0,0,0.03951553560186283,0,0,3
15663312,35,494,112727.06,183752.91,9,2,France,Female,0,1,0,0,0,0,0,0.039539176818267796,0,0,2
15650026,44,513,63562.02,52629.73,1,2,France,Male,1,0,1,0,0,0,0,0.039557406309047805,0,0,0
15578825,29,734,139994.66,17744.72,0,1,France,Female,0,1,0,0,0,0,0,0.03956595135103058,0,0,1
15657779,18,806,0.0,86994.54,3,2,Spain,Male,1,1,0,0,0,0,0,0.039570207942531965,0,0,1
15786454,55,552,0.0,40333.94,3,1,Spain,Male,1,1,0,0,0,0,0,0.0395795576922231,0,0,3
15760662,29,521,87212.8,994.86,2,1,Germany,Female,1,1,0,0,0,0,0,0.039580246879673764,0,0,1
15689344,42,615,0.0,120321.09,4,3,Spain,Male,1,0,0,0,0,0,0,0.03961074188522917,0,0,0
15809906,26,558,148853.29,24411.02,1,2,Germany,Male,1,1,0,0,0,0,0,0.03963330346082594,0,0,1
15682868,40,850,99816.46,163989.66,9,1,France,Female,1,1,1,0,0,0,0,0.03967967467830813,0,0,2
15571221,58,747,116313.57,190696.35,7,1,Germany,Male,1,1,1,0,0,0,0,0.039694245370113346,0,0,3
15681332,43,437,0.0,148330.97,6,1,France,Female,0,1,1,0,0,0,0,0.03969719982556852,0,0,2
15636428,45,703,0.0,182784.11,1,1,Spain,Female,0,1,1,0,0,0,0,0.03970456022605773,0,0,0
15787168,28,819,168253.21,102799.14,8,1,Spain,Female,1,1,0,0,0,0,0,0.039717690599224476,0,0,1
15719931,31,850,0.0,178667.7,8,2,France,Male,0,1,0,0,0,0,0,0.03973952863126118,0,0,2
15790412,26,471,0.0,179655.87,8,2,Spain,Male,1,1,0,0,0,0,0,0.03975344421018434,0,0,1
15604536,31,850,164672.66,61936.1,4,1,Germany,Female,1,0,0,0,0,0,0,0.03978184833326792,0,0,0
15636105,61,758,0.0,43982.41,2,2,Spain,Male,1,1,0,0,0,0,0,0.039793812898240244,0,0,3
15755978,31,606,0.0,195209.4,10,2,France,Male,0,1,0,0,0,0,0,0.03982902431342228,0,0,2
15639788,39,577,0.0,10553.31,10,2,France,Female,0,1,0,0,0,0,0,0.03985865036233227,0,0,2
15585100,40,511,124401.6,198814.24,9,1,Germany,Female,0,1,1,0,0,0,0,0.03986380807899648,0,0,2
15579892,19,708,112615.86,4491.77,7,1,Spain,Male,1,1,0,0,0,0,0,0.03987796805800303,0,0,1
15803801,34,454,0.0,198817.72,4,2,France,Male,0,1,0,0,0,0,0,0.039931625812586025,0,0,0
15629793,28,652,156823.7,198251.52,8,2,Spain,Male,0,1,0,0,0,0,0,0.03994433758134763,0,0,1
15692929,42,791,113657.41,139946.68,10,2,Germany,Female,1,0,1,0,0,0,0,0.03994442679317334,0,0,2
15790744,34,850,92899.27,97465.89,9,2,France,Female,0,1,0,0,0,0,0,0.03995350797122865,0,0,2
15607178,38,850,54901.01,140075.55,3,1,Germany,Male,1,1,0,0,0,0,0,0.0399743623421025,0,0,0
15714634,26,837,89900.24,175477.03,4,2,France,Male,0,1,0,0,0,0,0,0.03998241521921131,0,0,1
15793425,33,560,0.0,183358.21,9,1,Spain,Female,1,0,0,0,0,0,0,0.04000267017185666,0,0,2
15610643,44,435,151739.65,167461.5,3,1,Germany,Male,0,1,0,0,0,0,0,0.040015720904263974,0,0,0
15724334,22,529,0.0,151169.83,5,1,France,Male,0,1,0,0,0,0,0,0.040020978978143606,0,0,1
15797165,56,703,0.0,85547.33,9,1,France,Male,0,0,1,0,0,0,0,0.040022548825654924,0,0,3
15809347,32,763,160680.41,30886.35,9,1,Germany,Male,0,1,0,0,0,0,0,0.040025058768126565,0,0,2
15737133,68,706,114386.85,28601.68,4,1,Spain,Male,1,1,0,0,0,0,0,0.04004653972018901,0,0,3
15698786,39,819,133102.92,27046.46,9,1,France,Female,0,1,1,0,0,0,0,0.04009529231428666,0,0,2
15584766,33,557,54503.55,371.05,3,1,France,Male,1,1,0,0,0,0,0,0.04020223215698959,0,0,0
15778830,31,841,0.0,173240.52,2,2,France,Male,0,1,0,0,0,0,0,0.04020704903109318,0,0,0
15737782,29,562,0.0,25858.68,9,1,France,Male,1,1,0,0,0,0,0,0.04022550412037973,0,0,1
15637427,25,461,0.0,15306.29,6,2,Spain,Female,1,1,0,0,0,0,0,0.040229594478833675,0,0,1
15760988,33,667,124573.33,683.37,9,2,Germany,Male,0,0,0,0,0,0,0,0.04024799174675198,0,0,2
15604497,44,458,84386.57,178642.73,7,1,Germany,Male,0,1,0,0,0,0,0,0.0402946861110417,0,0,2
15717560,50,580,125647.36,57541.08,0,1,France,Male,0,1,1,0,0,0,0,0.040295694470294685,0,0,0
15790113,71,609,113317.1,108258.22,6,1,Germany,Female,0,1,1,0,1,0,0,0.04030476738677613,0,0,3
15787529,38,592,0.0,65986.48,0,1,Spain,Male,0,1,1,0,0,0,0,0.04032617658150128,0,0,0
15806771,40,753,3768.69,177065.24,0,2,France,Female,0,1,1,0,0,0,0,0.040330883500231174,0,0,0
15690829,49,430,137115.16,146516.86,3,1,Germany,Male,0,1,1,0,0,0,0,0.040354676224716,0,0,0
15804797,54,443,138547.97,70196.23,3,1,France,Female,1,1,1,0,0,0,0,0.04037203722579574,0,0,3
15615797,59,743,108585.35,192127.22,5,1,Germany,Male,1,1,1,0,0,0,0,0.040400561801637425,0,0,3
15694641,59,621,0.0,171364.18,2,2,Spain,Female,1,1,0,0,0,0,0,0.04040082455752314,0,0,3
15681887,33,758,129142.54,26606.28,0,2,Germany,Male,1,1,0,0,0,0,0,0.040410284835102006,0,0,0
15641298,42,512,93955.83,14828.54,9,2,Germany,Male,0,1,0,0,0,0,0,0.04042117758682462,0,0,2
15625247,34,807,0.0,114448.13,1,1,France,Female,0,0,0,0,0,0,0,0.04043343475633843,0,0,0
15626900,29,427,141325.56,93839.3,1,1,France,Male,1,1,0,0,0,0,0,0.040446157961768536,0,0,1
15588248,28,617,0.0,7597.83,0,2,France,Female,1,1,1,0,0,0,0,0.04044847133790863,0,0,1
15585287,35,842,119948.09,48217.97,9,1,Germany,Female,0,1,1,0,0,0,0,0.04045247415173814,0,0,2
15611794,61,526,133845.28,45180.8,6,2,Germany,Male,1,1,0,0,0,0,0,0.04045736925740173,0,0,3
15688409,28,742,191864.51,108457.99,2,1,France,Female,0,1,1,0,0,0,0,0.040488911143953144,0,0,1
15662483,43,850,0.0,173851.11,7,2,France,Male,1,1,0,0,0,0,0,0.040496673405914785,0,0,2
15628992,32,850,128647.98,54416.18,2,2,Germany,Male,0,0,0,0,0,0,0,0.04053716683582509,0,0,0
15712303,66,692,159732.02,118188.15,4,1,France,Male,1,1,0,0,0,0,0,0.04054186095311818,0,0,3
15594408,48,584,213146.2,75161.25,2,1,Spain,Female,0,1,1,0,0,0,0,0.040543876855984484,0,0,0
15689614,63,687,137715.66,37938.74,1,1,Spain,Female,1,1,0,0,0,0,0,0.04054555627814471,0,0,3
15615457,44,842,112652.08,126644.98,2,2,Spain,Female,0,1,0,0,0,0,0,0.04057112347415093,0,0,0
15733777,44,817,0.0,65501.91,8,1,France,Male,0,0,1,0,0,0,0,0.04058391679998208,0,0,2
15632736,30,850,104911.35,42933.26,3,2,Germany,Female,1,1,0,0,0,0,0,0.04063524669742946,0,0,1
15664772,28,489,79460.98,167973.63,1,2,Germany,Male,1,1,0,0,0,0,0,0.040678372253034834,0,0,1
15782456,46,656,143267.14,193099.43,9,2,France,Male,0,0,0,0,0,0,0,0.04072180590740071,0,0,2
15782778,35,815,0.0,198490.33,4,2,France,Male,1,0,0,0,0,0,0,0.040723781476007526,0,0,0
15785798,40,850,0.0,119232.33,9,2,France,Male,1,0,0,0,0,0,0,0.04073365072222579,0,0,2
15648069,36,850,0.0,190194.95,6,2,France,Female,1,1,0,0,0,0,0,0.04075158126221534,0,0,2
15585106,38,492,57068.43,188974.81,8,2,Germany,Female,0,1,0,0,0,0,0,0.040752906690615154,0,0,2
15797389,23,604,124577.33,7267.25,9,1,Spain,Male,1,1,0,0,0,0,0,0.04077235825435488,0,0,1
15657637,36,696,0.0,65039.9,3,3,Spain,Female,0,1,0,0,0,0,0,0.04077355700610996,0,0,0
15637522,31,507,106942.08,44001.11,0,1,France,Female,1,0,0,0,0,0,0,0.04080416926008845,0,0,0
15716728,42,513,0.0,73151.25,10,2,Spain,Female,1,0,0,0,0,0,0,0.040838437671365746,0,0,2
15637476,57,683,162448.69,9221.78,5,1,Germany,Female,0,0,1,0,0,0,0,0.040895701867599055,0,0,3
15781914,32,718,169947.41,27979.16,9,2,Germany,Male,1,1,0,0,0,0,0,0.040920618637424466,0,0,2
15790489,34,534,170600.78,5240.53,5,1,Spain,Male,1,0,0,0,0,0,0,0.040935944975400984,0,0,0
15602280,27,829,112045.67,119708.21,9,1,Germany,Female,1,1,1,0,0,0,0,0.040956706183262304,0,0,1
15767264,53,465,117438.17,74898.8,1,1,Germany,Male,0,0,1,0,0,0,0,0.04097988214024895,0,0,3
15566467,32,683,138171.1,188203.58,0,2,Germany,Female,1,1,0,0,0,0,0,0.04098179786706335,0,0,0
15759684,27,528,176227.07,139481.53,7,2,France,Female,1,0,0,0,0,0,0,0.04099959182992896,0,0,1
15705298,29,697,172693.54,141798.98,0,1,Germany,Male,0,0,0,0,0,0,0,0.0410087914153382,0,0,1
15664227,28,506,53053.76,24577.34,8,1,Germany,Male,1,0,0,0,0,0,0,0.041020860311772434,0,0,1
15633233,56,500,100374.58,118490.8,1,1,France,Male,0,1,1,0,0,0,0,0.04103744047533964,0,0,3
15603749,53,564,45472.28,41055.71,2,1,France,Female,1,1,1,0,0,0,0,0.0410399981971884,0,0,3
15621520,42,783,139707.28,2150.22,2,1,Germany,Female,0,1,0,0,0,0,0,0.04105946677166228,0,0,0
15662532,31,757,149085.9,197077.36,8,2,Germany,Male,1,1,0,0,0,0,0,0.04107108470929732,0,0,2
15733429,34,520,120018.86,343.38,8,2,Germany,Male,1,1,0,0,0,0,0,0.04107225550899052,0,0,2
15637131,38,829,0.0,30529.88,9,2,France,Male,0,1,0,0,0,0,0,0.041076482326836694,0,0,2
15655436,47,839,136911.07,168184.62,2,1,Germany,Male,1,1,1,0,0,0,0,0.04108543362921624,0,0,0
15702442,56,586,100781.75,54448.41,9,2,Germany,Female,1,1,0,0,0,0,0,0.041130201188004256,0,0,3
15651264,51,850,124425.99,118545.49,4,1,Germany,Male,0,0,1,0,0,0,0,0.04114084797200279,0,0,3
15650391,29,633,169988.35,4272.0,7,1,France,Female,0,1,0,0,0,0,0,0.04116676472233938,0,0,1
15792525,61,628,97361.66,149922.38,1,1,Germany,Female,1,1,1,0,0,0,0,0.0411686876334495,0,0,3
15568876,34,496,102723.35,180844.81,1,2,France,Female,0,1,0,0,0,0,0,0.04117692257972305,0,0,0
15697844,32,721,0.0,136119.96,10,1,Spain,Female,0,1,1,0,0,0,0,0.0412133312251568,0,0,2
15814032,31,807,93460.47,172782.69,1,2,Germany,Female,0,0,0,0,0,0,0,0.04123724518187577,0,0,0
15726250,38,508,166328.65,22614.19,3,2,France,Female,1,0,0,0,0,0,0,0.04126487175899629,0,0,0
15654959,67,670,158719.57,118607.4,6,1,Spain,Male,1,1,0,0,0,0,0,0.04126998663870429,0,0,3
15653773,38,457,164496.99,163327.27,7,1,France,Female,1,1,0,0,0,0,0,0.04133195900470099,0,0,2
15728683,27,742,0.0,131534.96,0,2,France,Male,1,0,0,0,0,0,0,0.04134614564568895,0,0,1
15662294,33,710,118327.17,192928.82,10,2,France,Male,1,1,0,0,0,0,0,0.04135926574221005,0,0,2
15774164,33,502,174673.65,33300.56,5,2,Germany,Male,0,1,0,0,0,0,0,0.04136276218905999,0,0,0
15794868,40,599,137456.28,14113.11,10,2,Germany,Male,1,1,0,0,0,0,0,0.04139966491469671,0,0,2
15731463,43,818,105301.5,78941.59,10,1,Germany,Male,1,1,0,0,0,0,0,0.041402771019928286,0,0,2
15799925,60,800,88541.57,131718.12,6,2,France,Male,1,1,0,0,0,0,0,0.04149018394718518,0,0,3
15633516,42,526,0.0,168486.02,1,1,France,Male,1,0,0,0,0,0,0,0.041495539901405976,0,0,0
15813067,45,432,110219.14,43046.7,3,1,Germany,Female,0,1,1,0,0,0,0,0.04151080160740772,0,0,0
15710161,34,850,0.0,171706.66,2,2,France,Female,1,1,0,0,0,0,0,0.041536670958364774,0,0,0
15631838,61,606,108166.09,8643.21,5,2,France,Male,1,0,0,0,0,0,0,0.041542192917962684,0,0,3
15612193,29,762,115545.33,148256.43,10,2,Spain,Male,0,1,0,0,0,0,0,0.041561719827649446,0,0,1
15724527,34,825,0.0,31933.06,9,2,France,Male,1,1,0,0,0,0,0,0.041571154366412455,0,0,2
15746076,50,506,0.0,12016.79,3,2,Spain,Male,0,1,0,0,0,0,0,0.041584919280145516,0,0,0
15770420,46,749,78136.36,73470.98,10,2,Germany,Male,1,1,0,0,0,0,0,0.04159379873465596,0,0,2
15730161,39,833,0.0,1710.89,3,2,France,Female,0,1,0,0,0,0,0,0.041627003063394175,0,0,0
15770995,47,753,131160.85,197444.69,1,1,Germany,Female,0,1,0,0,0,0,0,0.04163421094216513,0,0,0
15682914,34,850,72079.71,115767.93,2,1,France,Male,1,1,0,0,0,0,0,0.04163761197713878,0,0,0
15693877,47,811,123365.34,171995.34,3,2,France,Female,0,0,0,0,0,0,0,0.04164775588222425,0,0,0
15626012,26,459,149879.66,50016.17,4,1,France,Male,0,0,0,0,0,0,0,0.04166099896439324,0,0,1
15758726,24,588,0.0,140586.08,0,2,France,Female,1,1,0,0,0,0,0,0.041673684323784155,0,0,1
15796334,39,558,144757.02,22878.16,10,1,Germany,Male,0,1,1,0,0,0,0,0.041707687127408466,0,0,2
15585961,43,496,0.0,199505.53,3,2,Spain,Female,1,0,0,0,0,0,0,0.04172788433622554,0,0,0
15783859,24,733,161884.99,9617.24,3,1,France,Female,1,1,0,0,0,0,0,0.04175551254195753,0,0,1
15757821,18,771,0.0,41542.95,1,2,Spain,Male,0,0,0,0,0,0,0,0.04176205386029608,0,0,1
15595228,45,815,0.0,52885.23,7,1,France,Male,1,0,1,0,0,0,0,0.04182395708487241,0,0,2
15707362,43,514,95556.31,199273.98,1,1,Germany,Male,1,0,1,0,0,0,0,0.04184041408057937,0,0,0
15803337,23,648,168372.52,134676.72,9,1,France,Male,0,1,0,0,0,0,0,0.04186912984703006,0,0,1
15611331,46,511,0.0,115779.48,1,1,France,Female,1,1,1,0,0,0,0,0.04188363540595519,0,0,0
15732199,31,837,104678.62,50972.6,9,1,Spain,Male,1,0,0,0,0,0,0,0.041905662623850315,0,0,2
15707861,46,520,85216.61,117369.52,10,1,France,Female,0,1,1,0,0,0,0,0.041913485342449874,0,0,2
15744517,50,735,0.0,166677.35,9,1,Spain,Male,0,0,1,0,0,0,0,0.041923894636649695,0,0,2
15761374,54,706,117444.51,186238.85,9,1,France,Male,1,1,0,0,0,0,0,0.04192527378347011,0,0,3
15604158,39,554,0.0,18391.93,10,2,France,Female,1,1,0,0,0,0,0,0.04193251880521265,0,0,2
15612966,60,545,128981.07,176924.21,7,1,Germany,Female,1,0,1,0,0,0,0,0.04201280180698774,0,0,3
15629299,52,546,106074.89,23548.45,1,1,Germany,Female,1,1,1,0,0,0,0,0.04201797720914813,0,0,3
15808334,37,776,93124.04,196079.32,1,2,Germany,Female,1,1,0,0,0,0,0,0.042022337494820095,0,0,0
15619889,26,556,0.0,195167.38,4,1,France,Male,0,1,0,0,0,0,0,0.04207764192567365,0,0,1
15669282,20,636,124266.86,100566.81,10,1,France,Female,0,0,0,0,0,0,0,0.042102943066682275,0,0,1
15686164,31,850,108822.4,132173.31,1,1,Germany,Female,1,1,0,0,0,0,0,0.042119029497130867,0,0,0
15592300,35,543,59408.63,76773.53,10,1,Spain,Male,0,1,0,0,0,0,0,0.042128566256461775,0,0,2
15691871,42,503,153279.39,151336.96,9,1,Germany,Male,1,1,0,0,0,0,0,0.042196139369519825,0,0,2
15667751,36,487,140137.15,194073.33,1,1,Spain,Female,0,1,0,0,0,0,0,0.0421997288510324,0,0,0
15703541,51,772,143930.92,46675.51,9,1,Germany,Female,1,0,1,0,0,0,0,0.042218812392662675,0,0,3
15689692,19,598,150348.37,173784.04,3,1,Germany,Male,1,1,0,0,0,0,0,0.04224496813001588,0,0,1
15800961,52,627,76101.81,177238.35,1,2,Germany,Male,1,0,0,0,0,0,0,0.04227713484116136,0,0,3
15690330,40,830,77701.64,19512.38,8,1,Germany,Female,1,0,0,0,0,0,0,0.04228900188116547,0,0,2
15575060,24,797,0.0,182257.61,5,2,France,Male,0,1,0,0,0,0,0,0.042300014191370194,0,0,1
15690440,47,656,0.0,197961.93,1,2,Spain,Male,1,1,0,0,0,0,0,0.042306112501689364,0,0,0
15705281,38,800,0.0,78744.39,9,1,Spain,Male,0,1,0,0,0,0,0,0.04232341862004041,0,0,2
15750156,59,662,104568.41,8059.44,2,1,Germany,Male,0,1,1,0,0,0,0,0.042326979349886384,0,0,3
15613180,21,727,153344.72,163295.87,8,1,Germany,Male,1,1,0,0,0,0,0,0.04236467066607186,0,0,1
15663489,29,633,138577.34,193362.99,0,1,Germany,Female,0,1,0,0,0,0,0,0.04237778485669086,0,0,1
15680303,57,594,0.0,19376.56,6,1,France,Male,0,1,1,0,0,0,0,0.04239961731896702,0,0,3
15621457,27,850,96654.72,152740.16,6,2,France,Male,0,0,0,0,0,0,0,0.04242312252519964,0,0,1
15591607,24,770,101827.07,167256.35,9,1,France,Male,0,1,0,0,0,0,0,0.04245158724767217,0,0,1
15717138,31,850,82613.56,149170.92,6,2,Spain,Male,0,1,0,0,0,0,0,0.04246211646010234,0,0,2
15632280,53,544,0.0,125692.07,9,1,Spain,Female,0,1,1,0,0,0,0,0.04248579300260524,0,0,3
15769783,37,542,0.0,807.06,8,1,Spain,Male,1,1,0,0,0,0,0,0.042528314804127665,0,0,2
15764726,22,563,137583.04,5791.85,3,1,France,Male,1,0,0,0,0,0,0,0.04260526115202978,0,0,1
15635078,45,714,124693.48,187194.15,0,1,Spain,Male,1,0,0,0,0,0,0,0.04262188050368132,0,0,0
15661473,51,780,126725.25,195259.31,4,1,Germany,Male,0,1,1,0,0,0,0,0.04264988417397386,0,0,3
15707291,48,477,129250.0,157937.35,8,2,Germany,Male,1,1,0,0,0,0,0,0.042651670968177235,0,0,2
15726088,40,476,0.0,22735.45,6,1,France,Male,1,1,0,0,0,0,0,0.04269815913490271,0,0,2
15674868,30,696,0.0,9002.8,0,2,Spain,Female,1,1,0,0,0,0,0,0.04273036029758415,0,0,1
15614168,50,792,146710.76,16528.4,4,1,Germany,Female,0,1,1,0,0,0,0,0.04274397768266269,0,0,3
15721779,41,826,146466.46,180934.67,5,2,Spain,Male,0,0,0,0,0,0,0,0.0428080358743228,0,0,2
15739123,50,737,127552.85,4225.11,4,2,Germany,Male,0,1,0,0,0,0,0,0.04281025454070897,0,0,0
15667458,28,764,124023.18,166188.28,10,1,Germany,Male,0,1,0,0,0,0,0,0.04281648419957018,0,0,1
15634606,52,634,0.0,176913.42,1,2,Spain,Male,1,1,0,0,0,0,0,0.04283544296528419,0,0,3
15646563,35,772,0.0,25448.31,9,1,France,Female,1,0,0,0,0,0,0,0.042855759829074636,0,0,2
15659305,19,605,166133.28,107994.99,8,1,Germany,Male,1,1,0,0,0,0,0,0.04285898782948838,0,0,1
15658306,68,693,97705.99,61569.07,4,1,France,Male,1,1,0,0,0,0,0,0.04286687231812669,0,0,3
15813850,52,720,0.0,14781.12,7,1,France,Male,1,1,0,0,0,0,0,0.042871810407168365,0,0,3
15767722,39,593,117704.73,197933.5,0,1,France,Female,0,1,0,0,0,0,0,0.04289575526730505,0,0,0
15781409,28,834,0.0,74287.53,6,1,France,Female,0,1,0,0,0,0,0,0.04291112466854641,0,0,1
15647385,56,579,99340.83,4523.74,4,1,Spain,Male,0,0,1,0,0,0,0,0.04291397191360047,0,0,3
15578045,49,538,141434.04,173779.25,9,1,Spain,Female,0,0,1,0,0,0,0,0.04291458769570078,0,0,2
15647295,34,426,0.0,107876.91,9,2,France,Male,0,1,0,0,0,0,0,0.04292530990892485,0,0,2
15728963,51,617,167273.71,93439.75,10,1,Germany,Female,0,0,1,0,0,0,0,0.04294579408218446,0,0,3
15575399,42,480,152160.21,101778.9,1,2,France,Female,0,1,0,0,0,0,0,0.042956183127974557,0,0,0
15772073,48,664,0.0,140173.17,10,1,France,Male,0,1,1,0,0,0,0,0.04296101429780874,0,0,2
15718572,57,600,138456.03,103548.25,9,2,Germany,Male,1,1,0,0,0,0,0,0.0429617941423569,0,0,3
15692408,35,463,0.0,1950.93,2,2,Spain,Female,1,1,0,0,0,0,0,0.042981299808352524,0,0,0
15798895,59,525,55328.4,83342.73,6,1,France,Female,0,1,1,0,0,0,0,0.04298879303977898,0,0,3
15568046,24,809,109558.36,183515.13,7,1,France,Male,0,1,0,0,0,0,0,0.043003029417020944,0,0,1
15693906,24,645,34547.82,11638.17,3,1,France,Female,1,1,0,0,0,0,0,0.04303851893987942,0,0,1
15659800,50,584,0.0,152567.75,1,1,Spain,Female,1,0,1,0,0,0,0,0.043045974867779946,0,0,0
15571193,42,579,144386.32,22497.1,0,1,Germany,Male,1,1,1,0,0,0,0,0.04307077391803238,0,0,0
15781884,27,624,94667.29,4470.52,9,2,Germany,Male,1,0,0,0,0,0,0,0.043079296094621466,0,0,1
15779586,46,822,115074.02,26249.86,3,2,Germany,Female,0,1,0,0,0,0,0,0.04308171419380158,0,0,0
15609187,27,455,155879.09,70774.97,5,2,France,Female,0,0,0,0,0,0,0,0.04308771144129164,0,0,1
15691396,31,405,133299.67,72950.14,5,2,Germany,Male,1,1,0,0,0,0,0,0.04309559701110455,0,0,0
15656471,33,773,0.0,1118.31,9,2,France,Male,1,1,0,0,0,0,0,0.04310416736239775,0,0,2
15809143,32,456,133060.63,125167.92,9,1,Germany,Male,1,1,0,0,0,0,0,0.0431182795350008,0,0,2
15815443,46,527,131414.76,54947.51,10,1,Spain,Female,0,1,0,0,0,0,0,0.04312727777642489,0,0,2
15794396,38,494,174937.64,40084.32,7,1,Germany,Female,0,1,0,0,0,0,0,0.04315004381991672,0,0,2
15612043,36,418,90145.04,69157.93,7,1,France,Male,1,1,0,0,0,0,0,0.043165197621455875,0,0,2
15603683,23,796,146584.19,125445.8,3,2,Spain,Female,0,0,0,0,0,0,0,0.043188456459711255,0,0,1
15686780,55,645,133676.65,17095.49,1,1,Spain,Female,1,0,0,0,0,0,0,0.04321326545459392,0,0,3
15713975,47,565,139756.12,165849.49,10,1,Germany,Female,0,1,1,0,0,0,0,0.043258432914502376,0,0,2
15747757,58,600,118723.11,6209.51,8,1,Germany,Female,0,0,1,0,0,0,0,0.04326175595747794,0,0,3
15700424,35,461,0.0,54209.02,5,1,France,Female,1,1,0,0,0,0,0,0.04326183305466924,0,0,0
15756277,43,850,92244.83,54949.73,8,2,Germany,Female,0,1,0,0,0,0,0,0.04326602117418188,0,0,2
15739502,31,549,135020.21,23343.18,9,2,Germany,Female,1,1,0,0,0,0,0,0.04326828365243962,0,0,2
15803406,26,748,77780.29,183049.41,1,1,France,Female,1,0,0,0,0,0,0,0.043304830833965635,0,0,1
15651052,46,399,127655.22,139994.68,2,1,Germany,Male,0,1,1,0,0,0,0,0.043365253181106844,0,0,0
15645248,30,510,0.0,130553.47,0,2,France,Female,1,1,0,0,0,0,0,0.04336991622658082,0,0,1
15790254,50,741,78737.61,13018.96,1,1,Spain,Male,1,1,0,0,0,0,0,0.043371576719444804,0,0,0
15726490,52,782,0.0,52759.82,4,1,Spain,Male,1,1,1,0,0,0,0,0.043385825909210696,0,0,3
15645353,26,607,0.0,29818.2,1,1,France,Male,0,1,0,0,0,0,0,0.04345044190797076,0,0,1
15735346,41,527,136733.24,57589.29,10,1,Germany,Female,1,1,0,0,0,0,0,0.04347405188359732,0,0,2
15657349,50,803,98173.02,22457.25,8,1,Germany,Female,0,0,1,0,0,0,0,0.04348485195668761,0,0,2
15770375,26,850,123126.29,74425.41,8,1,Germany,Female,0,1,0,0,0,0,0,0.0434988008211703,0,0,1
15606158,39,644,0.0,3740.93,9,1,France,Female,0,1,0,0,0,0,0,0.04350539661376118,0,0,2
15765812,48,587,0.0,8908.0,1,2,Spain,Male,1,1,0,0,0,0,0,0.0435371413044886,0,0,0
15789413,64,733,0.0,75272.63,3,2,France,Male,1,1,0,0,0,0,0,0.04355116272061221,0,0,3
15588670,40,705,203715.15,179978.68,5,1,Spain,Female,0,1,1,0,0,0,0,0.043558135762372996,0,0,2
15780212,37,592,212692.97,176395.02,4,1,France,Male,0,0,0,0,0,0,0,0.043567344995744994,0,0,0
15768600,50,805,130023.38,62989.82,9,1,Germany,Male,0,1,1,0,0,0,0,0.04360620403342219,0,0,2
15595937,36,430,138992.48,122373.42,1,2,Germany,Male,0,0,0,0,0,0,0,0.04360649183535126,0,0,0
15734588,46,684,0.0,36376.97,0,2,France,Male,1,1,0,0,0,0,0,0.04363027239809203,0,0,0
15651063,37,524,127480.58,179634.69,9,2,Germany,Female,0,1,0,0,0,0,0,0.04363062702818088,0,0,2
15686913,38,757,0.0,83263.06,0,1,France,Male,0,1,0,0,0,0,0,0.04367456567327199,0,0,0
15571415,56,805,151802.29,46791.09,6,1,Germany,Male,0,1,1,0,0,0,0,0.043682939963874956,0,0,3
15770185,32,779,80728.15,86306.75,10,1,France,Male,0,1,0,0,0,0,0,0.04370304502556566,0,0,2
15723872,46,589,0.0,168369.37,10,2,Spain,Female,1,0,0,0,0,0,0,0.043726582065796715,0,0,2
15652069,30,833,0.0,141860.62,1,2,France,Male,0,1,0,0,0,0,0,0.04374971679974993,0,0,1
15641110,41,708,0.0,128400.62,0,1,France,Male,0,1,0,0,0,0,0,0.04377116754039445,0,0,0
15700511,42,708,176702.36,104804.74,9,2,Germany,Male,1,1,0,0,0,0,0,0.043774339999464895,0,0,2
15688880,40,672,102980.44,1285.81,10,1,Germany,Male,0,1,1,0,0,0,0,0.043774552918368514,0,0,2
15788480,33,786,122325.58,34712.34,0,1,Germany,Female,0,0,1,0,0,0,0,0.04378713554725444,0,0,0
15568164,34,850,71379.53,154000.99,4,2,France,Female,1,1,0,0,0,0,0,0.04380093217066705,0,0,0
15574352,43,850,161256.53,140071.57,4,1,France,Male,1,1,0,0,0,0,0,0.043804854847681485,0,0,0
15767757,29,562,120307.58,6795.61,9,1,Spain,Female,1,1,0,0,0,0,0,0.04382053046828771,0,0,1
15636330,48,588,143279.58,31580.8,1,2,Germany,Female,0,1,1,0,0,0,0,0.04385066217066391,0,0,0
15735263,27,736,51522.75,192131.77,5,1,France,Male,1,0,0,0,0,0,0,0.043864900692946796,0,0,1
15807245,41,699,200117.76,94142.35,1,2,Germany,Female,0,1,0,0,0,0,0,0.043877322454576206,0,0,0
15685096,50,753,0.0,861.4,4,2,France,Female,1,1,0,0,0,0,0,0.04388323097649793,0,0,3
15613623,62,640,0.0,101663.47,3,1,Spain,Male,1,1,0,0,0,0,0,0.043907819843202356,0,0,3
15658052,44,626,81553.93,20063.63,10,1,France,Female,0,1,1,0,0,0,0,0.04397063667360479,0,0,2
15624374,28,703,0.0,2151.17,9,2,France,Male,1,0,0,0,0,0,0,0.04398730993027422,0,0,1
15668460,29,466,0.0,2797.27,6,2,France,Male,1,1,0,0,0,0,0,0.04399589383322544,0,0,1
15605622,28,841,0.0,179436.6,4,2,Spain,Male,1,1,0,0,0,0,0,0.044005397199813445,0,0,1
15642248,66,608,123935.35,65758.19,8,1,Spain,Male,1,1,0,0,0,0,0,0.044064252061913,0,0,3
15612494,44,359,128747.69,146955.71,6,1,France,Female,0,1,1,0,1,0,0,0.04411134333331257,0,0,2
15612667,42,680,0.0,136377.21,0,1,Spain,Male,0,1,0,0,0,0,0,0.04411647603890112,0,0,0
15601811,53,668,110240.04,183980.56,10,1,France,Female,0,0,1,0,0,0,0,0.04411903718794252,0,0,3
15570931,61,620,0.0,31641.52,5,1,France,Male,0,0,1,0,0,0,0,0.04414626311866543,0,0,3
15814040,45,610,0.0,199657.46,1,2,France,Female,1,1,0,0,0,0,0,0.04417132965377857,0,0,0
15739438,30,539,0.0,160979.66,0,2,France,Male,0,1,0,0,0,0,0,0.04418617222480792,0,0,1
15747358,59,643,170331.37,32171.79,3,1,Germany,Male,1,1,0,0,0,0,0,0.044193362554469706,0,0,3
15810834,57,525,145965.33,64448.36,2,1,Spain,Female,1,1,0,0,0,0,0,0.04424503160076887,0,0,3
15598948,24,523,172231.93,155144.12,5,1,Spain,Female,1,0,0,0,0,0,0,0.044255144224967013,0,0,1
15747558,38,729,0.0,189727.12,10,2,Spain,Female,0,1,0,0,0,0,0,0.044272728347612866,0,0,2
15737961,29,509,107712.57,92898.17,0,2,Germany,Female,1,1,0,0,0,0,0,0.04428193483212961,0,0,1
15704844,62,550,80927.56,64490.67,7,1,Spain,Male,1,0,0,0,0,0,0,0.04428499836877775,0,0,3
15667460,31,797,0.0,24748.89,9,2,France,Male,1,1,0,0,0,0,0,0.04429188710745324,0,0,2
15783659,67,659,145981.87,131043.2,4,1,France,Male,1,1,0,0,0,0,0,0.044303594048066386,0,0,3
15611430,54,690,0.0,12847.61,5,1,France,Male,0,1,1,0,0,0,0,0.04430515545905145,0,0,3
15803121,51,847,97565.74,144184.06,5,1,France,Male,0,0,1,0,0,0,0,0.04440844266238131,0,0,3
15686242,57,771,0.0,85876.67,4,1,France,Female,0,0,1,0,0,0,0,0.04442855794098488,0,0,3
15686743,29,790,46057.96,189777.66,3,2,Spain,Male,1,1,0,0,0,0,0,0.044433429684067605,0,0,1
15656522,32,593,158537.42,166850.57,10,1,Spain,Male,0,1,0,0,0,0,0,0.044450831185543827,0,0,2
15687153,49,850,98649.55,119174.88,8,1,Germany,Male,0,1,1,0,0,0,0,0.04447805450832787,0,0,2
15778752,32,708,86614.06,172129.26,10,2,France,Male,1,1,0,0,0,0,0,0.044553517493556516,0,0,2
15727361,51,547,0.0,56908.41,1,2,France,Female,1,1,0,0,0,0,0,0.04460417702319974,0,0,3
15589076,36,737,0.0,188670.9,9,1,France,Male,1,0,1,0,0,0,0,0.04467426660126905,0,0,2
15638989,25,711,190066.54,51345.39,5,1,France,Female,0,0,1,0,0,0,0,0.04467806302021704,0,0,1
15620268,43,634,212696.32,115268.86,3,1,Germany,Male,0,1,0,0,0,0,0,0.044688191124004684,0,0,0
15606887,30,775,0.0,193880.6,5,1,France,Female,0,1,1,0,0,0,0,0.0447179283451794,0,0,1
15731751,26,437,120923.52,78854.57,1,1,France,Female,1,0,0,0,0,0,0,0.044742708645930995,0,0,1
15665181,25,808,0.0,23180.37,7,2,Spain,Male,1,0,0,0,0,0,0,0.044776323545713925,0,0,1
15613962,38,499,0.0,183042.2,9,2,France,Female,1,0,0,0,0,0,0,0.04479037222223636,0,0,2
15631603,32,813,122889.88,26476.18,1,1,France,Male,1,1,0,0,0,0,0,0.04480706936010026,0,0,0
15566380,33,586,66948.67,140759.03,10,2,Spain,Female,1,1,0,0,0,0,0,0.04482800499442274,0,0,2
15669262,43,765,157960.49,136602.8,9,2,France,Male,0,0,0,0,0,0,0,0.04482889323463313,0,0,2
15784180,36,564,206329.65,46632.87,7,1,France,Female,1,1,1,0,0,0,0,0.044872166334817276,0,0,2
15746012,28,729,0.0,31165.06,0,2,Spain,Female,1,1,1,0,0,0,0,0.0448771074251304,0,0,1
15599289,37,724,68598.56,157862.82,10,1,France,Female,0,1,0,0,0,0,0,0.04488115158642558,0,0,2
15767894,21,741,0.0,139259.54,9,2,France,Female,1,0,0,0,0,0,0,0.044893510679832827,0,0,1
15645200,54,581,152508.99,187597.98,2,1,Germany,Female,0,1,1,0,0,0,0,0.044911857337954775,0,0,3
15657812,52,688,0.0,172033.57,1,2,France,Male,1,1,0,0,0,0,0,0.04491414729919163,0,0,3
15645316,58,612,149641.53,115161.28,1,1,Germany,Female,1,1,0,0,0,0,0,0.04492420224930882,0,0,3
15752312,49,551,150777.72,135757.27,1,2,Spain,Male,1,1,0,0,0,0,0,0.0449271344232649,0,0,0
15804295,41,485,100254.76,12706.67,2,2,France,Male,1,1,0,0,0,0,0,0.04493512231127583,0,0,0
15813660,40,754,160625.17,3554.63,2,1,Spain,Male,1,0,0,0,0,0,0,0.044948572302966894,0,0,0
15642885,30,792,0.0,199644.2,8,2,France,Male,0,1,0,0,0,0,0,0.04495801552928491,0,0,1
15576928,23,573,0.0,122964.18,2,1,France,Female,0,1,0,0,0,0,0,0.0449688031601877,0,0,1
15754578,35,606,135984.15,186778.89,0,2,France,Female,0,1,0,0,0,0,0,0.044978766188957575,0,0,0
15603925,26,779,174318.13,38296.21,4,2,Spain,Female,1,0,0,0,0,0,0,0.04501111176753181,0,0,1
15742834,45,640,0.0,10908.33,1,1,France,Male,1,1,0,0,0,0,0,0.04503271239529316,0,0,0
15654577,54,549,92877.33,2619.64,5,1,Germany,Male,0,1,1,0,0,0,0,0.04510259321457433,0,0,3
15806796,33,516,138847.9,127256.7,10,1,Germany,Female,1,1,0,0,0,0,0,0.045126109097341716,0,0,2
15724764,42,667,64404.26,26022.37,10,2,Germany,Female,0,0,0,0,0,0,0,0.045171000335060496,0,0,2
15645103,25,812,54817.55,131660.31,5,1,Germany,Male,0,1,0,0,0,0,0,0.04518387967863746,0,0,1
15758845,37,590,64345.21,61759.33,0,1,Spain,Female,1,0,1,0,0,0,0,0.04518793818690969,0,0,0
15685150,28,799,167658.33,111138.25,7,2,Germany,Male,1,1,0,0,0,0,0,0.04519525440976091,0,0,1
15593795,53,516,156674.2,118502.34,1,1,Germany,Female,0,1,1,0,0,0,0,0.04520608274327664,0,0,3
15659568,31,850,121237.65,31022.56,3,1,Spain,Female,1,1,0,0,0,0,0,0.04522750045656676,0,0,0
15774854,54,592,0.0,28737.71,8,1,France,Male,1,1,1,0,0,0,0,0.045231477803967524,0,0,3
15745307,48,477,129120.64,26475.79,2,1,Spain,Female,1,0,0,0,0,0,0,0.045297855534105924,0,0,0
15657829,30,806,168078.83,85028.36,8,1,Germany,Male,0,1,1,0,0,0,0,0.045329010362337385,0,0,1
15746065,35,580,136281.41,24799.47,10,2,Germany,Male,1,1,0,0,0,0,0,0.045334168071248016,0,0,2
15770525,28,760,141038.57,16287.38,1,2,Spain,Male,0,0,0,0,0,0,0,0.045365065047602626,0,0,1
15592089,43,788,0.0,116111.51,10,2,France,Female,1,1,0,0,0,0,0,0.045405047487275585,0,0,2
15630661,25,614,75212.28,58965.04,10,1,Spain,Female,0,1,0,0,0,0,0,0.045410655265836986,0,0,1
15778884,38,809,154763.21,174800.31,2,2,France,Female,1,1,0,0,0,0,0,0.04544318100587175,0,0,0
15648577,31,493,0.0,176570.28,3,1,France,Female,1,1,1,0,0,0,0,0.04545324352363023,0,0,0
15631201,28,472,0.0,1801.77,4,2,Spain,Female,0,1,0,0,0,0,0,0.04547415268888122,0,0,1
15702380,64,663,0.0,15876.52,6,2,Spain,Male,1,0,0,0,0,0,0,0.045475637949461745,0,0,3
15594270,38,693,198338.77,14278.18,7,2,France,Male,1,1,0,0,0,0,0,0.045478382013727114,0,0,2
15584453,32,555,0.0,168605.96,10,2,Spain,Male,1,0,0,0,0,0,0,0.04548364192892762,0,0,2
15728706,49,534,0.0,13566.48,7,1,France,Female,0,1,1,0,0,0,0,0.045541304563376794,0,0,2
15604588,38,850,0.0,179360.76,3,2,Spain,Female,1,0,0,0,0,0,0,0.04554236789413235,0,0,0
15669169,29,775,0.0,68143.93,10,2,Spain,Male,1,1,0,0,0,0,0,0.04554260449346692,0,0,1
15750808,46,790,131365.37,180290.68,2,2,Spain,Male,1,1,0,0,0,0,0,0.04554702798476051,0,0,0
15742172,32,598,123938.6,198894.42,9,2,Germany,Male,0,1,0,0,0,0,0,0.045551745212788375,0,0,2
15586870,27,632,193125.85,152665.85,4,1,France,Male,1,1,0,0,0,0,0,0.045551857349954594,0,0,1
15684348,63,656,0.0,57014.43,8,2,France,Male,1,0,0,0,0,0,0,0.04555637709080251,0,0,3
15582066,21,561,0.0,36942.35,4,1,France,Male,1,1,0,0,0,0,0,0.04555931292634863,0,0,1
15765375,46,797,0.0,162668.33,8,1,France,Female,0,0,0,0,0,0,0,0.045589075616424224,0,0,2
15594084,22,524,0.0,74405.34,9,2,France,Male,0,1,0,0,0,0,0,0.04562203768894857,0,0,1
15638003,55,648,81370.07,181534.04,1,1,Spain,Male,1,0,0,0,0,0,0,0.0456474681436575,0,0,3
15643523,30,710,0.0,19500.1,10,2,Spain,Female,0,1,0,0,0,0,0,0.04566066984599493,0,0,1
15594133,62,697,0.0,129188.18,7,1,Spain,Male,0,1,1,0,0,0,0,0.04566565487685914,0,0,3
15584620,36,850,143644.16,22102.25,6,1,Germany,Female,0,1,1,0,0,0,0,0.045740557175953045,0,0,2
15632472,32,472,159397.75,57323.18,1,1,Spain,Female,1,0,0,0,0,0,0,0.04574394830566453,0,0,0
15703923,41,744,190409.34,138361.48,7,2,Germany,Male,1,1,0,0,0,0,0,0.04576201459240392,0,0,2
15570895,42,608,163548.07,38866.85,10,1,France,Male,0,1,0,0,0,0,0,0.04576332646781145,0,0,2
15687477,28,594,185013.02,16481.12,5,1,Germany,Male,0,1,0,0,0,0,0,0.04579434289717743,0,0,1
15691624,33,820,132150.26,23067.97,2,2,France,Male,0,1,0,0,0,0,0,0.04580416698367573,0,0,0
15684316,43,532,0.0,190573.91,9,2,France,Male,0,0,1,0,0,0,0,0.045824728274025395,0,0,2
15788483,38,719,0.0,126876.47,0,1,Spain,Male,0,1,0,0,0,0,0,0.04583614428329563,0,0,0
15802256,28,439,110976.23,138526.96,7,2,France,Male,0,1,0,0,0,0,0,0.04584426429587285,0,0,1
15672082,62,562,0.0,105986.01,3,2,France,Male,0,1,0,0,0,0,0,0.04587822528186081,0,0,3
15733904,32,529,147493.89,33656.35,9,1,France,Male,0,1,0,0,0,0,0,0.04589470887931513,0,0,2
15669175,24,479,107637.97,169505.83,6,2,Germany,Male,1,0,0,0,0,0,0,0.04589916508768377,0,0,1
15665759,69,724,117866.92,62280.91,5,1,France,Female,1,1,0,0,0,0,0,0.045902215567323545,0,0,3
15800440,61,650,152968.73,82970.69,1,1,Spain,Male,1,0,0,0,0,0,0,0.045907832746775123,0,0,3
15615820,49,837,103302.37,50974.57,8,1,France,Male,1,1,0,0,0,0,0,0.045913109317275436,0,0,2
15678057,44,524,118569.03,82117.2,10,2,France,Male,0,0,0,0,0,0,0,0.04591714840570438,0,0,2
15718039,47,606,137138.2,53784.22,0,2,Germany,Female,1,0,0,0,0,0,0,0.04591733957518396,0,0,0
15756118,20,661,0.0,110252.53,8,1,Spain,Male,0,1,0,0,0,0,0,0.045922717452334894,0,0,1
15578761,42,459,129634.25,177683.02,6,2,Spain,Female,1,1,1,0,0,0,0,0.04593898775583494,0,0,2
15571081,41,773,190238.93,57549.65,7,1,France,Female,1,1,0,0,0,0,0,0.045967257334721956,0,0,2
15697801,56,605,74129.18,62199.78,1,2,Germany,Female,1,1,1,0,0,0,0,0.04597646881424122,0,0,3
15703682,33,681,0.0,158336.36,10,1,Spain,Male,0,0,0,0,0,0,0,0.045995433969269084,0,0,2
15580719,23,697,0.0,79734.23,10,2,France,Female,1,1,0,0,0,0,0,0.04601670126270063,0,0,1
15688074,31,802,125013.72,187658.09,1,1,Germany,Male,1,1,0,0,0,0,0,0.04602724712716055,0,0,0
15706537,59,577,111396.97,191070.01,7,1,Germany,Female,1,0,0,0,0,0,0,0.04603004126005694,0,0,3
15795246,51,628,155903.82,71159.84,9,2,Germany,Female,1,1,0,0,0,0,0,0.04603740693794889,0,0,3
15669783,60,586,47020.65,63241.21,3,2,France,Female,1,0,1,0,0,0,0,0.04604814278150804,0,0,3
15788183,43,458,106870.12,100564.37,1,2,Germany,Female,0,1,0,0,0,0,0,0.04607074819939061,0,0,0
15803941,46,600,95502.21,19842.18,10,1,France,Male,0,0,0,0,0,0,0,0.046099611340194135,0,0,2
15622527,55,581,0.0,22442.13,6,1,France,Female,1,1,0,0,0,0,0,0.046100185419086004,0,0,3
15704769,67,585,113978.97,93146.11,5,2,France,Female,1,0,0,0,0,0,0,0.04613396879039955,0,0,3
15761018,50,581,143829.2,181224.24,2,2,Germany,Male,0,1,1,0,0,0,0,0.04614894094179245,0,0,0
15723006,38,489,0.0,196990.79,8,2,France,Male,1,0,0,0,0,0,0,0.046168507532619696,0,0,2
15795738,31,789,175477.15,172832.9,4,1,France,Male,1,1,0,0,0,0,0,0.04616899137966701,0,0,0
15654901,51,733,141556.96,130189.53,10,1,France,Male,0,1,0,0,0,0,0,0.04618652256576672,0,0,2
15611973,55,804,0.0,118752.6,7,2,France,Male,1,1,0,0,0,0,0,0.0461975644955801,0,0,3
15759298,27,631,134169.62,176730.02,10,1,Spain,Male,1,1,0,0,0,0,0,0.04620755678016486,0,0,1
15667216,29,579,73194.52,129209.09,10,2,France,Female,1,1,0,0,0,0,0,0.04621061016617589,0,0,1
15703563,40,774,93017.47,191608.97,9,2,France,Male,0,1,0,0,0,0,0,0.04623121704442723,0,0,2
15733491,40,512,153537.57,23101.13,8,2,Germany,Female,0,0,0,0,0,0,0,0.0462689908187619,0,0,2
15765297,41,766,0.0,34283.23,0,2,Spain,Male,1,0,0,0,0,0,0,0.046275517940212785,0,0,0
15679651,37,783,136689.66,197890.65,1,1,Spain,Female,0,1,0,0,0,0,0,0.046303479652241686,0,0,0
15744914,42,539,177728.55,105013.63,1,1,Germany,Male,0,1,0,0,0,0,0,0.046330665176756214,0,0,0
15751022,37,777,121532.17,73464.88,10,2,Germany,Female,1,1,0,0,0,0,0,0.04633540192560104,0,0,2
15591150,34,570,0.0,183387.12,10,2,Spain,Male,1,0,0,0,0,0,0,0.04634357285163182,0,0,2
15652835,27,419,121580.42,134720.51,2,1,Spain,Female,1,0,0,0,0,0,0,0.04635561021042356,0,0,1
15616280,46,536,65733.41,61094.53,1,1,France,Male,0,1,0,0,0,0,0,0.04640357381110238,0,0,0
15693814,25,806,0.0,18461.9,7,2,Spain,Male,0,1,0,0,0,0,0,0.04641784352288014,0,0,1
15708289,25,793,100913.57,10579.72,3,1,Spain,Male,0,0,0,0,0,0,0,0.04642754524159676,0,0,1
15798470,48,764,75990.97,158323.81,1,1,Spain,Female,0,1,1,0,0,0,0,0.046477472612045934,0,0,0
15597487,35,850,0.0,80992.8,5,1,France,Female,1,1,0,0,0,0,0,0.04649289814428115,0,0,2
15748691,30,794,154970.54,156768.45,1,1,Spain,Female,1,0,0,0,0,0,0,0.04650338490347916,0,0,1
15803965,55,654,87485.67,3299.01,3,1,France,Male,1,1,0,0,0,0,0,0.04650492108937454,0,0,3
15627699,32,558,105000.23,190019.61,10,1,France,Male,0,1,0,0,0,0,0,0.04651007754966241,0,0,2
15671032,42,760,77992.97,97906.38,0,2,Germany,Male,1,1,0,0,0,0,0,0.04658701206061655,0,0,0
15782454,49,552,0.0,190296.76,4,1,France,Male,1,1,1,0,0,0,0,0.04659254848853711,0,0,0
15672640,45,850,114347.85,109089.04,4,2,Spain,Female,1,1,0,0,0,0,0,0.046629115626638074,0,0,0
15814846,52,691,0.0,175843.68,3,1,France,Male,0,1,1,0,0,0,0,0.04663832403570889,0,0,3
15678374,59,666,0.0,185123.09,5,2,France,Female,1,1,0,0,0,0,0,0.04667484259620169,0,0,3
15636548,44,457,0.0,185992.36,7,2,Spain,Male,0,0,0,0,0,0,0,0.04670780677322961,0,0,2
15713578,50,483,0.0,111020.24,9,2,France,Female,1,1,0,0,0,0,0,0.04671505371579521,0,0,2
15789865,28,620,71902.52,190208.23,9,1,France,Male,1,0,0,0,0,0,0,0.046727626498689,0,0,1
15800620,29,691,0.0,199635.93,9,2,France,Female,0,0,0,0,0,0,0,0.046736963815882215,0,0,1
15762048,33,841,154969.79,99505.75,7,2,Germany,Female,1,1,0,0,0,0,0,0.04675821010786618,0,0,2
15631739,24,704,122109.78,127654.37,10,1,Spain,Male,1,1,0,0,0,0,0,0.046774984487000903,0,0,1
15631162,32,631,0.0,196342.66,10,2,France,Male,1,0,0,0,0,0,0,0.04680885304921101,0,0,2
15782993,51,624,123401.43,127825.25,10,2,France,Male,1,1,0,0,0,0,0,0.046811664154083,0,0,3
15594349,49,850,122486.47,59748.19,5,1,France,Male,1,0,0,0,0,0,0,0.04681675911946259,0,0,2
15813659,56,594,0.0,26215.85,7,1,France,Female,0,1,1,0,0,0,0,0.04681980433744326,0,0,3
15721921,44,796,165326.2,57205.55,8,1,France,Male,1,1,0,0,0,0,0,0.04685587565638438,0,0,2
15699532,51,516,120124.35,168773.54,8,2,France,Male,1,0,0,0,0,0,0,0.046861820902613927,0,0,3
15777708,38,824,0.0,192800.25,3,2,Spain,Female,0,1,0,0,0,0,0,0.046877645937364876,0,0,0
15775339,29,520,95947.76,4696.44,8,1,France,Female,0,1,0,0,0,0,0,0.04688515435965834,0,0,1
15741633,32,566,147511.26,159891.03,10,1,Spain,Male,1,1,0,0,0,0,0,0.04688845309100209,0,0,2
15627847,40,850,0.0,136985.08,6,1,France,Male,0,1,1,0,0,0,0,0.04689674239318187,0,0,2
15736578,39,539,0.0,28184.7,1,1,France,Male,1,1,0,0,0,0,0,0.046897255535591875,0,0,0
15634719,31,704,0.0,183038.33,0,2,France,Male,0,1,0,0,0,0,0,0.0468977660291352,0,0,0
15762605,58,685,104796.54,154181.41,1,1,France,Male,1,1,0,0,0,0,0,0.04690348451654103,0,0,3
15752801,29,518,125961.74,160303.08,9,2,Germany,Male,0,1,1,0,0,0,0,0.04694647678164776,0,0,1
15679551,46,504,163764.84,165122.55,2,1,Spain,Female,1,1,1,0,0,0,0,0.046951701352947794,0,0,0
15730150,37,540,120825.7,28257.89,0,1,Spain,Male,0,1,0,0,0,0,0,0.04698743317109311,0,0,0
15721383,40,627,0.0,194792.42,10,2,Spain,Male,1,1,0,0,0,0,0,0.04702367919479922,0,0,2
15588019,28,418,98738.92,122190.22,7,1,France,Male,0,1,0,0,0,0,0,0.047042237420649724,0,0,1
15650034,28,564,0.0,162428.05,1,1,France,Female,1,1,0,0,0,0,0,0.04704809842558244,0,0,1
15743617,47,713,95994.98,197529.23,1,1,Germany,Male,0,1,0,0,0,0,0,0.047076077098706315,0,0,0
15621064,23,701,186101.18,76611.33,5,2,Germany,Male,1,1,0,0,0,0,0,0.047116756423982276,0,0,1
15666197,38,430,153058.64,99377.27,8,1,Germany,Female,0,1,0,0,0,0,0,0.047149808537480964,0,0,2
15677217,30,705,0.0,181300.32,1,1,France,Male,1,1,0,0,0,0,0,0.047196924590629075,0,0,1
15739997,23,716,94464.81,185900.88,2,2,France,Female,1,0,0,0,0,0,0,0.04720244369540605,0,0,1
15633897,39,725,50880.98,184023.54,1,2,Germany,Male,1,1,0,0,0,0,0,0.04723076616850064,0,0,0
15658589,38,850,94652.04,171960.76,2,1,Spain,Male,1,1,0,0,0,0,0,0.04724352308316582,0,0,0
15617065,42,650,194532.66,171045.31,4,1,Spain,Male,0,1,1,0,0,0,0,0.04724362120102066,0,0,0
15663888,34,549,204017.4,109538.35,6,2,Germany,Male,0,1,0,0,0,0,0,0.04724953162434453,0,0,2
15709117,46,823,81576.75,28370.95,3,1,Spain,Female,1,1,1,0,0,0,0,0.04725175112677682,0,0,0
15636624,39,805,165272.13,14109.85,5,1,Spain,Female,0,1,1,0,0,0,0,0.04725417195407611,0,0,2
15814690,64,595,105736.32,89935.73,2,1,Germany,Female,1,1,1,0,0,0,0,0.04726042597383717,0,0,3
15808189,52,449,0.0,123622.0,6,2,France,Male,1,0,0,0,0,0,0,0.04727125623590589,0,0,3
15807481,46,577,0.0,158750.53,1,1,France,Female,1,1,0,0,0,0,0,0.047283248059625804,0,0,0
15815645,37,481,152303.66,175082.2,8,2,France,Male,1,1,0,0,0,0,0,0.047286407829056576,0,0,2
15732175,37,776,0.0,8065.0,2,1,France,Male,1,0,0,0,0,0,0,0.04729778129454909,0,0,0
15759751,48,483,0.0,110059.38,1,2,France,Male,1,1,0,0,0,0,0,0.04730417142573118,0,0,0
15804142,57,670,175575.95,99061.75,3,2,Spain,Female,0,1,1,0,0,0,0,0.04732793636179655,0,0,3
15715079,41,465,117221.15,168280.95,9,1,France,Male,0,1,0,0,0,0,0,0.04736198324286134,0,0,2
15620505,24,594,97378.54,71405.17,0,1,Spain,Female,1,1,0,0,0,0,0,0.047387831374238076,0,0,1
15733966,55,496,125292.53,31532.96,4,1,Germany,Female,1,1,1,0,0,0,0,0.047395102141647216,0,0,3
15679294,46,589,107238.85,37024.28,10,2,France,Female,0,1,0,0,0,0,0,0.04743519508366112,0,0,2
15574331,62,593,118233.81,24765.53,3,1,Germany,Female,1,0,1,0,0,0,0,0.04743669719585064,0,0,3
15782404,34,487,96019.5,9085.0,2,1,France,Female,0,0,0,0,0,0,0,0.047500110843538446,0,0,0
15790564,40,832,107648.94,134638.97,9,2,Germany,Female,1,1,0,0,0,0,0,0.04750287952047594,0,0,2
15600879,36,554,157780.93,6089.13,3,2,Germany,Female,0,1,0,0,0,0,0,0.04752250821270476,0,0,0
15810775,52,576,100549.43,16644.16,2,2,Spain,Male,1,1,0,0,0,0,0,0.047528589512733976,0,0,3
15670898,60,740,108028.08,25980.42,5,2,France,Female,0,0,1,0,0,0,0,0.04755592338404535,0,0,3
15804009,36,806,167983.17,106714.28,8,2,Germany,Male,1,1,0,0,0,0,0,0.0475639860029734,0,0,2
15702014,33,555,56084.69,178798.13,1,2,Spain,Male,0,0,0,0,0,0,0,0.04756586933222673,0,0,0
15725478,60,775,0.0,111558.7,7,2,France,Male,1,1,0,0,0,0,0,0.04756885746174844,0,0,3
15813363,25,448,0.0,95215.73,2,2,Spain,Male,0,0,0,0,0,0,0,0.047576870093789636,0,0,1
15569050,45,444,0.0,130009.85,6,1,France,Male,0,1,1,0,0,0,0,0.04759765205000388,0,0,2
15804357,40,481,0.0,32319.93,3,1,France,Male,1,1,0,0,0,0,0,0.047601080854991595,0,0,0
15632521,45,689,130170.82,150856.38,0,2,Germany,Male,0,1,0,0,0,0,0,0.04762195190858298,0,0,0
15771299,57,707,92053.0,164064.44,1,1,France,Female,1,1,1,0,0,0,0,0.04764358438936578,0,0,3
15589437,26,466,156815.71,137476.09,3,1,France,Male,1,1,0,0,0,0,0,0.04767056692108684,0,0,1
15669805,31,748,99557.94,199255.32,1,1,Germany,Female,0,1,0,0,0,0,0,0.0476952172221381,0,0,0
15684461,31,469,0.0,146213.75,6,1,Spain,Female,0,1,1,0,0,0,0,0.04770397314271757,0,0,2
15702561,32,782,0.0,87566.97,9,1,France,Male,1,1,0,0,0,0,0,0.04772357208337075,0,0,2
15654379,59,588,0.0,27435.41,4,2,Spain,Male,1,1,0,0,0,0,0,0.04772691607668822,0,0,3
15586069,30,560,108883.29,27914.95,0,1,France,Female,0,1,0,0,0,0,0,0.04773867040710711,0,0,1
15725068,21,701,0.0,26327.42,9,2,Spain,Female,1,1,0,0,0,0,0,0.047791790635991704,0,0,1
15605059,63,576,148843.56,69414.13,3,1,Germany,Male,0,1,1,0,0,0,0,0.04779224533543891,0,0,3
15629787,27,652,107303.72,44435.76,10,2,France,Male,0,0,0,0,0,0,0,0.04782145623419487,0,0,1
15650889,30,710,133537.1,155593.74,10,2,Germany,Female,0,1,0,0,0,0,0,0.04784370454382658,0,0,1
15725679,47,531,0.0,194998.34,6,1,France,Female,0,0,1,0,0,0,0,0.047850956799927125,0,0,2
15794014,34,838,0.0,27472.07,8,2,France,Female,0,1,0,0,0,0,0,0.04786104516350387,0,0,2
15593694,49,814,0.0,157822.54,8,2,France,Male,0,0,0,0,0,0,0,0.04786413078205676,0,0,2
15762238,44,671,84745.03,34673.98,0,2,Germany,Female,1,0,0,0,0,0,0,0.04787209778200485,0,0,0
15732704,25,582,148042.97,52341.15,9,2,Spain,Male,0,1,0,0,0,0,0,0.04787481393844528,0,0,1
15797760,40,632,193354.86,149188.41,3,2,France,Male,0,1,0,0,0,0,0,0.04787489548245216,0,0,0
15770516,44,616,193213.02,137392.77,7,2,Spain,Female,1,1,0,0,0,0,0,0.04788324363248875,0,0,2
15763107,30,700,0.0,174971.64,9,1,France,Female,1,1,0,0,0,0,0,0.04790044651427061,0,0,1
15759618,48,535,0.0,149892.79,9,1,France,Female,0,1,1,0,0,0,0,0.04790629880271491,0,0,2
15575748,36,809,68881.59,109135.11,9,2,France,Male,1,0,0,0,0,0,0,0.047946930604445326,0,0,2
15777896,33,850,83415.04,74917.64,2,1,Germany,Female,1,0,0,0,0,0,0,0.04795090038375749,0,0,0
15700749,39,481,0.0,24677.54,6,1,France,Female,1,1,0,0,0,0,0,0.04795782597112974,0,0,2
15751524,36,677,68806.84,33075.24,10,1,Germany,Female,0,1,0,0,0,0,0,0.047961165969491515,0,0,2
15696564,38,752,145974.79,137694.23,0,2,France,Male,1,1,0,0,0,0,0,0.04796314902223964,0,0,0
15618647,29,744,43504.42,119327.75,1,1,France,Male,1,1,0,0,0,0,0,0.04796847275977345,0,0,1
15761168,38,478,171913.87,51820.87,4,1,France,Female,0,1,1,0,0,0,0,0.04796858313543795,0,0,0
15748481,27,564,0.0,7819.76,6,1,France,Female,0,0,0,0,0,0,0,0.0479722907656045,0,0,1
15625740,62,627,143426.34,143104.3,3,2,Germany,Male,1,1,0,0,0,0,0,0.04797949310751104,0,0,3
15717191,49,508,93817.41,132468.76,1,2,France,Male,1,1,1,0,0,0,0,0.04798831624930899,0,0,0
15684103,26,674,0.0,138423.1,10,2,France,Female,1,1,0,0,0,0,0,0.047990066090242145,0,0,1
15654372,34,462,94682.56,138478.2,1,2,Germany,Male,0,1,0,0,0,0,0,0.04799045877018293,0,0,0
15798532,32,810,120879.73,78896.59,9,2,France,Male,1,0,0,0,0,0,0,0.04799231372711965,0,0,2
15720509,34,696,150856.79,8236.78,9,1,France,Male,1,0,0,0,0,0,0,0.04802824281244511,0,0,2
15579040,46,556,0.0,109184.24,10,2,France,Female,0,0,0,0,0,0,0,0.04803866279751612,0,0,2
15810800,32,673,0.0,72873.33,0,1,Spain,Female,1,1,0,0,0,0,0,0.04804055198890722,0,0,0
15649280,40,521,134504.78,18082.06,9,1,Germany,Female,0,1,0,0,0,0,0,0.04805035800679969,0,0,2
15658459,33,784,0.0,162022.47,10,2,Spain,Male,0,1,0,0,0,0,0,0.0480579863776216,0,0,2
15619087,53,762,102520.37,170195.4,1,1,France,Male,1,1,0,0,0,0,0,0.048060117284752124,0,0,3
15780770,31,445,145056.59,175893.53,7,1,France,Male,1,1,0,0,0,0,0,0.04806968504298803,0,0,2
15747649,36,558,126606.63,172363.52,0,2,Germany,Female,1,1,0,0,0,0,0,0.048083103654915416,0,0,0
15736397,23,544,96471.2,35550.97,1,1,France,Male,0,1,0,0,0,0,0,0.048089334747238865,0,0,1
15679813,28,727,0.0,40357.39,1,1,Spain,Male,0,1,0,0,0,0,0,0.04811739742113896,0,0,1
15645766,25,634,0.0,8227.91,9,2,Spain,Male,1,1,0,0,0,0,0,0.048156283167135605,0,0,1
15656707,21,720,123200.78,180712.28,2,1,Spain,Male,1,1,0,0,0,0,0,0.04816678266352914,0,0,1
15602500,38,850,146343.98,103902.11,1,1,Spain,Male,1,0,0,0,0,0,0,0.048169837024009565,0,0,0
15605447,49,752,78653.84,7698.6,2,1,France,Male,0,1,0,0,0,0,0,0.0482185863982606,0,0,0
15700549,54,721,0.0,4493.12,5,2,France,Male,1,1,0,0,0,0,0,0.048224820427740345,0,0,3
15591822,26,593,76226.9,167564.82,9,1,Spain,Male,0,1,0,0,0,0,0,0.048256848493921534,0,0,1
15682472,34,828,129433.34,38131.77,8,2,France,Male,0,0,0,0,0,0,0,0.04826206795220411,0,0,2
15720110,32,795,117265.21,198317.23,2,1,France,Male,1,1,0,0,0,0,0,0.04826496034814698,0,0,0
15607176,22,674,0.0,173940.59,3,1,France,Male,1,1,0,0,0,0,0,0.048295111549615855,0,0,1
15600734,51,624,174397.21,172372.63,5,2,Spain,Male,1,1,0,0,0,0,0,0.048304323038994124,0,0,3
15641413,49,587,155393.98,13308.2,7,2,Germany,Female,0,1,1,0,0,0,0,0.048335355577464933,0,0,2
15754569,57,664,0.0,56562.57,1,2,France,Male,1,1,0,0,0,0,0,0.04838513421748236,0,0,3
15783276,25,725,0.0,168607.74,9,2,France,Female,1,1,0,0,0,0,0,0.04840957604563678,0,0,1
15660316,34,420,135549.9,149471.13,1,1,Germany,Female,0,0,1,0,0,0,0,0.04842407264253257,0,0,0
15595391,31,538,0.0,1375.46,1,2,France,Male,0,1,0,0,0,0,0,0.04847009547814596,0,0,0
15579996,25,524,131402.21,193668.49,7,1,Germany,Female,0,0,0,0,0,0,0,0.04847089929293935,0,0,1
15652192,33,759,160541.36,93541.14,9,2,France,Female,0,0,0,0,0,0,0,0.048476018935913134,0,0,2
15654625,39,495,120252.02,10160.23,8,2,Germany,Male,1,1,0,0,0,0,0,0.04847661364213329,0,0,2
15727811,47,661,109493.62,188324.01,0,1,Germany,Female,0,0,1,0,0,0,0,0.048507353443563606,0,0,0
15805676,29,515,151012.55,9770.97,4,2,Spain,Male,0,1,0,0,0,0,0,0.0485168208147454,0,0,1
15688498,21,594,87096.82,168186.11,2,2,Germany,Female,0,1,0,0,0,0,0,0.04852989824425158,0,0,1
15596013,58,694,143212.22,102628.56,1,1,Germany,Female,0,0,1,0,0,0,0,0.048531483410324205,0,0,3
15727703,34,773,126979.75,36823.28,10,1,Germany,Male,0,0,0,0,0,0,0,0.04854295773932071,0,0,2
15753229,29,802,127414.55,134459.12,9,1,France,Male,1,1,0,0,0,0,0,0.048547617439907875,0,0,1
15699047,21,674,120150.39,33964.03,9,2,France,Female,1,1,0,0,0,0,0,0.04855986202538565,0,0,1
15615477,44,529,0.0,14161.3,1,2,Spain,Female,0,0,0,0,0,0,0,0.048594087199638536,0,0,0
15569394,24,704,148197.15,182775.08,2,2,France,Male,0,1,0,0,0,0,0,0.04859761143453056,0,0,1
15694098,54,575,68332.96,144390.75,9,1,France,Female,1,1,0,0,0,0,0,0.04862070020626852,0,0,3
15706036,38,552,132271.12,46562.02,10,2,Germany,Male,1,1,0,0,0,0,0,0.048622641769166086,0,0,2
15758546,39,850,0.0,37090.44,8,2,Spain,Male,1,1,0,0,0,0,0,0.04862538568323904,0,0,2
15713505,31,554,0.0,192660.55,1,2,France,Male,1,0,0,0,0,0,0,0.048639208256187616,0,0,0
15690620,39,665,46323.57,136812.02,10,1,France,Male,0,1,0,0,0,0,0,0.04864857032935155,0,0,2
15738267,64,544,124043.8,111402.97,3,1,France,Female,1,1,1,0,0,0,0,0.04865532486372803,0,0,3
15788442,57,681,173306.13,131964.66,2,1,Spain,Female,1,0,0,0,0,0,0,0.048682693286149714,0,0,3
15609558,47,835,108289.28,45859.55,5,2,Germany,Female,1,1,1,0,0,0,0,0.04870249055761666,0,0,2
15793883,28,798,0.0,2305.27,3,2,France,Male,0,1,0,0,0,0,0,0.04873320789661928,0,0,1
15786042,44,706,185932.18,65413.41,2,2,Germany,Female,0,1,0,0,0,0,0,0.04874413830115476,0,0,0
15697028,34,590,65812.35,160346.3,0,2,Spain,Male,1,0,0,0,0,0,0,0.04876467344756186,0,0,0
15625092,57,502,101465.31,43568.31,3,1,Germany,Female,0,1,1,0,0,0,0,0.04877463432328544,0,0,3
15617603,30,850,123210.56,102180.27,5,2,Germany,Male,1,1,0,0,0,0,0,0.04877612155456679,0,0,1
15710404,35,569,124525.52,193793.78,10,1,France,Male,1,1,0,0,0,0,0,0.04877971084937749,0,0,2
15613189,52,774,56580.93,113266.28,2,1,France,Female,0,1,1,0,0,0,0,0.04878828618954545,0,0,3
15721835,25,791,0.0,89666.28,7,1,Spain,Male,0,1,0,0,0,0,0,0.048791563378196456,0,0,1
15592451,32,565,0.0,5388.3,9,2,France,Male,0,1,0,0,0,0,0,0.04879877582579195,0,0,2
15573769,24,764,0.0,186105.99,7,2,France,Female,0,1,0,0,0,0,0,0.04880463165899107,0,0,1
15654859,63,612,131629.17,122109.58,2,2,Spain,Female,0,1,1,0,0,0,0,0.04881976151152789,0,0,3
15679818,67,636,136709.35,66753.1,7,1,Germany,Male,1,0,1,0,0,0,0,0.04882404793790629,0,0,3
15651020,25,473,110666.42,46758.42,6,2,France,Female,0,0,0,0,0,0,0,0.048835437049663866,0,0,1
15763613,30,581,0.0,199464.08,1,2,France,Male,0,1,0,0,0,0,0,0.048891874257118606,0,0,1
15653715,63,602,0.0,56323.21,7,2,France,Female,1,1,0,0,0,0,0,0.048892846040803795,0,0,3
15753161,36,768,180169.44,17348.56,5,2,France,Female,0,1,0,0,0,0,0,0.04890538398105071,0,0,2
15641877,47,681,97023.21,2168.13,9,1,France,Male,1,1,0,0,0,0,0,0.04892544670592036,0,0,2
15663234,60,508,143262.04,129562.74,7,1,France,Female,1,1,0,0,0,0,0,0.04897670493822448,0,0,3
15603096,33,410,125789.69,66333.56,6,1,France,Male,0,0,1,0,0,0,0,0.04897932212032341,0,0,2
15728078,26,609,126392.18,43651.49,10,1,France,Male,1,0,0,0,0,0,0,0.04898480224682,0,0,1
15630698,55,745,110123.59,51548.14,9,1,France,Female,1,0,1,0,0,0,0,0.04899738305068302,0,0,3
15806546,46,517,0.0,22372.78,4,1,Spain,Male,0,1,0,0,0,0,0,0.049011452268653666,0,0,0
15652084,40,515,109542.29,166370.81,0,1,France,Male,1,1,0,0,0,0,0,0.04901632866829042,0,0,0
15581551,41,850,132838.07,175347.28,8,1,Spain,Male,1,1,0,0,0,0,0,0.04902938683755231,0,0,2
15754796,46,487,135070.58,44244.49,4,2,Germany,Female,1,1,1,0,0,0,0,0.04905684151506873,0,0,0
15677020,58,570,0.0,116503.92,8,1,France,Female,1,0,1,0,0,0,0,0.04906837086540794,0,0,3
15755077,37,778,105617.73,133699.82,0,2,Germany,Female,1,1,1,0,0,0,0,0.04907323378899897,0,0,0
15578783,35,620,76989.97,17242.79,0,1,Germany,Male,1,1,0,0,0,0,0,0.04908316916971789,0,0,0
15719579,33,670,84521.48,198017.05,9,2,Germany,Female,1,0,0,0,0,0,0,0.04908528944114099,0,0,2
15808846,21,672,165878.76,164537.17,3,2,Germany,Female,1,1,0,0,0,0,0,0.04909552037988307,0,0,1
15649738,46,698,0.0,125962.02,0,2,France,Female,1,1,0,0,0,0,0,0.04913995134891658,0,0,0
15570835,57,491,112044.72,41229.73,4,1,Germany,Female,1,1,1,0,0,0,0,0.049171560916615786,0,0,3
15720187,30,479,143964.36,41879.99,7,2,Germany,Female,0,1,0,0,0,0,0,0.049192113544096694,0,0,1
15740442,51,603,186825.57,93739.71,8,1,France,Male,0,1,1,0,0,0,0,0.04920323816346117,0,0,3
15751710,31,729,164870.81,9567.39,8,2,Spain,Male,1,1,0,0,0,0,0,0.04921513411985057,0,0,2
15644297,38,732,178787.54,195760.53,5,1,Germany,Male,1,1,0,0,0,0,0,0.04927380310607943,0,0,2
15640580,47,650,0.0,187943.6,9,1,France,Female,0,1,0,0,0,0,0,0.04931378462727409,0,0,2
15709604,23,781,107433.48,173843.21,2,1,France,Male,0,1,0,0,0,0,0,0.04933029000518996,0,0,1
15764654,37,649,87374.88,247.36,9,2,France,Male,1,1,0,0,0,0,0,0.04933379439463803,0,0,2
15667934,36,512,129804.17,53020.9,0,1,France,Male,0,1,0,0,0,0,0,0.049340847615052086,0,0,0
15611848,32,850,137714.25,159403.68,3,1,Germany,Male,1,0,0,0,0,0,0,0.0493781653027795,0,0,0
15666652,19,781,0.0,124297.32,3,2,France,Female,1,1,0,0,0,0,0,0.04938309945437236,0,0,1
15566495,24,704,0.0,35600.25,2,1,Spain,Female,0,1,1,0,0,0,0,0.049391485007001634,0,0,1
15804104,28,494,114731.76,79479.74,9,2,France,Male,1,0,0,0,0,0,0,0.049400330352724175,0,0,1
15617419,29,618,100315.1,32526.64,10,2,Germany,Female,1,1,0,0,0,0,0,0.04941116828597136,0,0,1
15585256,26,805,0.0,25042.1,2,2,Spain,Male,1,1,0,0,0,0,0,0.049419096644650495,0,0,1
15770291,29,844,0.0,147342.03,8,2,France,Female,0,0,0,0,0,0,0,0.04942486464408591,0,0,1
15607577,27,663,0.0,188007.99,8,1,Spain,Male,1,1,0,0,0,0,0,0.049435529897978836,0,0,1
15795586,35,478,92474.05,178626.07,1,1,France,Male,0,1,0,0,0,0,0,0.04944893796598637,0,0,0
15569248,43,554,0.0,149629.13,10,2,France,Female,0,1,1,0,0,0,0,0.049449980557215945,0,0,2
15701392,28,815,0.0,185547.71,6,2,Spain,Male,1,0,0,0,0,0,0,0.04945170392438236,0,0,1
15740147,44,725,0.0,93777.61,10,1,France,Female,1,0,0,0,0,0,0,0.04946370223547136,0,0,2
15616454,34,476,111905.43,197221.81,8,1,Germany,Female,1,0,1,0,0,0,0,0.049484617814081755,0,0,2
15631912,30,840,136291.71,54113.38,8,1,France,Male,0,1,0,0,0,0,0,0.04949386125219557,0,0,1
15739578,49,850,128663.9,65769.3,6,1,France,Male,0,1,1,0,0,0,0,0.04949506682424554,0,0,2
15758702,55,705,0.0,14392.68,8,2,France,Female,1,1,0,0,0,0,0,0.049509507249912654,0,0,3
15674922,54,710,171137.62,167023.95,6,1,France,Male,1,1,1,0,0,0,0,0.04952003654030013,0,0,3
15738835,38,850,101985.81,43801.27,7,2,Germany,Male,0,0,0,0,0,0,0,0.04957122305328154,0,0,2
15647266,45,651,135923.16,18732.84,10,1,Spain,Female,0,1,0,0,0,0,0,0.049581004610222745,0,0,2
15694879,23,590,0.0,196789.9,7,2,Spain,Female,0,1,0,0,0,0,0,0.049589978780949284,0,0,1
15737104,47,652,126597.89,38798.79,0,2,Germany,Female,1,1,1,0,0,0,0,0.04959239244730562,0,0,0
15770968,19,741,108711.57,24857.25,8,2,Germany,Female,0,1,0,0,0,0,0,0.049624909149972085,0,0,1
15729557,36,850,119984.07,191535.11,5,1,Germany,Male,0,1,1,0,0,0,0,0.04966820432940655,0,0,2
15777784,44,733,168165.84,197193.49,6,1,France,Female,1,0,0,0,0,0,0,0.04967377702167863,0,0,2
15704788,49,812,66079.45,91556.57,8,2,Spain,Female,0,0,1,0,0,0,0,0.04972203150201071,0,0,2
15791972,20,748,0.0,10792.42,7,2,France,Female,0,0,0,0,0,0,0,0.04972784969672428,0,0,1
15705544,61,633,157201.48,50368.63,3,1,France,Male,1,0,0,0,0,0,0,0.04975100858140358,0,0,3
15625545,52,712,0.0,117977.45,9,1,Spain,Male,1,1,1,0,0,0,0,0.0497562763383077,0,0,3
15667896,37,833,151226.18,136129.49,8,2,France,Male,1,1,0,0,0,0,0,0.04975861752850497,0,0,2
15750476,24,742,0.0,4070.28,8,2,Spain,Male,0,1,0,0,0,0,0,0.04978367174731935,0,0,1
15631339,28,791,0.0,174435.48,4,1,France,Male,0,1,0,0,0,0,0,0.0497858223738028,0,0,1
15605742,43,737,80090.93,39920.0,0,1,France,Male,0,1,1,0,0,0,0,0.049806495965036945,0,0,0
15683521,28,594,142574.71,129084.82,0,2,Germany,Male,0,1,0,0,0,0,0,0.04981392619508829,0,0,1
15723907,49,712,154776.42,196257.68,5,2,Germany,Female,0,0,0,0,0,0,0,0.049817827000023684,0,0,2
15677305,35,490,107749.03,3937.37,7,1,France,Female,1,1,0,0,0,0,0,0.04982023709449068,0,0,2
15568849,31,540,118158.74,158027.57,10,1,Spain,Female,1,1,0,0,0,0,0,0.04983170707487161,0,0,2
15640280,39,850,127771.35,151738.54,4,2,France,Male,1,0,0,0,0,0,0,0.04983260379807597,0,0,0
15591169,49,788,137455.99,184178.29,4,1,Germany,Female,0,1,1,0,0,0,0,0.04985389625295267,0,0,0
15602811,38,730,38848.19,94003.11,0,2,Germany,Male,0,0,0,0,0,0,0,0.049867984059883796,0,0,0
15581229,32,502,173340.83,122763.95,1,1,Germany,Female,1,0,0,0,0,0,0,0.04991538367819848,0,0,0
15614782,36,526,0.0,160696.72,1,1,France,Male,0,1,0,0,0,0,0,0.049916777318853134,0,0,0
15799631,36,585,0.0,180318.6,10,2,Spain,Male,1,1,0,0,0,0,0,0.04994013471982983,0,0,2
15605333,31,529,0.0,10625.91,6,1,Spain,Male,0,1,0,0,0,0,0,0.04994770782441016,0,0,2
15575146,51,492,117808.74,67311.12,8,2,Germany,Male,1,1,0,0,0,0,0,0.049975087758693415,0,0,3
15754443,35,443,108308.0,129031.19,9,1,France,Female,0,1,1,0,0,0,0,0.049981817637929526,0,0,2
15632210,25,657,171770.55,22745.5,2,1,Germany,Male,0,1,0,0,0,0,0,0.049992505200638804,0,0,1
15701522,29,711,0.0,3234.8,9,2,France,Female,1,0,0,0,0,0,0,0.049997724908449115,0,0,1
15671165,66,592,149950.19,76267.59,5,1,France,Female,1,1,0,0,0,0,0,0.05000729784288094,0,0,3
15591711,38,739,128366.44,12796.43,0,1,Spain,Male,0,1,0,0,0,0,0,0.050008406596995236,0,0,0
15808971,57,693,0.0,135502.77,9,2,Spain,Female,1,1,0,0,0,0,0,0.05001480633995936,0,0,3
15800703,21,485,113157.22,54141.5,5,1,Spain,Female,1,1,0,0,0,0,0,0.05004049406037403,0,0,1
15721189,66,666,0.0,99792.82,7,2,France,Female,1,1,0,0,0,0,0,0.05007178320476702,0,0,3
15605215,48,767,0.0,175458.21,9,2,France,Male,1,0,0,0,0,0,0,0.05009030303644235,0,0,2
15712596,31,499,0.0,25950.49,4,1,France,Male,0,1,0,0,0,0,0,0.05009165880460076,0,0,0
15725811,25,705,97544.29,59887.15,0,1,France,Male,1,0,0,0,0,0,0,0.050105597323825246,0,0,1
15579433,29,793,96674.55,192120.66,8,2,Spain,Male,0,0,0,0,0,0,0,0.050119870327089644,0,0,1
15809100,32,548,172448.77,188083.77,2,1,France,Female,0,1,1,0,0,0,0,0.05013353431487111,0,0,0
15657342,28,850,147972.19,60708.72,4,1,Germany,Male,0,1,1,0,0,0,0,0.050157622648622335,0,0,1
15616380,37,803,0.0,7455.2,1,2,Spain,Female,0,0,0,0,0,0,0,0.05019336341120728,0,0,0
15574868,36,792,115725.24,1871.25,5,2,Germany,Male,0,0,0,0,0,0,0,0.05021306583513063,0,0,2
15719958,39,850,124548.99,120380.12,3,2,Germany,Male,1,1,0,0,0,0,0,0.050215873239241815,0,0,0
15614818,33,764,168964.77,118982.51,9,1,Spain,Female,1,0,0,0,0,0,0,0.050233506593943766,0,0,2
15572360,30,683,57657.49,79240.9,10,1,France,Male,0,0,0,0,0,0,0,0.05023394323652364,0,0,1
15741865,38,810,153166.17,93261.69,9,1,France,Female,1,1,0,0,0,0,0,0.050238585751344655,0,0,2
15796413,46,794,0.0,195325.74,6,2,France,Male,0,1,0,0,0,0,0,0.050243783290215394,0,0,2
15659366,43,807,105799.32,34888.04,1,2,France,Male,0,1,1,0,0,0,0,0.050245433895906744,0,0,0
15693764,52,663,136298.65,144593.3,0,1,Spain,Male,0,1,1,0,0,0,0,0.050263576236050045,0,0,3
15603134,40,656,167878.5,151887.16,10,1,Spain,Female,1,0,0,0,0,0,0,0.05026506635624317,0,0,2
15622750,21,742,114292.48,31520.4,1,1,Germany,Female,0,1,0,0,0,0,0,0.05032276942453595,0,0,1
15611186,37,609,39344.83,178291.89,1,1,France,Male,1,1,1,0,0,0,0,0.050324672726619224,0,0,0
15745433,30,716,205770.78,65464.66,2,2,Germany,Female,0,0,0,0,0,0,0,0.05036039222560007,0,0,1
15788367,44,487,61691.45,53087.98,6,1,Spain,Male,1,1,0,0,0,0,0,0.05041468407175553,0,0,2
15668818,40,592,200322.45,113244.73,2,1,Spain,Female,1,1,0,0,0,0,0,0.050420318014561816,0,0,0
15653222,32,526,131938.92,1795.93,6,2,Germany,Female,1,1,0,0,0,0,0,0.050431961066778386,0,0,2
15619699,31,558,0.0,198269.08,7,1,France,Male,0,1,0,0,0,0,0,0.05043339156955273,0,0,2
15721462,58,622,0.0,33277.31,2,2,Spain,Female,1,1,0,0,0,0,0,0.05044793423771943,0,0,3
15753888,62,607,108004.64,23386.77,8,1,Spain,Female,1,1,1,0,0,0,0,0.050455634766780166,0,0,3
15792986,24,580,133811.78,17185.95,1,1,Germany,Male,0,1,1,0,0,0,0,0.0504628935831104,0,0,1
15735358,46,682,0.0,4654.28,4,1,Spain,Male,1,1,0,0,0,0,0,0.05046748963634884,0,0,0
15595160,35,413,0.0,60972.84,2,2,Spain,Male,1,1,0,0,0,0,0,0.05047730582340859,0,0,0
15784918,35,498,121968.11,188343.05,2,2,Germany,Male,1,0,0,0,0,0,0,0.0504818528003913,0,0,0
15727819,34,677,171671.9,50777.77,10,1,Spain,Female,1,1,0,0,0,0,0,0.05050228363281861,0,0,2
15616709,38,587,132122.42,31730.32,0,2,Germany,Female,0,0,0,0,0,0,0,0.05050955115461819,0,0,0
15815428,34,823,105057.33,9217.92,3,1,France,Male,0,1,0,0,0,0,0,0.05051805473745907,0,0,0
15775590,48,482,69329.47,102640.52,2,1,Germany,Female,0,0,1,0,0,0,0,0.050544812272008355,0,0,0
15582325,52,524,87894.26,173899.42,2,1,France,Male,0,1,1,0,0,0,0,0.05054564558329333,0,0,3
15640769,63,660,137841.53,42790.29,8,1,France,Male,1,1,0,0,0,0,0,0.05054803355309567,0,0,3
15731117,28,437,109161.25,152987.42,2,1,Spain,Male,0,1,0,0,0,0,0,0.050548180239685436,0,0,1
15579130,43,708,118994.84,181499.77,0,1,Germany,Female,0,1,1,0,0,0,0,0.050548454593846714,0,0,0
15803681,26,803,0.0,181208.47,4,2,France,Female,1,1,0,0,0,0,0,0.05056996627381749,0,0,1
15694506,31,611,107884.81,183487.98,0,2,Germany,Male,1,1,0,0,0,0,0,0.050572264825984425,0,0,0
15731553,23,730,0.0,183284.53,8,2,France,Male,0,1,0,0,0,0,0,0.05059301293211471,0,0,1
15604073,25,815,135161.67,136071.05,8,1,Germany,Female,1,1,0,0,0,0,0,0.05059324814010535,0,0,1
15574795,38,495,63093.01,47089.72,2,1,France,Female,1,1,0,0,0,0,0,0.0506106064889984,0,0,0
15785406,51,446,105056.13,70613.52,4,1,France,Female,0,0,0,0,0,0,0,0.05062594648555063,0,0,3
15624793,23,627,184244.86,103099.22,5,1,Germany,Male,0,1,0,0,0,0,0,0.05063024872237887,0,0,1
15799811,40,724,0.0,127847.25,10,1,France,Male,0,1,1,0,0,0,0,0.05064419588700064,0,0,2
15765487,38,753,151766.71,180829.99,9,1,Germany,Female,1,1,0,0,0,0,0,0.05064454255221462,0,0,2
15572265,46,646,170826.55,45041.32,1,2,Germany,Male,0,1,0,0,0,0,0,0.05064559283522829,0,0,0
15639277,41,678,0.0,13160.03,9,1,France,Female,0,0,0,0,0,0,0,0.050647022382683704,0,0,2
15779174,36,451,0.0,180142.42,2,2,France,Female,1,1,0,0,0,0,0,0.050648226831845,0,0,0
15752463,29,826,129938.07,190200.53,4,1,Spain,Female,1,0,0,0,0,0,0,0.05066819944341172,0,0,1
15623730,34,792,0.0,86330.32,1,1,France,Male,1,0,0,0,0,0,0,0.05069914736543091,0,0,0
15614103,42,850,119839.69,51016.02,8,1,Germany,Male,1,0,1,0,0,0,0,0.050711387079717785,0,0,2
15709447,26,584,146286.22,105105.35,0,1,France,Female,0,1,0,0,0,0,0,0.05074761700869612,0,0,1
15782100,22,544,66483.32,110317.39,3,1,Spain,Male,1,0,0,0,0,0,0,0.050748239473213386,0,0,1
15773447,30,526,0.0,36251.0,8,1,Spain,Male,0,1,0,0,0,0,0,0.05076688458884138,0,0,1
15791925,29,751,147737.63,94951.27,10,1,France,Male,1,0,0,0,0,0,0,0.050776531500221656,0,0,1
15724336,49,513,171601.27,126223.84,5,1,Germany,Female,0,1,0,0,0,0,0,0.05077776903314257,0,0,0
15761554,54,581,89299.81,5558.47,4,1,France,Male,0,0,1,0,0,0,0,0.05078710408848697,0,0,3
15757897,26,766,104258.8,428.23,3,1,France,Female,1,1,0,0,0,0,0,0.05085882255192664,0,0,1
15640922,52,791,0.0,122782.5,7,1,France,Female,1,1,0,0,0,0,0,0.050866700889174776,0,0,3
15771000,38,684,0.0,75609.84,4,3,France,Male,0,1,0,0,0,0,0,0.050869822780448826,0,0,0
15780677,59,717,0.0,170528.63,4,2,France,Female,1,1,0,0,0,0,0,0.05089601106906283,0,0,3
15671097,31,428,0.0,54487.43,2,2,France,Female,0,1,0,0,0,0,0,0.05092276981493271,0,0,0
15582149,34,850,129668.43,88743.99,3,2,Germany,Female,1,1,0,0,0,0,0,0.05093115148752003,0,0,0
15619529,27,531,132576.25,7222.92,8,1,Spain,Male,0,0,0,0,0,0,0,0.05094702214738844,0,0,1
15694644,43,455,0.0,81250.79,6,1,Spain,Female,1,1,0,0,0,0,0,0.05097848714777142,0,0,2
15578835,50,675,133204.91,8270.06,1,1,Spain,Female,1,0,0,0,0,0,0,0.0509927187610858,0,0,0
15742285,62,559,118756.62,20367.68,6,1,France,Male,1,1,0,0,0,0,0,0.050993320629683536,0,0,3
15643679,28,784,70233.74,179252.73,2,2,Germany,Male,1,1,0,0,0,0,0,0.051002523863120874,0,0,1
15656937,26,468,131643.25,64436.16,1,1,Spain,Male,0,1,0,0,0,0,0,0.05100476696844891,0,0,1
15749482,30,772,78653.05,1790.48,4,1,Spain,Male,0,1,0,0,0,0,0,0.05106796740921893,0,0,1
15815656,39,541,100116.67,199808.1,9,1,Germany,Female,1,1,1,0,0,0,0,0.05107093799555762,0,0,2
15584505,23,580,113923.81,196241.43,5,2,France,Female,0,0,0,0,0,0,0,0.051080989623887296,0,0,1
15813504,25,543,146566.01,161407.48,1,1,Germany,Female,1,0,0,0,0,0,0,0.05110642252952402,0,0,1
15752534,36,744,0.0,182867.84,10,2,France,Male,1,1,0,0,0,0,0,0.05111088869286018,0,0,2
15735330,37,553,0.0,30461.55,1,1,France,Male,0,1,0,0,0,0,0,0.051111135652691764,0,0,0
15672027,33,717,102185.42,23231.93,10,2,Germany,Female,0,1,0,0,0,0,0,0.051124430644736374,0,0,2
15813159,52,526,93590.47,21228.71,8,1,France,Male,1,0,1,0,0,0,0,0.05112476076398398,0,0,3
15654878,29,450,117199.8,43480.63,7,1,France,Male,1,1,0,0,0,0,0,0.051151743157965335,0,0,1
15661412,32,715,175307.32,187051.23,8,1,France,Male,0,1,0,0,0,0,0,0.05118296075096984,0,0,2
15642725,32,797,114084.6,125782.29,10,1,France,Male,1,0,0,0,0,0,0,0.05120459650341924,0,0,2
15737732,44,751,0.0,170634.49,10,2,France,Female,0,1,0,0,0,0,0,0.05123613377226266,0,0,2
15591428,29,781,0.0,172097.4,9,2,France,Male,0,0,0,0,0,0,0,0.05126378239757956,0,0,1
15652626,55,826,115285.85,140126.17,4,1,France,Male,0,1,0,0,0,0,0,0.05127226720267042,0,0,3
15659399,50,516,139675.07,45591.23,7,2,Germany,Male,0,1,0,0,0,0,0,0.051278038641760726,0,0,2
15757467,57,563,0.0,39297.48,6,2,Spain,Male,1,1,0,0,0,0,0,0.0513295485583628,0,0,3
15629885,33,850,118004.26,183983.82,7,1,France,Female,0,1,0,0,0,0,0,0.051381570845792535,0,0,2
15657105,36,726,0.0,195192.4,2,1,Spain,Male,0,1,0,0,0,0,0,0.05138236202886004,0,0,0
15739160,41,849,115465.28,103174.5,9,1,France,Female,0,1,0,0,0,0,0,0.05140586170165751,0,0,2
15807525,43,447,0.0,33879.26,2,2,France,Male,0,1,1,0,0,0,0,0.05141251129618962,0,0,0
15777586,42,784,109052.04,6409.55,2,2,Spain,Female,0,1,0,0,0,0,0,0.051422733815546295,0,0,0
15638963,22,678,174852.89,28149.06,4,1,France,Female,1,1,0,0,0,0,0,0.05142414029106679,0,0,1
15766417,60,678,0.0,43821.56,2,2,France,Female,1,1,0,0,0,0,0,0.051442492396164274,0,0,3
15589230,63,612,126473.33,147545.65,2,1,France,Female,1,0,0,0,0,0,0,0.05145945341709668,0,0,3
15763063,25,685,128509.63,121562.33,10,1,Spain,Female,0,1,0,0,0,0,0,0.05147611783886474,0,0,1
15750055,32,503,100262.88,157921.25,9,2,Spain,Male,1,1,0,0,0,0,0,0.0514895271111363,0,0,2
15653347,47,560,0.0,128882.66,1,1,Spain,Male,0,0,1,0,0,0,0,0.051500891061667,0,0,0
15606003,21,566,0.0,3626.47,3,2,France,Female,1,1,0,0,0,0,0,0.05150453093487595,0,0,1
15811290,44,680,129974.79,33391.38,0,2,Germany,Male,1,1,0,0,0,0,0,0.05155832388258752,0,0,0
15571284,32,756,109528.16,56176.31,0,2,Germany,Male,1,1,0,0,0,0,0,0.05157790245507177,0,0,0
15626212,29,616,0.0,166984.44,9,1,France,Male,1,1,0,0,0,0,0,0.051583981295384995,0,0,1
15641411,23,756,112568.31,113408.11,1,1,France,Female,1,1,0,0,0,0,0,0.05162200853107113,0,0,1
15758482,32,626,0.0,187172.54,0,2,France,Female,0,0,0,0,0,0,0,0.05162307485474171,0,0,0
15717056,25,828,144351.86,116613.26,7,1,Germany,Female,0,1,0,0,0,0,0,0.05162343299490124,0,0,1
15606841,38,823,0.0,156603.7,1,2,France,Male,0,1,0,0,0,0,0,0.051642346002222284,0,0,0
15573854,62,727,0.0,38652.96,5,2,France,Male,1,0,0,0,0,0,0,0.05165562472745666,0,0,3
15771750,36,655,122314.39,9181.66,10,1,Germany,Female,0,1,0,0,0,0,0,0.05165866893624027,0,0,2
15722845,29,665,182781.74,63732.9,1,2,Spain,Male,1,1,0,0,0,0,0,0.05167827716827611,0,0,1
15644833,54,675,0.0,149583.67,2,1,France,Male,0,1,1,0,0,0,0,0.051681135453801486,0,0,3
15799790,35,763,0.0,31372.91,9,1,France,Male,1,1,0,0,0,0,0,0.05168985302818607,0,0,2
15659149,39,530,0.0,197923.05,2,2,France,Male,0,1,0,0,0,0,0,0.05169519704166248,0,0,0
15664895,25,602,0.0,101274.17,0,2,France,Female,1,1,0,0,0,0,0,0.051700054313966626,0,0,1
15758171,20,582,0.0,55763.66,4,1,France,Male,1,1,0,0,0,0,0,0.0517003301080734,0,0,1
15758035,61,747,155973.13,147554.26,7,1,France,Male,1,0,0,0,0,0,0,0.05172305427798385,0,0,3
15679062,47,734,91522.04,138835.91,10,2,Germany,Female,1,1,0,0,0,0,0,0.05173064016835316,0,0,2
15749381,41,790,126619.27,198224.38,2,1,France,Female,0,1,0,0,0,0,0,0.0517644871526598,0,0,0
15785547,28,665,191402.82,83238.4,8,2,France,Male,0,1,0,0,0,0,0,0.05177418061969252,0,0,1
15627840,42,682,0.0,91981.85,0,1,France,Female,1,0,1,0,0,0,0,0.05177936371665526,0,0,0
15727353,64,650,142028.36,32275.09,7,1,France,Female,0,1,1,0,0,0,0,0.05181063873235059,0,0,3
15649418,29,776,178171.04,115818.51,7,2,France,Female,1,1,0,0,0,0,0,0.05181541360790165,0,0,1
15743051,30,694,144684.03,31805.49,10,1,France,Male,1,1,0,0,0,0,0,0.05181882205018029,0,0,1
15622774,34,648,0.0,167931.81,0,1,France,Male,1,1,0,0,0,0,0,0.05182978434406893,0,0,0
15622532,47,708,126589.12,132730.07,0,2,France,Female,1,0,1,0,0,0,0,0.05183758706242558,0,0,0
15611579,42,801,141947.67,10598.29,4,1,Spain,Male,1,1,0,0,0,0,0,0.051842424860644276,0,0,0
15631406,50,459,109387.9,155721.15,5,1,Germany,Male,0,1,0,0,0,0,0,0.051858059119644584,0,0,0
15570601,47,785,122031.55,33823.5,9,1,France,Female,1,1,1,0,0,0,0,0.05191316849007466,0,0,2
15813144,26,554,92606.86,192709.69,7,2,France,Female,0,1,0,0,0,0,0,0.05191831722592244,0,0,1
15654611,25,736,81732.88,136497.28,9,2,Germany,Female,0,1,0,0,0,0,0,0.05191855057891015,0,0,1
15617866,67,657,119785.47,107534.32,5,2,Spain,Male,1,1,0,0,0,0,0,0.05192756235948559,0,0,3
15688007,20,703,165260.98,41626.78,3,1,Spain,Male,1,1,0,0,0,0,0,0.05192963249014171,0,0,1
15598161,47,654,0.0,170481.98,10,2,France,Male,0,1,0,0,0,0,0,0.05193724256989307,0,0,2
15707674,58,515,131852.81,81436.68,2,1,France,Female,0,1,1,0,0,0,0,0.05193920368266469,0,0,3
15802381,34,461,63663.93,167784.28,5,1,Germany,Female,1,0,0,0,0,0,0,0.051955137634940085,0,0,0
15696674,45,643,150842.93,2319.96,2,1,Germany,Female,1,0,1,0,0,0,0,0.051999533617026805,0,0,0
15732674,36,443,70438.01,56937.43,6,2,Spain,Male,1,0,0,0,0,0,0,0.05200670955443476,0,0,2
15642726,53,611,83568.26,1235.49,3,1,France,Male,0,0,0,0,0,0,0,0.05203981731037477,0,0,3
15589210,24,557,0.0,20515.72,4,1,France,Female,0,0,0,0,0,0,0,0.05204995372333154,0,0,1
15710316,48,454,144837.79,93151.77,5,1,Spain,Female,1,1,0,0,0,0,0,0.05206681070454122,0,0,0
15694039,46,650,149003.76,176902.83,9,2,Germany,Female,0,1,0,0,0,0,0,0.052070188200214806,0,0,2
15762708,38,619,119658.49,8646.58,10,1,Spain,Female,1,1,0,0,0,0,0,0.0520776465520113,0,0,2
15662500,32,774,0.0,10604.48,9,2,Spain,Male,0,1,0,0,0,0,0,0.05208621440310668,0,0,2
15610343,37,705,0.0,13935.53,10,2,France,Female,1,1,1,0,0,0,0,0.052105381891911384,0,0,2
15608804,49,824,133231.48,67885.37,8,1,Germany,Male,1,1,0,0,0,0,0,0.052113526833846846,0,0,2
15641366,61,599,124737.96,90389.61,1,1,Germany,Male,1,0,1,0,0,0,0,0.05217052012065593,0,0,3
15799910,32,793,0.0,193817.63,2,2,France,Male,0,1,1,0,0,0,0,0.052181972792833764,0,0,0
15767598,28,540,0.0,197588.32,8,2,Spain,Male,0,0,0,0,0,0,0,0.05219285770245663,0,0,1
15680683,29,640,197200.04,141453.62,5,2,Spain,Male,0,1,0,0,0,0,0,0.05221064920677898,0,0,1
15681327,30,682,0.0,2053.42,9,2,France,Male,1,1,0,0,0,0,0,0.05224393634657232,0,0,1
15612095,48,751,0.0,137508.42,9,1,France,Female,0,1,1,0,0,0,0,0.05224789737759905,0,0,2
15720583,44,745,119638.21,34265.08,0,1,Germany,Female,1,1,1,0,0,0,0,0.05227092515597276,0,0,0
15792008,26,555,0.0,158918.03,9,2,Spain,Female,1,0,0,0,0,0,0,0.052284593193407836,0,0,1
15567802,34,450,0.0,175480.93,2,2,Spain,Female,0,1,0,0,0,0,0,0.05230842906589683,0,0,0
15607312,49,648,0.0,159835.78,10,2,Spain,Female,1,1,1,0,0,0,0,0.0523096356535806,0,0,2
15776518,38,579,175739.36,193130.55,4,1,France,Female,1,1,0,0,0,0,0,0.05231088612125778,0,0,0
15807305,39,805,0.0,166650.32,2,1,France,Male,0,0,0,0,0,0,0,0.052321409217834014,0,0,0
15815626,63,640,68432.45,112503.24,2,2,France,Male,1,1,1,0,0,0,0,0.05232626401917695,0,0,3
15642709,30,474,0.0,63158.22,9,2,France,Female,0,0,0,0,0,0,0,0.0523408418746516,0,0,1
15642160,38,850,0.0,16491.64,5,2,France,Male,0,1,0,0,0,0,0,0.05235526783818878,0,0,2
15593178,36,568,153610.61,54083.8,10,1,Spain,Female,1,1,1,0,0,0,0,0.05239454500035523,0,0,2
15785782,48,513,0.0,114709.13,2,1,Spain,Male,1,1,1,0,0,0,0,0.052407190221087196,0,0,0
15610416,36,745,0.0,19605.18,9,1,France,Female,0,1,1,0,0,0,0,0.05243332437388126,0,0,2
15685947,42,556,115915.53,125435.47,0,2,Germany,Male,1,0,1,0,0,0,0,0.05244345392087346,0,0,0
15737310,29,633,130206.28,184654.87,10,1,France,Male,0,1,0,0,0,0,0,0.052446772098293626,0,0,1
15750731,50,736,116309.01,185360.4,9,1,Germany,Male,0,1,1,0,0,0,0,0.05247796124188964,0,0,2
15783083,27,534,0.0,161344.13,9,2,France,Male,0,1,0,0,0,0,0,0.05247875596439555,0,0,1
15769829,51,534,0.0,20856.31,3,2,Spain,Male,1,0,0,0,0,0,0,0.05249701576524379,0,0,3
15631070,55,667,154393.43,137674.96,9,1,Germany,Male,1,1,1,0,0,0,0,0.05250338243553476,0,0,3
15566563,30,777,137851.31,5008.23,4,1,France,Female,0,1,1,0,0,0,0,0.0525584539475038,0,0,1
15790659,59,701,0.0,27597.59,7,2,Spain,Male,1,0,0,0,0,0,0,0.05257230080113662,0,0,3
15592000,48,781,82794.18,124720.68,9,1,Germany,Female,0,1,1,0,0,0,0,0.05257584769082446,0,0,2
15587640,43,718,93143.39,167554.86,0,1,France,Female,0,1,0,0,0,0,0,0.05259478770749593,0,0,0
15730353,29,550,145294.08,147484.13,9,2,Germany,Male,0,1,0,0,0,0,0,0.05259616724360938,0,0,1
15737605,45,531,126495.57,164741.5,1,2,Spain,Female,1,1,0,0,0,0,0,0.05261312126736717,0,0,0
15675501,59,616,153861.1,17699.48,5,1,France,Male,1,1,0,0,0,0,0,0.05261658762133059,0,0,3
15723886,20,767,119714.25,150135.38,3,2,Germany,Male,1,0,0,0,0,0,0,0.052622687257647405,0,0,1
15716609,54,484,134388.11,49954.79,3,1,Germany,Male,0,0,1,0,0,0,0,0.052647609461305755,0,0,3
15687658,52,716,65971.61,14608.0,7,2,France,Female,0,1,1,0,0,0,0,0.0526601070881304,0,0,3
15623927,55,576,0.0,94450.97,9,2,France,Male,1,1,0,0,0,0,0,0.05266631657991738,0,0,3
15726747,63,714,138082.16,166677.54,4,1,France,Male,1,0,0,0,0,0,0,0.05267522288397464,0,0,3
15647800,34,850,101266.51,33501.98,6,1,France,Female,0,1,0,0,0,0,0,0.05267868962278266,0,0,2
15806210,66,675,115654.47,131970.86,5,2,Spain,Male,1,1,0,0,0,0,0,0.05268815464640786,0,0,3
15699772,40,428,129248.11,72876.43,3,2,Germany,Female,0,1,1,0,0,0,0,0.05269398562974115,0,0,0
15813894,21,620,0.0,154882.79,9,2,Spain,Male,0,0,0,0,0,0,0,0.05272300422286136,0,0,1
15781875,33,850,100476.46,136539.13,3,2,Spain,Male,1,1,0,0,0,0,0,0.05273946060756807,0,0,0
15759915,31,814,87772.52,188516.45,6,1,France,Female,0,1,0,0,0,0,0,0.05275016577916303,0,0,2
15714981,37,476,0.0,55775.84,4,1,France,Male,1,1,1,0,0,0,0,0.05276053256244351,0,0,0
15792328,39,475,0.0,56999.9,6,1,France,Male,1,1,1,0,0,0,0,0.05276935519106163,0,0,2
15641688,18,644,0.0,59645.24,7,1,Spain,Male,1,0,1,0,0,0,0,0.05277222060621711,0,0,1
15773512,25,627,0.0,194313.93,4,1,Spain,Female,1,1,0,0,0,0,0,0.052777628478131056,0,0,1
15589348,37,850,137204.77,28865.59,4,1,Spain,Male,1,1,0,0,0,0,0,0.05281030128938469,0,0,0
15642530,47,706,144090.42,140938.95,10,1,Germany,Female,0,1,1,0,0,0,0,0.052840273512197555,0,0,2
15756894,29,635,0.0,24865.54,1,1,France,Male,1,0,0,0,0,0,0,0.052859209296144294,0,0,1
15790355,36,606,190479.48,179351.89,5,2,Germany,Male,0,0,0,0,0,0,0,0.05291345619066512,0,0,0
15743976,41,618,37702.79,195775.48,8,1,Germany,Male,1,1,0,0,0,0,0,0.052922080622876955,0,0,2
15653937,53,638,123916.67,16657.68,1,1,Germany,Female,0,1,1,0,0,0,0,0.05293338473114695,0,0,3
15594576,32,524,144875.71,187740.04,1,1,France,Male,0,0,0,0,0,0,0,0.05295929313369996,0,0,0
15649239,46,731,0.0,153015.42,10,2,Spain,Male,0,1,0,0,0,0,0,0.052962417063174616,0,0,2
15808905,37,823,164858.18,173516.71,5,1,France,Male,1,1,0,0,0,0,0,0.052968311308098315,0,0,2
15581748,57,754,101134.87,70954.41,2,2,Germany,Male,1,1,0,0,0,0,0,0.05297852421157501,0,0,3
15717164,32,485,102238.01,194010.12,6,2,Spain,Male,1,1,0,0,0,0,0,0.052984701993471384,0,0,2
15602497,39,850,133214.13,20769.88,6,1,Spain,Male,1,0,0,0,0,0,0,0.052998128260327126,0,0,2
15726720,40,480,0.0,170332.67,7,1,France,Female,0,1,1,0,0,0,0,0.0530108062480974,0,0,2
15651389,24,561,143656.55,180932.46,8,1,Spain,Male,1,0,0,0,0,0,0,0.05310357612912875,0,0,1
15729040,42,440,0.0,49826.68,2,2,France,Male,0,1,0,0,0,0,0,0.05312253327484673,0,0,0
15656901,59,615,0.0,165576.55,8,2,France,Male,1,1,0,0,0,0,0,0.05312410113527699,0,0,3
15699467,41,631,0.0,87959.83,0,1,Spain,Female,0,0,0,0,0,0,0,0.05312471984521716,0,0,0
15776936,40,475,160818.08,169642.13,7,1,France,Male,1,0,1,0,0,0,0,0.05312628819675225,0,0,2
15699911,35,461,0.0,132295.95,8,1,Spain,Female,0,1,0,0,0,0,0,0.05313248093323042,0,0,2
15789109,41,686,0.0,144272.71,10,1,France,Female,1,1,1,0,0,0,0,0.053133112165061114,0,0,2
15611551,48,676,131659.59,14152.15,1,2,Spain,Male,1,0,0,0,0,0,0,0.05313703802288372,0,0,0
15640377,36,526,0.0,97767.63,0,2,France,Female,0,1,0,0,0,0,0,0.053149766612046734,0,0,0
15607786,26,709,156551.63,4410.77,6,1,France,Male,1,0,0,0,0,0,0,0.0531535697868436,0,0,1
15579212,57,638,0.0,33676.48,6,1,France,Male,0,1,1,0,0,0,0,0.05315772376831962,0,0,3
15720941,34,710,147833.3,1561.58,8,2,Germany,Male,1,0,0,0,0,0,0,0.053182490535369276,0,0,2
15716085,41,739,0.0,191694.77,8,1,Spain,Female,0,1,1,0,0,0,0,0.05318334192430807,0,0,2
15617206,42,431,120822.86,126153.24,8,2,Germany,Male,0,1,0,0,0,0,0,0.0531870337804663,0,0,2
15677796,47,766,129289.98,169935.46,9,1,Germany,Male,0,1,1,0,0,0,0,0.05321680772123838,0,0,2
15725762,24,808,122168.65,174107.04,4,1,France,Male,0,1,0,0,0,0,0,0.053264504665307744,0,0,1
15599829,35,577,0.0,25161.61,10,2,France,Female,1,1,0,0,0,0,0,0.05326771645346873,0,0,2
15616745,35,542,174894.53,22314.55,2,1,Spain,Male,1,1,0,0,0,0,0,0.05327747370448699,0,0,0
15812766,40,490,156111.08,190889.13,6,1,Spain,Male,0,0,0,0,0,0,0,0.05329167103389776,0,0,2
15783955,25,697,165686.11,15467.98,4,2,France,Female,0,1,0,0,0,0,0,0.05330531633154678,0,0,1
15769356,23,520,116022.53,37577.66,3,2,Germany,Female,1,1,0,0,0,0,0,0.05332302830326052,0,0,1
15599124,29,832,0.0,178779.52,5,2,France,Female,0,1,0,0,0,0,0,0.053339650650633064,0,0,1
15626507,27,558,152283.39,183271.15,1,1,France,Male,0,1,0,0,0,0,0,0.0533662681478726,0,0,1
15807120,52,841,112383.03,85516.37,3,1,Germany,Female,0,1,1,0,0,0,0,0.0533701279237313,0,0,3
15638610,65,635,117325.54,155799.86,5,1,Germany,Female,0,1,1,0,0,0,0,0.05338719834897754,0,0,3
15579074,38,619,84651.79,184754.26,10,1,Germany,Male,1,1,0,0,0,0,0,0.053412103601270355,0,0,2
15638607,52,546,0.0,137332.37,2,1,France,Female,0,1,1,0,0,0,0,0.05341774047952241,0,0,3
15746802,30,477,131286.46,194144.45,6,1,France,Female,0,1,0,0,0,0,0,0.05342254791833101,0,0,1
15600462,43,542,145618.37,10350.74,8,1,France,Female,1,0,0,0,0,0,0,0.053429828943222235,0,0,2
15689514,43,625,201696.07,133020.9,8,1,France,Male,0,1,1,0,0,0,0,0.053483925997056536,0,0,2
15636023,40,619,0.0,147093.84,10,1,France,Female,1,1,1,0,0,0,0,0.053487232016883546,0,0,2
15611223,38,752,101648.5,172001.44,10,2,Germany,Female,0,1,0,0,0,0,0,0.05351994508054725,0,0,2
15656592,48,646,169023.33,175657.55,8,2,Germany,Male,1,1,0,0,0,0,0,0.053531939493982605,0,0,2
15735270,47,767,0.0,48161.18,2,1,Spain,Male,0,1,1,0,0,0,0,0.05354109529127904,0,0,0
15571121,50,670,138340.06,3159.15,8,1,France,Female,1,0,0,0,0,0,0,0.05357049274705883,0,0,2
15689671,27,775,0.0,40807.26,4,1,Spain,Male,1,1,0,0,0,0,0,0.05357646804337768,0,0,1
15572657,29,472,102490.27,181224.56,8,1,France,Male,1,0,0,0,0,0,0,0.05357886653723731,0,0,1
15690958,23,767,139542.82,28038.28,2,1,Germany,Male,1,0,0,0,0,0,0,0.053589601669607134,0,0,1
15766609,47,655,0.0,167778.62,10,2,France,Female,0,1,0,0,0,0,0,0.05360209370928248,0,0,2
15782210,46,714,0.0,152167.79,1,1,France,Male,0,1,1,0,0,0,0,0.05360312285545299,0,0,0
15712568,40,515,121355.99,138360.29,10,1,Spain,Male,0,1,0,0,0,0,0,0.05361610070312661,0,0,2
15655341,35,458,166492.48,135287.74,5,1,Spain,Female,0,1,0,0,0,0,0,0.053618588658008726,0,0,0
15735572,59,629,113657.83,116848.79,9,1,France,Male,1,1,1,0,0,0,0,0.05362723985215023,0,0,3
15633640,52,799,161209.66,89081.41,4,1,France,Female,1,1,0,0,0,0,0,0.05364622058710411,0,0,3
15590228,21,715,76467.16,173511.72,6,1,France,Male,1,1,0,0,0,0,0,0.05366214311700235,0,0,1
15757617,55,735,134140.68,2267.88,6,1,France,Male,0,1,0,0,0,0,0,0.05367275038320962,0,0,3
15764405,29,731,0.0,162452.65,10,2,France,Male,1,1,0,0,0,0,0,0.05372351562210664,0,0,1
15672516,51,541,90373.28,179861.79,7,2,Germany,Male,0,1,0,0,0,0,0,0.0537333175014818,0,0,3
15609618,28,721,154475.54,101300.94,9,2,Germany,Male,1,0,1,0,0,0,0,0.05373998396930291,0,0,1
15730738,31,786,0.0,18210.36,9,2,Spain,Male,1,1,0,0,0,0,0,0.05376921134919632,0,0,2
15748920,49,561,0.0,12513.07,8,2,France,Female,1,1,0,0,0,0,0,0.05378373144419024,0,0,2
15708504,50,790,121438.58,176471.78,8,1,Germany,Male,1,1,1,0,0,0,0,0.05379790836093079,0,0,2
15750497,37,850,153147.75,152235.3,7,1,France,Female,1,1,0,0,0,0,0,0.053828353005928586,0,0,2
15584271,59,633,0.0,137273.97,5,1,France,Male,1,1,0,0,0,0,0,0.053829219593262256,0,0,3
15709324,34,417,0.0,55003.79,7,2,France,Male,0,1,0,0,0,0,0,0.05383414143438914,0,0,2
15664759,32,675,0.0,191545.65,10,2,Spain,Male,0,1,0,0,0,0,0,0.053835516849197296,0,0,2
15762928,44,548,0.0,16989.77,8,1,Spain,Male,0,1,0,0,0,0,0,0.05384092248757655,0,0,2
15760514,43,789,116644.29,60176.1,9,2,Germany,Female,1,1,0,0,0,0,0,0.053875102987852475,0,0,2
15808689,31,850,0.0,33082.81,4,2,France,Female,1,1,0,0,0,0,0,0.05389260721514533,0,0,0
15702434,30,850,0.0,116692.8,3,2,France,Female,0,1,0,0,0,0,0,0.05389461676455343,0,0,1
15575243,39,764,129068.54,187905.12,1,2,France,Female,1,1,0,0,0,0,0,0.053906091054668814,0,0,0
15622370,30,813,116416.94,85808.22,1,1,Germany,Male,1,0,0,0,0,0,0,0.05390977140525721,0,0,1
15791991,52,773,0.0,144113.42,4,1,France,Male,1,0,0,0,0,0,0,0.05392653505164857,0,0,3
15726695,20,601,122446.61,86791.9,9,2,Spain,Female,0,1,0,0,0,0,0,0.05393349771913869,0,0,1
15790247,40,536,0.0,11959.03,9,2,Spain,Male,1,1,0,0,0,0,0,0.053949858358679825,0,0,2
15568469,43,653,0.0,27862.58,0,2,France,Male,0,1,0,0,0,0,0,0.05397010713211792,0,0,0
15616365,53,571,0.0,28045.77,2,2,France,Female,0,1,0,0,0,0,0,0.05398790775189699,0,0,3
15589793,53,604,144453.75,190998.96,8,1,France,Male,0,1,1,0,0,0,0,0.05400175308293398,0,0,3
15624623,35,516,104088.59,119666.0,10,2,France,Male,0,0,0,0,0,0,0,0.054004531201367945,0,0,2
15670354,62,753,0.0,136398.9,6,2,France,Female,1,1,0,0,0,0,0,0.05403352657902227,0,0,3
15591047,47,519,157296.02,147278.43,6,2,Spain,Female,0,0,1,0,0,0,0,0.054074252904041664,0,0,2
15777958,39,587,0.0,170409.45,10,2,France,Male,1,1,0,0,0,0,0,0.05408574921804854,0,0,2
15600357,40,495,140197.71,150720.39,1,2,France,Female,0,1,0,0,0,0,0,0.054091710681798966,0,0,0
15747345,22,678,118064.93,195424.01,6,2,France,Female,1,1,0,0,0,0,0,0.05411719769924628,0,0,1
15737888,43,850,125510.82,79084.1,2,1,Spain,Female,1,1,0,0,0,0,0,0.05412032701376046,0,0,0
15801788,29,706,185544.36,171037.63,6,1,Germany,Female,0,1,0,0,0,0,0,0.054123570029725676,0,0,1
15712176,31,816,0.0,28407.4,8,2,France,Male,1,1,0,0,0,0,0,0.05414925521402225,0,0,2
15689953,43,697,128226.37,188486.94,10,1,Spain,Male,0,0,0,0,0,0,0,0.05416943178733069,0,0,2
15672242,24,712,0.0,121232.51,2,1,France,Male,1,0,0,0,0,0,0,0.05419014400149624,0,0,1
15613786,26,818,0.0,167036.94,4,2,Spain,Male,1,1,0,0,0,0,0,0.05419557608368597,0,0,1
15600832,43,508,0.0,103726.71,9,1,France,Female,0,1,0,0,0,0,0,0.0542002805333216,0,0,2
15627195,26,568,112930.28,22095.73,1,2,Germany,Male,0,1,0,0,0,0,0,0.0542371212100452,0,0,1
15806945,30,611,88594.14,196332.45,9,1,France,Female,0,1,0,0,0,0,0,0.05423839162482569,0,0,1
15808526,58,783,127539.3,96590.39,3,1,Germany,Female,1,1,1,0,0,0,0,0.05425045782153537,0,0,3
15701765,37,575,0.0,30114.32,0,2,Spain,Female,0,0,0,0,0,0,0,0.05427838578394506,0,0,0
15718779,34,780,0.0,64804.04,1,1,France,Male,1,1,0,0,0,0,0,0.054300832262311194,0,0,0
15662100,44,850,128605.32,171096.2,5,1,Germany,Female,1,0,0,0,0,0,0,0.054349490441960246,0,0,2
15657396,31,806,0.0,140168.36,9,2,France,Male,1,0,0,0,0,0,0,0.054356310175878164,0,0,2
15630466,45,797,0.0,125110.02,8,1,France,Male,0,0,0,0,0,0,0,0.05436909436061843,0,0,2
15693018,23,678,115563.71,91633.53,10,1,Germany,Male,1,1,0,0,0,0,0,0.054375858796585796,0,0,1
15722991,54,567,96402.96,52035.29,9,1,France,Male,0,0,1,0,0,0,0,0.054395074671469534,0,0,3
15576313,40,486,71340.09,76192.21,9,1,Germany,Female,0,1,0,0,0,0,0,0.05441446328433874,0,0,2
15739592,51,707,98438.23,70778.63,10,1,Germany,Female,0,0,1,0,0,0,0,0.05441653718682271,0,0,3
15651664,61,615,104267.7,62845.64,1,1,France,Female,0,1,1,0,0,0,0,0.054416908577627154,0,0,3
15785078,26,730,0.0,34542.41,3,1,Spain,Male,0,1,0,0,0,0,0,0.054430916894402825,0,0,1
15737795,36,512,0.0,135482.26,1,1,Spain,Male,1,0,1,0,0,0,0,0.05443115213175864,0,0,0
15712772,28,757,75381.15,199727.72,3,1,France,Male,1,1,0,0,0,0,0,0.054435494516820504,0,0,1
15674928,37,850,0.0,119969.99,2,2,Spain,Male,0,1,0,0,0,0,0,0.054461228135585404,0,0,0
15797751,47,466,102085.72,183536.24,5,1,Germany,Female,1,1,1,0,0,0,0,0.05447812101032945,0,0,0
15706232,52,595,0.0,106340.66,9,1,France,Male,1,1,1,0,0,0,0,0.05448095265058883,0,0,3
15767729,25,646,182876.88,42537.59,5,2,Spain,Male,1,1,1,0,0,0,0,0.05448340470088142,0,0,1
15696733,29,724,0.0,8982.75,4,1,France,Male,0,1,0,0,0,0,0,0.054504104075659865,0,0,1
15812470,61,719,0.0,29132.43,5,2,France,Male,1,0,0,0,0,0,0,0.05451195101159512,0,0,3
15617166,37,610,0.0,114514.64,0,1,France,Male,0,1,0,0,0,0,0,0.054545911918670864,0,0,0
15730038,23,706,0.0,164128.41,5,1,France,Female,0,0,1,0,0,0,0,0.05454624427095367,0,0,1
15604732,30,483,0.0,136356.97,9,2,France,Female,0,0,0,0,0,0,0,0.054565020166538636,0,0,1
15670266,28,499,141792.61,22001.91,4,1,France,Female,1,1,0,0,0,0,0,0.05456732101257611,0,0,1
15805671,32,648,0.0,117323.31,0,1,France,Male,1,0,0,0,0,0,0,0.054581118165742404,0,0,0
15695280,24,532,142755.25,34231.48,8,1,Germany,Male,0,0,0,0,0,0,0,0.054587866777105365,0,0,1
15741719,40,540,165298.12,199862.75,3,1,France,Female,1,0,0,0,0,0,0,0.05460729525624608,0,0,0
15599126,43,529,123815.86,78463.99,0,1,France,Female,1,1,1,0,0,0,0,0.054609234621228686,0,0,0
15571065,39,532,0.0,94977.3,0,2,Spain,Female,0,1,0,0,0,0,0,0.05462025210711463,0,0,0
15659567,39,473,117103.26,85937.52,9,2,France,Female,1,1,1,0,0,0,0,0.054639686944351396,0,0,2
15695097,30,564,100954.88,134175.15,0,2,Germany,Female,0,0,0,0,0,0,0,0.054642996255975795,0,0,1
15648479,45,655,0.0,166830.71,0,2,France,Female,0,1,0,0,0,0,0,0.054648880863627625,0,0,0
15788775,40,473,152576.25,73073.68,8,2,Germany,Male,0,1,0,0,0,0,0,0.05466615292356636,0,0,2
15611325,24,682,57929.81,53134.3,9,2,Germany,Male,0,0,0,0,0,0,0,0.05468241613800451,0,0,1
15609823,34,751,127095.14,479.54,8,2,Spain,Female,0,0,0,0,0,0,0,0.05468628291729061,0,0,2
15571059,54,734,0.0,130805.54,3,1,France,Female,0,1,1,0,0,0,0,0.0547211298895699,0,0,3
15570004,31,850,0.0,121866.87,3,2,France,Male,0,1,0,0,0,0,0,0.05473207987307105,0,0,0
15653762,39,501,117301.66,182025.95,9,1,France,Female,0,0,0,0,0,0,0,0.05475953723443894,0,0,2
15764491,35,701,159693.9,71173.64,10,2,Spain,Male,1,1,0,0,0,0,0,0.05479340037545988,0,0,2
15709476,41,850,99945.93,71179.31,3,2,Spain,Female,0,1,0,0,0,0,0,0.05480472659266922,0,0,0
15774857,27,460,0.0,156150.08,7,2,France,Female,0,1,1,0,0,0,0,0.05484071295448478,0,0,1
15566708,45,444,0.0,161653.5,4,2,France,Female,0,1,1,0,0,0,0,0.05484698354711137,0,0,0
15769412,39,684,207034.96,157694.76,4,2,Spain,Male,0,0,1,0,0,0,0,0.05487401285055882,0,0,0
15627801,33,512,176666.62,94670.77,3,1,Spain,Male,0,1,0,0,0,0,0,0.05490224654668219,0,0,0
15726087,62,592,0.0,100941.57,5,1,France,Female,1,1,0,0,0,0,0,0.05496071899651567,0,0,3
15593900,38,705,189443.72,106648.58,1,1,France,Male,1,0,0,0,0,0,0,0.05496323909259393,0,0,0
15761497,48,713,163760.82,157381.14,1,1,Spain,Female,0,0,1,0,0,0,0,0.05497133466369597,0,0,0
15687491,45,817,101207.75,88211.12,9,1,Germany,Male,0,0,1,0,0,0,0,0.05499924862296712,0,0,2
15633537,42,540,87271.41,172572.64,9,2,Germany,Female,0,1,0,0,0,0,0,0.05501211932314931,0,0,2
15680421,42,591,0.0,171099.22,10,2,France,Female,0,0,0,0,0,0,0,0.05501890893876693,0,0,2
15662397,42,640,176099.13,8404.73,5,1,France,Female,1,1,0,0,0,0,0,0.055070847871562245,0,0,0
15694143,41,686,0.0,133086.45,10,1,France,Female,0,1,0,0,0,0,0,0.05508191060875267,0,0,2
15761053,48,596,131326.47,1140.02,2,1,Germany,Male,0,0,1,0,0,0,0,0.0550862679704871,0,0,0
15813412,55,721,44020.89,65864.4,3,1,France,Female,0,1,1,0,0,0,0,0.0551004942488601,0,0,3
15738501,48,601,163630.76,41816.49,9,1,Germany,Male,1,0,1,0,0,0,0,0.055105560547987875,0,0,2
15730759,27,561,135637.0,153080.4,9,1,France,Female,0,1,1,0,0,0,0,0.05512556538580582,0,0,1
15595557,22,798,0.0,107615.43,8,2,France,Male,0,1,0,0,0,0,0,0.055133150388647856,0,0,1
15579131,25,835,0.0,83449.65,7,2,France,Male,1,1,0,0,0,0,0,0.055142013368316034,0,0,1
15709928,41,567,0.0,3414.72,1,2,Spain,Female,0,1,0,0,0,0,0,0.05515537256074898,0,0,0
15679297,43,628,184926.61,122937.57,3,1,Spain,Male,0,1,0,0,0,0,0,0.05517231976738668,0,0,0
15658158,23,672,110741.56,80778.5,10,1,Germany,Female,0,1,0,0,0,0,0,0.05520119595949302,0,0,1
15569595,50,678,0.0,8199.5,6,1,France,Female,0,1,0,0,0,0,0,0.05521200756402256,0,0,2
15697318,32,771,77487.2,33143.04,9,1,Germany,Male,0,0,0,0,0,0,0,0.055236849877891014,0,0,2
15694349,44,714,0.0,6923.11,7,1,Spain,Male,1,0,0,0,0,0,0,0.055257717591840505,0,0,2
15747960,33,733,0.0,7666.73,3,1,France,Male,1,1,0,0,0,0,0,0.05525861834483481,0,0,0
15667321,49,644,0.0,145089.64,10,2,Spain,Male,1,1,0,0,0,0,0,0.0552632993121881,0,0,2
15667938,32,628,149136.31,16402.11,9,2,France,Male,1,1,0,0,0,0,0,0.055265987048013776,0,0,2
15649618,39,799,167395.6,139537.43,7,2,Germany,Female,1,0,0,0,0,0,0,0.055274987861665736,0,0,2
15631709,31,470,101675.22,45033.75,2,2,Spain,Female,0,1,0,0,0,0,0,0.05530426175914138,0,0,0
15693526,40,618,0.0,119059.13,0,1,France,Female,0,1,0,0,0,0,0,0.0553201986617442,0,0,0
15689633,38,845,112803.92,179631.85,2,1,Spain,Female,0,1,0,0,0,0,0,0.055328059508323646,0,0,0
15624428,24,651,40224.7,178341.33,7,1,Germany,Female,1,1,0,0,0,0,0,0.055350929775364155,0,0,1
15648951,41,785,0.0,199108.88,7,2,Spain,Male,1,1,0,0,0,0,0,0.055401471702080096,0,0,2
15798084,26,688,0.0,105784.85,0,2,France,Male,0,1,0,0,0,0,0,0.0554350567338987,0,0,1
15644962,21,745,137910.45,177235.23,4,1,France,Male,1,1,0,0,0,0,0,0.055464854233466254,0,0,1
15678201,46,548,0.0,104469.06,1,1,France,Female,1,1,1,0,0,0,0,0.05549561647375445,0,0,0
15683677,39,769,0.0,47722.79,9,1,Spain,Male,1,1,0,0,0,0,0,0.05549942412397757,0,0,2
15695475,29,645,130131.08,196474.35,1,2,France,Male,1,0,0,0,0,0,0,0.055505443174649116,0,0,1
15701376,37,668,152958.29,159585.61,10,2,Germany,Male,1,1,0,0,0,0,0,0.05551190226436986,0,0,2
15633650,41,677,146720.98,4195.84,8,2,Germany,Female,1,1,0,0,0,0,0,0.05551280627628974,0,0,2
15592751,63,684,81245.79,69643.31,3,1,Germany,Female,0,1,1,0,0,0,0,0.05551444158829477,0,0,3
15728005,57,698,111359.55,105715.01,9,2,France,Female,0,1,0,0,0,0,0,0.055529697044941595,0,0,3
15665438,43,669,163159.85,15602.8,1,1,France,Male,1,0,0,0,0,0,0,0.05553463314604612,0,0,0
15776807,29,654,0.0,180345.44,1,1,France,Male,0,1,0,0,0,0,0,0.05554101191018168,0,0,1
15801699,43,436,0.0,35687.43,5,2,Spain,Male,1,1,0,0,0,0,0,0.05555387292057179,0,0,0
15688193,36,468,61636.97,107787.42,3,1,France,Male,0,0,0,0,0,0,0,0.05557140959792317,0,0,0
15690925,29,527,27755.97,97468.44,2,1,Spain,Female,0,1,1,0,0,0,0,0.055578733287601656,0,0,1
15755241,52,714,0.0,144045.08,2,1,France,Female,1,0,1,0,0,0,0,0.05558100408324729,0,0,3
15783501,38,800,168190.33,68052.08,2,2,France,Female,0,1,0,0,0,0,0,0.05559981362162758,0,0,0
15653253,48,704,167997.6,173498.45,8,1,Spain,Male,1,1,0,0,0,0,0,0.055600543228202404,0,0,2
15584776,37,847,112712.17,116097.26,9,1,Spain,Female,0,1,0,0,0,0,0,0.05561391390754289,0,0,2
15759872,22,625,0.0,157072.91,9,2,France,Male,0,1,0,0,0,0,0,0.05562614997914084,0,0,1
15738411,34,505,104498.79,126451.14,10,1,France,Male,1,0,0,0,0,0,0,0.055664860864071075,0,0,2
15773869,59,797,129321.44,93624.55,4,1,Spain,Male,1,1,0,0,0,0,0,0.055683172891907606,0,0,3
15736399,42,606,0.0,177938.52,10,2,Spain,Male,0,1,0,0,0,0,0,0.055699114116573356,0,0,2
15807221,21,555,0.0,103901.35,1,2,Spain,Male,0,0,0,0,0,0,0,0.05570786797552818,0,0,1
15572174,29,825,148874.01,71192.82,3,2,France,Male,1,0,0,0,0,0,0,0.05572256394616815,0,0,1
15580805,27,655,0.0,51620.94,10,2,France,Male,0,1,0,0,0,0,0,0.055727042997999465,0,0,1
15650258,35,479,113090.4,195649.79,2,1,France,Female,0,1,0,0,0,0,0,0.05572794293394423,0,0,0
15600739,35,562,0.0,119899.52,0,2,Spain,Female,0,1,0,0,0,0,0,0.05572950091027262,0,0,0
15630551,33,696,163139.27,7035.36,2,1,France,Male,1,1,0,0,0,0,0,0.05575311735385635,0,0,0
15810457,33,728,150412.14,170764.08,9,2,Germany,Female,0,1,0,0,0,0,0,0.055756185039352424,0,0,2
15759066,44,483,136836.49,192359.9,5,1,France,Female,0,1,1,0,0,0,0,0.055763969251860335,0,0,0
15771409,58,586,151933.63,162960.05,7,1,France,Male,0,1,1,0,0,0,0,0.055772714019149405,0,0,3
15635143,42,749,56726.83,185543.35,2,2,France,Male,1,0,0,0,0,0,0,0.05580001305828719,0,0,0
15578211,23,777,0.0,163225.48,6,2,France,Male,1,1,0,0,0,0,0,0.055800096231813145,0,0,1
15741403,38,698,171848.38,16957.45,1,1,Spain,Female,0,0,0,0,0,0,0,0.055808316364594934,0,0,0
15568519,41,534,0.0,13871.34,9,2,France,Male,0,1,0,0,0,0,0,0.05581227819934664,0,0,2
15677052,59,589,0.0,126160.24,2,2,France,Female,1,1,1,0,0,0,0,0.05581664021334898,0,0,3
15765093,23,704,166594.78,155823.2,6,1,France,Male,1,1,0,0,0,0,0,0.05582203176594869,0,0,1
15751227,47,807,95120.59,127875.1,1,1,France,Male,0,0,0,0,0,0,0,0.05582529363794275,0,0,0
15677336,57,557,120043.13,132370.75,1,1,Germany,Male,0,1,1,0,0,0,0,0.05583934772441257,0,0,3
15740630,31,487,0.0,158750.13,1,2,Spain,Female,0,1,0,0,0,0,0,0.05585322302669493,0,0,0
15691543,58,558,142537.18,88791.83,2,1,Germany,Male,1,1,0,0,0,0,0,0.055857721159844775,0,0,3
15777616,28,605,113690.83,33114.24,10,1,Germany,Male,0,1,0,0,0,0,0,0.05585866265803607,0,0,1
15711687,41,434,108128.52,56784.11,4,1,France,Male,1,0,0,0,0,0,0,0.05586611823692267,0,0,0
15793196,41,759,0.0,190294.12,9,2,France,Male,1,0,0,0,0,0,0,0.05586808711352309,0,0,2
15681316,41,681,120549.29,175722.31,0,2,France,Female,0,1,0,0,0,0,0,0.055885132242232016,0,0,0
15697034,22,583,0.0,5985.36,2,2,Spain,Female,1,0,0,0,0,0,0,0.05588536971028024,0,0,1
15675963,57,627,0.0,107712.42,9,2,France,Female,1,1,0,0,0,0,0,0.05588725872850575,0,0,3
15810563,61,678,0.0,159938.82,8,2,Spain,Female,1,1,0,0,0,0,0,0.055894996921266094,0,0,3
15592716,52,559,0.0,129013.59,2,1,France,Male,0,1,1,0,0,0,0,0.05589699654295288,0,0,3
15577178,45,511,68375.27,193160.25,5,1,France,Male,0,1,1,0,0,0,0,0.05591109519653914,0,0,0
15638329,25,522,111432.13,168683.57,1,1,Germany,Male,1,1,0,0,0,0,0,0.055926618337823863,0,0,1
15748797,33,636,0.0,92277.47,0,1,Spain,Female,0,1,1,0,0,0,0,0.05593034899476779,0,0,0
15732660,27,769,0.0,57876.05,2,1,France,Female,1,1,0,0,0,0,0,0.05594944690147674,0,0,1
15718216,43,803,0.0,72051.44,3,1,Spain,Male,0,1,0,0,0,0,0,0.055972083514727045,0,0,0
15773469,27,687,152328.88,126494.82,9,2,Germany,Female,0,0,0,0,0,0,0,0.05598401803926922,0,0,1
15618765,42,530,99948.45,97338.62,0,1,Germany,Female,1,0,0,0,0,0,0,0.055993190208890375,0,0,0
15727138,46,774,0.0,34774.26,9,2,Spain,Male,1,1,0,0,0,0,0,0.05600052287626056,0,0,2
15596175,67,659,117411.6,45071.09,6,1,Germany,Male,1,1,1,0,0,0,0,0.05600813072994959,0,0,3
15595609,52,679,135870.01,54038.62,9,2,Germany,Male,0,0,0,0,0,0,0,0.0560146021940513,0,0,3
15769308,36,635,81231.85,196731.08,9,2,Germany,Female,0,1,0,0,0,0,0,0.05601523026631494,0,0,2
15570145,23,763,0.0,153983.99,2,2,France,Female,0,1,0,0,0,0,0,0.056017099283567795,0,0,1
15661007,33,660,72783.42,181051.99,0,1,France,Male,0,0,0,0,0,0,0,0.05602735423026195,0,0,0
15660646,35,528,156687.1,199320.77,3,1,France,Male,0,1,0,0,0,0,0,0.056039653743791606,0,0,0
15735849,26,617,165947.99,168834.38,2,2,France,Female,1,0,0,0,0,0,0,0.056041097230877135,0,0,1
15739357,30,756,145127.85,7554.68,2,1,Spain,Male,0,0,0,0,0,0,0,0.05604991858580333,0,0,1
15704053,62,710,131078.42,119348.76,3,2,Spain,Male,0,1,1,0,0,0,0,0.05606263015390178,0,0,3
15590327,42,604,166031.45,98293.14,10,1,Germany,Female,0,1,0,0,0,0,0,0.056077752286383675,0,0,2
15665110,25,515,79543.59,38772.82,7,1,France,Female,1,0,0,0,0,0,0,0.05608658196980498,0,0,1
15781589,52,751,0.0,179291.85,8,2,Spain,Male,1,0,0,0,0,0,0,0.05616408508956516,0,0,3
15727350,37,516,113143.12,3363.36,8,1,France,Female,0,0,0,0,0,0,0,0.05616493840836834,0,0,2
15682021,23,471,104592.55,131736.23,6,2,Germany,Male,0,1,0,0,0,0,0,0.0561698214219688,0,0,1
15580366,54,566,118614.6,172601.62,4,2,Germany,Male,1,1,0,0,0,0,0,0.05618126614188801,0,0,3
15720774,44,850,89118.26,104240.77,7,1,Spain,Male,0,1,1,0,0,0,0,0.05618569981865962,0,0,2
15758252,45,561,168085.38,115719.08,2,2,Germany,Female,1,0,0,0,0,0,0,0.05619399445542128,0,0,0
15619343,56,561,152759.0,133167.11,7,2,France,Male,0,1,1,0,0,0,0,0.05620373975811144,0,0,3
15680399,23,772,0.0,18364.19,2,2,France,Male,0,1,0,0,0,0,0,0.05625187867852799,0,0,1
15720083,42,554,0.0,183492.9,1,2,Spain,Male,1,0,0,0,0,0,0,0.05625629036212165,0,0,0
15767871,48,784,0.0,182609.97,7,2,Spain,Male,1,1,0,0,0,0,0,0.05625676517527767,0,0,2
15590606,41,595,0.0,5967.09,9,2,France,Male,0,1,0,0,0,0,0,0.05626772241423872,0,0,2
15726103,55,689,76296.81,42364.75,1,1,Germany,Female,0,1,1,0,0,0,0,0.05626947450617459,0,0,3
15566633,55,698,155059.1,144584.29,8,2,Germany,Male,1,1,0,0,0,0,0,0.056290089732703774,0,0,3
15764073,36,503,0.0,16274.67,9,2,Spain,Female,1,1,0,0,0,0,0,0.05629482235685379,0,0,2
15656597,38,432,135559.8,71856.3,2,2,Germany,Male,1,1,0,0,0,0,0,0.05629755016306459,0,0,0
15811613,27,588,0.0,20066.38,8,1,France,Female,0,1,0,0,0,0,0,0.05632908777382861,0,0,1
15696552,21,747,81025.6,167682.57,4,2,France,Female,0,1,0,0,0,0,0,0.056331967003850125,0,0,1
15754747,33,686,141918.09,184036.47,9,2,Germany,Male,1,0,0,0,0,0,0,0.05633248443692951,0,0,2
15596647,54,768,69712.74,69381.05,8,1,France,Male,1,1,0,0,0,0,0,0.056332712480896885,0,0,3
15691647,35,411,0.0,93825.78,2,2,France,Female,1,1,0,0,0,0,0,0.05634647495361078,0,0,0
15585047,28,715,160376.61,196853.11,7,1,France,Male,0,0,0,0,0,0,0,0.05634831099225146,0,0,1
15584113,53,823,124954.94,131259.6,4,1,Germany,Female,1,0,1,0,0,0,0,0.056376137227047374,0,0,3
15583849,40,408,0.0,124874.23,3,2,France,Male,0,0,0,0,0,0,0,0.056378725293576126,0,0,0
15647203,35,750,0.0,191520.5,3,1,France,Female,0,1,0,0,0,0,0,0.05638275350680688,0,0,0
15805429,59,699,106819.65,163570.25,3,1,Germany,Male,1,0,0,0,0,0,0,0.056384661839973815,0,0,3
15606097,63,665,104469.58,25165.36,7,1,Germany,Male,1,1,1,0,0,0,0,0.05638897396008613,0,0,3
15807433,43,570,0.0,11417.26,9,2,France,Female,1,0,0,0,0,0,0,0.056409517565931266,0,0,2
15709846,39,840,94968.97,84487.62,1,1,France,Female,0,1,0,0,0,0,0,0.056410399824111,0,0,0
15661162,49,526,0.0,114539.67,2,1,Spain,Male,0,1,1,0,0,0,0,0.056435892753533334,0,0,0
15655232,35,437,126803.34,161133.4,6,2,Germany,Male,1,1,0,0,0,0,0,0.05645228886194675,0,0,2
15780220,38,656,0.0,136521.82,10,1,France,Male,1,1,0,0,0,0,0,0.05647800829695815,0,0,2
15647306,29,777,131240.61,163746.09,9,1,France,Female,1,1,1,0,0,0,0,0.056479734349108135,0,0,1
15712960,37,613,171653.17,5353.12,3,1,Spain,Male,1,0,0,0,0,0,0,0.056502116141954106,0,0,0
15686974,48,751,0.0,30165.06,4,1,France,Female,1,0,1,0,0,0,0,0.05654656052375495,0,0,0
15605134,34,617,131244.65,183229.02,0,2,France,Female,0,1,0,0,0,0,0,0.05654728069219839,0,0,0
15710295,38,445,119413.62,175756.36,6,2,Germany,Female,0,1,0,0,0,0,0,0.05655415909478412,0,0,2
15610454,33,724,119278.44,197148.24,9,1,Germany,Female,1,1,0,0,0,0,0,0.05658368938182845,0,0,2
15657868,40,850,94607.08,36690.49,6,1,Germany,Male,0,1,0,0,0,0,0,0.056587698472641,0,0,2
15641822,19,648,0.0,22101.86,1,2,France,Female,1,0,0,0,0,0,0,0.05659820963472717,0,0,1
15715667,32,850,0.0,155227.0,7,2,France,Female,0,0,0,0,0,0,0,0.05659837558374936,0,0,2
15809248,36,524,0.0,109614.57,10,2,France,Female,0,1,0,0,0,0,0,0.056621319355255606,0,0,2
15574830,58,633,128137.42,147635.33,2,2,Germany,Male,0,1,1,0,0,0,0,0.05668450431087113,0,0,3
15732621,34,663,0.0,114083.73,10,1,France,Male,1,1,0,0,0,0,0,0.05670880118416166,0,0,2
15687946,61,556,117419.35,94153.83,2,1,France,Female,1,1,0,0,0,0,0,0.05670895103304918,0,0,3
15684921,25,792,142862.21,130639.01,8,1,Spain,Male,1,1,0,0,0,0,0,0.05675583106269566,0,0,1
15582168,61,713,149525.34,123663.63,4,2,Germany,Female,0,1,0,0,0,0,0,0.05677488582091117,0,0,3
15655590,46,581,79385.21,188492.82,2,2,Spain,Male,0,0,0,0,0,0,0,0.05678347921820115,0,0,0
15693264,29,583,0.0,111285.85,10,2,France,Female,1,1,0,0,0,0,0,0.056797025212777075,0,0,1
15791958,41,849,0.0,169203.51,6,2,France,Female,1,1,1,0,0,0,0,0.056867806455700665,0,0,2
15592194,28,492,0.0,95957.09,9,2,France,Female,0,1,0,0,0,0,0,0.056874757076586735,0,0,1
15814430,41,747,0.0,32430.94,9,1,Spain,Male,0,1,1,0,0,0,0,0.05687654093808936,0,0,2
15671630,40,796,99745.95,177524.19,1,1,Germany,Female,0,1,0,0,0,0,0,0.056902636298334475,0,0,0
15655252,41,758,79857.64,78088.17,10,1,Germany,Male,1,1,0,0,0,0,0,0.056910466535459614,0,0,2
15755138,32,850,0.0,55593.8,8,2,France,Female,1,1,0,0,0,0,0,0.05691724105433105,0,0,2
15570051,38,775,179886.41,153122.58,6,2,Germany,Female,0,0,0,0,0,0,0,0.05693174895125408,0,0,2
15758606,54,738,0.0,55725.04,4,1,France,Male,1,0,1,0,0,0,0,0.05695063781045262,0,0,3
15710726,52,573,0.0,178229.04,8,2,France,Male,1,0,0,0,0,0,0,0.05696010823639441,0,0,3
15795429,24,487,133628.09,98570.01,7,2,France,Male,1,1,0,0,0,0,0,0.05696634969248915,0,0,1
15736760,42,538,0.0,152855.96,9,1,Spain,Female,0,0,0,0,0,0,0,0.05696814086853885,0,0,2
15651093,55,707,0.0,54409.48,1,2,France,Female,1,0,0,0,0,0,0,0.056981994600550534,0,0,3
15605916,50,659,0.0,183399.12,3,1,France,Female,0,1,1,0,0,0,0,0.05699299348820819,0,0,0
15635964,65,566,120100.41,107563.16,4,1,Germany,Male,0,1,1,0,0,0,0,0.05699301528590861,0,0,3
15658980,26,711,128793.63,19262.05,9,1,Germany,Male,0,1,0,0,0,0,0,0.05699760243722496,0,0,1
15800083,45,559,24043.45,169781.45,8,1,France,Male,1,0,1,0,0,0,0,0.056998802648921876,0,0,2
15757829,40,609,137389.77,170122.22,10,2,Germany,Female,0,1,0,0,0,0,0,0.057007010401709524,0,0,2
15759480,40,644,139180.97,19959.67,10,1,France,Female,1,1,0,0,0,0,0,0.057011907751529756,0,0,2
15645956,44,452,88915.85,69697.74,3,1,Spain,Male,0,1,0,0,0,0,0,0.057016725987227734,0,0,0
15745826,37,445,0.0,180012.39,3,2,France,Male,1,1,0,0,0,0,0,0.057044328662196664,0,0,0
15716324,23,665,143672.9,115147.33,9,1,France,Female,1,1,0,0,0,0,0,0.05704839618408519,0,0,1
15779390,31,850,91292.7,162149.07,4,1,Spain,Female,1,1,0,0,0,0,0,0.05705028376329491,0,0,0
15684171,61,660,155931.11,158338.39,5,1,Spain,Female,1,1,0,0,0,0,0,0.057061136762688425,0,0,3
15704583,56,651,0.0,114522.68,2,1,France,Male,0,1,1,0,0,0,0,0.05708498529494388,0,0,3
15760431,38,850,0.0,80006.65,1,2,France,Male,1,1,0,0,0,0,0,0.057102094692047634,0,0,0
15585888,48,553,0.0,30730.95,3,1,Spain,Female,1,0,1,0,0,0,0,0.05711220187430954,0,0,0
15714485,60,774,85891.55,74135.48,5,1,France,Male,0,1,1,0,0,0,0,0.057115118692930955,0,0,3
15620570,43,736,202443.47,72375.03,4,1,France,Male,0,1,0,0,0,0,0,0.057115948559363305,0,0,0
15794560,57,550,0.0,133501.94,5,1,France,Male,1,1,0,0,0,0,0,0.05715244299764799,0,0,3
15778936,33,701,147510.34,190611.92,9,1,France,Male,0,1,0,0,0,0,0,0.057169171912744954,0,0,2
15787322,41,788,0.0,25571.37,6,1,France,Female,1,1,0,0,0,0,0,0.05718086866744354,0,0,2
15636454,60,691,101070.69,177355.8,6,1,France,Female,0,1,1,0,0,0,0,0.057203341677771746,0,0,3
15804822,31,805,0.0,4798.12,4,2,France,Female,0,1,0,0,0,0,0,0.05720628835140096,0,0,0
15715527,41,543,0.0,194902.16,4,1,Spain,Female,0,0,0,0,0,0,0,0.05720686589353763,0,0,0
15577970,34,489,0.0,43540.59,5,1,France,Male,0,0,0,0,0,0,0,0.0572144563950675,0,0,0
15667190,21,630,85818.18,133102.3,1,1,Spain,Female,1,1,0,0,0,0,0,0.05722208467727585,0,0,1
15780989,43,579,145843.82,198402.37,2,1,Spain,Male,1,1,1,0,0,0,0,0.057244977049589196,0,0,0
15611058,60,702,138597.54,41536.59,5,2,Germany,Female,1,1,1,0,0,0,0,0.057250047063265086,0,0,3
15660200,31,551,0.0,185105.44,1,2,France,Male,1,1,0,0,0,0,0,0.0572640993991832,0,0,0
15720071,49,535,0.0,61820.41,3,1,France,Female,0,0,1,0,0,0,0,0.05730619700553896,0,0,0
15713599,30,728,114835.43,37662.49,10,1,France,Male,1,0,0,0,0,0,0,0.05731249748455114,0,0,1
15721793,50,510,123936.54,23768.01,7,1,Germany,Female,1,1,0,0,0,0,0,0.05732647461521334,0,0,3
15674368,39,738,94435.45,189430.86,1,2,France,Female,1,0,0,0,0,0,0,0.05732992806058557,0,0,0
15584229,23,671,123943.18,159553.27,9,1,Germany,Female,1,1,0,0,0,0,0,0.0573553562611151,0,0,1
15599433,35,660,58641.43,198674.08,8,1,Germany,Male,1,0,0,0,0,0,0,0.05739299991710367,0,0,2
15768455,60,679,0.0,51380.9,8,2,France,Male,1,1,0,0,0,0,0,0.05741411861372758,0,0,3
15700601,34,561,78829.53,12148.2,1,1,France,Male,1,1,0,0,0,0,0,0.05744004980432438,0,0,0
15748069,25,485,134467.26,113266.09,3,1,France,Female,1,1,0,0,0,0,0,0.0574437160059913,0,0,1
15602010,45,850,103909.86,60083.11,5,1,Germany,Female,0,1,1,0,0,0,0,0.05744418286839459,0,0,2
15641004,48,605,150315.92,133486.36,10,1,Spain,Female,1,0,0,0,0,0,0,0.05746202180701898,0,0,2
15595728,41,523,119276.31,122284.38,0,1,Germany,Male,0,0,1,0,0,0,0,0.057467332851930064,0,0,0
15579777,41,850,0.0,128892.36,3,2,France,Male,0,1,0,0,0,0,0,0.05746848817432293,0,0,0
15745080,26,634,0.0,21760.96,8,1,France,Male,0,1,0,0,0,0,0,0.05747344934293008,0,0,1
15628558,44,447,89188.83,75408.24,5,1,France,Female,1,1,0,0,0,0,0,0.05748699124800205,0,0,0
15812338,30,485,0.0,107067.37,7,1,Spain,Female,0,1,0,0,0,0,0,0.05749152463367513,0,0,1
15809991,19,756,130274.22,133535.29,4,1,Spain,Male,1,1,0,0,0,0,0,0.057491762348024,0,0,1
15605020,45,651,165901.59,23054.51,2,2,France,Male,0,1,1,0,0,0,0,0.05750456962718831,0,0,0
15597394,34,668,0.0,99984.86,0,1,Spain,Male,0,0,0,0,0,0,0,0.05752458476761413,0,0,0
15775678,44,716,0.0,152108.47,1,1,France,Female,1,1,0,0,0,0,0,0.05753478143100099,0,0,0
15600700,63,523,116227.27,119404.63,6,1,Germany,Male,1,1,0,0,0,0,0,0.057537530277022686,0,0,3
15735439,31,449,113693.0,82796.29,1,1,Spain,Female,0,0,0,0,0,0,0,0.05753971844700634,0,0,0
15625592,26,486,0.0,31399.4,2,2,France,Male,1,1,0,0,0,0,0,0.05754446770372956,0,0,1
15581626,54,664,0.0,162719.69,8,1,France,Male,1,1,1,0,0,0,0,0.05756795453020569,0,0,3
15746203,62,555,119817.33,43507.1,4,1,Germany,Male,1,0,1,0,0,0,0,0.057572880031649065,0,0,3
15649793,20,658,0.0,187638.34,7,2,France,Male,0,0,0,0,0,0,0,0.057591809994163135,0,0,1
15808780,34,850,0.0,51919.04,2,2,France,Female,0,0,0,0,0,0,0,0.05759882687617068,0,0,0
15623202,39,704,102556.18,171971.25,10,2,Germany,Female,0,1,1,0,0,0,0,0.057600961836170805,0,0,2
15656417,39,582,132077.48,192255.15,1,2,France,Female,0,1,0,0,0,0,0,0.057616501392862673,0,0,0
15760456,38,731,123711.73,171340.68,10,2,France,Female,0,1,1,0,0,0,0,0.05762114157006648,0,0,2
15654733,57,794,117056.46,93336.93,3,1,Germany,Male,0,1,1,0,0,0,0,0.0576345904804646,0,0,3
15669326,44,658,168396.34,14178.73,2,1,France,Male,1,1,0,0,0,0,0,0.057649580556897284,0,0,0
15763148,39,576,84719.98,191063.36,9,1,France,Male,0,0,0,0,0,0,0,0.05765197895463059,0,0,2
15670738,45,733,113939.36,3218.71,2,2,Germany,Male,0,1,0,0,0,0,0,0.05765582912136058,0,0,0
15597901,34,609,0.0,181177.9,1,1,France,Male,1,1,0,0,0,0,0,0.05765859189744316,0,0,0
15729956,26,726,80780.16,19225.85,1,1,Spain,Female,1,1,0,0,0,0,0,0.057659559619545386,0,0,1
15618437,34,567,0.0,161571.79,10,2,Spain,Male,1,0,0,0,0,0,0,0.057664028355268515,0,0,2
15671973,39,467,0.0,7415.96,5,2,Spain,Male,1,1,0,0,0,0,0,0.057672469008567706,0,0,0
15739576,20,706,0.0,12368.11,8,2,Spain,Male,1,1,0,0,0,0,0,0.057673233913032584,0,0,1
15735400,28,756,179960.2,89938.08,8,1,France,Male,0,1,0,0,0,0,0,0.057694230560059734,0,0,1
15598884,23,650,0.0,180622.43,5,1,Spain,Female,1,1,0,0,0,0,0,0.05770843056328234,0,0,1
15580988,29,842,0.0,123437.05,8,2,France,Male,1,1,0,0,0,0,0,0.05771779200277527,0,0,1
15748360,34,644,122196.99,182099.71,10,2,Germany,Female,1,1,0,0,0,0,0,0.05773736209530089,0,0,2
15587835,41,850,136416.82,57844.26,3,1,France,Male,1,0,0,0,0,0,0,0.05775106791623408,0,0,0
15781619,38,785,0.0,134964.85,1,1,France,Female,0,1,1,0,0,0,0,0.057807562196452666,0,0,0
15565796,48,745,96048.55,74510.65,10,1,Germany,Male,0,1,0,0,0,0,0,0.05780883493237565,0,0,2
15660147,32,493,46161.18,79577.4,8,1,Spain,Male,1,1,0,0,0,0,0,0.05783011858351228,0,0,2
15667417,33,572,68193.72,19998.31,9,1,France,Male,0,1,0,0,0,0,0,0.05783466222101208,0,0,2
15642636,29,755,117035.89,21862.19,9,1,France,Male,1,1,0,0,0,0,0,0.057843059347603365,0,0,1
15812982,38,509,0.0,168460.12,2,1,Spain,Male,0,0,0,0,0,0,0,0.05785596409081628,0,0,0
15750014,37,755,113865.23,117396.25,0,2,Germany,Female,1,1,0,0,0,0,0,0.05786806182921567,0,0,0
15782311,28,529,0.0,52545.24,9,2,France,Male,1,1,0,0,0,0,0,0.05788996224420284,0,0,1
15815534,37,505,134006.39,93736.69,0,1,Spain,Male,1,1,0,0,0,0,0,0.05789554487682447,0,0,0
15768095,31,579,0.0,139048.0,9,1,France,Male,1,0,0,0,0,0,0,0.05792640298239482,0,0,2
15777772,55,650,119618.42,29861.13,9,1,Spain,Male,1,1,0,0,0,0,0,0.05793002566696115,0,0,3
15734578,53,726,113537.73,28367.21,1,1,France,Female,1,0,0,0,0,0,0,0.05793231061905313,0,0,3
15585451,32,558,108262.87,6935.31,1,1,Germany,Female,1,1,0,0,0,0,0,0.05793507296393252,0,0,0
15812365,40,850,102800.65,60811.56,8,1,France,Male,0,1,0,0,0,0,0,0.05794660432356713,0,0,2
15688059,42,807,105356.09,130489.37,9,2,Germany,Female,1,1,0,0,0,0,0,0.05798073343146559,0,0,2
15604093,34,546,165363.31,25744.13,4,2,France,Male,1,1,1,0,0,0,0,0.05800494471104756,0,0,0
15729454,33,465,0.0,177668.55,8,2,France,Male,0,1,0,0,0,0,0,0.05803522904753555,0,0,2
15802809,36,660,84438.57,181449.51,0,1,Spain,Female,1,1,0,0,0,0,0,0.05804678579111444,0,0,0
15637646,31,756,122647.32,61666.87,10,1,France,Male,0,0,0,0,0,0,0,0.05808691532019772,0,0,2
15707473,48,850,111962.99,111755.8,6,1,Germany,Female,0,1,0,0,0,0,0,0.05809711876302015,0,0,2
15705458,39,550,116120.19,195638.13,2,2,Spain,Male,1,1,0,0,0,0,0,0.05809877427745891,0,0,0
15648933,44,831,111100.98,28144.07,3,1,Germany,Male,1,1,1,0,0,0,0,0.05810343191650724,0,0,0
15686345,34,828,0.0,81853.98,9,2,Spain,Male,1,1,0,0,0,0,0,0.05812364048497276,0,0,2
15632816,49,521,127948.57,182765.14,2,1,Germany,Female,1,1,0,0,0,0,0,0.058127096328631334,0,0,0
15624715,40,593,0.0,5194.95,2,1,Spain,Female,1,1,0,0,0,0,0,0.058132643478729595,0,0,0
15665579,28,597,142705.95,127233.39,0,1,France,Female,0,1,0,0,0,0,0,0.058142621837244834,0,0,1
15761986,32,439,138901.61,75685.97,3,1,Spain,Female,0,1,0,0,0,0,0,0.058148801759225544,0,0,0
15705521,33,548,101084.36,42749.85,0,1,Germany,Female,0,1,0,0,0,0,0,0.05815217138637885,0,0,0
15585855,40,679,0.0,16897.19,1,1,France,Male,1,1,0,0,0,0,0,0.058167401259542895,0,0,0
15776494,61,754,146622.35,41815.22,5,1,France,Male,1,1,1,0,0,0,0,0.05817169852513593,0,0,3
15803749,41,498,87541.06,12577.21,4,2,Germany,Female,1,1,1,0,0,0,0,0.05817840472151936,0,0,0
15725660,20,676,80569.73,68621.98,1,1,France,Male,0,0,0,0,0,0,0,0.05817895529202244,0,0,1
15753362,60,748,0.0,78194.37,3,2,Spain,Male,1,1,0,0,0,0,0,0.058193764941666615,0,0,3
15629985,47,723,90450.0,103379.31,10,2,Germany,Female,0,0,1,0,0,0,0,0.058204563545320775,0,0,2
15694566,42,602,0.0,169921.11,10,2,France,Female,0,0,1,0,0,0,0,0.05820750947836839,0,0,2
15799815,23,656,163549.63,21085.12,4,1,Germany,Female,1,0,0,0,0,0,0,0.05826100748463037,0,0,1
15568953,27,477,128554.98,133173.19,1,1,France,Male,1,1,0,0,0,0,0,0.05832533139094409,0,0,1
15661548,29,683,157829.12,129891.66,0,1,France,Female,0,0,0,0,0,0,0,0.05835059616277982,0,0,1
15685844,35,518,141665.63,192776.64,8,1,Germany,Female,1,0,0,0,0,0,0,0.05838415888815829,0,0,2
15776725,54,724,172192.49,136902.01,8,1,Germany,Male,1,1,0,0,0,0,0,0.058395991287151006,0,0,3
15707602,47,539,127286.04,166929.43,2,2,France,Female,1,1,1,0,0,0,0,0.05843142249431643,0,0,0
15768340,19,642,113905.48,176137.2,3,1,Germany,Female,1,1,0,0,0,0,0,0.058431985362706884,0,0,1
15665834,28,696,0.0,176713.47,8,1,Spain,Male,0,0,0,0,0,0,0,0.05844269431175597,0,0,1
15576517,34,445,131082.17,70618.0,7,2,Germany,Female,1,1,0,0,0,0,0,0.058468238668763495,0,0,2
15645463,27,843,0.0,67494.23,5,2,France,Female,1,1,0,0,0,0,0,0.05849989603160288,0,0,1
15737748,33,534,151233.62,199336.63,3,1,Spain,Female,0,0,0,0,0,0,0,0.05851071641055183,0,0,0
15578186,37,486,115217.99,144995.33,9,2,Germany,Male,0,1,0,0,0,0,0,0.05852584448189668,0,0,2
15584114,43,678,153393.18,193828.27,2,2,Germany,Female,1,1,0,0,0,0,0,0.058539392535415735,0,0,0
15756848,42,633,0.0,79408.17,10,1,Spain,Male,1,0,0,0,0,0,0,0.058552325889880685,0,0,2
15658100,42,695,0.0,140724.64,0,2,France,Female,1,0,0,0,0,0,0,0.05855694983944748,0,0,0
15774847,50,593,171740.69,20893.61,6,1,France,Male,0,0,0,0,0,0,0,0.05855787699392645,0,0,2
15794253,34,832,138190.13,146511.2,6,2,Spain,Female,1,0,0,0,0,0,0,0.05861281453727896,0,0,2
15774151,41,614,179915.85,14666.35,7,1,Spain,Female,0,0,1,0,0,0,0,0.058649154525938885,0,0,2
15707219,28,844,0.0,123318.37,4,2,France,Female,1,0,0,0,0,0,0,0.05866688604436987,0,0,1
15706764,35,560,0.0,3701.63,1,2,France,Female,0,1,0,0,0,0,0,0.058667195530273,0,0,0
15682834,35,715,40169.88,199857.47,4,2,Spain,Female,1,1,0,0,0,0,0,0.05868146356014459,0,0,0
15593241,43,444,0.0,159131.21,3,2,France,Male,1,1,0,0,0,0,0,0.05869418450884334,0,0,0
15698839,46,460,127559.97,126952.5,4,2,Germany,Male,1,1,0,0,0,0,0,0.05870280613175638,0,0,0
15684469,32,841,117070.21,113482.2,2,1,Germany,Male,0,1,0,0,0,0,0,0.05873095404689632,0,0,0
15681180,23,771,156123.73,72990.62,7,1,France,Female,0,1,0,0,0,0,0,0.05873126644108362,0,0,1
15658768,49,547,0.0,65466.93,2,1,France,Female,0,0,1,0,0,0,0,0.058746673851745146,0,0,0
15608541,46,498,91857.66,101954.78,1,1,France,Male,0,1,1,0,0,0,0,0.05875283449466251,0,0,0
15628155,35,410,117183.74,109733.73,7,1,France,Female,1,1,0,0,0,0,0,0.058796351881301945,0,0,2
15780411,46,570,0.0,820.46,3,2,France,Female,0,0,0,0,0,0,0,0.05880737182399076,0,0,0
15598894,38,784,122267.85,145759.93,10,1,Spain,Male,0,0,0,0,0,0,0,0.05881118996764423,0,0,2
15654222,30,757,145396.49,198341.15,3,1,Spain,Male,1,0,0,0,0,0,0,0.0588481757717606,0,0,1
15635939,39,458,0.0,116343.09,9,2,France,Female,0,1,0,0,0,0,0,0.0588558235812322,0,0,2
15629519,37,472,0.0,48357.9,1,2,France,Female,1,1,0,0,0,0,0,0.05887438690975322,0,0,0
15569666,45,517,0.0,172674.36,4,1,France,Female,0,0,1,0,0,0,0,0.05888180212011529,0,0,0
15638047,45,613,142765.24,34749.65,9,2,Germany,Female,0,1,0,0,0,0,0,0.058893419079027676,0,0,2
15598892,30,828,73070.18,161671.15,4,2,France,Male,0,0,0,0,0,0,0,0.058897227246369144,0,0,1
15768816,42,570,107856.57,127528.84,0,2,Germany,Male,0,1,0,0,0,0,0,0.05890675494084341,0,0,0
15746986,40,850,97990.49,106691.02,4,2,Germany,Female,0,0,0,0,0,0,0,0.0589074424666689,0,0,0
15663770,38,802,142557.11,172497.73,1,1,France,Male,1,1,0,0,0,0,0,0.058921927941070984,0,0,0
15733114,45,552,0.0,26752.56,9,2,Spain,Male,0,1,0,0,0,0,0,0.05893256072493025,0,0,2
15808017,38,545,88293.13,24302.95,1,2,France,Male,1,1,0,0,0,0,0,0.05893324808850264,0,0,0
15665221,26,630,129837.72,197001.15,7,2,France,Male,1,0,0,0,0,0,0,0.058936551571316165,0,0,1
15636520,27,692,125547.53,7900.46,1,1,France,Male,0,0,0,0,0,0,0,0.05894281693265302,0,0,1
15697497,45,518,105525.65,73418.29,9,2,France,Female,1,1,0,0,0,0,0,0.0589528552188483,0,0,2
15612729,63,681,0.0,55054.48,7,2,France,Female,1,1,0,0,0,0,0,0.05896020090257448,0,0,3
15724321,47,516,128298.74,149614.17,9,1,Germany,Female,0,0,1,0,0,0,0,0.05896954739147231,0,0,2
15699523,55,499,126817.65,123269.71,4,2,Germany,Female,0,1,0,0,0,0,0,0.058994167921735396,0,0,3
15812832,33,562,92659.2,1354.25,8,2,Germany,Male,0,1,0,0,0,0,0,0.059001937105229274,0,0,2
15628298,47,500,128486.11,179227.12,8,1,Spain,Female,0,1,0,0,0,0,0,0.05901469257551106,0,0,2
15766185,31,850,146587.3,89874.82,4,1,Germany,Male,1,1,0,0,0,0,0,0.059030513134720075,0,0,0
15577771,40,453,111524.49,120373.84,1,1,Germany,Female,1,1,1,0,0,0,0,0.05905036866564373,0,0,0
15602929,37,728,0.0,4539.38,4,1,Spain,Female,0,0,0,0,0,0,0,0.05905237478471159,0,0,0
15649292,49,748,29602.08,163550.58,7,1,France,Female,0,0,1,0,0,0,0,0.05905443574380442,0,0,2
15789560,42,668,187534.79,32900.41,8,1,France,Male,1,1,1,0,0,0,0,0.05907297657404764,0,0,2
15806570,53,763,0.0,77203.72,4,1,France,Female,0,1,1,0,0,0,0,0.05910401249717345,0,0,3
15631310,53,537,0.0,91406.62,3,1,France,Female,1,1,0,0,0,0,0,0.059111474680370146,0,0,3
15720943,45,747,114959.12,189362.39,1,1,France,Female,0,1,1,0,0,0,0,0.059118210834224194,0,0,0
15644753,40,848,110929.96,30876.84,3,1,Spain,Male,1,1,0,0,0,0,0,0.05913905370270223,0,0,0
15798605,26,686,57422.62,79189.4,1,1,Germany,Male,1,1,0,0,0,0,0,0.059142704417315284,0,0,1
15640133,34,661,0.0,185555.63,0,2,France,Female,0,1,0,0,0,0,0,0.059150502185576825,0,0,0
15732020,57,610,106938.11,186612.47,6,2,Germany,Male,1,0,0,0,0,0,0,0.05917324152130066,0,0,3
15611800,62,624,125163.62,151411.5,7,2,France,Female,1,1,0,0,0,0,0,0.05917558813580426,0,0,3
15611905,31,513,174853.46,84238.63,5,1,Spain,Female,0,1,0,0,0,0,0,0.0591833809797887,0,0,0
15633378,49,692,0.0,178342.63,9,2,Spain,Female,0,1,0,0,0,0,0,0.05921327578956104,0,0,2
15687913,34,501,93244.42,199805.63,7,1,Germany,Female,1,0,0,0,0,0,0,0.05922405246551621,0,0,2
15769254,34,757,101861.36,187011.96,9,2,Germany,Female,0,0,0,0,0,0,0,0.05924555042470192,0,0,2
15619360,40,472,0.0,70154.22,4,1,Spain,Male,0,1,0,0,0,0,0,0.059252305263549965,0,0,0
15626787,31,698,185078.26,115337.74,8,1,Spain,Female,0,0,1,0,0,0,0,0.05926724687659368,0,0,2
15607330,42,713,109121.71,167873.49,0,1,Spain,Male,1,0,0,0,0,0,0,0.05928651077392055,0,0,0
15687363,31,770,155047.56,186064.34,3,2,France,Male,1,1,0,0,0,0,0,0.059289064444189354,0,0,0
15799720,43,569,161546.68,178187.28,8,2,Spain,Male,1,0,0,0,0,0,0,0.05930137182818418,0,0,2
15640905,35,579,129490.36,8590.83,1,2,Spain,Female,1,0,1,0,0,0,0,0.059307210463284354,0,0,0
15632051,42,550,128707.31,63092.65,10,1,Germany,Female,0,1,1,0,0,0,0,0.059313636432804295,0,0,2
15743040,41,724,127892.57,199645.45,2,2,Germany,Male,1,0,0,0,0,0,0,0.05934648916859464,0,0,0
15791326,34,566,0.0,188135.69,3,1,France,Male,0,0,0,0,0,0,0,0.05935273005081976,0,0,0
15812197,38,850,80293.98,126555.74,7,1,France,Male,0,0,0,0,0,0,0,0.05938094991607157,0,0,2
15781702,38,733,111347.37,194872.97,9,2,Germany,Male,1,0,0,0,0,0,0,0.059382233118131955,0,0,2
15644446,28,672,0.0,8814.69,6,1,France,Female,1,0,0,0,0,0,0,0.059385711750485015,0,0,1
15581388,33,487,145729.71,41365.85,8,1,Spain,Male,0,1,0,0,0,0,0,0.05938573948224046,0,0,2
15753566,32,806,63763.49,156593.09,3,1,France,Female,0,1,0,0,0,0,0,0.05941601045876821,0,0,0
15628674,40,844,113348.14,31904.31,7,1,France,Male,0,1,1,0,0,0,0,0.059426426313503034,0,0,2
15726179,43,757,131433.33,3497.43,5,2,Germany,Female,1,1,1,0,0,0,0,0.059433493766530954,0,0,2
15700174,30,733,83319.28,57769.2,0,1,Spain,Female,0,0,0,0,0,0,0,0.05944980273484002,0,0,1
15795129,30,799,0.0,136827.96,9,2,France,Female,0,1,0,0,0,0,0,0.05945083337105994,0,0,1
15731829,34,616,0.0,25662.27,10,2,France,Male,0,1,0,0,0,0,0,0.05945381601192046,0,0,2
15650575,59,720,0.0,160849.43,6,2,Spain,Female,1,1,1,0,0,0,0,0.05946054655210664,0,0,3
15661034,29,813,106059.4,187976.88,5,1,Germany,Female,0,0,1,0,0,0,0,0.059486820533502516,0,0,1
15770554,31,769,61297.05,7118.02,4,2,France,Male,1,1,0,0,0,0,0,0.05949129600171732,0,0,0
15672237,25,633,0.0,100598.98,1,1,France,Male,0,1,0,0,0,0,0,0.0594914496254747,0,0,1
15571144,28,655,0.0,126565.21,10,2,France,Male,1,0,0,0,0,0,0,0.05950136161607977,0,0,1
15801994,31,775,0.0,169278.51,9,2,France,Male,0,1,0,0,0,0,0,0.05950898424846851,0,0,2
15636731,36,714,101609.01,447.73,1,2,Germany,Female,1,1,0,0,0,0,0,0.05951634112974724,0,0,0
15694288,28,468,0.0,170661.02,3,2,Spain,Male,0,1,0,0,0,0,0,0.05952185882136807,0,0,1
15695301,44,504,113522.64,12405.2,4,1,Spain,Male,1,1,0,0,0,0,0,0.059540389788940606,0,0,0
15718057,51,760,100946.71,179614.8,2,1,France,Female,0,0,1,0,0,0,0,0.0595407806245114,0,0,3
15646784,31,529,164003.05,60993.23,2,2,France,Female,1,1,0,0,0,0,0,0.05955136774424141,0,0,0
15806822,36,739,0.0,133465.57,0,2,France,Female,0,0,0,0,0,0,0,0.059570175341301046,0,0,0
15707559,30,682,0.0,195104.91,9,2,France,Female,1,1,0,0,0,0,0,0.05957943883259165,0,0,1
15769451,44,764,0.0,11467.38,1,2,France,Female,1,1,0,0,0,0,0,0.059586090865895835,0,0,0
15694556,60,684,116563.58,120257.7,2,1,France,Male,0,1,1,0,0,0,0,0.05961805318945501,0,0,3
15758449,39,769,0.0,21016.0,8,1,France,Female,1,0,0,0,0,0,0,0.05965552101632321,0,0,2
15746995,31,724,138166.3,12920.43,9,1,Germany,Male,0,1,0,0,0,0,0,0.05965840854669102,0,0,2
15715877,28,821,0.0,46072.52,2,2,France,Male,0,1,0,0,0,0,0,0.05966220998853489,0,0,1
15671249,33,422,0.0,102655.31,2,2,France,Female,0,1,0,0,0,0,0,0.0596685017437899,0,0,0
15601688,28,546,0.0,159254.29,8,1,France,Male,0,1,0,0,0,0,0,0.059699736416686355,0,0,1
15751131,41,836,150302.84,156036.19,7,1,Spain,Female,1,1,0,0,0,0,0,0.05973045068773253,0,0,2
15612050,48,556,168522.37,151310.16,8,1,Spain,Female,1,1,0,0,0,0,0,0.0597415295930831,0,0,2
15576077,27,610,159561.93,103381.47,9,1,France,Female,1,0,0,0,0,0,0,0.05975480793423671,0,0,1
15649858,37,469,96776.49,119890.86,9,1,Spain,Male,1,1,0,0,0,0,0,0.05975662235260237,0,0,2
15609913,46,743,0.0,113436.08,9,1,France,Female,0,1,0,0,0,0,0,0.05975664911044609,0,0,2
15635972,36,484,0.0,186136.48,8,2,Spain,Male,0,1,0,0,0,0,0,0.059763506469407424,0,0,2
15620030,29,744,0.0,82422.97,1,1,France,Male,0,0,0,0,0,0,0,0.059774249554725545,0,0,1
15582847,26,662,0.0,72929.96,0,2,France,Male,1,0,0,0,0,0,0,0.05977721079681353,0,0,1
15692110,33,758,0.0,188156.34,7,1,France,Female,0,1,0,0,0,0,0,0.05978193021192346,0,0,2
15617197,50,524,0.0,31840.59,4,2,France,Male,1,1,1,0,0,0,0,0.05980130701766939,0,0,0
15667932,43,758,0.0,55313.44,10,2,Spain,Female,1,1,0,0,0,0,0,0.0598059696821307,0,0,2
15814209,31,814,118870.92,101704.19,1,1,France,Male,0,1,0,0,0,0,0,0.05981068552528046,0,0,0
15648876,34,501,0.0,27380.99,5,1,France,Female,0,1,0,0,0,0,0,0.05981169579812484,0,0,0
15599074,40,487,136093.74,193408.43,6,1,Spain,Female,1,0,0,0,0,0,0,0.059813525926878386,0,0,2
15742613,42,773,152324.66,171733.22,8,2,Germany,Female,0,1,0,0,0,0,0,0.059815730602723605,0,0,2
15593622,43,635,122198.21,179144.54,10,2,France,Male,1,0,0,0,0,0,0,0.05982811608273553,0,0,2
15617432,40,816,109003.26,79580.56,9,1,Germany,Female,1,1,0,0,0,0,0,0.05983468039873452,0,0,2
15760641,26,608,106648.98,7063.6,1,1,Germany,Male,1,0,0,0,0,0,0,0.05984860264472314,0,0,1
15587676,30,699,0.0,108162.13,9,1,France,Male,1,1,0,0,0,0,0,0.05985191745031093,0,0,1
15677310,62,761,98854.34,86920.97,5,1,Germany,Male,0,0,1,0,0,0,0,0.05985664912109434,0,0,3
15735388,25,717,108664.85,190011.85,7,2,France,Female,0,1,0,0,0,0,0,0.059857063715649694,0,0,1
15708046,31,744,117551.23,158958.9,0,1,Spain,Male,0,1,0,0,0,0,0,0.05985714909578255,0,0,0
15680112,35,473,131504.73,189560.43,7,1,Germany,Female,0,1,0,0,0,0,0,0.059883104804181464,0,0,2
15792102,42,774,137781.65,199316.19,3,1,France,Female,0,0,0,0,0,0,0,0.059902707165241376,0,0,0
15690134,42,464,85679.25,164104.74,3,1,Germany,Female,1,1,0,0,0,0,0,0.05991600033564204,0,0,0
15611024,23,567,93522.2,81425.61,9,1,France,Female,1,0,0,0,0,0,0,0.05991600389019469,0,0,1
15592078,27,590,123599.49,1676.92,8,2,Germany,Female,0,1,0,0,0,0,0,0.05992496918110479,0,0,1
15754919,40,773,0.0,69303.15,10,2,France,Female,1,0,0,0,0,0,0,0.05996250474317366,0,0,2
15737071,60,639,162039.78,84361.72,5,1,France,Female,1,1,1,0,0,0,0,0.059963191984637065,0,0,3
15627517,27,497,149400.27,167522.19,7,1,Spain,Male,0,0,0,0,0,0,0,0.059977405002333506,0,0,1
15770548,28,453,139986.65,136846.75,3,1,Germany,Female,0,1,0,0,0,0,0,0.059977855834176586,0,0,1
15603674,36,803,0.0,149370.93,1,2,France,Male,1,1,0,0,0,0,0,0.059983005380122245,0,0,0
15602373,44,812,115049.15,165038.41,4,2,France,Male,0,1,0,0,0,0,0,0.05998559043017071,0,0,0
15681990,24,497,111769.14,55859.27,6,2,Germany,Male,0,1,0,0,0,0,0,0.05999007088450281,0,0,1
15673693,26,682,110654.02,111879.21,0,1,France,Female,1,0,0,0,0,0,0,0.060027498238146904,0,0,1
15798439,25,714,0.0,132979.43,2,1,Spain,Male,1,1,0,0,0,0,0,0.06004430190236021,0,0,1
15745083,59,613,91415.76,27965.0,8,1,Germany,Male,0,0,1,0,0,0,0,0.060069753747848176,0,0,3
15793723,32,607,144272.07,176580.63,9,2,Germany,Male,0,1,0,0,0,0,0,0.06007008436307559,0,0,2
15805151,31,565,89558.39,4441.54,2,2,Germany,Male,1,1,0,0,0,0,0,0.0600728152297767,0,0,0
15735799,58,527,137318.42,126144.96,3,1,Germany,Male,1,1,0,0,0,0,0,0.06007426722762721,0,0,3
15702566,26,554,149134.46,177966.24,8,1,Spain,Male,1,1,0,0,0,0,0,0.06008135292993444,0,0,1
15665521,18,642,111183.53,10063.75,5,2,Germany,Male,1,0,0,0,0,0,0,0.06008824159367965,0,0,1
15627439,36,624,0.0,186180.42,10,2,Spain,Female,1,0,0,0,0,0,0,0.060118454638896424,0,0,2
15813681,24,786,120135.55,125449.47,2,2,Germany,Male,1,1,0,0,0,0,0,0.060147222471562456,0,0,1
15748696,42,733,150507.21,169964.12,9,1,France,Male,1,0,0,0,0,0,0,0.060157187444667914,0,0,2
15727556,26,744,166297.89,181694.44,5,1,Spain,Female,1,1,0,0,0,0,0,0.06019535294966638,0,0,1
15619626,24,746,137492.35,170142.09,3,2,France,Male,1,0,0,0,0,0,0,0.06019746844168017,0,0,1
15689955,40,461,0.0,176547.8,7,2,France,Female,0,1,0,0,0,0,0,0.060199871736029475,0,0,2
15567993,28,828,134766.85,79355.87,8,1,Spain,Male,0,1,0,0,0,0,0,0.06020747970107332,0,0,1
15810485,37,486,101438.0,51364.56,1,1,Germany,Male,0,0,0,0,0,0,0,0.06021464284843081,0,0,0
15647546,40,688,150679.71,196226.38,8,2,Germany,Female,1,0,0,0,0,0,0,0.06021612941994947,0,0,2
15729958,37,777,0.0,126837.72,1,1,France,Male,1,1,0,0,0,0,0,0.06022818896413251,0,0,0
15748034,29,534,174851.9,79178.31,7,1,France,Male,1,1,0,0,0,0,0,0.06023291735693537,0,0,1
15667456,62,709,0.0,82195.15,3,2,Spain,Male,1,1,0,0,0,0,0,0.06023295554113972,0,0,3
15665943,25,445,0.0,119425.94,6,2,France,Male,0,1,0,0,0,0,0,0.06023413709532899,0,0,1
15597968,50,617,0.0,184839.7,7,1,Spain,Male,0,1,1,0,0,0,0,0.060252954093555244,0,0,2
15763093,35,540,128369.75,198256.15,7,2,Germany,Female,0,1,0,0,0,0,0,0.06026078486987585,0,0,2
15669011,44,659,23503.31,169862.01,9,1,France,Female,1,0,1,0,0,0,0,0.06027048563983384,0,0,2
15568088,44,481,163714.52,96123.72,3,1,Germany,Male,0,1,0,0,0,0,0,0.06028143911153949,0,0,0
15810418,60,756,115924.89,93524.19,3,1,Germany,Female,0,1,1,0,0,0,0,0.06028366425645004,0,0,3
15704651,26,514,0.0,121551.93,1,2,France,Male,0,0,0,0,0,0,0,0.06031096560058091,0,0,1
15775042,23,615,0.0,196476.19,4,2,France,Female,0,1,0,0,0,0,0,0.06031263394450448,0,0,1
15812198,48,543,100900.5,33310.72,1,1,Germany,Male,0,0,1,0,0,0,0,0.0603136690604863,0,0,0
15718369,33,795,130862.43,114935.21,9,1,Germany,Female,1,1,0,0,0,0,0,0.06032788716538373,0,0,2
15764335,41,463,123151.51,70127.93,8,2,Germany,Female,0,1,0,0,0,0,0,0.06033295504082414,0,0,2
15671766,44,599,118577.24,31448.52,10,1,France,Male,1,1,0,0,0,0,0,0.06033825623400346,0,0,2
15709252,28,616,105173.99,29835.37,10,1,Germany,Female,1,0,1,0,0,0,0,0.060343103466947046,0,0,1
15747323,48,535,109472.47,157358.43,9,1,Spain,Male,0,1,1,0,0,0,0,0.060347723246205964,0,0,2
15811261,42,617,70105.87,120830.73,0,1,Spain,Male,1,1,0,0,0,0,0,0.06035871013987171,0,0,0
15757646,35,584,0.0,192381.21,9,2,France,Male,0,1,0,0,0,0,0,0.06035917560558246,0,0,2
15747288,40,838,61671.19,150659.35,6,1,Spain,Female,1,0,1,0,0,0,0,0.06040179576599514,0,0,2
15663438,36,688,89772.3,177383.68,0,1,Spain,Male,0,1,1,0,0,0,0,0.060403123238720324,0,0,0
15758769,44,625,0.0,4791.8,7,1,France,Female,0,1,0,0,0,0,0,0.06042918197510738,0,0,2
15736431,27,494,0.0,22404.64,2,2,Spain,Male,0,1,0,0,0,0,0,0.06043105801017323,0,0,1
15625904,26,624,74681.9,31231.35,9,2,France,Male,0,0,0,0,0,0,0,0.06043674176649083,0,0,1
15624437,32,825,0.0,42935.15,1,2,Spain,Female,1,1,0,0,0,0,0,0.06044136465945671,0,0,0
15656921,31,850,0.0,152298.28,4,2,France,Male,0,0,0,0,0,0,0,0.060442336419849085,0,0,0
15770121,34,623,0.0,24255.21,9,1,France,Female,0,1,0,0,0,0,0,0.06046565600671905,0,0,2
15720371,51,652,0.0,173989.47,3,1,France,Female,0,1,1,0,0,0,0,0.060497268409927196,0,0,3
15713608,41,850,0.0,34827.43,5,2,France,Female,1,1,0,0,0,0,0,0.060498657234649644,0,0,2
15776939,48,778,102290.56,182691.31,3,2,Germany,Female,0,1,0,0,0,0,0,0.06053517519356966,0,0,0
15789432,33,451,0.0,184954.11,6,2,France,Male,0,1,0,0,0,0,0,0.06054080010621121,0,0,2
15795759,52,698,107906.75,168886.39,1,1,Germany,Female,0,1,1,0,0,0,0,0.060548865037362676,0,0,3
15600974,50,516,0.0,146145.93,5,1,Spain,Male,1,0,1,0,0,0,0,0.06056382341637456,0,0,3
15647838,51,648,116574.84,4121.04,2,1,Germany,Female,0,1,1,0,0,0,0,0.06056767778050143,0,0,3
15690939,28,575,0.0,10666.05,7,1,Spain,Male,1,1,0,0,0,0,0,0.06056947901067,0,0,1
15780804,55,482,97318.25,78416.14,5,1,France,Male,1,0,0,0,0,0,0,0.060580448554023114,0,0,3
15679307,43,559,0.0,86634.3,1,1,France,Female,1,0,0,0,0,0,0,0.060586299699190826,0,0,0
15714883,25,508,111395.53,48197.06,2,1,France,Female,1,0,0,0,0,0,0,0.0605870699499238,0,0,1
15571281,28,651,79562.98,74687.37,10,1,France,Male,1,1,0,0,0,0,0,0.06059816385657946,0,0,1
15707681,38,501,88977.39,133403.07,9,2,Germany,Male,1,0,0,0,0,0,0,0.060599880315350796,0,0,2
15734970,38,835,86824.09,175905.97,7,1,Spain,Male,0,0,0,0,0,0,0,0.06060390886832301,0,0,2
15677288,50,599,121159.65,4033.39,3,1,France,Male,0,0,1,0,0,0,0,0.06060867126761693,0,0,0
15618243,43,730,103960.38,193650.16,1,1,Spain,Female,1,1,0,0,0,0,0,0.060638763286947395,0,0,0
15701364,30,724,0.0,54265.55,10,2,France,Male,1,1,0,0,0,0,0,0.06065349652716123,0,0,1
15610755,33,643,137811.75,184856.89,0,1,France,Female,1,1,0,0,0,0,0,0.060690774769498135,0,0,0
15808566,46,516,0.0,169122.54,2,2,France,Male,1,1,0,0,0,0,0,0.06070143392431748,0,0,0
15649414,61,570,142105.35,45214.04,6,1,France,Female,1,1,0,0,0,0,0,0.060711364131441736,0,0,3
15718843,41,769,72509.91,25723.73,1,1,Spain,Male,0,1,0,0,0,0,0,0.06071684820841816,0,0,0
15772996,40,594,152092.44,83508.93,0,2,Germany,Male,1,1,0,0,0,0,0,0.06072439923663464,0,0,0
15805955,48,638,138333.03,47679.14,10,1,France,Female,1,1,0,0,0,0,0,0.06073756121508034,0,0,2
15668853,44,637,157622.58,120454.2,0,1,Spain,Female,1,1,0,0,0,0,0,0.06073994543764649,0,0,0
15641782,31,540,0.0,183051.6,7,1,France,Female,1,0,1,0,0,0,0,0.06076636759535581,0,0,2
15798256,45,558,153697.53,89891.4,1,2,France,Female,0,0,1,0,0,0,0,0.06076949483676286,0,0,0
15607986,40,555,139930.18,105720.09,10,1,France,Male,1,1,0,0,0,0,0,0.06077128565979584,0,0,2
15789955,56,698,112414.81,93982.02,1,2,Germany,Male,0,0,1,0,0,0,0,0.06077374525162038,0,0,3
15585748,28,585,135337.49,40385.61,9,2,Germany,Female,1,1,0,0,0,0,0,0.06078241441902921,0,0,1
15677249,42,731,101043.63,192175.52,9,1,Spain,Male,1,1,0,0,0,0,0,0.06079829815898308,0,0,2
15761348,38,601,0.0,165196.65,0,2,France,Female,0,1,0,0,0,0,0,0.06080642958943461,0,0,0
15679410,62,729,140549.4,30990.16,4,1,France,Female,0,1,1,0,0,0,0,0.06081598090686091,0,0,3
15613673,28,675,0.0,134110.93,9,1,France,Male,0,1,0,0,0,0,0,0.06082389817230749,0,0,1
15801411,46,623,0.0,5549.11,4,1,Spain,Male,0,1,1,0,0,0,0,0.0608243065242694,0,0,0
15692137,46,759,0.0,138380.11,2,1,France,Female,1,1,0,0,0,0,0,0.06082853295308999,0,0,0
15720637,46,710,120530.34,166586.99,10,1,Germany,Female,0,1,1,0,0,0,0,0.060888685154514066,0,0,2
15661670,31,524,107818.63,199725.39,8,1,Germany,Female,0,1,1,0,0,0,0,0.060890159723286263,0,0,2
15622518,26,768,51116.26,70454.79,5,1,France,Female,1,1,1,0,0,0,0,0.060901187552422575,0,0,1
15607748,37,498,108432.88,14865.05,8,2,Germany,Male,1,1,0,0,0,0,0,0.06090306194418782,0,0,2
15595388,30,594,0.0,124071.71,10,2,France,Female,1,1,0,0,0,0,0,0.060904336027448824,0,0,1
15645937,32,790,0.0,91044.47,3,1,Spain,Male,0,1,0,0,0,0,0,0.06092852111941938,0,0,0
15683657,31,594,79340.95,78255.86,0,1,France,Female,0,1,0,0,0,0,0,0.060930999810631215,0,0,0
15711314,45,589,0.0,125939.22,1,1,Spain,Female,0,0,1,0,0,0,0,0.06093940189862812,0,0,0
15779492,56,796,94231.13,121164.6,6,1,Spain,Male,0,0,1,0,0,0,0,0.06095317152990021,0,0,3
15688984,20,595,95830.43,177738.98,4,1,France,Male,0,1,0,0,0,0,0,0.06095767280209996,0,0,1
15675422,32,544,110728.39,14559.62,9,1,France,Female,1,1,0,0,0,0,0,0.060985768082015834,0,0,2
15727408,27,523,61688.61,147059.16,8,2,Germany,Male,0,1,0,0,0,0,0,0.06101114584607226,0,0,1
15768293,51,614,0.0,5552.37,3,2,France,Male,1,1,0,0,0,0,0,0.061011469653269756,0,0,3
15635141,59,598,118210.42,60192.14,8,2,Germany,Male,0,0,1,0,0,0,0,0.06101522552997585,0,0,3
15621004,32,603,0.0,198055.94,7,1,France,Male,0,1,1,0,0,0,0,0.061018761228723295,0,0,2
15749093,43,801,158713.08,98586.14,4,2,France,Male,0,0,0,0,0,0,0,0.06102751990081701,0,0,0
15769516,42,674,0.0,4292.72,9,2,France,Female,0,1,0,0,0,0,0,0.061055520677868236,0,0,2
15776404,22,523,123374.46,124906.59,8,1,France,Male,1,1,0,0,0,0,0,0.061071107881454645,0,0,1
15674932,44,757,0.0,177528.92,9,2,Spain,Female,0,1,0,0,0,0,0,0.061113810440924565,0,0,2
15598846,44,700,58781.76,16874.92,2,1,France,Female,0,1,0,0,0,0,0,0.06113205067409855,0,0,0
15591489,26,826,142662.68,60285.3,5,1,France,Male,0,0,0,0,0,0,0,0.061139626011493364,0,0,1
15814268,40,444,84350.07,143835.76,5,1,France,Female,0,1,0,0,0,0,0,0.06114627646990278,0,0,0
15738634,47,533,83347.25,137696.25,9,1,France,Male,1,1,0,0,0,0,0,0.06114861439078201,0,0,2
15596992,45,482,156353.46,72643.95,7,1,Germany,Male,0,1,1,0,0,0,0,0.061157787616804904,0,0,2
15809838,30,697,0.0,735.79,1,2,Spain,Male,0,0,0,0,0,0,0,0.061177206191540656,0,0,1
15809817,43,593,0.0,53478.02,10,2,Spain,Male,0,0,0,0,0,0,0,0.06119230717988866,0,0,2
15754177,53,712,111061.01,26542.17,2,2,Spain,Male,0,0,0,0,0,0,0,0.06123858165258278,0,0,3
15725906,51,665,0.0,38928.48,8,1,Spain,Female,1,1,1,0,0,0,0,0.06124904076298143,0,0,3
15593283,48,705,156848.13,99475.95,1,2,Germany,Female,1,1,1,0,0,0,0,0.061256056533121384,0,0,0
15760450,43,512,0.0,52471.36,1,2,France,Male,1,1,0,0,0,0,0,0.06127677532691911,0,0,0
15570271,31,577,0.0,196395.25,6,1,Spain,Male,1,1,0,0,0,0,0,0.06133499725828839,0,0,2
15763907,39,820,104614.29,61538.43,1,1,France,Female,0,1,1,0,0,0,0,0.061347464189536405,0,0,0
15657747,43,611,127216.31,17913.25,9,2,Germany,Female,1,0,0,0,0,0,0,0.061394561387091984,0,0,2
15569209,34,464,76001.57,158668.87,5,1,Spain,Female,1,1,0,0,0,0,0,0.061395403215699584,0,0,0
15695197,25,553,128524.19,20682.46,7,2,Germany,Female,0,1,0,0,0,0,0,0.06141140096342068,0,0,1
15585241,29,756,117412.19,4888.91,2,2,Spain,Male,0,1,0,0,0,0,0,0.06141163136473504,0,0,1
15683993,37,493,142987.46,158840.99,8,2,France,Female,0,1,0,0,0,0,0,0.06141303124394892,0,0,2
15801915,31,529,152310.55,13054.25,6,1,France,Female,0,1,0,0,0,0,0,0.061430682990345264,0,0,2
15671293,37,779,128389.63,6589.16,2,1,Germany,Female,1,1,1,0,0,0,0,0.06143941068844927,0,0,0
15678460,30,691,0.0,49594.02,9,1,France,Male,0,1,0,0,0,0,0,0.06143989279567885,0,0,1
15580493,33,469,127818.52,163477.22,1,1,France,Male,0,1,0,0,0,0,0,0.06145360534974198,0,0,0
15720662,35,787,106266.8,16607.15,1,1,France,Female,1,1,0,0,0,0,0,0.0614679071062848,0,0,0
15647111,22,794,114440.24,107753.07,4,1,Spain,Female,1,1,0,0,0,0,0,0.061471319474858066,0,0,1
15696141,31,516,0.0,47018.75,7,1,Spain,Female,0,1,0,0,0,0,0,0.06147655991557277,0,0,2
15647292,63,697,148368.02,118862.08,7,1,France,Male,0,0,1,0,0,0,0,0.06149414680393994,0,0,3
15609254,41,513,107135.04,160546.58,9,2,Spain,Female,1,1,0,0,0,0,0,0.06151075456273325,0,0,2
15707696,28,471,0.0,22356.97,5,2,Spain,Female,1,1,0,0,0,0,0,0.061555962794226704,0,0,1
15690452,52,605,63349.75,108887.44,1,1,France,Male,0,1,0,0,0,0,0,0.06156733978675166,0,0,3
15690332,35,647,192407.97,40145.28,3,1,Germany,Male,1,1,0,0,0,0,0,0.06159285294791994,0,0,0
15754649,57,705,0.0,34134.14,3,2,Spain,Female,1,1,0,0,0,0,0,0.06162387214797538,0,0,3
15755648,21,675,98373.26,18203.0,8,1,France,Female,0,1,0,0,0,0,0,0.06164052040255552,0,0,1
15675176,51,512,144953.31,165035.17,6,1,France,Male,1,1,0,0,0,0,0,0.061646587668333086,0,0,3
15714939,34,484,148249.54,33738.27,4,1,Germany,Female,1,0,0,0,0,0,0,0.061669296110783756,0,0,0
15750755,33,449,0.0,156792.89,8,2,Spain,Female,0,0,0,0,0,0,0,0.06168035254966886,0,0,2
15734524,51,653,0.0,170426.65,3,1,France,Male,0,1,1,0,0,0,0,0.061681899182906674,0,0,3
15592123,30,768,0.0,199454.37,6,2,France,Male,1,1,0,0,0,0,0,0.06168655452848881,0,0,1
15664506,32,675,197436.82,52710.7,8,1,Spain,Male,1,1,0,0,0,0,0,0.06170875130948816,0,0,2
15644724,31,472,58662.92,73322.0,4,2,France,Male,1,0,0,0,0,0,0,0.061709741288385134,0,0,0
15635775,33,781,89276.48,6959.0,3,1,France,Male,0,1,0,0,0,0,0,0.061723372555167244,0,0,0
15583499,32,510,103324.78,46127.7,9,1,France,Male,1,1,0,0,0,0,0,0.061750672875391266,0,0,2
15778025,43,685,108589.47,194808.51,9,2,Germany,Male,1,0,0,0,0,0,0,0.061756888972055224,0,0,2
15636069,28,632,155519.59,1843.24,7,1,Spain,Male,0,1,0,0,0,0,0,0.06176535683725537,0,0,1
15594450,49,695,159458.53,135841.35,9,1,France,Male,0,1,0,0,0,0,0,0.061766729039918866,0,0,2
15815420,47,808,139196.0,74028.36,8,1,Spain,Male,1,0,0,0,0,0,0,0.061767331031507555,0,0,2
15758901,47,713,0.0,107825.08,1,1,Spain,Female,0,1,1,0,0,0,0,0.06177072507217707,0,0,0
15778320,40,848,148495.64,158853.98,5,1,Germany,Female,0,0,0,0,0,0,0,0.06177936126852979,0,0,2
15596011,34,529,0.0,93208.22,9,1,Spain,Male,1,1,0,0,0,0,0,0.06178180171848702,0,0,2
15576124,41,582,40488.76,128528.83,1,1,France,Male,0,1,0,0,0,0,0,0.06178671754029075,0,0,0
15749528,58,652,0.0,170025.43,6,2,Spain,Male,1,0,0,0,0,0,0,0.061797310358993385,0,0,3
15791767,26,769,0.0,176843.53,7,2,France,Female,0,1,0,0,0,0,0,0.061849376450076154,0,0,1
15670602,24,790,107418.27,160450.21,7,1,Germany,Male,1,0,0,0,0,0,0,0.061857116956296254,0,0,1
15607990,43,760,175735.5,157337.29,6,1,Spain,Male,1,1,0,0,0,0,0,0.06190718069022727,0,0,2
15625698,23,624,0.0,196668.51,6,2,Spain,Female,1,0,0,0,0,0,0,0.06192083536687665,0,0,1
15761692,40,594,122417.17,190882.69,9,2,France,Male,1,0,0,0,0,0,0,0.06192606499691111,0,0,2
15632324,59,602,0.0,162347.05,7,2,France,Male,1,1,0,0,0,0,0,0.06193040937731653,0,0,3
15668323,41,678,143443.61,196622.28,1,1,France,Female,0,1,1,0,0,0,0,0.06193199433675889,0,0,0
15734085,24,465,117154.9,127744.02,5,1,Germany,Male,1,1,0,0,0,0,0,0.06193690719905065,0,0,1
15673180,18,727,93816.7,126172.11,2,2,Germany,Female,0,1,0,0,0,0,0,0.061938251245288845,0,0,1
15775108,34,571,99325.04,186052.15,1,2,France,Male,1,0,0,0,0,0,0,0.06195218099180444,0,0,0
15600392,53,735,123845.36,170454.93,8,2,France,Female,1,0,1,0,0,0,0,0.06195571457745541,0,0,3
15672826,32,666,112536.57,34350.54,10,2,France,Female,1,1,0,0,0,0,0,0.06196182775769221,0,0,2
15814035,29,601,0.0,80393.27,9,1,France,Male,1,1,0,0,0,0,0,0.06196330348156087,0,0,1
15792934,26,661,0.0,196875.87,8,2,France,Male,0,0,0,0,0,0,0,0.06197482555752676,0,0,1
15658485,34,785,70302.48,68600.36,9,1,France,Female,1,1,0,0,0,0,0,0.06197519498308102,0,0,2
15753874,37,694,143835.47,33326.71,10,1,France,Male,1,0,0,0,0,0,0,0.0620006277500772,0,0,2
15809736,46,664,0.0,177423.02,2,1,France,Male,1,1,1,0,0,0,0,0.062003289082987134,0,0,0
15593897,25,650,160599.06,28391.52,7,2,Spain,Male,1,1,0,0,0,0,0,0.062014037371282194,0,0,1
15753549,25,669,157848.53,37543.93,1,1,France,Male,0,0,1,0,0,0,0,0.062022940522630465,0,0,1
15625942,45,619,0.0,113645.4,0,2,Spain,Female,0,0,0,0,0,0,0,0.06202498156707903,0,0,0
15670822,22,719,114415.84,177497.4,7,1,France,Female,1,1,0,0,0,0,0,0.06202600242248557,0,0,1
15757865,62,642,0.0,61120.75,7,2,France,Male,1,1,0,0,0,0,0,0.06203589972119439,0,0,3
15604196,32,766,185714.28,102502.5,6,1,France,Male,1,1,0,0,0,0,0,0.06204243415472743,0,0,2
15658486,59,579,148021.12,74878.22,3,1,Spain,Female,1,1,0,0,0,0,0,0.06204442369794705,0,0,3
15689201,49,721,120108.56,183421.76,1,1,France,Female,1,0,0,0,0,0,0,0.062044494340230294,0,0,0
15613886,43,722,0.0,44560.17,1,1,Spain,Male,0,1,1,0,0,0,0,0.0620531219472743,0,0,0
15784597,26,648,162923.85,98368.24,9,1,France,Male,0,1,0,0,0,0,0,0.062065690894299363,0,0,1
15626322,29,699,127570.93,164756.81,9,2,Spain,Female,0,1,0,0,0,0,0,0.062066055620851546,0,0,1
15733661,27,639,133806.54,6251.3,8,2,Spain,Female,0,1,0,0,0,0,0,0.06209261824304002,0,0,1
15631054,24,625,0.0,180969.55,1,2,France,Female,1,1,0,0,0,0,0,0.06209858752433772,0,0,1
15772363,42,772,101979.16,90928.48,0,1,Germany,Female,0,1,0,0,0,0,0,0.06210249561494208,0,0,0
15657957,26,602,113674.2,197861.16,8,1,Germany,Female,0,1,1,0,0,0,0,0.06211935749424058,0,0,1
15675675,32,850,106290.64,121982.73,5,1,France,Female,0,1,0,0,0,0,0,0.0621231619721333,0,0,2
15677371,30,629,34013.63,19570.63,2,1,Spain,Female,0,1,0,0,0,0,0,0.06213508995518113,0,0,1
15738662,41,652,159434.03,178373.93,9,1,Germany,Male,0,1,0,0,0,0,0,0.062143637082799574,0,0,2
15598097,44,550,0.0,26257.01,9,2,France,Male,0,1,0,0,0,0,0,0.06214435942223351,0,0,2
15674765,44,553,0.0,10789.3,4,1,Spain,Male,0,1,0,0,0,0,0,0.06215077643438982,0,0,0
15814267,22,550,154377.3,51721.52,6,1,France,Male,1,1,0,0,0,0,0,0.06215421506088403,0,0,1
15677610,41,511,153895.65,39087.42,8,1,Germany,Female,1,1,0,0,0,0,0,0.0621758697535163,0,0,2
15704987,52,649,49113.75,41858.43,8,1,France,Female,0,1,0,0,0,0,0,0.06218358321294937,0,0,3
15668629,44,719,0.0,196582.19,2,2,Spain,Male,0,1,0,0,0,0,0,0.06223379854127531,0,0,0
15711396,40,427,0.0,82870.75,8,2,Spain,Male,1,1,0,0,0,0,0,0.0622405379707579,0,0,2
15712825,29,511,0.0,140676.98,9,2,Spain,Female,1,0,0,0,0,0,0,0.062245057609674026,0,0,1
15693337,41,683,148863.17,163911.32,0,1,Spain,Male,1,1,0,0,0,0,0,0.062246155536560765,0,0,0
15567078,27,789,66201.96,79458.12,8,1,France,Female,1,1,0,0,0,0,0,0.062256490738202164,0,0,1
15688264,43,629,0.0,41263.69,0,2,France,Female,1,1,0,0,0,0,0,0.06226237563974879,0,0,0
15625929,44,762,159316.64,24780.13,7,1,France,Female,0,0,0,0,0,0,0,0.06231481375739234,0,0,2
15575492,41,828,0.0,171378.77,7,2,France,Female,0,1,0,0,0,0,0,0.06232771684104166,0,0,2
15699430,35,618,0.0,180439.75,10,2,France,Female,0,1,0,0,0,0,0,0.062332771192619596,0,0,2
15574743,29,577,0.0,168924.41,2,1,Spain,Male,1,1,0,0,0,0,0,0.06238652299747838,0,0,1
15636444,53,535,141616.55,75888.65,5,2,Germany,Female,1,1,0,0,0,0,0,0.06239227755576349,0,0,3
15576526,36,850,0.0,41291.05,6,2,Spain,Male,1,0,0,0,0,0,0,0.062394037615915776,0,0,2
15803976,31,694,0.0,160990.27,10,2,France,Female,0,1,0,0,0,0,0,0.062399094889117546,0,0,2
15604138,34,749,0.0,174189.04,2,1,Spain,Male,0,0,1,0,0,0,0,0.062417399748137314,0,0,0
15651883,55,794,115796.7,160526.36,6,1,Germany,Female,0,1,1,0,0,0,0,0.06242673748292804,0,0,3
15664504,35,418,0.0,88878.15,7,2,France,Male,1,1,0,0,0,0,0,0.06244409627021219,0,0,2
15612071,32,763,95153.77,81310.1,10,1,Spain,Female,1,0,0,0,0,0,0,0.06244796168298239,0,0,2
15578603,54,584,77354.37,138192.98,1,1,Germany,Female,0,0,1,0,0,0,0,0.06246214179782883,0,0,3
15734765,20,739,133800.98,150245.81,4,1,France,Female,1,0,0,0,0,0,0,0.062470482991062504,0,0,1
15714062,40,690,77641.99,189051.59,9,1,France,Female,0,0,1,0,0,0,0,0.06248688945579606,0,0,2
15775104,38,697,182065.85,49503.5,1,1,France,Female,0,1,0,0,0,0,0,0.06249274466783228,0,0,0
15649451,25,746,0.0,88728.47,9,2,France,Male,1,0,0,0,0,0,0,0.06249346447866588,0,0,1
15699029,37,670,170557.91,198252.88,4,2,France,Male,0,1,0,0,0,0,0,0.06250073727576888,0,0,0
15729377,36,798,0.0,159044.1,1,2,France,Male,1,1,0,0,0,0,0,0.06250959144355728,0,0,0
15625905,41,592,0.0,65906.07,0,2,Spain,Male,0,1,0,0,0,0,0,0.06253925129864402,0,0,0
15619708,25,745,157993.15,146041.45,5,2,France,Male,0,1,0,0,0,0,0,0.06254976121494282,0,0,1
15637110,35,634,0.0,82634.41,10,1,Spain,Female,0,1,0,0,0,0,0,0.06256542700071754,0,0,2
15666884,41,508,82161.7,187776.49,5,2,Germany,Female,0,1,0,0,0,0,0,0.06257597559810768,0,0,0
15665238,36,745,145071.24,6078.46,8,1,Germany,Male,0,0,0,0,0,0,0,0.06257762159279434,0,0,2
15622461,51,562,122822.0,32626.21,7,2,France,Female,0,0,0,0,0,0,0,0.062583679917664,0,0,3
15662337,50,744,121498.11,106061.47,1,2,Germany,Female,1,0,1,0,0,0,0,0.0625946830864077,0,0,0
15578908,32,725,0.0,138525.19,0,2,Spain,Female,1,1,0,0,0,0,0,0.06260336352674145,0,0,0
15597930,52,646,59669.43,172495.81,8,1,France,Male,0,0,1,0,0,0,0,0.06261954517121315,0,0,3
15708916,38,587,0.0,47414.15,0,2,France,Male,0,1,0,0,0,0,0,0.06262412818375507,0,0,0
15644296,30,740,105209.54,1852.58,8,1,France,Female,0,1,0,0,0,0,0,0.06263638916415781,0,0,1
15636935,29,797,0.0,132975.39,1,2,France,Female,1,1,0,0,0,0,0,0.06264767081314526,0,0,1
15790019,35,520,105387.89,25059.06,9,1,France,Male,1,1,0,0,0,0,0,0.06266452207070894,0,0,2
15804602,30,772,99785.28,197238.03,6,2,Germany,Male,0,0,0,0,0,0,0,0.06268273368331345,0,0,1
15666332,48,690,0.0,3149.1,2,2,Spain,Female,1,1,0,0,0,0,0,0.06270132229291003,0,0,0
15727177,42,557,177822.03,150944.31,6,1,France,Male,0,1,1,0,0,0,0,0.06270221869851667,0,0,2
15810227,34,421,0.0,96615.23,2,2,France,Male,1,1,0,0,0,0,0,0.06270591712285079,0,0,0
15724691,34,712,0.0,195052.12,1,2,France,Male,1,1,0,0,0,0,0,0.06271748757697226,0,0,0
15667944,39,679,86843.61,159830.58,0,1,France,Male,1,0,0,0,0,0,0,0.06272093933396894,0,0,0
15600337,42,661,178820.91,29358.57,2,1,Spain,Male,0,0,1,0,0,0,0,0.06272354660729851,0,0,0
15602909,41,604,0.0,166224.39,10,2,Spain,Female,1,1,0,0,0,0,0,0.0627297684948821,0,0,2
15668695,22,536,89492.62,42934.43,5,1,France,Female,0,0,0,0,0,0,0,0.06273313372030997,0,0,1
15785350,23,528,104744.89,170262.97,7,1,Spain,Male,0,1,0,0,0,0,0,0.06274339555764608,0,0,1
15797194,39,570,129674.89,80552.36,10,2,France,Male,0,1,0,0,0,0,0,0.06275647679718444,0,0,2
15603883,36,818,0.0,8037.03,4,2,France,Male,1,1,0,0,0,0,0,0.06276545175282044,0,0,0
15622454,28,695,96020.86,57992.49,0,1,Spain,Male,1,1,0,0,0,0,0,0.06277183208754533,0,0,1
15761023,43,554,120847.11,7611.61,2,1,Germany,Female,0,1,1,0,0,0,0,0.06277716408645362,0,0,0
15614230,34,426,0.0,61230.83,3,2,France,Female,1,1,0,0,0,0,0,0.06280496982859163,0,0,0
15799211,32,708,187487.63,120115.5,8,1,Spain,Female,1,1,0,0,0,0,0,0.06281196102847753,0,0,2
15787830,33,452,153663.27,111868.23,7,1,Germany,Male,0,1,0,0,0,0,0,0.06282184878695174,0,0,2
15684960,46,559,0.0,21006.1,5,1,France,Female,0,1,1,0,0,0,0,0.06283651978190674,0,0,0
15784700,31,811,117799.28,182372.35,7,1,France,Male,1,1,0,0,0,0,0,0.06284862637469735,0,0,2
15802560,48,470,140576.11,116971.05,6,1,Spain,Female,1,1,0,0,0,0,0,0.06286187452888403,0,0,2
15809227,35,850,0.0,56991.66,2,2,France,Male,1,1,0,0,0,0,0,0.06286355653953679,0,0,0
15573876,48,473,0.0,71139.8,8,2,Spain,Male,0,1,0,0,0,0,0,0.06286933612295775,0,0,2
15700696,31,738,79019.8,18606.23,9,1,Spain,Male,1,1,0,0,0,0,0,0.06287756797733846,0,0,2
15691011,42,591,161651.37,131753.97,9,2,France,Male,1,1,0,0,0,0,0,0.06287879602939606,0,0,2
15602934,33,452,131698.57,151623.91,6,2,France,Female,0,1,0,0,0,0,0,0.06288145476280171,0,0,2
15632789,30,794,0.0,24113.91,8,2,France,Male,1,1,0,0,0,0,0,0.06291180621380654,0,0,1
15739850,45,645,155417.61,3449.22,6,1,France,Male,1,0,0,0,0,0,0,0.06292801424547811,0,0,2
15756850,40,479,0.0,114996.43,1,2,France,Male,0,0,0,0,0,0,0,0.06293980555799372,0,0,0
15663446,29,792,107601.79,18922.18,4,1,Germany,Female,0,1,1,0,0,0,0,0.06304747135566435,0,0,1
15717736,46,639,110031.09,133995.59,10,2,Germany,Female,1,1,0,0,0,0,0,0.06305792456332071,0,0,2
15646374,28,766,62717.84,13182.43,3,2,Germany,Female,1,1,0,0,0,0,0,0.06306358906550646,0,0,1
15810829,48,618,0.0,13921.82,7,1,France,Male,0,1,1,0,0,0,0,0.06307317102435495,0,0,2
15683363,39,540,0.0,108419.41,1,1,Spain,Male,1,0,0,0,0,0,0,0.06307857016324281,0,0,0
15684211,44,704,153656.85,158742.81,9,1,Spain,Female,0,1,0,0,0,0,0,0.06309330762621079,0,0,2
15781678,31,470,55732.92,103792.53,4,2,Spain,Male,1,1,0,0,0,0,0,0.0631052002609771,0,0,0
15645323,55,630,0.0,106202.07,2,1,France,Male,1,1,1,0,0,0,0,0.06310779450578874,0,0,3
15658813,55,645,0.0,18369.33,7,2,France,Female,1,1,0,0,0,0,0,0.06311111628604926,0,0,3
15608381,50,585,125845.66,9439.31,2,1,Germany,Male,0,1,1,0,0,0,0,0.06311938732611688,0,0,0
15811327,54,700,79415.67,139735.54,1,1,Spain,Male,1,0,0,0,0,0,0,0.06311953284140126,0,0,3
15697127,31,543,147674.26,16658.76,2,1,France,Female,1,1,0,0,0,0,0,0.06312861473242615,0,0,0
15582944,39,425,0.0,140941.47,5,2,Spain,Female,0,1,0,0,0,0,0,0.0631373752968345,0,0,0
15698028,41,506,0.0,31766.3,1,2,France,Female,0,1,0,0,0,0,0,0.06315124523734705,0,0,0
15806956,30,746,112666.67,11710.4,1,1,Spain,Male,0,0,1,0,0,0,0,0.06316466509821783,0,0,1
15626385,33,714,103121.33,49672.01,10,2,Spain,Female,1,1,0,0,0,0,0,0.0631827914205092,0,0,2
15752915,34,488,0.0,181270.84,2,2,France,Female,1,1,0,0,0,0,0,0.06319065970335147,0,0,0
15763625,41,793,0.0,152153.74,9,2,Spain,Male,0,1,0,0,0,0,0,0.06319254740211033,0,0,2
15695819,43,504,134740.19,181430.91,5,2,Germany,Male,0,1,0,0,0,0,0,0.06320635145575437,0,0,0
15677435,29,647,98263.46,164717.95,0,2,France,Female,0,1,0,0,0,0,0,0.06321481372520366,0,0,1
15585595,28,774,71264.02,68759.57,1,2,France,Female,1,0,0,0,0,0,0,0.06321832760196999,0,0,1
15691874,34,687,125474.44,198929.84,9,1,France,Female,0,1,0,0,0,0,0,0.06323919024613078,0,0,2
15668472,24,705,177799.83,79886.06,5,2,Spain,Female,0,0,0,0,0,0,0,0.063254180328294,0,0,1
15711716,56,580,131368.3,106918.67,1,1,France,Female,0,1,1,0,0,0,0,0.0632633862543448,0,0,3
15761854,24,746,0.0,94105.0,4,1,France,Female,1,0,0,0,0,0,0,0.06330428724796755,0,0,1
15568742,41,536,0.0,121299.14,9,1,France,Female,0,1,0,0,0,0,0,0.06334828659238478,0,0,2
15655859,35,848,120046.74,84710.65,5,2,Spain,Male,0,1,0,0,0,0,0,0.06336547036642415,0,0,2
15721377,34,833,144751.81,166472.81,3,1,France,Female,0,0,0,0,0,0,0,0.06338625457854585,0,0,0
15673790,45,498,109200.74,165990.44,7,2,Germany,Male,1,0,0,0,0,0,0,0.06339240682992375,0,0,2
15652782,48,678,101099.9,193476.04,2,2,Germany,Male,1,0,0,0,0,0,0,0.06340306814330576,0,0,0
15644119,31,531,0.0,42589.33,3,1,France,Male,1,1,0,0,0,0,0,0.06340318586159244,0,0,0
15771059,34,756,148200.72,194584.48,2,1,Germany,Female,0,0,0,0,0,0,0,0.06341635821343161,0,0,0
15697625,37,791,163789.49,75832.53,2,2,France,Male,0,1,0,0,0,0,0,0.06342189617691019,0,0,0
15795954,35,746,172274.01,22374.97,2,1,France,Male,0,1,0,0,0,0,0,0.0634568903130952,0,0,0
15794137,37,751,151218.98,109309.29,0,1,Germany,Female,1,1,0,0,0,0,0,0.06346437841517938,0,0,0
15606613,59,655,0.0,88958.49,7,1,France,Female,0,1,1,0,0,0,0,0.06348818472930484,0,0,3
15600478,39,752,0.0,188187.05,3,1,France,Male,0,1,0,0,0,0,0,0.06351280705811913,0,0,0
15687607,30,605,135422.31,186418.85,9,1,France,Female,1,0,0,0,0,0,0,0.06351659063738913,0,0,1
15784209,47,497,0.0,90055.08,6,1,France,Male,1,1,0,0,0,0,0,0.06351868720582976,0,0,2
15800524,29,686,185379.02,64679.07,3,1,Germany,Male,0,1,0,0,0,0,0,0.06352765651987713,0,0,1
15810807,43,513,0.0,152499.8,9,2,France,Female,0,1,0,0,0,0,0,0.06353557947820354,0,0,2
15789557,27,817,129810.6,59259.44,7,1,Germany,Female,1,1,0,0,0,0,0,0.06357923336943072,0,0,1
15732967,19,731,0.0,151581.79,6,2,France,Male,1,1,0,0,0,0,0,0.06358391625214432,0,0,1
15596624,22,662,0.0,44377.65,9,2,France,Female,1,1,0,0,0,0,0,0.06360785205161845,0,0,1
15727391,29,688,144553.5,143454.95,9,2,Germany,Male,0,1,0,0,0,0,0,0.06360949422223594,0,0,1
15777893,43,777,0.0,21785.91,1,2,France,Male,0,1,0,0,0,0,0,0.06363205779420933,0,0,0
15657540,50,578,151215.34,169804.4,5,2,France,Male,0,1,0,0,0,0,0,0.06365167158129681,0,0,0
15703143,29,820,82344.84,115985.38,3,1,France,Female,1,0,0,0,0,0,0,0.06366844516826564,0,0,1
15624633,45,702,74989.58,171014.69,9,1,France,Male,1,1,0,0,0,0,0,0.06367961932235533,0,0,2
15659486,34,586,74309.81,15034.93,9,1,Germany,Male,0,1,0,0,0,0,0,0.06368095462468082,0,0,2
15811200,34,831,0.0,165840.94,2,2,France,Female,0,0,0,0,0,0,0,0.06368275757074404,0,0,0
15748625,57,664,0.0,15304.08,6,2,France,Male,1,1,0,0,0,0,0,0.0636953960983776,0,0,3
15661629,34,522,126436.29,174248.52,9,1,Spain,Male,0,1,1,0,0,0,0,0.06369644632433646,0,0,2
15603319,29,693,151352.74,197145.89,2,1,France,Male,0,0,0,0,0,0,0,0.06371157113137016,0,0,1
15709387,52,711,0.0,159808.95,5,1,France,Male,1,1,0,0,0,0,0,0.0637419347566831,0,0,3
15594898,43,731,0.0,170034.95,2,1,France,Male,1,1,1,0,0,0,0,0.06377687385489506,0,0,0
15604355,39,519,97700.02,30709.03,1,1,France,Male,1,1,0,0,0,0,0,0.06380473483226623,0,0,0
15783097,27,813,111348.15,46422.46,6,1,Germany,Male,0,1,0,0,0,0,0,0.0638076870027311,0,0,1
15753591,38,438,0.0,136859.55,2,2,France,Male,0,1,0,0,0,0,0,0.06381031207901855,0,0,0
15577274,43,549,134985.66,6101.41,3,1,Germany,Female,0,1,0,0,0,0,0,0.06381238325639893,0,0,0
15683483,38,812,127117.8,174822.74,3,2,Spain,Male,1,1,0,0,0,0,0,0.06383365412346875,0,0,0
15658475,36,834,142882.49,89983.02,8,1,France,Male,0,1,1,0,0,0,0,0.06386461117813358,0,0,2
15753679,24,778,0.0,162809.2,4,2,France,Male,1,1,0,0,0,0,0,0.06386676867035346,0,0,1
15813451,18,677,134796.87,114858.9,8,2,Spain,Male,1,1,0,0,0,0,0,0.06389219261783374,0,0,1
15608968,21,714,86402.52,27330.59,6,2,Germany,Male,0,0,0,0,0,0,0,0.06389964078628552,0,0,1
15748995,30,691,0.0,10963.04,9,2,Spain,Male,1,0,0,0,0,0,0,0.06390192960607222,0,0,1
15714877,29,662,0.0,137508.31,10,2,France,Female,0,1,0,0,0,0,0,0.06390922164473367,0,0,1
15800233,40,850,0.0,35034.15,5,2,France,Female,0,1,0,0,0,0,0,0.06393043087478445,0,0,2
15766427,52,565,97720.35,175070.94,5,2,Germany,Male,0,1,1,0,0,0,0,0.06395128271316053,0,0,3
15714391,35,563,183572.84,66006.75,2,1,France,Female,1,1,1,0,0,0,0,0.06396660153793587,0,0,0
15708791,32,584,85534.83,169137.24,9,1,Spain,Male,0,0,0,0,0,0,0,0.06397216097974912,0,0,2
15707918,36,741,127675.39,74260.16,0,2,Germany,Female,0,1,0,0,0,0,0,0.06398174238022836,0,0,0
15632899,20,662,104508.77,73107.53,9,2,Spain,Male,0,0,0,0,0,0,0,0.06399205433105015,0,0,1
15606944,43,645,140121.17,11302.7,9,1,Germany,Male,0,1,1,0,0,0,0,0.06401273286678621,0,0,2
15803654,31,790,151290.16,172437.12,2,1,France,Female,1,1,0,0,0,0,0,0.06402854505178013,0,0,0
15757385,28,578,161592.76,177834.79,8,1,Spain,Female,0,1,0,0,0,0,0,0.06404143234030135,0,0,1
15573798,36,448,83947.12,81999.53,6,2,France,Female,0,1,0,0,0,0,0,0.06406229626717863,0,0,2
15606915,24,764,98148.61,26843.76,7,1,France,Male,0,1,0,0,0,0,0,0.06407992918103667,0,0,1
15568328,22,488,0.0,66393.89,6,2,France,Female,1,1,0,0,0,0,0,0.06408300522142141,0,0,1
15574858,37,530,0.0,287.99,8,2,France,Male,1,1,0,0,0,0,0,0.06410607690831649,0,0,2
15802060,30,646,100548.67,136983.77,10,2,Germany,Female,0,0,0,0,0,0,0,0.06411430490269987,0,0,1
15609562,43,774,116360.07,17004.14,1,1,Spain,Female,0,1,0,0,0,0,0,0.0641243557184421,0,0,0
15639576,26,691,136623.19,153228.0,9,1,France,Male,0,1,0,0,0,0,0,0.06412882054725355,0,0,1
15608873,51,665,0.0,53353.36,2,1,France,Male,0,0,0,0,0,0,0,0.06413559431086491,0,0,3
15701280,24,576,0.0,78498.04,3,1,France,Male,1,0,1,0,0,0,0,0.06417470981778739,0,0,1
15662021,42,685,0.0,199992.48,2,2,Spain,Female,0,0,0,0,0,0,0,0.06418156054813651,0,0,0
15775662,43,760,121911.59,193312.33,8,1,France,Male,0,1,0,0,0,0,0,0.06419200445315765,0,0,2
15724851,31,507,111589.67,150037.19,9,1,Germany,Male,0,1,0,0,0,0,0,0.06420281746422873,0,0,2
15754113,35,588,0.0,155485.24,0,2,France,Female,1,1,0,0,0,0,0,0.064244869485519,0,0,0
15773338,58,739,101579.28,72168.53,2,1,France,Male,1,1,0,0,0,0,0,0.06426235855066348,0,0,3
15799422,40,535,0.0,27689.77,8,1,France,Female,1,1,0,0,0,0,0,0.0642629570215873,0,0,2
15786852,38,565,158651.29,179445.28,2,2,Germany,Female,1,1,0,0,0,0,0,0.06431492225014757,0,0,0
15755863,49,630,0.0,162858.29,1,2,Spain,Female,1,0,0,0,0,0,0,0.06432172200233294,0,0,0
15759244,44,687,95368.14,1787.85,8,2,Germany,Male,1,1,0,0,0,0,0,0.06435673819307974,0,0,2
15706463,36,597,0.0,7156.09,9,2,France,Female,1,1,0,0,0,0,0,0.06436601304576761,0,0,2
15667289,50,719,0.0,10772.13,2,2,Spain,Male,0,0,0,0,0,0,0,0.06437795921371525,0,0,0
15719212,33,491,83134.3,187946.55,5,1,France,Male,0,1,0,0,0,0,0,0.06438736289493524,0,0,0
15599869,29,728,0.0,83056.22,1,1,Spain,Female,1,1,0,0,0,0,0,0.06439041516419264,0,0,1
15724466,41,744,84113.41,197548.63,2,1,Germany,Female,0,1,0,0,0,0,0,0.064390426231197,0,0,0
15652048,44,563,105007.31,197812.16,7,2,Germany,Male,1,1,0,0,0,0,0,0.06440747185419865,0,0,2
15727059,40,476,0.0,182547.04,4,2,France,Female,0,0,0,0,0,0,0,0.06442436776012406,0,0,0
15684318,50,582,96486.57,20344.02,6,2,Germany,Female,1,1,0,0,0,0,0,0.06442500363541509,0,0,3
15627220,43,735,98807.45,184570.04,9,1,Germany,Female,0,0,1,0,0,0,0,0.06444526884591928,0,0,2
15772573,55,735,103176.62,163516.16,2,1,Spain,Male,1,0,0,0,0,0,0,0.06444695810716627,0,0,3
15756056,28,561,0.0,191387.76,3,2,Spain,Female,0,1,0,0,0,0,0,0.06444798032707855,0,0,1
15607746,36,573,0.0,56905.38,1,1,France,Female,1,1,0,0,0,0,0,0.06446657789287175,0,0,0
15617877,44,607,0.0,81140.09,0,2,France,Male,1,1,0,0,0,0,0,0.06449038579848687,0,0,0
15571973,38,776,169824.46,169291.7,2,1,France,Female,0,1,0,0,0,0,0,0.0645026605354233,0,0,0
15691446,29,735,0.0,95025.27,10,2,Spain,Male,1,1,0,0,0,0,0,0.06454057751972081,0,0,1
15793317,22,547,141287.15,118142.79,7,1,Spain,Female,0,1,0,0,0,0,0,0.0645517170605534,0,0,1
15601263,48,493,0.0,48545.1,7,2,Spain,Female,0,1,0,0,0,0,0,0.06455285600364791,0,0,2
15630709,31,619,56116.3,2181.94,2,2,Germany,Female,0,0,0,0,0,0,0,0.06455698164010643,0,0,0
15706131,37,621,83061.26,9170.54,9,2,Spain,Female,0,1,0,0,0,0,0,0.06456120689743666,0,0,2
15590011,38,749,129378.32,13549.34,9,1,Spain,Male,1,1,0,0,0,0,0,0.06456124344402664,0,0,2
15772421,31,645,128927.93,2850.01,1,1,Germany,Female,1,1,0,0,0,0,0,0.06456277962948348,0,0,0
15622321,32,506,0.0,80823.02,3,1,France,Female,1,1,0,0,0,0,0,0.06456284385950423,0,0,0
15758510,26,474,0.0,152491.22,6,2,France,Male,0,0,0,0,0,0,0,0.06456629773716199,0,0,1
15765192,26,564,84006.88,183490.99,7,2,France,Male,0,0,0,0,0,0,0,0.06457856831357112,0,0,1
15623143,43,732,0.0,183147.17,9,2,France,Female,0,1,0,0,0,0,0,0.06459839277181323,0,0,2
15589541,27,557,0.0,4497.55,2,2,France,Female,1,0,0,0,0,0,0,0.06460690890807036,0,0,1
15761733,42,707,0.0,152944.39,10,2,France,Female,1,1,0,0,0,0,0,0.06462318708892506,0,0,2
15629010,35,847,111743.43,183584.14,5,1,Germany,Female,1,1,0,0,0,0,0,0.06462829685729965,0,0,2
15714689,29,591,97541.24,196356.17,1,1,Spain,Male,1,1,0,0,0,0,0,0.064629825588568,0,0,1
15717328,37,842,132446.08,87071.18,4,2,France,Female,0,1,1,0,0,0,0,0.06463069876031313,0,0,0
15731511,45,808,118626.55,147132.46,7,2,France,Male,0,1,0,0,0,0,0,0.06465182435769323,0,0,2
15654891,30,811,0.0,180591.32,6,2,France,Male,1,1,0,0,0,0,0,0.06468065331753703,0,0,1
15615219,59,518,138772.15,123872.0,5,1,France,Male,1,0,0,0,0,0,0,0.06469700562371777,0,0,3
15693322,37,635,146748.07,11407.58,9,1,Germany,Female,1,0,0,0,0,0,0,0.06469744614440187,0,0,2
15788539,34,501,107747.57,9249.36,3,1,France,Female,0,1,0,0,0,0,0,0.06472958244941929,0,0,0
15702715,34,747,0.0,50759.8,10,2,France,Female,1,1,0,0,0,0,0,0.06474695778715434,0,0,2
15605130,32,753,177729.13,161642.08,6,1,France,Male,1,1,0,0,0,0,0,0.06475213510219735,0,0,2
15691723,55,631,99685.06,114474.98,9,1,Spain,Male,0,1,0,0,0,0,0,0.06475436925414008,0,0,3
15750049,40,621,163823.37,89519.47,10,1,France,Male,0,0,0,0,0,0,0,0.0647653914641213,0,0,2
15755209,35,484,133868.21,27286.1,7,1,Spain,Female,1,1,0,0,0,0,0,0.0647870368734979,0,0,2
15706365,50,648,102535.57,189543.19,9,1,France,Female,1,1,0,0,0,0,0,0.06478778380424416,0,0,2
15807663,43,667,190227.46,97508.04,8,1,France,Male,0,1,1,0,0,0,0,0.06479050650114909,0,0,2
15634792,40,516,0.0,33266.29,9,2,France,Female,1,0,0,0,0,0,0,0.06479362180355042,0,0,2
15651352,38,529,0.0,146388.85,2,1,France,Female,0,1,1,0,0,0,0,0.06479464676364832,0,0,0
15673223,44,626,0.0,164287.86,10,2,France,Male,0,0,0,0,0,0,0,0.06480478417381424,0,0,2
15714970,32,667,103846.65,20560.69,0,1,Germany,Male,0,1,0,0,0,0,0,0.06480960493180699,0,0,0
15722965,57,757,89079.41,53179.21,3,1,France,Male,1,1,1,0,0,0,0,0.06482236456043472,0,0,3
15579208,48,550,0.0,191870.28,6,2,France,Female,1,1,0,0,0,0,0,0.06483477249120007,0,0,2
15650313,65,632,129472.33,85179.48,6,1,Germany,Male,1,1,0,0,0,0,0,0.06484110281072547,0,0,3
15621063,42,516,56228.25,46857.52,8,1,France,Female,0,1,0,0,0,0,0,0.06485994462012862,0,0,2
15769125,41,727,0.0,47468.56,10,2,Spain,Female,1,0,0,0,0,0,0,0.06488488659623565,0,0,2
15737267,49,676,0.0,79342.31,1,1,France,Female,0,1,1,0,0,0,0,0.0648877984121013,0,0,0
15776947,43,637,0.0,12156.93,8,1,Spain,Male,0,1,1,0,0,0,0,0.06490935376488072,0,0,2
15590213,35,479,125920.98,20393.44,4,1,Spain,Male,1,1,0,0,0,0,0,0.0649298715362151,0,0,0
15621834,43,700,0.0,59475.35,0,2,Spain,Female,0,1,0,0,0,0,0,0.06493265017095445,0,0,0
15808228,44,768,60603.4,178045.97,6,1,Spain,Female,1,1,0,0,0,0,0,0.0649341123569307,0,0,2
15638788,32,550,97514.07,199138.84,8,1,France,Male,1,1,0,0,0,0,0,0.06498668274650476,0,0,2
15593959,28,524,93577.3,51670.82,1,1,France,Male,1,1,0,0,0,0,0,0.06501477629953584,0,0,1
15644212,28,644,0.0,119419.37,0,2,Spain,Male,0,1,0,0,0,0,0,0.06501940776472703,0,0,1
15617486,52,530,106723.28,109960.4,1,1,France,Male,0,0,1,0,0,0,0,0.06502683461736974,0,0,3
15659234,30,494,85704.95,27886.06,3,1,France,Male,1,0,0,0,0,0,0,0.06504480789973593,0,0,1
15647974,44,679,118742.74,1568.91,3,2,France,Female,0,1,0,0,0,0,0,0.06504635527968378,0,0,0
15746410,38,432,0.0,150580.88,7,2,Spain,Male,0,1,0,0,0,0,0,0.06504795689600906,0,0,2
15757473,27,766,158786.67,47579.25,7,2,France,Female,1,0,0,0,0,0,0,0.06506524071930475,0,0,1
15678779,33,502,0.0,4082.52,7,2,France,Male,1,0,0,0,0,0,0,0.0650667374335328,0,0,2
15762169,37,556,145018.64,90928.02,9,2,Germany,Male,0,1,1,0,0,0,0,0.06508422178308432,0,0,2
15698271,26,523,0.0,185488.81,4,2,France,Female,0,1,0,0,0,0,0,0.06509302307562143,0,0,1
15648136,28,658,152812.58,166682.57,9,1,Germany,Female,0,1,0,0,0,0,0,0.06510023611644244,0,0,1
15635367,26,774,93844.69,28415.36,2,1,France,Male,0,1,0,0,0,0,0,0.06510858148104093,0,0,1
15794549,35,722,163943.89,15068.18,2,2,France,Female,1,1,0,0,0,0,0,0.0651158467022247,0,0,0
15812518,37,657,163607.18,44203.55,0,1,Spain,Female,1,0,0,0,0,0,0,0.06514304545103344,0,0,0
15664793,50,754,146777.44,150685.52,7,2,Spain,Female,1,0,0,0,0,0,0,0.06515113473089057,0,0,2
15744919,37,734,152760.24,48990.5,0,1,Spain,Female,1,1,0,0,0,0,0,0.06516245907764157,0,0,0
15714789,24,664,0.0,35611.35,7,1,France,Male,1,0,0,0,0,0,0,0.06516579305454029,0,0,1
15603247,35,743,146781.24,189307.7,1,1,Germany,Female,0,1,0,0,0,0,0,0.06517794308247704,0,0,0
15568044,31,508,0.0,6123.15,7,2,France,Female,1,1,0,0,0,0,0,0.06518857604978928,0,0,2
15669290,38,603,59360.77,191457.06,8,1,France,Male,1,1,0,0,0,0,0,0.06521668345161402,0,0,2
15677512,22,628,0.0,85426.28,3,1,Spain,Female,0,1,0,0,0,0,0,0.06522033412620182,0,0,1
15744553,34,444,144318.97,112668.06,2,1,France,Male,0,1,0,0,0,0,0,0.06523029332563868,0,0,0
15632050,41,779,99786.2,86927.53,10,1,France,Female,0,1,0,0,0,0,0,0.06523234548587026,0,0,2
15681115,39,787,108935.39,101168.3,10,1,Spain,Male,1,1,0,0,0,0,0,0.06525636556910441,0,0,2
15630910,49,800,108007.36,47125.11,7,1,France,Female,0,0,0,0,0,0,0,0.06526292660249733,0,0,2
15799217,35,791,52436.2,161051.75,7,1,Germany,Female,0,1,0,0,0,0,0,0.06526803503665901,0,0,2
15773973,41,765,0.0,191215.61,2,2,France,Male,1,0,0,0,0,0,0,0.06528132722817981,0,0,0
15634491,30,652,176166.56,152210.81,2,2,France,Male,1,1,0,0,0,0,0,0.06530537118528446,0,0,1
15771054,35,469,0.0,186490.37,5,2,Spain,Male,0,1,0,0,0,0,0,0.06531273390720638,0,0,0
15670481,27,684,122550.05,137835.82,9,2,France,Female,1,0,0,0,0,0,0,0.0653134148013711,0,0,1
15788920,32,836,109196.67,55218.02,4,2,Germany,Female,0,1,0,0,0,0,0,0.06531369015907651,0,0,0
15695129,31,718,152663.77,17128.64,1,1,France,Female,1,0,0,0,0,0,0,0.06535221790762619,0,0,0
15661532,31,650,160566.11,27073.81,1,2,France,Female,0,0,0,0,0,0,0,0.06537015924651224,0,0,0
15653306,32,679,88335.05,159584.81,0,1,Germany,Female,0,0,0,0,0,0,0,0.06537336790915704,0,0,0
15719302,50,765,126547.8,79579.94,9,1,France,Female,1,1,1,0,0,0,0,0.06539066039202462,0,0,2
15761525,31,727,96997.09,76614.04,10,2,Spain,Female,0,0,0,0,0,0,0,0.06542625139096148,0,0,2
15566211,41,616,103560.57,236.45,1,1,Germany,Female,0,1,1,0,0,0,0,0.06544256760885347,0,0,0
15599195,32,582,88938.62,10054.53,1,1,Germany,Male,1,1,0,0,0,0,0,0.06546760422122933,0,0,0
15675380,56,573,154669.77,115462.27,3,1,Spain,Male,1,0,1,0,0,0,0,0.06548289863776602,0,0,3
15667134,32,446,0.0,133292.94,8,2,France,Male,0,0,0,0,0,0,0,0.06551388160491112,0,0,2
15719991,52,727,154733.97,80259.67,1,1,Spain,Female,0,1,1,0,0,0,0,0.06552105286018212,0,0,3
15575147,22,699,99339.0,68297.61,9,1,France,Male,0,1,1,0,0,0,0,0.06553827926394185,0,0,1
15795275,49,521,82940.25,62413.01,4,2,Spain,Female,0,0,1,0,0,0,0,0.06556339571755915,0,0,0
15613102,31,670,57530.06,181893.31,2,1,France,Female,1,1,1,0,0,0,0,0.0655668833559504,0,0,0
15758531,40,732,0.0,154189.08,10,2,France,Female,0,1,0,0,0,0,0,0.0655757621767512,0,0,2
15653696,28,515,0.0,94141.75,9,2,France,Female,0,0,0,0,0,0,0,0.06557872890129463,0,0,1
15770539,30,792,127187.86,113553.42,1,1,France,Male,1,1,0,0,0,0,0,0.06559583821857651,0,0,1
15798844,54,678,128914.97,191746.23,7,1,France,Male,0,0,1,0,0,0,0,0.06560419581708016,0,0,3
15764618,39,815,0.0,85167.88,6,1,Spain,Female,1,1,0,0,0,0,0,0.06562707290991926,0,0,2
15771977,39,730,99010.67,194945.8,1,1,France,Female,0,1,0,0,0,0,0,0.06564248697949182,0,0,0
15596397,48,814,0.0,132870.15,7,2,France,Female,1,1,0,0,0,0,0,0.0656427187389319,0,0,2
15592854,25,705,113736.27,196864.61,3,1,France,Male,1,0,0,0,0,0,0,0.06564325218763717,0,0,1
15754940,43,597,85162.26,5104.08,2,1,Spain,Male,1,0,1,0,0,0,0,0.06565138956914768,0,0,0
15739858,56,618,0.0,142400.27,7,1,France,Male,1,1,1,0,0,0,0,0.06566672721610267,0,0,3
15607278,46,794,134593.79,46386.37,8,1,Spain,Female,1,1,0,0,0,0,0,0.06569187585214581,0,0,2
15791030,33,612,64900.32,102426.12,0,2,France,Female,0,1,0,0,0,0,0,0.0656939747095015,0,0,0
15746674,47,730,0.0,33373.26,7,1,France,Female,0,1,1,0,0,0,0,0.06570393765013804,0,0,2
15622470,41,772,96032.22,75825.57,10,1,Spain,Male,1,1,0,0,0,0,0,0.06571866080680078,0,0,2
15665064,36,523,158351.02,155304.53,8,2,France,Male,0,1,0,0,0,0,0,0.06572483197404894,0,0,2
15576990,25,790,152885.77,58214.79,5,1,Germany,Female,0,1,0,0,0,0,0,0.06574287273031598,0,0,1
15757577,61,676,0.0,118522.73,8,2,France,Female,1,1,0,0,0,0,0,0.0657522451390758,0,0,3
15670755,60,650,0.0,102925.76,8,2,France,Male,1,1,0,0,0,0,0,0.0657628775362914,0,0,3
15804950,41,514,0.0,3756.65,7,2,France,Female,1,1,0,0,0,0,0,0.06578242236799314,0,0,2
15691483,25,549,0.0,190857.79,5,2,France,Female,0,0,0,0,0,0,0,0.06579617404713889,0,0,1
15645569,26,762,123709.46,169654.57,7,2,Spain,Female,1,1,0,0,0,0,0,0.06580414688856756,0,0,1
15573242,50,691,136953.47,2704.98,6,1,France,Male,1,1,0,0,0,0,0,0.0658256501458317,0,0,3
15652289,47,694,0.0,197528.62,4,2,France,Male,0,1,0,0,0,0,0,0.06583880988261709,0,0,0
15747867,24,583,135125.28,89801.9,9,1,France,Male,0,0,0,0,0,0,0,0.0658416501257374,0,0,1
15766869,37,634,89696.84,193179.88,1,2,Germany,Male,1,1,0,0,0,0,0,0.06584656017209262,0,0,0
15610781,29,702,88378.6,88550.28,10,1,France,Female,0,1,0,0,0,0,0,0.0658471453715091,0,0,1
15623053,40,454,123177.01,148309.98,2,1,Spain,Male,0,1,0,0,0,0,0,0.06584769171348298,0,0,0
15595221,33,850,134678.13,113177.95,7,1,Germany,Female,0,1,0,0,0,0,0,0.06585506378159289,0,0,2
15683276,37,610,140363.95,129563.86,10,2,Spain,Female,1,1,0,0,0,0,0,0.06585956181588076,0,0,2
15684868,56,668,110993.79,134396.64,9,1,Germany,Male,0,1,1,0,0,0,0,0.06586544293897822,0,0,3
15800068,46,801,0.0,170008.74,6,2,Spain,Female,1,1,0,0,0,0,0,0.06587255596840391,0,0,2
15742511,35,514,121030.9,10008.68,3,1,France,Male,0,1,0,0,0,0,0,0.06588189446920595,0,0,0
15801256,49,746,0.0,10096.25,7,2,Spain,Male,1,0,0,0,0,0,0,0.06588752350616439,0,0,2
15759133,18,616,0.0,27308.58,6,2,France,Male,1,1,0,0,0,0,0,0.0658888843536013,0,0,1
15579112,47,598,0.0,186116.54,2,2,France,Male,1,1,0,0,0,0,0,0.06590108396981043,0,0,0
15779247,24,683,98567.1,187987.01,8,1,Spain,Female,0,1,0,0,0,0,0,0.06590357430988941,0,0,1
15777907,33,791,0.0,144413.92,3,1,France,Female,1,1,1,0,0,0,0,0.06590797446337038,0,0,0
15758750,31,564,110527.17,87060.77,0,1,France,Male,1,1,0,0,0,0,0,0.06591512999526694,0,0,0
15673055,38,494,0.0,6203.66,7,2,Spain,Male,1,1,0,0,0,0,0,0.06595090263838588,0,0,2
15668669,36,423,97665.61,118372.55,5,1,France,Female,0,1,1,0,0,0,0,0.06595896728808726,0,0,0
15622083,30,647,143138.91,2955.46,6,2,Germany,Male,0,1,0,0,0,0,0,0.06596343021045081,0,0,1
15590078,27,622,139834.93,152733.89,9,1,Spain,Male,1,1,0,0,0,0,0,0.0659662567877054,0,0,1
15695585,34,788,156478.62,181196.76,6,1,Spain,Male,1,0,0,0,0,0,0,0.06597515725920094,0,0,2
15613844,28,557,146445.24,184317.74,7,2,France,Female,0,1,0,0,0,0,0,0.0659772760575486,0,0,1
15572114,40,673,121629.22,3258.6,1,1,Spain,Male,1,1,0,0,0,0,0,0.0659840424388557,0,0,0
15612505,45,835,100212.13,152577.62,3,1,Spain,Male,0,1,0,0,0,0,0,0.06598844778730772,0,0,0
15790324,20,660,167685.56,57929.9,6,1,France,Female,0,1,0,0,0,0,0,0.06600513943792691,0,0,1
15663706,32,777,0.0,136458.19,2,1,France,Female,0,1,1,0,0,0,0,0.06601001453381833,0,0,0
15599272,36,795,151844.64,135388.89,1,1,France,Female,1,1,0,0,0,0,0,0.066028022455068,0,0,0
15635240,42,553,0.0,23822.04,1,2,France,Male,0,0,0,0,0,0,0,0.06603571777762657,0,0,0
15724127,26,790,141581.71,98309.27,4,2,France,Female,0,0,0,0,0,0,0,0.06605409952564217,0,0,1
15625141,26,563,0.0,6139.74,7,2,Spain,Male,0,0,0,0,0,0,0,0.06605677493862039,0,0,1
15778345,33,749,74385.98,20164.47,1,1,France,Female,0,1,0,0,0,0,0,0.0660569986366244,0,0,0
15777060,33,770,0.0,26080.54,4,1,France,Female,0,1,1,0,0,0,0,0.066058119857063,0,0,0
15733597,41,669,150219.41,107839.03,0,2,France,Female,0,0,0,0,0,0,0,0.06606184187202602,0,0,0
15641934,46,749,66582.81,78753.12,9,1,Spain,Female,0,1,1,0,0,0,0,0.06607405629907614,0,0,2
15596414,41,796,107525.07,18510.41,8,1,Spain,Male,0,1,0,0,0,0,0,0.06607842091396948,0,0,2
15664849,46,573,65269.23,189988.65,3,1,Spain,Male,1,0,1,0,0,0,0,0.06609163822762965,0,0,0
15785490,50,771,105229.72,16281.68,3,1,France,Male,1,1,1,0,0,0,0,0.06610343673315144,0,0,0
15788676,38,539,71460.67,10074.05,8,2,Spain,Male,1,1,0,0,0,0,0,0.06610384715958467,0,0,2
15646764,58,617,119024.75,35199.24,3,2,Germany,Female,0,1,1,0,0,0,0,0.06611878787832698,0,0,3
15756804,48,636,170833.46,110510.28,1,1,France,Female,0,1,1,0,0,0,0,0.06612393618638301,0,0,0
15574296,23,757,80673.96,93991.65,2,2,France,Male,0,1,0,0,0,0,0,0.0661275784541282,0,0,1
15785342,25,705,0.0,112331.19,9,2,France,Male,1,0,0,0,0,0,0,0.0661288638829588,0,0,1
15646351,27,486,0.0,28823.04,7,2,Spain,Male,0,1,0,0,0,0,0,0.06614679100320747,0,0,1
15623536,39,646,154439.86,171519.06,0,1,Germany,Male,0,1,0,0,0,0,0,0.06615140819439491,0,0,0
15642468,42,697,132739.26,174667.65,9,2,France,Male,0,0,0,0,0,0,0,0.06615762927305169,0,0,2
15669957,52,655,144696.75,49025.79,9,1,Germany,Male,1,1,0,0,0,0,0,0.06616104345159679,0,0,3
15799358,46,516,62212.29,171681.86,6,1,France,Female,1,0,1,0,0,0,0,0.0661635402292618,0,0,2
15599251,32,602,184715.86,113781.99,7,2,Germany,Male,0,1,0,0,0,0,0,0.06616959347995371,0,0,2
15767681,34,470,0.0,89013.67,9,2,Spain,Male,1,0,0,0,0,0,0,0.06617742553718375,0,0,2
15659175,43,755,0.0,18066.69,9,2,France,Female,0,1,0,0,0,0,0,0.06620840464306965,0,0,2
15701176,26,663,141462.13,440.2,5,1,France,Male,0,1,0,0,0,0,0,0.06621083624574159,0,0,1
15809302,24,572,0.0,151460.84,1,2,France,Male,1,1,0,0,0,0,0,0.06622800351403063,0,0,1
15606436,38,500,0.0,192013.23,7,2,Spain,Male,0,0,0,0,0,0,0,0.06622963601913184,0,0,2
15728480,35,452,0.0,149614.81,8,2,France,Female,1,1,0,0,0,0,0,0.06625544446196907,0,0,2
15678129,45,643,150840.03,155516.35,9,2,Spain,Female,0,1,0,0,0,0,0,0.0662562531468982,0,0,2
15762110,37,628,0.0,171707.93,0,2,France,Male,1,1,0,0,0,0,0,0.0662666345957964,0,0,0
15723717,41,483,118334.44,163147.99,1,1,Germany,Male,0,0,1,0,0,0,0,0.06627660883379427,0,0,0
15608956,33,711,0.0,41590.4,1,1,France,Male,0,0,0,0,0,0,0,0.06627661456657791,0,0,0
15626008,52,622,111973.97,162756.29,9,1,Germany,Female,1,1,1,0,0,0,0,0.0662874909375663,0,0,3
15775203,45,824,129209.48,60151.77,3,1,France,Male,0,0,0,0,0,0,0,0.06629726894607962,0,0,0
15687094,28,717,82498.14,40437.67,9,2,Germany,Female,0,0,0,0,0,0,0,0.06630109871432005,0,0,1
15628170,32,565,68067.24,143287.58,9,1,Germany,Female,0,1,0,0,0,0,0,0.06631326877253751,0,0,2
15629187,38,535,85982.07,9238.35,8,1,France,Male,0,1,0,0,0,0,0,0.06631808706078657,0,0,2
15699389,42,807,118274.71,25885.72,7,1,France,Male,1,1,0,0,0,0,0,0.06633710576182339,0,0,2
15660636,40,540,0.0,3560.0,8,2,Spain,Female,0,1,0,0,0,0,0,0.06633771604214439,0,0,2
15741385,45,710,108231.37,188574.08,9,1,Germany,Male,1,1,0,0,0,0,0,0.06635262162639471,0,0,2
15773039,37,550,0.0,179670.31,3,1,France,Male,1,1,0,0,0,0,0,0.0663656273845516,0,0,0
15687385,41,484,0.0,74267.35,5,1,France,Male,1,1,0,0,0,0,0,0.06636595194708311,0,0,0
15567328,38,738,177997.07,19233.41,5,1,Spain,Male,1,0,0,0,0,0,0,0.06636642673432552,0,0,2
15570857,39,677,111213.64,147578.26,0,2,Germany,Female,1,1,0,0,0,0,0,0.06637007302298253,0,0,0
15725794,49,659,0.0,116249.72,1,1,France,Female,0,1,1,0,0,0,0,0.0663728974169927,0,0,0
15639117,34,624,0.0,582.59,6,1,Spain,Female,0,1,1,0,0,0,0,0.06638233970130608,0,0,2
15733444,29,736,0.0,176152.7,9,2,France,Female,0,0,0,0,0,0,0,0.06640166944416631,0,0,1
15611669,50,623,126608.37,645.61,7,1,Germany,Male,1,0,1,0,0,0,0,0.06640948139861674,0,0,2
15582180,29,561,120268.13,173870.39,9,1,France,Male,1,1,0,0,0,0,0,0.06641966029144114,0,0,1
15798885,56,585,138227.19,55287.84,4,2,France,Male,1,1,0,0,0,0,0,0.06646790203321429,0,0,3
15609083,26,544,0.0,100200.4,6,1,France,Female,0,1,1,0,0,0,0,0.06647873842374541,0,0,1
15630641,37,846,127103.97,41516.44,6,1,France,Female,1,1,0,0,0,0,0,0.06648236848198463,0,0,2
15612670,46,631,0.0,129508.96,10,2,Spain,Female,1,1,0,0,0,0,0,0.06650857810409144,0,0,2
15730590,40,738,115409.18,180456.8,1,2,Germany,Female,0,0,0,0,0,0,0,0.06650914619715376,0,0,0
15808182,36,478,92363.3,44912.7,3,2,Spain,Female,0,1,0,0,0,0,0,0.06651850241348439,0,0,0
15791550,27,696,87637.26,196111.35,4,2,France,Male,0,0,0,0,0,0,0,0.06654459832606824,0,0,1
15578238,47,727,0.0,193305.35,7,2,France,Male,0,1,0,0,0,0,0,0.06660162487835275,0,0,2
15679668,38,850,115378.94,162087.82,7,1,Spain,Male,1,0,0,0,0,0,0,0.06662834750691521,0,0,2
15655368,47,672,0.0,91574.92,1,1,France,Male,0,0,0,0,0,0,0,0.06666276387165271,0,0,0
15731555,45,595,106000.12,191448.96,9,1,Germany,Female,0,0,1,0,0,0,0,0.06666680929510554,0,0,2
15717706,32,799,106045.92,17938.0,3,2,France,Female,1,1,0,0,0,0,0,0.06666702406442016,0,0,0
15589725,51,740,0.0,178929.84,4,2,France,Female,1,1,0,0,0,0,0,0.06667752134400173,0,0,3
15736327,46,567,68238.51,109572.58,1,2,Germany,Female,1,1,0,0,0,0,0,0.06670310975801674,0,0,0
15633930,56,648,157559.59,140991.23,6,2,Spain,Female,0,1,1,0,0,0,0,0.06670864766898477,0,0,3
15701081,36,785,0.0,61811.1,2,1,France,Male,1,0,0,0,0,0,0,0.06672020412382518,0,0,0
15642996,42,546,86351.85,57380.13,9,2,Germany,Female,0,1,0,0,0,0,0,0.06674511904261099,0,0,2
15683124,53,713,115029.4,191521.32,6,1,France,Male,0,0,1,0,0,0,0,0.06675927656457853,0,0,3
15700826,54,678,123699.28,105221.76,1,2,Germany,Female,1,0,0,0,0,0,0,0.06675954163400155,0,0,3
15734987,43,658,140260.36,2748.72,7,2,France,Female,0,1,0,0,0,0,0,0.06676049280818652,0,0,2
15708256,28,803,0.0,159654.0,3,2,France,Male,0,1,0,0,0,0,0,0.0667666684141957,0,0,1
15713559,32,473,146602.25,72946.95,5,2,Germany,Female,1,1,0,0,0,0,0,0.06676717549098116,0,0,0
15684319,37,780,95196.26,126310.39,10,1,Germany,Female,0,1,1,0,0,0,0,0.06676765140055385,0,0,2
15575486,27,529,0.0,37769.98,1,2,France,Female,1,1,0,0,0,0,0,0.06677294509219583,0,0,1
15796612,31,527,112203.25,182266.01,1,1,France,Female,0,1,0,0,0,0,0,0.06677317579596159,0,0,0
15692463,28,799,142253.65,45042.56,3,1,Spain,Female,0,1,0,0,0,0,0,0.0668273256683164,0,0,1
15694404,42,781,156555.54,175674.01,3,1,France,Female,1,1,0,0,0,0,0,0.06683059496507354,0,0,0
15599976,27,749,0.0,132734.87,9,2,France,Female,0,1,0,0,0,0,0,0.06684330305713676,0,0,1
15659962,60,637,0.0,70174.03,3,2,France,Male,1,1,0,0,0,0,0,0.06684696463066991,0,0,3
15643056,38,755,82083.52,10333.78,1,1,Germany,Female,1,0,0,0,0,0,0,0.06684748709457983,0,0,0
15591628,41,701,164046.1,49405.93,9,1,Germany,Male,0,1,0,0,0,0,0,0.06684749087937286,0,0,2
15624186,25,813,123616.43,132959.33,5,1,Germany,Female,1,0,0,0,0,0,0,0.06690242617042874,0,0,1
15658240,44,554,135814.7,115091.38,9,2,France,Female,0,0,0,0,0,0,0,0.06691918282153814,0,0,2
15709136,28,620,0.0,199909.32,8,2,France,Male,1,1,0,0,0,0,0,0.06693998080007152,0,0,1
15719606,50,657,0.0,37171.46,9,2,France,Male,0,0,0,0,0,0,0,0.06694459672248598,0,0,2
15691170,29,590,99250.08,129629.41,10,1,Spain,Female,1,1,0,0,0,0,0,0.06696103708011247,0,0,1
15666767,35,508,86893.28,59374.82,1,1,France,Male,0,0,0,0,0,0,0,0.06697108102772109,0,0,0
15583026,38,535,135919.33,80425.65,0,1,France,Female,0,1,0,0,0,0,0,0.06697829951183298,0,0,0
15648800,21,731,132312.06,106663.46,8,1,Germany,Female,0,1,1,0,0,0,0,0.06699003270159865,0,0,1
15727605,43,533,80442.06,12537.42,4,2,Germany,Male,1,0,0,0,0,0,0,0.06699025297387146,0,0,0
15720463,30,796,137262.71,62905.29,2,2,France,Male,0,1,0,0,0,0,0,0.0670006127946789,0,0,1
15709474,57,740,113386.36,65121.63,3,2,Germany,Female,1,1,1,0,0,0,0,0.06702967707756757,0,0,3
15769596,24,710,110407.44,15832.43,2,2,Germany,Female,0,0,1,0,0,0,0,0.06704041546715805,0,0,1
15737080,32,510,0.0,28515.17,1,2,France,Female,1,0,0,0,0,0,0,0.06704362826019106,0,0,0
15628303,35,738,0.0,15650.73,3,1,Spain,Male,1,1,0,0,0,0,0,0.06705633293426932,0,0,0
15728523,41,522,144147.68,14789.9,5,1,France,Male,1,1,0,0,0,0,0,0.06706184741727333,0,0,0
15771211,38,668,86977.96,37094.75,10,1,France,Male,1,0,0,0,0,0,0,0.06707159796445566,0,0,2
15811026,43,505,136855.94,171070.52,5,2,Germany,Male,0,1,0,0,0,0,0,0.06707325140007842,0,0,0
15605113,27,518,133801.49,143315.57,1,1,France,Female,1,1,0,0,0,0,0,0.06708393963001263,0,0,1
15766746,35,835,127120.07,28707.69,6,1,France,Male,0,1,0,0,0,0,0,0.06708708510289929,0,0,2
15721047,37,578,135650.88,199428.19,1,1,Germany,Male,0,1,0,0,0,0,0,0.0670910718195391,0,0,0
15673837,61,617,113858.95,38129.22,3,1,Spain,Male,1,1,0,0,0,0,0,0.0670982366473305,0,0,3
15595440,49,508,122451.46,75808.1,7,2,France,Male,1,1,0,0,0,0,0,0.06710939710658653,0,0,2
15729065,28,784,109960.06,170829.87,2,2,Germany,Male,1,1,0,0,0,0,0,0.06711281163250055,0,0,1
15570417,35,579,0.0,4460.2,1,2,France,Male,0,1,0,0,0,0,0,0.06711655703706615,0,0,0
15693690,52,574,115532.52,196257.67,7,1,Spain,Male,0,1,0,0,0,0,0,0.0671405680775573,0,0,3
15590094,38,613,126265.88,15859.95,9,2,Germany,Male,0,0,0,0,0,0,0,0.06714702428829145,0,0,2
15586757,32,801,75170.54,37898.5,4,1,France,Female,1,1,0,0,0,0,0,0.06714911347555957,0,0,0
15797502,24,706,141078.57,24402.87,2,1,Spain,Male,1,1,0,0,0,0,0,0.06715163747164771,0,0,1
15662091,21,570,116099.82,148087.62,7,1,Spain,Male,1,1,0,0,0,0,0,0.06715857766411576,0,0,1
15672970,20,714,0.0,150465.93,3,2,Spain,Male,1,0,0,0,0,0,0,0.06715930735305553,0,0,1
15762418,22,750,121681.82,128643.35,3,1,Spain,Male,0,1,1,0,0,0,0,0.067166854219881,0,0,1
15763065,40,700,0.0,199753.97,2,2,Spain,Female,0,1,0,0,0,0,0,0.06720608647702936,0,0,0
15677906,54,637,0.0,150836.98,5,1,Spain,Female,1,0,0,0,0,0,0,0.06724727145988213,0,0,3
15674000,44,645,0.0,166707.22,10,2,France,Male,1,0,0,0,0,0,0,0.06726108590450797,0,0,2
15771477,49,779,106160.37,116893.87,9,1,France,Male,0,0,0,0,0,0,0,0.06728284452831373,0,0,2
15594612,44,702,0.0,59207.41,9,1,Spain,Male,0,0,1,0,0,0,0,0.06730263873124886,0,0,2
15658364,40,807,134590.21,46253.65,1,1,Germany,Female,1,1,0,0,0,0,0,0.06730377440817975,0,0,0
15771942,46,528,135555.66,133146.03,9,1,Germany,Female,0,1,1,0,0,0,0,0.06731259035688875,0,0,2
15634891,43,504,102365.49,194690.77,7,1,Germany,Female,0,1,1,0,0,0,0,0.06733185579429135,0,0,2
15775880,30,554,0.0,40320.3,9,2,France,Female,1,1,0,0,0,0,0,0.06735000763173199,0,0,1
15692761,36,718,0.0,45909.87,9,1,France,Male,0,1,0,0,0,0,0,0.06735581739609803,0,0,2
15584037,58,727,106913.43,25881.0,5,1,Germany,Male,0,1,1,0,0,0,0,0.06736256406576896,0,0,3
15700255,44,814,95488.82,107013.59,8,2,Germany,Male,0,0,0,0,0,0,0,0.0673628574191853,0,0,2
15589323,24,636,0.0,38830.72,9,2,France,Female,1,0,0,0,0,0,0,0.06736512783526394,0,0,1
15596713,37,786,165896.22,66977.68,7,2,France,Male,1,1,0,0,0,0,0,0.06736596179159327,0,0,2
15815530,42,612,75497.51,149682.78,10,1,France,Female,0,0,0,0,0,0,0,0.06738856420392197,0,0,2
15578251,37,644,186347.97,92809.73,2,2,France,Male,0,1,0,0,0,0,0,0.06739125561268006,0,0,0
15749638,51,605,104760.82,165574.54,9,1,France,Female,1,1,1,0,0,0,0,0.06740285924181211,0,0,3
15722535,33,457,127837.54,60013.17,7,1,France,Female,1,0,0,0,0,0,0,0.06740528213089786,0,0,2
15787174,37,512,0.0,156105.03,1,2,France,Female,1,0,0,0,0,0,0,0.06741658325746097,0,0,0
15765952,29,769,145471.37,188382.77,4,1,France,Male,0,1,0,0,0,0,0,0.06742116146550114,0,0,1
15582335,40,556,129860.37,17992.94,9,1,France,Female,0,0,0,0,0,0,0,0.067427806393143,0,0,2
15737385,46,800,0.0,171928.04,6,2,Spain,Female,0,1,0,0,0,0,0,0.06743287402886278,0,0,2
15590888,34,693,107556.06,154631.35,10,2,Spain,Female,0,0,0,0,0,0,0,0.06745932483351852,0,0,2
15673984,35,536,0.0,171840.24,8,1,France,Female,0,1,1,0,0,0,0,0.0674670060073892,0,0,2
15699797,30,737,174356.13,31928.5,8,1,France,Male,0,0,0,0,0,0,0,0.06747034152453729,0,0,1
15624611,37,497,128650.11,163641.53,8,2,Spain,Male,1,1,0,0,0,0,0,0.06747486539936826,0,0,2
15567778,54,690,144027.8,108731.02,1,1,Germany,Female,1,1,1,0,0,0,0,0.06748538221166622,0,0,3
15724719,22,550,139096.85,129890.94,7,1,France,Female,0,1,0,0,0,0,0,0.06748691372308002,0,0,1
15752622,32,729,38550.06,179230.23,7,1,France,Female,1,0,0,0,0,0,0,0.06749459785239242,0,0,2
15699005,41,710,156067.05,9983.88,2,1,France,Female,1,1,0,0,0,0,0,0.06751118832914649,0,0,0
15791304,25,604,165413.43,35279.74,7,1,Germany,Male,1,1,0,0,0,0,0,0.06751509802412281,0,0,1
15675749,23,695,0.0,141756.32,1,2,France,Female,1,1,0,0,0,0,0,0.06753124977086516,0,0,1
15643294,33,703,190566.65,79997.14,8,1,France,Female,1,1,0,0,0,0,0,0.06753519171601519,0,0,2
15698117,41,701,150844.94,127623.36,0,1,Germany,Male,1,0,0,0,0,0,0,0.06753633664880931,0,0,0
15626156,60,655,0.0,86981.45,3,2,France,Female,1,1,0,0,0,0,0,0.06754503849866195,0,0,3
15671387,29,507,89349.47,180626.68,4,2,France,Female,0,0,0,0,0,0,0,0.06755562165897588,0,0,1
15728224,41,710,149155.53,42131.26,9,2,Germany,Female,0,1,1,0,0,0,0,0.06755922544801068,0,0,2
15612064,33,474,0.0,181945.52,5,2,France,Male,0,1,1,0,0,0,0,0.06757194416045736,0,0,0
15723105,28,756,0.0,164394.65,6,1,France,Female,1,1,0,0,0,0,0,0.06758835821144565,0,0,1
15680597,38,784,138515.02,171768.76,1,1,Germany,Male,1,1,0,0,0,0,0,0.06760368809182471,0,0,0
15711181,50,589,0.0,182076.97,4,2,France,Female,1,0,0,0,0,0,0,0.06760486844385949,0,0,0
15637954,35,730,155470.55,53718.28,0,1,France,Female,1,1,0,0,0,0,0,0.06760562679857635,0,0,0
15612465,34,684,100628.0,190263.78,9,2,Spain,Male,1,1,0,0,0,0,0,0.06764247649498417,0,0,2
15809616,26,626,0.0,191420.71,8,2,Spain,Male,0,0,0,0,0,0,0,0.0676470977852992,0,0,1
15668679,31,630,0.0,34475.14,0,2,France,Male,1,1,0,0,0,0,0,0.06765833030791946,0,0,0
15614365,31,696,150604.52,5566.6,3,1,Germany,Male,0,0,0,0,0,0,0,0.06767255412357992,0,0,0
15607133,49,717,110864.38,124532.9,1,2,Spain,Female,1,1,1,0,0,0,0,0.0676942473196897,0,0,0
15681410,36,813,98088.09,26687.22,6,1,Germany,Female,1,0,1,0,0,0,0,0.067699829878416,0,0,2
15750839,29,649,45022.23,173495.77,2,1,Spain,Male,1,1,0,0,0,0,0,0.0677033974578456,0,0,1
15746326,43,591,0.0,198926.36,3,2,France,Male,1,0,0,0,0,0,0,0.06771550039058971,0,0,0
15585222,41,515,0.0,185054.14,8,2,France,Male,1,1,0,0,0,0,0,0.06771644072587024,0,0,2
15779659,28,625,0.0,183646.41,3,1,France,Female,0,0,0,0,0,0,0,0.06771739784610759,0,0,1
15581811,30,678,139676.95,16146.0,1,2,Germany,Female,1,0,0,0,0,0,0,0.0677180597396646,0,0,1
15577402,31,593,0.0,20492.16,9,2,France,Male,1,0,0,0,0,0,0,0.06775441084943712,0,0,2
15757559,53,595,0.0,41371.68,7,2,France,Female,0,1,1,0,0,0,0,0.06779480374626501,0,0,3
15662434,25,607,0.0,187048.72,3,2,France,Male,0,0,0,0,0,0,0,0.06779870804470745,0,0,1
15613749,34,569,151839.26,102299.81,0,1,Spain,Male,0,1,1,0,0,0,0,0.06784292723795338,0,0,0
15783007,45,520,123086.39,41042.4,1,1,Germany,Female,1,1,1,0,0,0,0,0.06784599074621467,0,0,0
15724834,30,498,0.0,135795.53,1,2,France,Female,0,0,0,0,0,0,0,0.06785555731795667,0,0,1
15581295,45,617,0.0,143298.06,1,1,Spain,Female,0,1,0,0,0,0,0,0.06785987335957233,0,0,0
15679200,29,580,61710.44,128077.8,9,2,Spain,Male,0,1,0,0,0,0,0,0.06786574009416996,0,0,1
15706815,37,515,90432.92,188366.04,2,1,Germany,Male,1,1,1,0,0,0,0,0.06787031478369582,0,0,0
15594305,32,712,0.0,1703.58,1,2,France,Female,0,1,0,0,0,0,0,0.0678859633164079,0,0,0
15732334,40,653,0.0,35795.85,0,2,France,Female,0,1,0,0,0,0,0,0.06788964651305834,0,0,0
15733974,37,500,125822.21,111698.0,9,1,Spain,Male,0,1,0,0,0,0,0,0.06789793999971006,0,0,2
15717046,53,741,0.0,38913.68,3,2,Spain,Male,1,1,0,0,0,0,0,0.067907198759879,0,0,3
15723737,27,680,0.0,32454.26,3,1,France,Male,0,1,0,0,0,0,0,0.0679090247802756,0,0,1
15608653,34,521,70731.07,20243.97,7,1,Spain,Female,1,1,1,0,0,0,0,0.06791760711682754,0,0,2
15791743,32,727,59271.82,46019.43,1,1,France,Male,1,1,0,0,0,0,0,0.06792194111281974,0,0,0
15752731,30,615,0.0,87347.82,9,1,France,Female,0,1,0,0,0,0,0,0.06792238680305657,0,0,1
15716134,40,617,190008.32,107047.92,5,2,France,Male,1,1,0,0,0,0,0,0.06792249251239679,0,0,0
15697270,27,608,153325.1,199953.33,4,1,Spain,Male,1,1,0,0,0,0,0,0.06792577977706699,0,0,1
15575623,31,589,110635.32,148218.86,10,1,France,Female,0,1,0,0,0,0,0,0.06793993490154648,0,0,2
15572022,36,605,0.0,690.84,6,1,France,Female,1,0,0,0,0,0,0,0.06794262239449617,0,0,2
15791842,32,478,71187.24,110593.62,6,1,France,Female,1,1,0,0,0,0,0,0.067949922102497,0,0,2
15694408,40,749,139290.41,182855.42,1,1,France,Male,0,1,1,0,0,0,0,0.06796305016153553,0,0,0
15649101,40,601,127847.86,173245.68,10,1,France,Male,0,0,0,0,0,0,0,0.06797715854099234,0,0,2
15733169,22,590,125265.61,161253.08,7,1,Spain,Male,1,1,0,0,0,0,0,0.06798604545982456,0,0,1
15654673,49,625,173434.9,165580.93,6,1,France,Male,0,1,1,0,0,0,0,0.06799429883894031,0,0,2
15628205,34,571,101736.66,195651.66,1,1,Germany,Female,1,0,0,0,0,0,0,0.06800135514458078,0,0,0
15791053,45,709,122917.71,11.58,4,1,Germany,Male,1,1,1,0,0,0,0,0.0680017679429134,0,0,0
15699619,31,641,155978.17,91510.71,10,1,France,Male,0,1,0,0,0,0,0,0.06801136909237687,0,0,2
15805303,44,661,141136.62,189742.78,1,1,Germany,Male,0,1,1,0,0,0,0,0.0680175903138786,0,0,0
15748552,37,464,155994.15,143665.44,4,1,Germany,Male,0,0,0,0,0,0,0,0.0680227014663553,0,0,0
15768945,27,627,62092.9,105887.04,1,1,France,Male,1,1,0,0,0,0,0,0.06803267251344686,0,0,1
15671610,36,740,0.0,13177.4,7,1,France,Male,1,1,0,0,0,0,0,0.06803637298885418,0,0,2
15806420,34,772,0.0,170980.86,9,2,France,Male,0,1,0,0,0,0,0,0.06803799360009505,0,0,2
15706729,38,662,105271.56,179833.45,0,1,France,Male,1,0,0,0,0,0,0,0.06804036002024527,0,0,0
15759290,29,620,0.0,13133.88,9,2,Spain,Male,0,1,0,0,0,0,0,0.06804389142862322,0,0,1
15605531,38,457,0.0,173219.09,6,2,Spain,Female,0,1,0,0,0,0,0,0.06804824242156154,0,0,2
15771873,37,776,103769.22,194099.12,2,2,Germany,Female,0,1,0,0,0,0,0,0.06804893357084135,0,0,0
15611088,31,790,0.0,84126.75,9,2,France,Female,0,1,0,0,0,0,0,0.06806162672241706,0,0,2
15739847,38,850,146756.68,78268.61,5,1,Germany,Male,0,1,0,0,0,0,0,0.06806248897765627,0,0,2
15792064,53,545,114421.55,180598.28,5,1,Germany,Male,0,1,1,0,0,0,0,0.06807303415608479,0,0,3
15661974,46,677,57037.74,158531.01,2,1,France,Male,1,1,0,0,0,0,0,0.06807324694641914,0,0,0
15659364,23,685,164902.43,141152.28,5,1,Spain,Male,0,0,0,0,0,0,0,0.06808395039695092,0,0,1
15681026,33,795,104552.72,120853.83,9,1,Germany,Female,1,1,1,0,0,0,0,0.06809733827755915,0,0,2
15671334,31,527,0.0,169361.89,4,1,France,Male,0,1,0,0,0,0,0,0.06809799580722753,0,0,0
15813911,39,809,0.0,77705.75,5,1,France,Female,0,1,0,0,0,0,0,0.06810356340079293,0,0,2
15781553,49,760,91502.99,117232.9,9,1,Germany,Female,0,1,1,0,0,0,0,0.06811425484587058,0,0,2
15719294,29,800,0.0,167773.55,2,2,France,Female,0,0,0,0,0,0,0,0.06813862380988994,0,0,1
15769272,26,510,136214.08,159742.33,6,1,France,Female,0,0,0,0,0,0,0,0.06814605117604328,0,0,1
15742607,36,850,102800.72,87352.43,7,1,Germany,Male,1,1,0,0,0,0,0,0.0681509770636885,0,0,2
15675626,28,726,0.0,98060.51,2,1,France,Male,0,0,0,0,0,0,0,0.06816118087685769,0,0,1
15809178,42,569,146100.75,32574.01,9,1,Germany,Female,0,1,1,0,0,0,0,0.06816951737888616,0,0,2
15700476,41,564,103522.75,34338.21,9,2,Germany,Male,1,1,0,0,0,0,0,0.0681736577573831,0,0,2
15742820,45,535,0.0,170621.55,2,2,France,Female,1,0,0,0,0,0,0,0.06817373944682487,0,0,0
15623525,31,564,125175.58,72757.33,0,1,Spain,Male,1,1,0,0,0,0,0,0.06817896636457149,0,0,0
15656319,37,850,88141.1,109659.12,4,1,Spain,Male,0,1,0,0,0,0,0,0.06819026281923468,0,0,0
15631848,26,727,121508.28,146785.44,9,1,France,Female,1,1,0,0,0,0,0,0.06819298466103246,0,0,1
15620507,30,485,156771.68,141148.21,5,1,Germany,Female,1,1,0,0,0,0,0,0.06819560974593064,0,0,1
15749004,31,718,118100.59,103165.15,0,2,France,Female,0,1,0,0,0,0,0,0.06819718848412193,0,0,0
15597591,29,456,107000.49,153419.62,5,1,France,Male,1,1,0,0,0,0,0,0.06820445623113841,0,0,1
15806134,34,707,162691.16,94912.78,9,2,Germany,Male,0,1,0,0,0,0,0,0.06821072287968327,0,0,2
15744689,35,479,92833.89,99449.86,9,1,Germany,Male,0,1,1,0,0,0,0,0.06821773309870338,0,0,2
15719479,56,619,0.0,42442.21,7,2,Spain,Female,1,1,0,0,0,0,0,0.06823763391519838,0,0,3
15698522,39,660,134599.33,183095.87,9,2,Germany,Male,0,1,0,0,0,0,0,0.06825919065830505,0,0,2
15717498,42,775,133970.22,187839.9,6,2,France,Male,1,0,0,0,0,0,0,0.06826527193958232,0,0,2
15640454,40,693,120711.73,27345.18,0,1,Germany,Male,0,0,1,0,0,0,0,0.06828241182114508,0,0,0
15765846,31,820,94222.53,103570.8,2,1,Spain,Female,0,1,0,0,0,0,0,0.06828922242040253,0,0,0
15631222,39,485,75339.64,70665.16,2,1,France,Female,1,1,0,0,0,0,0,0.06828965474980747,0,0,0
15634628,33,579,65667.79,164608.98,1,2,France,Female,0,0,0,0,0,0,0,0.06830050043040492,0,0,0
15587240,40,518,0.0,194416.58,4,2,France,Male,1,0,0,0,0,0,0,0.06831830182408244,0,0,0
15649853,45,625,0.0,184474.15,3,1,France,Female,1,1,1,0,0,0,0,0.06832519247220431,0,0,0
15739548,28,775,111167.7,149331.01,9,1,France,Male,0,1,0,0,0,0,0,0.068340428317886,0,0,1
15790448,35,473,69617.36,143345.69,6,1,France,Female,0,1,0,0,0,0,0,0.06839157045587113,0,0,2
15693381,38,533,135289.33,152956.33,1,2,Spain,Male,1,0,0,0,0,0,0,0.06839446187728743,0,0,0
15731148,33,558,108477.49,109096.71,0,1,France,Male,1,1,1,0,0,0,0,0.06841962197569168,0,0,0
15747980,38,737,146282.79,198516.2,6,2,Spain,Male,0,1,0,0,0,0,0,0.06842356321014986,0,0,2
15628936,28,692,118945.09,16064.25,9,1,Spain,Male,0,0,1,0,0,0,0,0.06846244520377276,0,0,1
15775124,37,763,0.0,933.38,8,2,Spain,Male,1,1,0,0,0,0,0,0.0684700555647132,0,0,2
15670562,30,470,101140.76,50906.65,3,1,France,Male,1,1,0,0,0,0,0,0.06847665219935256,0,0,1
15629094,36,528,156948.41,149912.28,1,1,France,Female,1,1,1,0,0,0,0,0.06849484214831131,0,0,0
15704144,33,812,127154.14,105383.49,2,2,Germany,Male,1,0,0,0,0,0,0,0.06849960077727552,0,0,0
15609058,23,676,107787.47,116378.82,1,1,France,Male,1,0,0,0,0,0,0,0.06851192198252481,0,0,1
15600792,29,613,0.0,133897.32,0,2,Spain,Male,1,0,0,0,0,0,0,0.06851368446878592,0,0,1
15786539,32,808,0.0,46200.71,1,2,France,Male,1,1,0,0,0,0,0,0.0685139281189231,0,0,0
15587299,48,567,0.0,55362.45,3,1,France,Female,0,1,0,0,0,0,0,0.06852575472728278,0,0,0
15619653,47,666,0.0,35046.97,2,1,France,Male,0,1,1,0,0,0,0,0.06855070578830658,0,0,0
15658360,35,762,122929.42,149822.04,9,2,Spain,Male,0,0,0,0,0,0,0,0.06855112863795487,0,0,2
15747130,39,521,0.0,653.58,7,2,France,Male,1,0,0,0,0,0,0,0.0685643114155306,0,0,2
15723263,34,495,117160.32,116069.24,9,1,Germany,Female,1,1,1,0,0,0,0,0.06856998584558893,0,0,2
15717527,49,619,145359.99,38186.85,9,1,France,Female,0,1,0,0,0,0,0,0.06857946803772097,0,0,2
15672754,42,498,152039.7,53445.17,3,1,Germany,Male,1,1,1,0,0,0,0,0.06860447172670109,0,0,0
15730397,40,739,109681.61,193321.3,1,1,Spain,Male,1,1,0,0,0,0,0,0.06863815495724801,0,0,0
15719779,25,645,157404.02,93073.04,1,2,Germany,Male,0,1,0,0,0,0,0,0.0686402882350442,0,0,1
15598510,27,583,105907.42,195732.04,4,2,Germany,Male,1,1,0,0,0,0,0,0.06864079741167323,0,0,1
15754301,39,704,0.0,6416.92,5,1,France,Male,0,1,0,0,0,0,0,0.06866314627959935,0,0,2
15571148,21,645,0.0,28726.07,1,2,Spain,Female,0,0,0,0,0,0,0,0.06866344546990655,0,0,1
15702789,32,548,175214.71,155165.61,5,1,Germany,Male,1,1,0,0,0,0,0,0.06867974642352248,0,0,0
15591257,24,796,0.0,61349.37,8,2,France,Male,0,1,0,0,0,0,0,0.06874271037617508,0,0,1
15572021,29,798,80204.11,70223.22,8,2,Germany,Female,0,1,0,0,0,0,0,0.06874337690700666,0,0,1
15650266,39,679,146186.28,193974.47,2,2,Germany,Male,1,1,0,0,0,0,0,0.06874539197886015,0,0,0
15686964,34,675,84944.58,146230.63,10,1,France,Female,0,0,0,0,0,0,0,0.06874692880671385,0,0,2
15809772,48,667,0.0,43229.2,2,1,France,Male,0,1,0,0,0,0,0,0.06874961134863294,0,0,0
15774262,52,597,83693.34,161083.53,8,2,Germany,Male,1,1,0,0,0,0,0,0.06877944610268932,0,0,3
15618203,51,773,116197.65,86701.4,8,2,Germany,Male,1,1,0,0,0,0,0,0.06878152452989761,0,0,3
15580043,22,575,105229.34,34397.08,8,1,Spain,Female,1,1,0,0,0,0,0,0.06878192154897722,0,0,1
15774931,30,452,112935.87,99017.34,7,1,France,Male,1,1,0,0,0,0,0,0.0687846566834372,0,0,1
15617617,39,811,0.0,177519.39,7,2,Spain,Male,1,1,0,0,0,0,0,0.06878802234382686,0,0,2
15575883,34,559,137390.11,9677.0,2,2,France,Male,0,1,0,0,0,0,0,0.06878917639366805,0,0,0
15682928,39,695,65521.2,1243.97,4,1,Spain,Male,1,1,0,0,0,0,0,0.06879307125145934,0,0,0
15712930,42,587,0.0,123006.91,1,1,France,Male,0,0,0,0,0,0,0,0.06879434796491668,0,0,0
15600583,31,633,0.0,48606.71,1,1,France,Male,0,1,0,0,0,0,0,0.0688107145975797,0,0,0
15686718,37,802,115569.21,119782.89,9,1,Germany,Male,1,0,0,0,0,0,0,0.0688169032524183,0,0,2
15691111,42,648,121980.56,4027.02,8,2,Germany,Female,0,1,0,0,0,0,0,0.06882475500384261,0,0,2
15788683,34,588,129417.82,153727.32,10,1,Germany,Female,0,1,0,0,0,0,0,0.06882921805734638,0,0,2
15641319,50,518,0.0,107112.25,4,1,Spain,Male,0,0,1,0,0,0,0,0.06886156661923132,0,0,0
15803365,55,653,70263.83,62347.71,2,1,Spain,Male,1,0,0,0,0,0,0,0.06886377585571596,0,0,3
15594685,49,757,0.0,164482.92,2,2,France,Female,0,0,0,0,0,0,0,0.06886450761915797,0,0,0
15750970,40,500,99004.24,152845.99,1,1,Spain,Male,1,1,0,0,0,0,0,0.06887439141583707,0,0,0
15729668,29,521,60280.62,154271.41,3,1,Spain,Male,0,1,0,0,0,0,0,0.06887999438377218,0,0,1
15654519,31,680,0.0,3148.2,1,2,France,Male,1,1,0,0,0,0,0,0.06888508484663408,0,0,0
15626608,48,479,87070.23,85646.41,5,1,Spain,Male,1,0,0,0,0,0,0,0.06890859671203653,0,0,0
15792176,40,698,92053.44,143681.83,0,1,Spain,Female,1,1,0,0,0,0,0,0.06892255453907437,0,0,0
15649457,41,588,131341.46,7034.94,2,2,Germany,Male,1,0,0,0,0,0,0,0.0689274720746279,0,0,0
15756472,25,804,108396.67,128276.95,7,1,France,Male,0,1,0,0,0,0,0,0.06892983995593305,0,0,1
15711489,32,760,0.0,114565.35,2,1,Spain,Female,1,1,0,0,0,0,0,0.0689307481678359,0,0,0
15570134,35,683,187530.66,37976.36,6,2,France,Female,1,1,0,0,0,0,0,0.06894088347340399,0,0,2
15662263,22,749,94762.16,42241.54,4,2,Germany,Male,1,1,0,0,0,0,0,0.06895049285011884,0,0,1
15763415,41,567,134378.89,105746.94,0,1,Germany,Male,1,1,0,0,0,0,0,0.06895543624826073,0,0,0
15748352,34,598,104488.17,43249.67,0,1,Spain,Male,1,0,0,0,0,0,0,0.06895702708813867,0,0,0
15719265,46,589,0.0,170676.67,9,2,France,Male,0,1,0,0,0,0,0,0.0689585223938417,0,0,2
15674254,45,554,0.0,193412.05,4,2,Spain,Female,1,1,0,0,0,0,0,0.06896931242860571,0,0,0
15749472,45,775,0.0,130376.68,8,1,France,Male,0,1,0,0,0,0,0,0.06896977594311754,0,0,2
15571995,33,775,118897.1,26362.4,1,2,Germany,Female,1,1,0,0,0,0,0,0.06898303595010008,0,0,0
15781989,42,733,120094.93,184056.45,9,1,France,Male,0,1,0,0,0,0,0,0.06903654789041308,0,0,2
15711288,24,512,0.0,37654.31,6,2,France,Male,0,1,0,0,0,0,0,0.0690404504062252,0,0,1
15654760,40,811,101514.89,121765.0,1,1,France,Male,1,1,0,0,0,0,0,0.06904057618626025,0,0,0
15685500,26,772,152400.51,79414.0,7,2,Germany,Male,0,1,0,0,0,0,0,0.0690483886975185,0,0,1
15750547,26,738,0.0,48644.94,9,2,France,Male,1,1,0,0,0,0,0,0.06905019617526342,0,0,1
15659105,47,669,61196.54,58170.24,9,1,France,Female,0,1,0,0,0,0,0,0.06905840600027563,0,0,2
15756272,35,526,118536.4,40980.87,9,1,Germany,Female,0,1,1,0,0,0,0,0.0690736514607091,0,0,2
15786643,32,602,0.0,116052.92,10,2,France,Male,1,1,0,0,0,0,0,0.0690751060435501,0,0,2
15627000,40,610,0.0,62232.6,0,2,France,Male,0,1,0,0,0,0,0,0.06908375743290385,0,0,0
15814092,44,626,0.0,173117.22,2,1,France,Female,1,0,1,0,0,0,0,0.06910195759866539,0,0,0
15623858,45,603,0.0,148516.79,9,1,France,Male,0,0,0,0,0,0,0,0.06912612003997265,0,0,2
15585985,48,746,165282.42,153786.46,5,1,France,Male,0,1,1,0,0,0,0,0.06912903452102054,0,0,2
15657771,37,537,0.0,17802.42,6,1,France,Male,1,1,0,0,0,0,0,0.0691315422396167,0,0,2
15579616,42,683,0.0,198134.9,8,2,France,Female,1,0,0,0,0,0,0,0.06914103732788623,0,0,2
15663939,35,523,138782.76,186118.93,8,1,Germany,Male,1,1,0,0,0,0,0,0.06914209997235432,0,0,2
15605455,40,664,0.0,194767.3,9,2,France,Male,0,1,0,0,0,0,0,0.06914403154433241,0,0,2
15576683,43,568,0.0,125870.79,9,1,Spain,Female,0,1,1,0,0,0,0,0.06914434794954305,0,0,2
15761477,24,501,130806.42,80241.14,4,2,Germany,Male,0,1,0,0,0,0,0,0.06917184144175009,0,0,1
15692926,25,498,121702.73,132210.49,8,1,Germany,Male,1,1,0,0,0,0,0,0.069186985016576,0,0,1
15578141,38,592,0.0,12905.89,3,1,Spain,Male,1,1,1,0,0,0,0,0.06919208968065826,0,0,0
15752885,42,529,157498.9,82276.62,1,1,France,Male,1,1,0,0,0,0,0,0.06920479176305766,0,0,0
15796910,57,625,0.0,84106.17,7,1,Spain,Female,0,0,1,0,0,0,0,0.06920705133495747,0,0,3
15706534,47,581,122949.14,180251.68,1,1,France,Female,0,0,1,0,0,0,0,0.06921049575744442,0,0,0
15794122,59,713,0.0,62700.08,3,2,France,Female,1,1,0,0,0,0,0,0.06921385264494018,0,0,3
15610433,35,573,0.0,11743.89,9,2,France,Male,0,1,0,0,0,0,0,0.06921796179482465,0,0,2
15635703,39,729,131513.26,193715.0,1,1,Germany,Female,1,1,0,0,0,0,0,0.06923768380590323,0,0,0
15680197,41,701,0.0,146257.77,10,2,France,Male,1,1,0,0,0,0,0,0.06924283634284234,0,0,2
15794874,41,696,127523.75,191417.42,9,1,Spain,Male,1,0,0,0,0,0,0,0.06924366501408108,0,0,2
15684196,55,627,159441.27,100686.11,2,1,France,Female,0,1,1,0,0,0,0,0.06924945346132816,0,0,3
15667462,43,707,0.0,118368.2,10,2,Spain,Male,0,1,0,0,0,0,0,0.06925086150442339,0,0,2
15618562,40,618,140306.38,160618.61,0,1,Germany,Female,0,1,1,0,0,0,0,0.06925352986351885,0,0,0
15738627,25,768,0.0,21215.67,6,2,France,Male,1,1,0,0,0,0,0,0.06926641852119386,0,0,1
15715117,39,744,0.0,10662.58,6,1,France,Female,0,0,0,0,0,0,0,0.06927336818925356,0,0,2
15791268,38,565,122447.76,67339.34,0,1,Spain,Male,0,0,0,0,0,0,0,0.06928382728627125,0,0,0
15655410,49,768,133384.66,102397.22,1,1,Germany,Male,0,1,1,0,0,0,0,0.06929359675839064,0,0,0
15654300,33,530,75242.28,101694.67,9,1,Germany,Male,1,0,0,0,0,0,0,0.0692983375931634,0,0,2
15763662,43,711,39043.29,175423.69,2,2,Germany,Male,1,1,0,0,0,0,0,0.06931317987234559,0,0,0
15683524,23,660,166070.48,90494.72,6,2,Germany,Female,0,0,0,0,0,0,0,0.06932960641712199,0,0,1
15600934,52,758,125095.94,171189.83,7,1,France,Female,0,1,1,0,0,0,0,0.06933487676846661,0,0,3
15743236,61,687,80538.56,131305.37,7,1,France,Female,0,1,1,0,0,0,0,0.06934762617259832,0,0,3
15778959,36,606,0.0,155641.46,10,2,France,Female,1,0,0,0,0,0,0,0.06934833605524493,0,0,2
15750811,44,766,116822.7,197643.24,3,1,Germany,Male,0,0,0,0,0,0,0,0.06934855341093299,0,0,0
15694129,28,569,100032.52,5159.21,3,1,Germany,Female,0,1,1,0,0,0,0,0.06939006998233704,0,0,1
15669490,37,837,94001.61,140723.05,6,2,Germany,Male,0,1,0,0,0,0,0,0.06939779540437596,0,0,2
15703820,42,552,133701.07,101069.71,9,2,France,Male,0,1,1,0,0,0,0,0.06941009929607972,0,0,2
15723706,33,573,90124.64,137476.71,0,1,France,Female,0,1,0,0,0,0,0,0.06942715949206757,0,0,0
15781530,21,690,0.0,155782.89,8,2,France,Male,1,1,0,0,0,0,0,0.06944458386924007,0,0,1
15750867,46,489,92060.06,147222.95,8,1,Germany,Female,0,1,1,0,0,0,0,0.0694520051531825,0,0,2
15753719,30,547,72392.41,77077.14,9,1,Germany,Female,0,1,0,0,0,0,0,0.06947338582598067,0,0,1
15666173,32,793,96408.98,138191.81,1,1,Germany,Female,1,1,0,0,0,0,0,0.06948313070596945,0,0,0
15596060,29,498,127864.26,46677.9,8,1,Spain,Male,1,1,0,0,0,0,0,0.06950002510196912,0,0,1
15814022,26,714,89928.99,46203.31,9,1,France,Female,0,1,0,0,0,0,0,0.069521951630797,0,0,1
15626578,26,622,0.0,153237.59,9,2,France,Male,1,1,0,0,0,0,0,0.06953352688707931,0,0,1
15593470,36,576,166287.85,23305.85,8,1,Germany,Female,1,1,0,0,0,0,0,0.06955177952576808,0,0,2
15741092,34,671,153360.02,140509.86,10,1,Spain,Male,0,1,0,0,0,0,0,0.06955593206759214,0,0,2
15742091,35,825,118336.95,26342.33,6,1,Germany,Female,0,1,1,0,0,0,0,0.0695603009403426,0,0,2
15745375,23,640,72012.76,161333.13,3,1,Germany,Male,0,1,0,0,0,0,0,0.0695622580736463,0,0,1
15807923,39,716,115301.31,43527.4,10,1,Germany,Female,0,1,1,0,0,0,0,0.06957906225599214,0,0,2
15572158,41,604,0.0,11819.84,3,1,Spain,Male,0,0,0,0,0,0,0,0.06958357688208677,0,0,0
15692577,38,674,83727.68,45418.12,10,1,Germany,Female,0,1,0,0,0,0,0,0.06958745202356259,0,0,2
15744279,58,680,0.0,65708.5,8,2,Spain,Female,1,1,0,0,0,0,0,0.06962546853750323,0,0,3
15795488,52,773,0.0,57337.79,2,2,Spain,Male,0,1,0,0,0,0,0,0.06962991179946482,0,0,3
15734917,21,708,133974.36,50294.09,8,2,Germany,Male,0,1,0,0,0,0,0,0.06963244059008311,0,0,1
15587394,39,462,140133.08,131304.45,4,2,France,Male,0,0,0,0,0,0,0,0.06963518726163254,0,0,0
15603082,51,701,0.0,61961.57,9,2,France,Male,0,0,0,0,0,0,0,0.06965587221265279,0,0,3
15760427,40,850,124788.18,65612.12,6,1,France,Male,0,1,0,0,0,0,0,0.06966102495190363,0,0,2
15748718,28,517,115062.61,179056.23,2,1,France,Male,0,1,0,0,0,0,0,0.0696711045002889,0,0,1
15804038,44,740,0.0,96528.0,9,1,France,Male,1,0,1,0,0,0,0,0.0696907676993207,0,0,2
15774250,42,532,159024.71,100982.93,1,1,France,Male,0,1,1,0,0,0,0,0.06969576568136271,0,0,0
15681476,39,520,73493.17,109626.13,1,1,France,Female,1,0,1,0,0,0,0,0.06969630420119988,0,0,0
15775892,23,748,85600.08,134077.71,8,1,Spain,Female,0,0,0,0,0,0,0,0.06970885821622952,0,0,1
15806132,55,555,146798.81,74149.77,4,1,France,Male,1,1,0,0,0,0,0,0.06973120214314682,0,0,3
15645744,30,826,0.0,157397.57,5,2,France,Female,1,0,0,0,0,0,0,0.06973526995057933,0,0,1
15804962,36,606,155655.46,192387.51,1,1,France,Male,1,1,1,0,0,0,0,0.06976274703181895,0,0,0
15630580,34,751,108513.25,27097.82,9,2,Germany,Male,1,1,0,0,0,0,0,0.06976296112495445,0,0,2
15709183,58,707,102346.86,114672.64,3,1,France,Female,1,1,0,0,0,0,0,0.0697693498401028,0,0,3
15587419,58,611,0.0,107665.68,8,2,France,Male,1,0,1,0,0,0,0,0.06978112382805929,0,0,3
15667093,37,673,0.0,13624.02,2,1,France,Male,1,1,0,0,0,0,0,0.06978557265374485,0,0,0
15605339,37,673,0.0,37411.35,10,2,France,Female,1,1,0,0,0,0,0,0.06979233768534232,0,0,2
15780846,33,787,126588.81,62163.53,1,2,France,Male,1,0,0,0,0,0,0,0.06980896531943537,0,0,0
15689751,31,666,79589.43,4050.57,2,1,France,Female,0,0,0,0,0,0,0,0.06981074070851295,0,0,0
15596863,38,787,158373.23,28228.35,3,1,Germany,Female,1,1,0,0,0,0,0,0.0698164414788795,0,0,0
15658929,29,683,133702.89,55582.54,0,1,Spain,Male,0,1,1,0,0,0,0,0.06982235314913449,0,0,1
15624596,23,534,104822.45,160176.47,5,1,France,Female,1,0,0,0,0,0,0,0.0698227829279085,0,0,1
15678427,27,696,96129.32,5983.7,2,2,Germany,Female,1,1,0,0,0,0,0,0.06982504879692009,0,0,1
15792180,22,566,144954.75,102246.0,7,2,Germany,Male,0,1,0,0,0,0,0,0.069837257480657,0,0,1
15744398,23,525,0.0,160249.1,5,2,France,Female,0,1,0,0,0,0,0,0.06985457159517905,0,0,1
15600975,54,556,150005.38,157015.5,4,1,France,Female,0,1,1,0,0,0,0,0.06985491432513441,0,0,3
15572777,47,780,86006.21,37973.13,7,1,Spain,Male,1,1,0,0,0,0,0,0.06986287997996321,0,0,2
15622585,26,525,153644.39,63197.88,7,1,France,Male,1,1,0,0,0,0,0,0.06988631574253118,0,0,1
15791877,34,706,140641.26,77271.91,0,2,Germany,Male,1,1,0,0,0,0,0,0.06989439293108296,0,0,0
15786153,47,644,137774.11,151902.78,9,2,Germany,Male,0,1,0,0,0,0,0,0.06989454330210998,0,0,2
15581323,28,488,139246.22,106799.49,7,2,Germany,Female,0,1,0,0,0,0,0,0.069906957245288,0,0,1
15706268,51,697,147910.3,53581.14,1,1,Germany,Male,1,1,0,0,0,0,0,0.06991471722032933,0,0,3
15637977,25,542,139330.1,54372.37,8,1,Germany,Male,0,0,0,0,0,0,0,0.06991776826789381,0,0,1
15643752,25,540,116160.23,13411.67,5,1,France,Male,0,1,0,0,0,0,0,0.06991857885176772,0,0,1
15616929,62,730,112181.08,61513.87,5,1,Spain,Male,1,0,0,0,0,0,0,0.06992242091872486,0,0,3
15756954,32,538,0.0,80130.54,2,1,France,Female,1,1,0,0,0,0,0,0.06992800487180895,0,0,0
15751926,42,821,87807.29,64613.81,3,2,Germany,Male,1,1,0,0,0,0,0,0.06994151599503834,0,0,0
15613713,30,644,44928.88,10771.46,5,1,France,Male,1,1,0,0,0,0,0,0.06994471724516882,0,0,1
15779886,24,563,0.0,16319.56,7,2,Spain,Male,0,0,0,0,0,0,0,0.0699503939074741,0,0,1
15716835,24,546,156325.38,125381.02,8,1,France,Male,1,1,0,0,0,0,0,0.06995155805715869,0,0,1
15574910,50,601,115625.07,185855.21,2,1,France,Male,0,1,0,0,0,0,0,0.06995544530109349,0,0,0
15576714,21,687,0.0,154767.34,8,2,Spain,Female,1,1,0,0,0,0,0,0.06996002550613634,0,0,1
15730447,49,629,0.0,196335.48,4,2,France,Female,1,1,0,0,0,0,0,0.0699799895518044,0,0,0
15687372,49,547,121537.71,46521.45,8,2,Germany,Male,0,1,1,0,0,0,0,0.06998575869216078,0,0,2
15617029,30,596,0.0,8125.39,1,2,Spain,Female,0,1,0,0,0,0,0,0.07000029000065333,0,0,1
15745804,25,628,0.0,195977.75,7,2,France,Male,1,1,0,0,0,0,0,0.07001212147084529,0,0,1
15743076,29,669,0.0,93901.61,9,1,Spain,Male,1,1,0,0,0,0,0,0.07001762856426624,0,0,1
15744041,26,780,140356.7,117144.15,3,1,France,Female,0,1,0,0,0,0,0,0.07002577766661616,0,0,1
15715796,37,728,0.0,72203.8,0,2,France,Male,1,1,0,0,0,0,0,0.07003781926136177,0,0,0
15576615,37,719,145382.61,80408.59,10,1,Spain,Male,0,1,0,0,0,0,0,0.07004423709554197,0,0,2
15661821,49,798,132571.67,31686.33,5,1,Germany,Female,1,1,1,0,0,0,0,0.07006234921196619,0,0,3
15806447,32,690,106683.52,137916.49,0,2,Germany,Male,1,1,0,0,0,0,0,0.07007358220786125,0,0,0
15792365,44,501,142051.07,74940.5,4,2,France,Male,1,0,0,0,0,0,0,0.07008070682545692,0,0,0
15662243,50,559,162702.35,150548.5,5,1,France,Male,0,0,1,0,0,0,0,0.07008081452526066,0,0,0
15801247,39,605,105317.73,138021.36,10,2,Spain,Male,0,1,0,0,0,0,0,0.07009824766266043,0,0,2
15748673,37,770,0.0,22710.72,9,2,France,Female,0,0,0,0,0,0,0,0.07009975108967725,0,0,2
15774382,49,579,169377.31,123535.05,4,1,Germany,Male,1,1,0,0,0,0,0,0.07011004953886907,0,0,0
15801152,39,553,142876.98,44363.42,1,2,Spain,Female,0,1,0,0,0,0,0,0.07012447672792249,0,0,0
15681206,49,722,168197.66,140765.57,3,1,France,Female,0,1,1,0,0,0,0,0.07012652402387587,0,0,0
15682322,37,714,148466.93,151280.96,9,2,France,Male,1,0,0,0,0,0,0,0.07016754785512691,0,0,2
15589147,61,580,125921.37,94677.83,8,1,Spain,Male,1,1,0,0,0,0,0,0.07017511934348414,0,0,3
15690169,31,645,161171.7,12599.94,7,2,France,Male,0,1,1,0,0,0,0,0.07019797735770228,0,0,2
15653620,27,546,0.0,14858.1,8,2,France,Female,1,1,0,0,0,0,0,0.07022303234146521,0,0,1
15621893,18,727,133550.67,46941.41,4,1,France,Male,1,1,0,0,0,0,0,0.0702551530505734,0,0,1
15582116,45,767,132746.2,26628.88,7,2,Germany,Female,0,1,1,0,0,0,0,0.0702763098481583,0,0,2
15675231,45,518,0.0,36193.07,8,2,France,Female,1,1,0,0,0,0,0,0.07028831840948652,0,0,2
15620103,40,660,167181.01,185156.94,8,1,France,Female,1,1,0,0,0,0,0,0.07030317353472704,0,0,2
15742534,28,527,123802.98,155846.69,2,2,Germany,Female,1,1,0,0,0,0,0,0.07031296276481436,0,0,1
15587735,39,850,96863.13,121681.19,6,1,France,Male,1,1,0,0,0,0,0,0.07032335408500001,0,0,2
15593295,57,548,76165.65,133537.53,6,1,France,Male,1,1,0,0,0,0,0,0.07032998321641487,0,0,3
15729489,34,762,98592.88,191790.29,8,1,Germany,Female,1,0,1,0,0,0,0,0.07033912214868121,0,0,2
15762332,31,568,61592.14,61796.64,1,2,Germany,Female,1,1,0,0,0,0,0,0.07034001988563993,0,0,0
15644994,54,714,137986.58,51308.54,4,2,Germany,Male,1,0,1,0,0,0,0,0.07035146799142017,0,0,3
15710366,42,569,0.0,83629.6,1,1,Spain,Female,1,1,1,0,0,0,0,0.07036147220511496,0,0,0
15730448,25,538,62482.95,102758.43,5,1,Germany,Male,1,1,0,0,0,0,0,0.07038141970554562,0,0,1
15617348,44,544,0.0,69244.24,1,2,France,Male,0,0,0,0,0,0,0,0.07038898348458772,0,0,0
15584930,30,726,111375.32,2704.09,5,2,Germany,Male,0,1,0,0,0,0,0,0.07039373185502451,0,0,1
15617476,30,546,0.0,198543.09,5,2,France,Female,1,0,0,0,0,0,0,0.07039938437277965,0,0,1
15599024,32,506,0.0,182692.8,8,2,Spain,Male,1,0,0,0,0,0,0,0.07040688415190904,0,0,2
15724848,46,516,104947.72,115789.25,1,1,France,Female,0,1,1,0,0,0,0,0.07041572323030115,0,0,0
15692002,33,538,93791.38,199249.29,6,1,France,Male,1,1,0,0,0,0,0,0.07041574287915625,0,0,2
15661903,43,699,80764.03,199378.58,3,1,France,Female,0,1,1,0,0,0,0,0.07044544921633622,0,0,0
15786249,30,616,0.0,199099.51,2,2,Spain,Male,0,1,0,0,0,0,0,0.07046201915474837,0,0,1
15573280,50,646,145295.31,27814.74,6,2,Germany,Male,1,1,0,0,0,0,0,0.07046777491585893,0,0,3
15642004,25,686,0.0,16459.37,1,2,France,Male,1,0,0,0,0,0,0,0.07048158937559634,0,0,1
15793116,40,502,117304.29,196278.32,7,1,Germany,Female,0,0,0,0,0,0,0,0.07048204276011594,0,0,2
15569945,29,509,0.0,69113.14,1,2,Spain,Male,0,1,0,0,0,0,0,0.07048583556883042,0,0,1
15802466,53,534,0.0,80619.17,7,2,France,Female,1,1,0,0,0,0,0,0.07049503366792043,0,0,3
15694366,42,714,177640.09,47166.55,2,1,Germany,Male,1,0,0,0,0,0,0,0.0704970965488863,0,0,0
15784218,38,620,0.0,38015.34,0,2,Spain,Male,1,1,0,0,0,0,0,0.07051889657143501,0,0,0
15759021,35,685,0.0,167033.83,9,1,France,Male,0,1,0,0,0,0,0,0.07053963489887727,0,0,2
15670039,25,509,108738.71,106920.57,3,2,Spain,Female,0,1,0,0,0,0,0,0.07057004725269278,0,0,1
15684548,38,556,0.0,417.41,8,2,Spain,Male,0,0,1,0,0,0,0,0.07059358671672195,0,0,2
15737169,26,642,144238.7,184399.76,8,1,Spain,Male,1,1,0,0,0,0,0,0.07060288795959208,0,0,1
15579714,29,542,0.0,196651.72,7,2,France,Female,1,0,0,0,0,0,0,0.07061040270384339,0,0,1
15642710,26,686,0.0,1540.89,7,2,France,Male,0,1,0,0,0,0,0,0.0706238939648215,0,0,1
15691627,37,713,0.0,16403.41,8,1,France,Female,1,1,0,0,0,0,0,0.07065204492377458,0,0,2
15569178,18,570,82767.42,71811.9,4,1,France,Female,0,1,0,0,0,0,0,0.07065938412091949,0,0,1
15604020,36,773,105858.71,4395.45,4,1,Germany,Female,1,0,0,0,0,0,0,0.07068133372607904,0,0,0
15589195,38,766,130933.74,2035.94,7,1,Germany,Female,1,0,0,0,0,0,0,0.0706867185126015,0,0,2
15777553,56,659,123785.24,99504.03,9,1,France,Female,0,1,1,0,0,0,0,0.07069168593645925,0,0,3
15711572,31,705,110941.93,163484.8,9,2,Germany,Female,0,1,0,0,0,0,0,0.0706971283310151,0,0,2
15711789,42,768,0.0,161242.99,3,1,Spain,Female,0,0,1,0,0,0,0,0.07071009423262364,0,0,0
15804771,51,614,40685.92,46775.28,4,1,France,Male,1,1,0,0,0,0,0,0.07071113601395451,0,0,3
15765266,32,615,0.0,2139.25,1,2,France,Male,0,0,0,0,0,0,0,0.07071194779927953,0,0,0
15615430,55,678,129646.91,184125.1,4,1,Germany,Male,1,1,1,0,0,0,0,0.07071584343190523,0,0,3
15811415,44,691,134066.1,197572.41,6,2,France,Female,1,1,0,0,0,0,0,0.07073264473568547,0,0,2
15722404,30,445,0.0,127939.19,3,2,France,Female,1,1,0,0,0,0,0,0.07074714138622462,0,0,1
15692406,37,427,0.0,121485.1,5,2,France,Male,1,1,0,0,0,0,0,0.07076584938442049,0,0,0
15771086,36,512,84327.77,17675.36,3,2,France,Female,0,1,0,0,0,0,0,0.07076738231250751,0,0,0
15730076,45,651,0.0,67740.08,1,1,France,Male,0,1,1,0,0,0,0,0.07079414302275205,0,0,0
15776844,19,762,0.0,55500.17,6,2,Spain,Female,0,1,0,0,0,0,0,0.0708527729187095,0,0,1
15740383,38,594,0.0,58332.91,10,2,Spain,Female,0,1,0,0,0,0,0,0.07087602940877247,0,0,2
15566111,39,596,0.0,48963.59,9,1,France,Male,0,1,0,0,0,0,0,0.07088030036873844,0,0,2
15690337,27,581,102258.11,194681.6,5,2,France,Female,0,1,0,0,0,0,0,0.07089488210217443,0,0,1
15679429,32,694,91956.49,59961.81,0,1,France,Male,1,1,0,0,0,0,0,0.07089762078707301,0,0,0
15644356,47,682,134032.01,144290.97,10,1,Spain,Female,0,1,0,0,0,0,0,0.07089857761020513,0,0,2
15638621,39,735,60374.98,40223.74,1,1,Spain,Male,0,1,0,0,0,0,0,0.07090715428052619,0,0,0
15704014,37,738,140950.92,195333.98,7,2,Germany,Male,0,1,0,0,0,0,0,0.07090962511757426,0,0,2
15812184,31,674,0.0,128954.05,1,1,France,Female,0,1,0,0,0,0,0,0.07093721979914724,0,0,0
15585255,42,577,0.0,74077.91,9,1,France,Male,0,1,0,0,0,0,0,0.07093746559187109,0,0,2
15694946,35,663,0.0,195580.28,9,2,France,Male,1,1,0,0,0,0,0,0.07094397071186276,0,0,2
15669945,35,492,141359.37,39519.53,4,2,France,Male,0,1,0,0,0,0,0,0.0709477391528272,0,0,0
15621546,33,620,127638.35,192717.57,9,1,France,Female,1,1,0,0,0,0,0,0.07095692036847351,0,0,2
15722632,50,716,119655.77,12944.17,2,1,Germany,Male,1,1,1,0,0,0,0,0.07096163832736002,0,0,0
15700710,37,490,116465.53,24435.77,3,1,France,Female,1,0,0,0,0,0,0,0.07096469292340518,0,0,0
15584518,50,589,144895.05,34941.23,5,2,Germany,Female,1,1,0,0,0,0,0,0.07097918871318765,0,0,3
15787071,41,650,0.0,191599.67,9,2,Spain,Male,1,0,0,0,0,0,0,0.07097959685493271,0,0,2
15644692,47,546,0.0,66408.01,8,1,France,Female,1,1,1,0,0,0,0,0.0709980028680876,0,0,2
15662085,32,678,0.0,148210.64,9,1,France,Female,1,1,0,0,0,0,0,0.07100137571722759,0,0,2
15744942,55,638,155828.22,108987.25,2,1,Spain,Female,1,0,1,0,0,0,0,0.07100500957829653,0,0,3
15727489,45,567,157320.51,62193.92,1,1,Spain,Female,0,1,0,0,0,0,0,0.07103097691382199,0,0,0
15770159,25,664,172812.72,108008.65,6,2,Germany,Male,1,1,0,0,0,0,0,0.0710571211283278,0,0,1
15788022,41,802,90757.64,169183.66,4,2,Germany,Female,1,0,0,0,0,0,0,0.07106459691746864,0,0,0
15786014,28,568,145105.64,185489.11,5,2,France,Male,0,1,0,0,0,0,0,0.07106467934304378,0,0,1
15565806,38,532,0.0,30583.95,9,2,France,Male,0,0,0,0,0,0,0,0.07106476615082152,0,0,2
15571752,32,668,92041.87,43595.9,10,1,Germany,Female,1,1,0,0,0,0,0,0.07107031905399253,0,0,2
15789484,36,751,169831.46,27758.36,6,2,Germany,Female,1,1,0,0,0,0,0,0.0710743201573622,0,0,2
15566494,45,487,0.0,77475.73,2,2,France,Male,0,1,0,0,0,0,0,0.07107459342785805,0,0,0
15642345,49,714,93059.34,7571.51,4,1,Germany,Female,0,1,1,0,0,0,0,0.07107839963399071,0,0,0
15729246,31,847,0.0,76326.67,5,2,Spain,Male,1,1,0,0,0,0,0,0.07110915390124128,0,0,2
15623357,24,692,120596.93,180490.53,2,1,Germany,Male,1,0,0,0,0,0,0,0.07111051430796467,0,0,1
15785611,38,752,183102.29,71557.12,3,1,Germany,Male,1,1,0,0,0,0,0,0.07111905215521142,0,0,0
15720702,37,789,0.0,121883.87,3,1,France,Male,0,1,1,0,0,0,0,0.07111983107243425,0,0,0
15644882,36,616,78249.53,136934.91,10,1,Germany,Female,0,1,0,0,0,0,0,0.07112705294379718,0,0,2
15611409,35,676,0.0,139911.58,0,2,Spain,Male,0,0,0,0,0,0,0,0.07113442109953305,0,0,0
15743456,32,715,0.0,60907.49,10,2,France,Female,0,1,0,0,0,0,0,0.07113619861148668,0,0,2
15779913,27,586,130231.8,192427.16,5,2,France,Male,1,1,0,0,0,0,0,0.07114726158618034,0,0,1
15716155,36,841,156021.31,122662.98,5,1,France,Female,0,0,0,0,0,0,0,0.07116045638315432,0,0,2
15577751,30,759,101802.67,8693.8,4,1,Germany,Male,0,0,0,0,0,0,0,0.07116964980929713,0,0,1
15745455,62,638,108716.59,74241.09,4,2,Germany,Male,1,1,0,0,0,0,0,0.07117508673211459,0,0,3
15614687,44,677,148770.61,191057.76,4,2,Germany,Female,1,1,0,0,0,0,0,0.07117631813563952,0,0,0
15713378,38,711,0.0,53311.78,10,2,France,Male,0,0,0,0,0,0,0,0.07118726266753361,0,0,2
15618018,35,571,104783.81,178512.52,1,2,France,Female,1,0,0,0,0,0,0,0.07120438003708873,0,0,0
15592222,49,505,80001.23,135180.11,7,1,France,Male,0,0,0,0,0,0,0,0.0712396409118698,0,0,2
15747542,52,605,0.0,173952.5,7,2,France,Male,1,1,0,0,0,0,0,0.07127583650580549,0,0,3
15604044,38,700,134811.3,1299.75,8,1,France,Male,0,1,0,0,0,0,0,0.07129405728923222,0,0,2
15791191,59,633,103996.74,103159.11,2,1,France,Male,1,1,0,0,0,0,0,0.07130406829387581,0,0,3
15666043,33,520,156297.58,166102.61,4,2,France,Male,1,1,0,0,0,0,0,0.07132641639030529,0,0,0
15699284,49,584,172713.44,113860.81,8,1,France,Male,0,1,0,0,0,0,0,0.07133548717254407,0,0,2
15754168,40,506,0.0,144345.58,3,1,France,Female,1,1,0,0,0,0,0,0.07133959880915608,0,0,0
15615012,23,594,156267.59,160968.44,5,1,France,Male,0,1,0,0,0,0,0,0.07135407515165881,0,0,1
15638774,40,719,0.0,182224.14,9,2,Spain,Female,0,1,0,0,0,0,0,0.07136740195017227,0,0,2
15697360,36,505,79951.9,174123.16,2,1,France,Female,1,0,1,0,0,0,0,0.07137139616378096,0,0,0
15635598,29,812,0.0,168023.6,6,2,France,Male,0,0,0,0,0,0,0,0.07137573898060334,0,0,1
15672894,36,625,129944.39,198914.8,8,2,France,Female,0,0,0,0,0,0,0,0.0713880886175638,0,0,2
15780925,37,625,177069.24,96088.54,1,2,France,Male,1,1,0,0,0,0,0,0.07139866758741681,0,0,0
15788930,37,761,132730.17,199293.01,7,1,Spain,Male,0,1,0,0,0,0,0,0.07140031576180123,0,0,2
15664432,49,727,96296.78,190457.87,7,1,Spain,Female,0,1,1,0,0,0,0,0.0714041428414921,0,0,2
15584462,34,739,0.0,60584.33,9,1,France,Male,0,1,0,0,0,0,0,0.0714049733585424,0,0,2
15764153,33,704,130499.09,74804.36,0,2,France,Female,1,1,0,0,0,0,0,0.07141246304708959,0,0,0
15727467,27,485,0.0,141449.86,3,2,France,Female,0,1,0,0,0,0,0,0.0714209981869241,0,0,1
15716000,48,638,0.0,7919.08,2,2,Spain,Male,1,1,0,0,0,0,0,0.07142422261430448,0,0,0
15738166,39,596,86546.29,131768.98,10,1,France,Female,1,0,0,0,0,0,0,0.07144833540438916,0,0,2
15638806,49,645,0.0,10023.15,2,2,Spain,Male,0,0,0,0,0,0,0,0.07144914474928615,0,0,0
15751445,52,734,71283.09,38984.37,6,2,Germany,Female,1,0,0,0,0,0,0,0.07145636999729615,0,0,3
15790630,48,619,0.0,18094.96,4,1,France,Female,0,0,1,0,0,0,0,0.07146507355520437,0,0,0
15703019,38,583,0.0,113597.64,10,2,France,Female,1,0,0,0,0,0,0,0.0714654017529377,0,0,2
15733447,51,562,124662.54,65390.46,1,1,France,Female,1,1,1,0,0,0,0,0.07147280282264323,0,0,3
15802570,45,811,0.0,146123.19,5,2,France,Female,1,1,0,0,0,0,0,0.07148414346966159,0,0,2
15592570,23,773,0.0,56759.79,8,2,Spain,Female,0,1,0,0,0,0,0,0.07149049391320123,0,0,1
15795511,39,800,95252.72,13906.34,4,1,Germany,Male,0,1,0,0,0,0,0,0.07149129790726039,0,0,0
15713379,26,669,0.0,197594.34,4,2,France,Male,1,1,0,0,0,0,0,0.07149886502736147,0,0,1
15579891,52,714,100755.66,186775.25,4,1,France,Male,1,1,0,0,0,0,0,0.07150506932001216,0,0,3
15743016,22,602,141604.76,30379.6,7,1,Spain,Female,0,1,0,0,0,0,0,0.07152466712863226,0,0,1
15610355,44,713,63438.91,64375.4,1,1,France,Male,0,1,0,0,0,0,0,0.07153418433943926,0,0,0
15581102,22,554,0.0,142670.61,8,2,France,Female,1,0,0,0,0,0,0,0.07156256255933247,0,0,1
15602043,46,770,141788.63,164967.21,5,2,Germany,Female,0,0,0,0,0,0,0,0.07156536243304251,0,0,2
15648075,47,686,170935.94,173179.79,5,1,Germany,Female,0,1,1,0,0,0,0,0.0715773876012829,0,0,2
15654229,47,699,0.0,30117.44,1,2,Spain,Male,1,0,0,0,0,0,0,0.07158287722495282,0,0,0
15737173,24,497,0.0,76390.01,3,2,Spain,Male,0,1,0,0,0,0,0,0.07159201932550924,0,0,1
15614049,55,664,0.0,139161.64,8,2,France,Male,1,1,0,0,0,0,0,0.07161242009714891,0,0,3
15807546,38,837,0.0,46395.21,2,2,France,Female,1,1,0,0,0,0,0,0.07164011349492494,0,0,0
15758073,20,655,134397.61,28029.54,7,1,France,Female,0,0,0,0,0,0,0,0.071643083260998,0,0,1
15613945,26,472,0.0,108411.66,5,2,France,Female,0,1,0,0,0,0,0,0.07164980205254506,0,0,1
15631481,51,673,79563.36,172200.91,8,2,France,Male,1,1,0,0,0,0,0,0.07167086780912607,0,0,3
15711254,35,452,0.0,164241.67,7,2,France,Female,0,1,0,0,0,0,0,0.07167363834708096,0,0,2
15756871,39,512,0.0,134878.19,3,1,Spain,Male,0,1,0,0,0,0,0,0.0716746339948367,0,0,0
15772892,49,699,0.0,105760.01,2,1,France,Female,0,0,0,0,0,0,0,0.07169243190554753,0,0,0
15610105,21,666,121827.43,99818.31,1,2,Germany,Female,1,1,0,0,0,0,0,0.07169290156751923,0,0,1
15756824,50,613,101242.98,12493.61,5,2,Germany,Female,0,1,0,0,0,0,0,0.071694532042831,0,0,3
15718773,32,638,0.0,160129.99,0,2,France,Female,0,1,0,0,0,0,0,0.07169758184930985,0,0,0
15699492,27,665,147435.96,187508.06,2,1,Germany,Female,0,0,0,0,0,0,0,0.07172290203410742,0,0,1
15779620,36,575,0.0,94570.56,1,1,France,Male,1,0,0,0,0,0,0,0.0717313734300633,0,0,0
15681274,56,726,105473.74,46044.7,2,1,Spain,Female,1,1,0,0,0,0,0,0.0717347228623833,0,0,3
15697307,34,588,0.0,79078.91,10,2,Spain,Male,0,1,0,0,0,0,0,0.07173648224394852,0,0,2
15734008,59,727,152581.06,71830.1,5,1,Germany,Male,0,1,1,0,0,0,0,0.07176395797579754,0,0,3
15570912,32,728,127772.1,152643.48,9,2,Germany,Female,1,1,0,0,0,0,0,0.0718026269500186,0,0,2
15812262,37,808,100431.84,35140.49,2,1,Germany,Female,0,1,1,0,0,0,0,0.07182305439469772,0,0,0
15770576,50,555,128061.0,62375.1,7,2,Spain,Male,1,1,0,0,0,0,0,0.07183862871116403,0,0,2
15811565,47,705,63488.7,28640.92,3,1,Spain,Female,1,0,1,0,0,0,0,0.07183900616815769,0,0,0
15625035,50,703,160139.59,79314.1,8,2,France,Male,1,1,0,0,0,0,0,0.07185348835345068,0,0,2
15684269,35,707,56674.48,17987.4,3,1,Spain,Female,0,1,1,0,0,0,0,0.07185850375986069,0,0,0
15626474,31,686,0.0,4802.25,1,2,France,Female,0,1,0,0,0,0,0,0.07187574926143658,0,0,0
15686461,56,558,121235.05,116253.1,7,2,France,Female,1,1,0,0,0,0,0,0.07188089162295241,0,0,3
15620832,35,723,0.0,61290.99,0,2,France,Female,1,0,0,0,0,0,0,0.07189939977764115,0,0,0
15685872,29,727,146652.01,173486.39,1,1,France,Female,1,1,0,0,0,0,0,0.07190858887273444,0,0,1
15689328,48,705,114169.16,173273.2,9,1,Germany,Male,0,0,1,0,0,0,0,0.07190929214199399,0,0,2
15653065,22,530,0.0,104170.48,7,2,Spain,Female,0,1,0,0,0,0,0,0.07191212832168992,0,0,1
15713673,33,494,137853.0,90273.85,1,1,France,Female,1,0,0,0,0,0,0,0.07191424987499112,0,0,0
15675787,26,505,112972.57,145011.62,8,1,France,Male,0,1,0,0,0,0,0,0.07193654880303774,0,0,1
15696506,27,604,101352.78,30252.3,9,1,Spain,Male,0,0,0,0,0,0,0,0.07194767946823699,0,0,1
15583764,31,791,130240.33,96546.55,1,1,Germany,Male,0,0,0,0,0,0,0,0.07195577897915462,0,0,0
15644686,34,729,53299.96,42855.97,9,2,Spain,Female,1,1,0,0,0,0,0,0.07195681734694848,0,0,2
15629128,42,774,132193.94,162865.52,2,2,Germany,Male,1,1,0,0,0,0,0,0.0719601196868544,0,0,0
15701524,36,709,0.0,46811.77,0,2,France,Male,0,1,0,0,0,0,0,0.07196129755189745,0,0,0
15607230,33,588,150186.22,65611.01,9,2,Germany,Male,1,1,0,0,0,0,0,0.07196822020536775,0,0,2
15785373,42,717,190305.78,99347.8,5,1,Spain,Female,0,1,1,0,0,0,0,0.07198200906908592,0,0,2
15696900,29,505,145541.56,58019.95,3,2,Germany,Male,1,1,0,0,0,0,0,0.07200895849702199,0,0,1
15633818,32,786,0.0,133112.41,9,2,France,Male,0,1,0,0,0,0,0,0.07201589141913445,0,0,2
15567557,27,573,128243.03,11631.34,2,1,France,Male,1,1,0,0,0,0,0,0.07203805131473484,0,0,1
15812893,39,629,0.0,43174.49,10,2,France,Female,1,1,1,0,0,0,0,0.07204781752910006,0,0,2
15786717,36,567,0.0,8555.73,1,2,France,Male,0,0,0,0,0,0,0,0.07206080999646913,0,0,0
15730705,37,715,165252.52,85286.3,9,1,France,Male,0,1,0,0,0,0,0,0.07206515168802713,0,0,2
15770225,36,493,0.0,65816.53,9,2,France,Male,1,1,0,0,0,0,0,0.07206687925353572,0,0,2
15784445,33,717,99106.73,194467.23,1,1,Spain,Male,0,0,0,0,0,0,0,0.07206757822303778,0,0,0
15730540,45,794,88656.37,116547.31,8,2,Spain,Male,0,1,0,0,0,0,0,0.072076094099915,0,0,2
15635197,26,640,90402.77,3298.65,5,1,Germany,Male,1,1,0,0,0,0,0,0.07208500193094741,0,0,1
15774258,40,678,0.0,187343.4,1,2,France,Male,1,1,0,0,0,0,0,0.07209473067728628,0,0,0
15635396,29,738,139106.19,141872.05,9,1,Germany,Female,0,1,1,0,0,0,0,0.07210550225876844,0,0,1
15755225,34,659,134464.58,178833.34,9,2,Germany,Male,0,1,0,0,0,0,0,0.07211420857663459,0,0,2
15654463,34,841,0.0,141582.66,4,2,France,Male,0,1,0,0,0,0,0,0.07211457376805736,0,0,0
15612633,43,581,78022.61,30662.91,9,1,Spain,Male,1,0,0,0,0,0,0,0.07211923199351533,0,0,2
15569274,49,678,116933.11,195053.58,2,1,Germany,Male,0,1,1,0,0,0,0,0.0721274017509057,0,0,0
15689268,36,584,0.0,105818.51,9,1,France,Male,1,1,0,0,0,0,0,0.0721317030748605,0,0,2
15757912,37,722,125977.81,160162.42,0,1,Germany,Female,0,0,0,0,0,0,0,0.07216622630137254,0,0,0
15576196,48,743,118207.69,186489.14,5,2,Spain,Female,0,0,1,0,0,0,0,0.07219067206892843,0,0,2
15730339,30,670,133446.34,3154.95,3,1,Spain,Male,0,0,0,0,0,0,0,0.07221046742325693,0,0,1
15672012,41,773,0.0,28266.9,5,1,Spain,Female,0,1,1,0,0,0,0,0.07223259359832218,0,0,2
15627262,23,536,92366.72,120661.71,6,2,Germany,Male,0,1,0,0,0,0,0,0.07225605499831361,0,0,1
15742681,26,554,121365.39,8742.36,4,1,Germany,Male,1,1,0,0,0,0,0,0.07226614437225981,0,0,1
15580252,44,748,112610.77,2048.55,4,1,France,Male,1,0,0,0,0,0,0,0.07228460423739924,0,0,0
15750407,43,768,129264.05,19150.14,2,2,Germany,Female,0,0,0,0,0,0,0,0.07229197082246425,0,0,0
15700772,44,571,0.0,38433.35,9,2,France,Male,0,0,0,0,0,0,0,0.07229259577299924,0,0,2
15600781,34,699,185173.81,120834.48,4,2,Germany,Male,0,1,0,0,0,0,0,0.07230062727467151,0,0,0
15614635,52,582,151457.88,40893.61,2,1,France,Male,1,0,0,0,0,0,0,0.07230422245832435,0,0,3
15761149,44,673,133444.97,5708.19,8,1,France,Female,1,0,0,0,0,0,0,0.07230736316921665,0,0,2
15708228,30,476,134366.42,68343.53,3,1,Germany,Male,0,1,0,0,0,0,0,0.07230863131576964,0,0,1
15643024,35,479,138718.92,47251.79,4,1,Germany,Male,1,1,1,0,0,0,0,0.07231311954784464,0,0,0
15668009,37,747,0.0,180551.76,1,2,Spain,Male,1,0,0,0,0,0,0,0.07231518930706293,0,0,0
15739931,34,523,161588.89,51358.66,2,1,France,Male,1,1,0,0,0,0,0,0.07233525248020545,0,0,0
15692744,36,512,152169.12,38629.3,4,2,France,Male,0,0,1,0,0,0,0,0.07235539907885807,0,0,0
15716164,41,501,144260.5,172114.67,3,1,France,Female,0,1,0,0,0,0,0,0.07235924754442957,0,0,0
15609735,51,533,127545.56,79559.02,6,2,Germany,Male,0,0,1,0,0,0,0,0.07236260144812795,0,0,3
15689168,37,531,143407.29,84402.46,1,2,Spain,Male,1,0,0,0,0,0,0,0.07237753795712965,0,0,0
15568025,51,758,81710.46,116520.07,8,1,France,Male,1,1,0,0,0,0,0,0.07238098714056557,0,0,3
15672374,52,672,170008.84,56407.42,8,1,France,Male,0,0,1,0,0,0,0,0.07238157096013664,0,0,3
15626383,60,596,121907.97,30314.04,7,1,Spain,Male,1,0,0,0,0,0,0,0.07239167490914178,0,0,3
15687558,31,640,118613.34,168469.65,10,1,Germany,Female,0,1,0,0,0,0,0,0.07239455704546854,0,0,2
15606076,63,718,123204.88,100538.8,7,1,Germany,Male,1,1,0,0,0,0,0,0.07239682175222611,0,0,3
15631721,38,691,163965.69,103511.26,9,2,Germany,Male,1,0,0,0,0,0,0,0.07243954536349295,0,0,2
15583863,49,681,142946.18,187280.51,8,1,Germany,Male,0,0,1,0,0,0,0,0.07244630409835656,0,0,2
15642655,33,731,0.0,130726.96,1,1,Spain,Male,0,1,0,0,0,0,0,0.07246113890733918,0,0,0
15706269,47,489,103894.38,107625.46,8,2,France,Female,1,1,0,0,0,0,0,0.0724787291577833,0,0,2
15731327,27,652,166527.88,146007.7,2,2,Germany,Male,1,0,0,0,0,0,0,0.0724831348636551,0,0,1
15723654,25,773,135903.33,73656.38,2,1,France,Male,0,1,0,0,0,0,0,0.0725113896219492,0,0,1
15696539,21,613,105627.95,36560.51,7,1,France,Female,1,1,0,0,0,0,0,0.07252184504534209,0,0,1
15694601,31,583,158978.79,12538.92,4,1,France,Female,0,1,0,0,0,0,0,0.07253620555296125,0,0,0
15766378,45,714,106431.97,164117.69,9,2,Germany,Female,1,1,0,0,0,0,0,0.07253656022436833,0,0,2
15745324,39,599,0.0,194273.2,4,1,Spain,Female,0,1,1,0,0,0,0,0.07255235476143423,0,0,0
15797065,32,613,0.0,126675.62,0,2,Spain,Female,1,0,0,0,0,0,0,0.07256329447214338,0,0,0
15583138,42,739,141642.92,172149.76,2,2,France,Male,0,1,0,0,0,0,0,0.0725677772904314,0,0,0
15805260,56,705,143249.67,88428.41,2,1,Germany,Female,0,1,1,0,0,0,0,0.07257212793348694,0,0,3
15764444,58,679,125850.53,87008.17,8,2,Germany,Male,1,1,0,0,0,0,0,0.07259485939458271,0,0,3
15790809,40,685,74896.92,198694.2,7,1,Spain,Male,0,1,0,0,0,0,0,0.07260854985253073,0,0,2
15765732,24,564,149592.14,153771.8,6,1,Spain,Female,1,1,0,0,0,0,0,0.07260916285040281,0,0,1
15654456,48,511,149726.08,88307.87,6,1,Germany,Male,0,0,1,0,0,0,0,0.0726381584842351,0,0,2
15677117,61,629,0.0,133672.61,6,2,France,Female,1,1,0,0,0,0,0,0.07265786570263427,0,0,3
15671534,57,646,90212.0,13911.27,6,1,Germany,Female,0,1,1,0,0,0,0,0.07266138597613775,0,0,3
15769005,49,709,154344.49,38794.57,4,2,France,Male,1,1,0,0,0,0,0,0.0726653157588607,0,0,0
15752953,45,634,0.0,17622.82,9,2,France,Male,0,0,0,0,0,0,0,0.07266833800755002,0,0,2
15577831,41,560,152532.3,10779.69,4,1,Germany,Male,0,0,0,0,0,0,0,0.07269038258982563,0,0,0
15701281,27,511,0.0,49089.36,8,2,France,Male,1,1,0,0,0,0,0,0.07269560428868366,0,0,1
15796790,47,573,154543.98,29586.73,8,1,France,Female,0,1,0,0,0,0,0,0.07271504523814543,0,0,2
15625941,50,682,128039.01,102260.16,10,1,Spain,Female,1,1,0,0,0,0,0,0.07271615923027336,0,0,2
15625675,36,569,67087.69,154775.7,1,1,France,Male,0,1,0,0,0,0,0,0.07273203826564045,0,0,0
15719348,35,513,0.0,76640.29,8,1,France,Male,0,1,1,0,0,0,0,0.07273749267762553,0,0,2
15617082,33,516,115195.58,11205.5,7,1,France,Male,1,1,0,0,0,0,0,0.07274060383692516,0,0,2
15763029,46,612,161450.03,96961.0,9,1,Germany,Male,1,1,1,0,0,0,0,0.07275480404546575,0,0,2
15742632,31,670,0.0,76254.83,9,1,France,Female,1,0,0,0,0,0,0,0.07276257034140582,0,0,2
15570859,36,626,181671.16,57531.14,2,2,Germany,Male,1,1,0,0,0,0,0,0.07276877677476568,0,0,0
15783349,39,481,111233.09,123995.15,1,1,Spain,Male,1,1,0,0,0,0,0,0.07276985662440155,0,0,0
15662238,37,822,105563.0,182624.93,3,1,France,Male,0,1,0,0,0,0,0,0.07277052167424286,0,0,0
15606855,26,730,0.0,185808.7,6,2,Spain,Male,1,1,0,0,0,0,0,0.07277381970578634,0,0,1
15766017,58,615,72309.3,85687.09,3,1,Germany,Male,1,1,1,0,0,0,0,0.07278489532360327,0,0,3
15768137,23,667,136100.69,169669.33,6,2,Spain,Female,0,0,1,0,0,0,0,0.07278490904380203,0,0,1
15609286,37,702,150525.8,94728.49,10,1,France,Male,1,1,0,0,0,0,0,0.07279350070173413,0,0,2
15592379,42,741,121056.63,39122.58,9,2,Spain,Female,0,1,0,0,0,0,0,0.07280209662020898,0,0,2
15606397,44,577,152086.15,44719.5,1,1,Germany,Female,1,0,1,0,0,0,0,0.07281515418695678,0,0,0
15812628,38,453,120623.21,129697.99,8,1,Germany,Female,0,1,0,0,0,0,0,0.0728186596778122,0,0,2
15613014,29,722,107233.85,24924.92,1,2,Germany,Male,0,1,0,0,0,0,0,0.07282590392466548,0,0,1
15595991,54,585,87105.32,55346.14,8,1,France,Male,1,1,0,0,0,0,0,0.07282980399868078,0,0,3
15658449,45,695,43134.65,77330.35,9,1,France,Male,1,0,0,0,0,0,0,0.07285940231363441,0,0,2
15590966,42,729,97495.8,2002.5,4,2,Germany,Female,0,0,0,0,0,0,0,0.07286548238019225,0,0,0
15643903,27,619,154483.98,156394.74,1,1,France,Male,0,1,0,0,0,0,0,0.07287713146361952,0,0,1
15719778,32,577,0.0,9902.39,1,2,France,Female,0,1,0,0,0,0,0,0.07289585952864736,0,0,0
15715003,49,625,80816.45,20018.79,2,1,Spain,Female,1,1,0,0,0,0,0,0.07291361289821768,0,0,0
15734942,38,539,82407.51,13123.41,8,1,Germany,Female,0,1,0,0,0,0,0,0.07293414977074725,0,0,2
15754112,55,653,0.0,41967.03,7,2,Spain,Male,1,1,0,0,0,0,0,0.07293870639259431,0,0,3
15777459,32,619,175406.13,172792.43,4,2,Spain,Female,1,1,1,0,0,0,0,0.07295128516690813,0,0,0
15570681,24,560,116084.32,89734.7,1,1,France,Male,0,1,0,0,0,0,0,0.07297763937389384,0,0,1
15659931,55,637,123378.2,81431.99,1,1,Germany,Female,0,1,1,0,0,0,0,0.07298857783082863,0,0,3
15772243,33,612,0.0,142797.5,9,1,France,Female,0,0,1,0,0,0,0,0.07299423045914483,0,0,2
15805681,41,716,0.0,113267.48,9,1,France,Male,1,1,0,0,0,0,0,0.07299723622911036,0,0,2
15807335,64,676,116954.32,91149.48,4,1,Spain,Female,1,1,0,0,0,0,0,0.07300149271726347,0,0,3
15654341,34,542,101116.06,196395.05,8,1,France,Male,0,1,0,0,0,0,0,0.07300932725033482,0,0,2
15779207,30,500,125495.64,68807.47,2,2,Germany,Male,1,1,0,0,0,0,0,0.07301070488677724,0,0,1
15586135,28,536,0.0,136197.65,4,1,Spain,Female,1,1,0,0,0,0,0,0.07304772594011344,0,0,1
15708003,41,587,85109.21,1557.82,8,1,Spain,Male,0,1,0,0,0,0,0,0.07304789026942166,0,0,2
15757588,30,526,0.0,100995.68,9,2,France,Male,0,0,0,0,0,0,0,0.07305699802310833,0,0,1
15707110,28,660,170890.05,41758.9,2,2,Germany,Male,0,1,0,0,0,0,0,0.07306338808468993,0,0,1
15804211,36,719,155423.17,199841.32,3,1,France,Male,1,1,0,0,0,0,0,0.07306434157807473,0,0,0
15609998,59,700,137648.41,142977.05,5,1,Germany,Female,0,1,1,0,0,0,0,0.07306569204525554,0,0,3
15596303,39,688,0.0,53222.15,0,2,France,Female,0,1,1,0,0,0,0,0.07306745529519493,0,0,0
15575185,33,757,77253.22,194239.63,5,1,Spain,Male,1,0,0,0,0,0,0,0.07307647211602342,0,0,2
15582492,29,535,112367.34,185630.76,2,1,France,Female,0,1,0,0,0,0,0,0.0730802412420668,0,0,1
15805909,28,700,159900.38,22698.56,8,1,Spain,Male,0,0,0,0,0,0,0,0.07308209074413846,0,0,1
15662245,32,588,0.0,8763.87,1,2,France,Male,1,1,0,0,0,0,0,0.0730915345150775,0,0,0
15723299,53,774,113709.28,153887.93,4,1,France,Male,1,1,1,0,0,0,0,0.07313291991418147,0,0,3
15589361,34,716,0.0,66695.71,9,1,Spain,Male,1,1,0,0,0,0,0,0.07316858611886484,0,0,2
15652266,42,703,63227.0,137316.32,9,1,Germany,Male,1,0,0,0,0,0,0,0.0731924620348341,0,0,2
15733768,32,600,0.0,101986.16,1,1,France,Male,1,1,0,0,0,0,0,0.07320356210419543,0,0,0
15583725,48,682,138778.15,168840.23,1,1,France,Male,1,0,0,0,0,0,0,0.07320551195745117,0,0,0
15658956,40,505,47869.69,155061.97,6,2,Germany,Male,1,1,0,0,0,0,0,0.07320914864764211,0,0,2
15698664,43,567,115643.58,174606.35,2,2,Spain,Male,0,0,0,0,0,0,0,0.07324644773414163,0,0,0
15737998,46,529,0.0,126511.94,8,1,France,Male,0,0,1,0,0,0,0,0.07324782454612111,0,0,2
15620836,34,816,108410.87,102908.91,2,2,Germany,Female,0,1,0,0,0,0,0,0.07325476554038246,0,0,0
15779627,31,573,134644.19,70381.49,0,1,Germany,Male,1,1,0,0,0,0,0,0.0732563948781319,0,0,0
15610930,35,572,139979.07,185662.84,1,1,Germany,Female,0,1,0,0,0,0,0,0.0732564317939336,0,0,0
15649297,62,605,111065.93,125660.99,4,2,France,Female,1,0,0,0,0,0,0,0.07326083502200437,0,0,3
15603170,32,654,121455.65,190068.53,9,1,France,Male,0,1,1,0,0,0,0,0.0732737785253818,0,0,2
15565714,47,601,64430.06,96517.97,1,2,France,Male,1,0,0,0,0,0,0,0.07327480264152497,0,0,0
15615050,47,575,107915.94,63452.18,9,2,Germany,Male,1,1,1,0,0,0,0,0.07327877942310068,0,0,2
15650437,32,522,124450.36,165786.1,8,2,Germany,Male,1,1,0,0,0,0,0,0.07330599485529682,0,0,2
15589420,40,795,101891.1,183044.86,2,1,France,Female,1,1,0,0,0,0,0,0.0733071338699331,0,0,0
15591248,29,628,71996.29,34857.46,9,1,France,Female,1,1,0,0,0,0,0,0.07331342680869296,0,0,1
15712264,39,713,0.0,126263.97,10,2,France,Female,1,1,0,0,0,0,0,0.07333361770998231,0,0,2
15744622,32,822,116358.0,108798.36,8,1,France,Male,0,1,0,0,0,0,0,0.07334286269519258,0,0,2
15588461,35,686,0.0,8816.37,4,1,France,Male,0,1,0,0,0,0,0,0.07335170967197208,0,0,0
15605341,58,681,93173.88,139761.25,8,1,France,Female,1,1,0,0,0,0,0,0.07335185654945647,0,0,3
15688619,45,718,105266.32,193724.51,3,2,Spain,Male,1,1,0,0,0,0,0,0.07336803650484469,0,0,0
15803689,51,647,119741.77,54954.51,1,2,Germany,Female,0,0,1,0,0,0,0,0.0733699476386302,0,0,3
15683168,30,572,0.0,175025.27,6,1,France,Female,1,0,0,0,0,0,0,0.07339055824512553,0,0,1
15613085,33,628,0.0,188193.25,3,1,Spain,Female,1,1,0,0,0,0,0,0.07339438696320472,0,0,0
15701962,29,590,166930.76,122487.73,2,2,Spain,Female,0,1,0,0,0,0,0,0.07342086286792615,0,0,1
15687001,54,596,123544.0,120314.75,1,1,Germany,Male,1,1,1,0,0,0,0,0.07343973753630773,0,0,3
15645271,24,615,108528.07,179488.41,8,2,Germany,Male,0,0,1,0,0,0,0,0.07344521890138495,0,0,1
15714642,40,792,0.0,141652.2,7,1,Spain,Female,0,1,0,0,0,0,0,0.07346165401584903,0,0,2
15795747,39,787,171646.76,100791.36,7,1,Spain,Female,1,0,0,0,0,0,0,0.07346565118524528,0,0,2
15641585,40,850,97339.99,88815.25,6,1,France,Male,1,0,0,0,0,0,0,0.07347123944818373,0,0,2
15581733,28,781,0.0,177703.15,4,2,France,Female,0,1,0,0,0,0,0,0.07348556178826388,0,0,1
15716605,24,710,103099.17,173276.62,7,2,Germany,Female,0,1,0,0,0,0,0,0.07348762468612507,0,0,1
15784097,28,660,118402.25,14288.93,1,2,Germany,Male,0,1,0,0,0,0,0,0.07349014463573939,0,0,1
15592736,54,551,102994.04,176680.16,5,1,Germany,Male,0,1,1,0,0,0,0,0.07349167084684294,0,0,3
15756475,31,551,82293.82,91565.25,9,2,Germany,Male,1,1,0,0,0,0,0,0.07349487903245305,0,0,2
15700654,44,617,49157.09,53294.17,9,2,Germany,Male,0,1,0,0,0,0,0,0.07349554979857292,0,0,2
15679550,32,743,0.0,175252.78,9,2,France,Male,0,1,0,0,0,0,0,0.07349790209962892,0,0,2
15782144,34,522,0.0,3894.34,3,2,France,Female,1,1,0,0,0,0,0,0.07349933391762864,0,0,0
15713517,39,529,102025.08,12351.01,6,2,France,Male,0,1,0,0,0,0,0,0.07350498240366926,0,0,2
15689237,27,471,0.0,122642.09,4,2,France,Female,0,1,0,0,0,0,0,0.07350574095619344,0,0,1
15672467,52,766,92510.9,66193.61,7,2,France,Female,1,0,0,0,0,0,0,0.07352063686199256,0,0,3
15670345,33,785,127211.45,191961.83,6,1,Germany,Female,0,0,0,0,0,0,0,0.07352486434127531,0,0,2
15790314,41,649,0.0,130567.02,0,2,France,Male,1,0,0,0,0,0,0,0.07353889230488331,0,0,0
15566139,37,526,53573.18,62830.97,5,1,France,Female,0,1,0,0,0,0,0,0.07355313833110622,0,0,0
15716023,31,693,0.0,182270.88,1,2,France,Male,1,0,0,0,0,0,0,0.07355446921831593,0,0,0
15567839,42,501,114631.23,91429.74,9,1,France,Male,1,0,0,0,0,0,0,0.07355727924996325,0,0,2
15720338,55,592,85845.43,128918.42,8,2,Spain,Male,1,1,0,0,0,0,0,0.07356694351482002,0,0,3
15798385,46,512,0.0,56408.14,3,2,Spain,Female,1,1,0,0,0,0,0,0.07356819565565387,0,0,0
15674442,23,681,157761.56,147759.84,7,1,France,Male,0,0,0,0,0,0,0,0.07357223845711713,0,0,1
15785815,31,670,142631.54,175894.24,1,2,Germany,Male,1,1,0,0,0,0,0,0.07358288824210352,0,0,0
15666095,51,753,79811.72,68260.27,4,2,Spain,Male,1,0,1,0,0,0,0,0.07361584626250783,0,0,3
15632793,29,638,103417.74,15336.4,9,1,France,Female,1,1,0,0,0,0,0,0.07361605522303588,0,0,1
15686236,47,525,118087.68,88120.78,1,1,Germany,Female,0,1,1,0,0,0,0,0.07362250620160316,0,0,0
15787155,30,514,0.0,125010.24,7,1,Spain,Male,1,0,0,0,0,0,0,0.07362508096071868,0,0,1
15793343,29,549,0.0,189558.44,8,2,France,Female,1,1,0,0,0,0,0,0.07362945408158367,0,0,1
15589221,30,657,139762.13,23317.88,1,2,Germany,Male,1,1,0,0,0,0,0,0.07366275401079159,0,0,1
15629244,50,635,159453.64,54560.79,7,2,Spain,Male,0,0,1,0,0,0,0,0.07371852249493721,0,0,2
15577359,47,767,0.0,121964.46,5,1,Spain,Male,0,1,1,0,0,0,0,0.0737227508309562,0,0,2
15737051,27,639,0.0,192247.35,8,2,France,Male,0,1,0,0,0,0,0,0.07374960953556081,0,0,1
15678571,21,723,0.0,24847.02,4,2,France,Male,0,0,0,0,0,0,0,0.07375665904330547,0,0,1
15629133,27,579,0.0,126838.7,9,2,France,Female,0,1,0,0,0,0,0,0.07380446733902313,0,0,1
15696047,35,501,99760.84,13591.52,6,1,France,Male,1,1,0,0,0,0,0,0.07380618515714688,0,0,2
15697597,26,631,149144.61,123697.95,1,1,France,Male,1,0,0,0,0,0,0,0.073815205623885,0,0,1
15747772,36,706,58571.18,40774.01,9,2,Germany,Male,0,1,0,0,0,0,0,0.0738177705776844,0,0,2
15802625,48,733,85915.52,23860.5,7,1,Germany,Male,1,1,0,0,0,0,0,0.07382255510671631,0,0,2
15645839,37,570,0.0,187758.5,6,1,France,Male,1,1,0,0,0,0,0,0.07382859669435676,0,0,2
15771509,42,538,98548.62,94047.75,1,2,Germany,Female,1,0,0,0,0,0,0,0.073844050758468,0,0,0
15617301,36,774,130809.77,152290.28,9,1,Germany,Male,0,1,0,0,0,0,0,0.07384432813277692,0,0,2
15656121,31,733,157791.07,177994.81,6,2,Germany,Male,0,0,0,0,0,0,0,0.07384490184392584,0,0,2
15730137,31,628,88421.81,72350.47,0,1,France,Male,0,0,0,0,0,0,0,0.07385446061486595,0,0,0
15774277,43,809,0.0,132908.07,2,2,France,Male,1,1,0,0,0,0,0,0.0738582319980648,0,0,0
15721740,50,633,88302.65,195937.16,7,1,Germany,Male,1,1,0,0,0,0,0,0.07388169286321772,0,0,2
15806332,39,484,0.0,175224.12,5,2,Spain,Female,1,1,0,0,0,0,0,0.07391909323309198,0,0,0
15771535,37,794,0.0,68008.85,9,2,Spain,Female,0,1,0,0,0,0,0,0.07392056120271301,0,0,2
15788946,29,605,116805.82,4092.75,3,1,Spain,Female,0,0,0,0,0,0,0,0.07392328527773645,0,0,1
15787318,47,537,103163.35,16259.64,6,1,Germany,Female,0,1,1,0,0,0,0,0.0739289765984732,0,0,2
15775131,32,580,142188.2,128028.6,9,2,Spain,Male,1,0,0,0,0,0,0,0.0739383106065844,0,0,2
15569867,29,529,0.0,19842.11,8,2,France,Female,0,1,0,0,0,0,0,0.07397158827728695,0,0,1
15646310,24,684,143582.89,22527.27,8,1,Spain,Male,1,1,0,0,0,0,0,0.07397572048080292,0,0,1
15672798,45,656,145933.27,199392.14,7,1,France,Female,1,1,0,0,0,0,0,0.0739829596932216,0,0,2
15651823,60,590,147751.75,88206.04,6,1,France,Female,0,1,1,0,0,0,0,0.07398667593390534,0,0,3
15770631,25,730,167385.81,56307.51,5,1,Spain,Male,1,1,0,0,0,0,0,0.07398799098403869,0,0,1
15718071,51,655,0.0,15801.02,3,2,France,Female,1,0,0,0,0,0,0,0.07399578724752959,0,0,3
15732644,54,567,92316.31,158590.66,5,2,Spain,Female,0,1,1,0,0,0,0,0.07399967607101476,0,0,3
15762268,41,666,141162.08,50908.48,10,1,France,Female,0,1,0,0,0,0,0,0.07400628637042167,0,0,2
15751392,57,689,0.0,136649.8,4,2,Spain,Female,0,1,1,0,0,0,0,0.07401380522728684,0,0,3
15748381,29,613,185709.28,77242.19,6,2,France,Female,1,1,0,0,0,0,0,0.07404857087120248,0,0,1
15637599,44,510,123070.89,28461.29,4,1,Germany,Female,0,1,1,0,0,0,0,0.07405247853579183,0,0,0
15634936,41,735,179904.0,137180.95,7,1,France,Male,1,1,0,0,0,0,0,0.07405284478872937,0,0,2
15810203,44,499,77627.33,108222.68,6,2,Germany,Female,0,1,0,0,0,0,0,0.07405610386447198,0,0,2
15730735,38,713,72286.84,26136.89,9,2,France,Male,1,1,0,0,0,0,0,0.07407235039274152,0,0,2
15761506,19,615,0.0,159920.92,5,2,Spain,Male,0,1,0,0,0,0,0,0.0740727452115783,0,0,1
15795640,35,683,132371.3,186123.57,1,2,Germany,Female,0,0,0,0,0,0,0,0.07408583519453965,0,0,0
15774491,28,480,0.0,48131.92,6,2,France,Female,0,0,0,0,0,0,0,0.07408749944021409,0,0,1
15581332,30,655,83173.98,184259.6,1,2,Germany,Female,1,1,0,0,0,0,0,0.07409584716940437,0,0,1
15754072,36,840,0.0,141364.27,6,2,Spain,Female,0,1,0,0,0,0,0,0.07410802700809227,0,0,2
15697100,48,772,108736.52,184564.67,6,1,Germany,Female,0,1,1,0,0,0,0,0.07411412771362735,0,0,2
15744200,36,587,70784.27,30579.82,1,1,France,Female,0,1,0,0,0,0,0,0.07412190670703966,0,0,0
15684484,22,543,0.0,127587.22,8,2,France,Male,0,0,0,0,0,0,0,0.07413145256900755,0,0,1
15785385,51,550,0.0,153917.41,5,2,Spain,Male,0,1,0,0,0,0,0,0.07413694546637123,0,0,3
15599552,54,639,0.0,53843.71,2,2,Spain,Female,1,1,0,0,0,0,0,0.07414567795228949,0,0,3
15767594,35,533,0.0,187900.12,8,2,France,Female,1,1,0,0,0,0,0,0.07415063947172579,0,0,2
15588419,34,651,148962.46,66389.43,10,1,Germany,Female,0,1,1,0,0,0,0,0.07415349110410097,0,0,2
15689616,34,586,168094.01,20058.61,5,1,Spain,Male,0,0,0,0,0,0,0,0.0741549843195643,0,0,0
15633064,36,438,0.0,64420.5,4,2,France,Female,0,1,0,0,0,0,0,0.07417181789336857,0,0,0
15574071,23,706,93301.97,127187.04,2,2,Germany,Male,1,0,0,0,0,0,0,0.07418064614633346,0,0,1
15706602,33,760,118114.28,156660.21,1,2,Spain,Female,1,0,0,0,0,0,0,0.07419702734458317,0,0,0
15722578,21,685,97956.5,164966.27,6,1,Germany,Female,1,1,0,0,0,0,0,0.07422595837645785,0,0,1
15622003,35,745,92566.53,161519.77,9,2,France,Male,0,1,0,0,0,0,0,0.07422803633839781,0,0,2
15775335,48,635,81556.89,191914.37,4,2,Germany,Female,0,1,0,0,0,0,0,0.07422965065988774,0,0,0
15569526,40,601,98627.13,77977.69,10,2,France,Male,0,0,0,0,0,0,0,0.07423069425738632,0,0,2
15632859,36,444,0.0,138743.86,7,2,France,Male,1,0,0,0,0,0,0,0.07425640221805035,0,0,2
15672299,44,510,0.0,175518.31,6,2,France,Male,1,1,0,0,0,0,0,0.07426209206875323,0,0,2
15801441,35,670,79585.96,198802.9,2,1,Germany,Female,1,0,0,0,0,0,0,0.07426440613864882,0,0,0
15682839,57,575,137936.94,84475.13,8,1,France,Female,1,1,0,0,0,0,0,0.07430919974159744,0,0,3
15575676,24,638,0.0,162597.15,1,2,France,Male,1,0,0,0,0,0,0,0.07431260096403336,0,0,1
15611756,47,537,124192.28,50881.51,4,2,Germany,Female,1,1,0,0,0,0,0,0.07431488472650377,0,0,0
15799031,39,523,0.0,6726.53,3,2,France,Male,0,1,0,0,0,0,0,0.07433377813361858,0,0,0
15811970,42,653,0.0,5768.32,1,2,France,Female,1,1,0,0,0,0,0,0.07434036229449559,0,0,0
15676117,44,603,0.0,138328.24,9,1,France,Male,0,1,0,0,0,0,0,0.07434249290070344,0,0,2
15649668,36,637,145750.45,96660.76,10,2,Germany,Female,1,1,0,0,0,0,0,0.07434392965529207,0,0,2
15728333,43,521,0.0,93180.09,8,1,France,Male,1,1,0,0,0,0,0,0.07435048623935148,0,0,2
15730796,21,627,98993.02,169156.64,7,1,France,Female,1,1,0,0,0,0,0,0.07436111482877455,0,0,1
15677908,42,552,0.0,195692.3,4,2,Spain,Male,0,0,0,0,0,0,0,0.07436617243083232,0,0,0
15616530,36,638,188455.19,47031.4,6,1,France,Male,0,0,1,0,0,0,0,0.07436888764081928,0,0,2
15666181,33,650,98064.97,52411.99,0,1,France,Male,0,1,0,0,0,0,0,0.07439018928694757,0,0,0
15778694,26,638,105249.76,23491.09,1,2,Germany,Female,1,1,0,0,0,0,0,0.07439249983882396,0,0,1
15644132,30,724,142475.87,107848.24,9,1,France,Female,1,1,0,0,0,0,0,0.07439755964115141,0,0,1
15774586,43,692,118588.83,161241.65,10,1,Germany,Female,1,1,1,0,0,0,0,0.0744211462799107,0,0,2
15813697,44,498,120702.67,98175.74,2,2,Germany,Female,1,1,0,0,0,0,0,0.07443410528389854,0,0,0
15773276,63,633,114552.6,73856.28,4,1,Spain,Male,0,1,1,0,0,0,0,0.07444031180560579,0,0,3
15768763,37,562,0.0,52525.15,2,1,France,Male,1,0,1,0,0,0,0,0.07446400204878134,0,0,0
15802478,31,767,0.0,195668.0,6,2,Spain,Male,1,1,0,0,0,0,0,0.07446476560019494,0,0,2
15641640,33,545,173331.52,150452.88,7,1,Spain,Female,0,1,0,0,0,0,0,0.0744662249990738,0,0,2
15569451,35,463,101257.16,118113.64,2,1,France,Male,1,1,0,0,0,0,0,0.07446673760262579,0,0,0
15657306,47,567,0.0,110900.43,2,1,France,Female,0,0,1,0,0,0,0,0.07446748154557731,0,0,0
15584338,40,714,0.0,62762.12,0,2,France,Female,0,1,0,0,0,0,0,0.07447006128828121,0,0,0
15587066,38,535,119272.29,195896.59,2,1,France,Male,0,0,1,0,0,0,0,0.07447708302139722,0,0,0
15586976,42,566,0.0,180702.12,6,1,France,Female,0,1,1,0,0,0,0,0.07451799968337275,0,0,2
15649121,52,665,0.0,116137.01,3,1,France,Male,0,1,1,0,0,0,0,0.07452622457868396,0,0,3
15636590,46,575,0.0,65998.26,1,2,France,Male,1,1,0,0,0,0,0,0.07453143071195728,0,0,0
15720924,34,585,0.0,75503.6,1,1,France,Female,1,1,0,0,0,0,0,0.07454816690590643,0,0,0
15712608,42,787,74483.97,44273.91,2,2,Germany,Female,1,0,0,0,0,0,0,0.07455504559711407,0,0,0
15577988,35,614,0.0,3342.62,1,2,France,Female,1,1,0,0,0,0,0,0.074569858411274,0,0,0
15785705,44,705,106731.58,137419.87,10,1,Germany,Female,0,1,1,0,0,0,0,0.07457310096986258,0,0,2
15624229,22,694,0.0,11525.72,4,2,France,Female,1,1,0,0,0,0,0,0.07459753276574282,0,0,1
15801658,55,580,104305.74,175750.21,6,1,France,Male,1,0,0,0,0,0,0,0.07461356852672252,0,0,3
15735221,42,697,0.0,61312.15,10,2,France,Female,0,1,0,0,0,0,0,0.07462263519333562,0,0,2
15786308,33,730,0.0,176576.62,9,2,Spain,Female,0,0,0,0,0,0,0,0.07462291600751203,0,0,2
15721487,27,739,0.0,57572.38,6,1,France,Female,1,1,0,0,0,0,0,0.07462490234109403,0,0,1
15684645,41,704,62078.21,129050.67,9,2,Germany,Male,0,1,0,0,0,0,0,0.07462959101307093,0,0,2
15797081,49,611,115488.52,138656.81,9,2,Germany,Female,1,1,1,0,0,0,0,0.07463737350086996,0,0,2
15608688,34,442,0.0,68343.08,4,2,France,Male,0,1,0,0,0,0,0,0.07464994359588178,0,0,0
15621611,55,742,155196.17,121207.66,5,1,Germany,Male,1,0,1,0,0,0,0,0.07471525201471729,0,0,3
15722731,46,653,119556.1,78250.13,0,1,France,Male,0,1,1,0,0,0,0,0.07473712581818909,0,0,0
15708139,40,575,139532.34,181294.39,1,1,France,Female,0,1,0,0,0,0,0,0.07473769593629581,0,0,0
15713655,38,720,0.0,56229.72,10,2,France,Female,1,1,1,0,0,0,0,0.07474124772666807,0,0,2
15569264,32,622,179305.09,149043.78,5,1,France,Male,1,1,0,0,0,0,0,0.07476073016265417,0,0,0
15723008,45,720,102882.4,35633.15,1,2,France,Female,1,1,1,0,0,0,0,0.07476232124809934,0,0,0
15808326,34,592,0.0,20460.2,9,2,France,Female,1,1,0,0,0,0,0,0.07477941053592874,0,0,2
15701042,27,596,151027.56,170320.58,2,1,Germany,Female,0,1,0,0,0,0,0,0.07478086252378136,0,0,1
15785831,35,591,183027.25,56028.79,7,1,France,Male,1,1,0,0,0,0,0,0.07478855958507014,0,0,2
15626457,31,671,116234.61,172096.08,0,1,France,Male,0,1,0,0,0,0,0,0.07478961974790987,0,0,0
15742886,26,642,138023.79,117060.2,1,2,France,Male,1,0,0,0,0,0,0,0.07479221322475121,0,0,1
15604119,35,850,110349.82,126355.8,7,1,Spain,Male,0,0,0,0,0,0,0,0.07479923421565132,0,0,2
15801169,39,764,138341.51,50072.94,9,1,Germany,Female,0,1,1,0,0,0,0,0.07481128866552095,0,0,2
15678146,24,668,173962.32,106457.11,7,1,Spain,Female,0,0,1,0,0,0,0,0.07481215192667967,0,0,1
15579223,30,573,127406.5,192950.6,8,1,Germany,Male,0,1,0,0,0,0,0,0.07482424746860789,0,0,1
15635459,27,667,106116.5,3674.71,3,2,Germany,Female,0,1,0,0,0,0,0,0.07483402049854809,0,0,1
15594812,37,806,137794.18,75232.02,2,2,Spain,Female,1,0,0,0,0,0,0,0.07483700972883073,0,0,0
15578977,34,786,0.0,144517.19,9,2,France,Male,0,1,0,0,0,0,0,0.07485524288596962,0,0,2
15622658,26,551,144258.52,49778.79,2,1,France,Female,0,1,0,0,0,0,0,0.0748586523232207,0,0,1
15794414,46,507,92783.68,51424.29,6,1,Spain,Male,1,1,0,0,0,0,0,0.07486099746244712,0,0,2
15702912,35,752,0.0,44335.54,2,1,Spain,Female,0,1,1,0,0,0,0,0.07486480369635012,0,0,0
15605286,55,565,118803.35,128124.7,4,2,France,Male,1,1,1,0,0,0,0,0.07487330965104527,0,0,3
15703707,44,656,143571.52,127444.14,10,1,France,Male,0,0,0,0,0,0,0,0.0748753048598183,0,0,2
15780835,26,652,131908.35,179269.79,1,1,Germany,Female,1,1,0,0,0,0,0,0.07487726837866249,0,0,1
15711540,29,712,0.0,144375.0,2,1,France,Female,1,1,0,0,0,0,0,0.07489467424913798,0,0,1
15617538,40,834,0.0,45038.74,7,2,Spain,Male,0,0,0,0,0,0,0,0.07491434024634547,0,0,2
15655229,35,850,114285.2,129660.59,7,1,Germany,Female,1,0,0,0,0,0,0,0.0749302024438136,0,0,2
15621629,43,773,81844.91,35908.46,8,2,Germany,Male,1,1,0,0,0,0,0,0.07494004686157807,0,0,2
15689594,29,731,179539.2,112010.02,5,1,France,Male,0,0,0,0,0,0,0,0.07495529976512838,0,0,1
15573284,45,579,0.0,11514.39,2,2,France,Female,0,0,0,0,0,0,0,0.07496003213424524,0,0,0
15812071,54,744,93806.31,140068.77,6,2,France,Male,1,0,0,0,0,0,0,0.07496961785085393,0,0,3
15686219,38,611,71018.6,2444.29,4,2,France,Male,0,1,0,0,0,0,0,0.07498116508967217,0,0,0
15670889,34,528,125566.9,176763.27,1,1,France,Male,1,1,0,0,0,0,0,0.07498123949134455,0,0,0
15784676,51,583,125268.03,165082.25,6,2,France,Male,0,1,0,0,0,0,0,0.07500379040154087,0,0,3
15794266,32,559,145303.52,103560.98,9,1,France,Male,0,1,0,0,0,0,0,0.07504454731542298,0,0,2
15581479,30,523,83181.29,138176.78,1,1,France,Male,1,1,0,0,0,0,0,0.07504785822747584,0,0,1
15588904,33,692,0.0,113505.93,9,1,France,Male,0,1,1,0,0,0,0,0.07506357841334488,0,0,2
15812513,45,599,103583.05,132127.69,10,1,Germany,Male,0,1,1,0,0,0,0,0.07507161203092966,0,0,2
15665695,49,594,0.0,23631.55,4,2,France,Female,1,1,0,0,0,0,0,0.07508396680169493,0,0,0
15770711,28,766,90696.78,21597.2,4,1,Germany,Female,1,0,0,0,0,0,0,0.07508432161706208,0,0,1
15686588,28,777,134571.5,118313.38,2,1,France,Female,1,0,0,0,0,0,0,0.07509680052395062,0,0,1
15652789,40,657,0.0,52990.7,10,2,Spain,Male,1,1,0,0,0,0,0,0.07510889725951742,0,0,2
15643426,36,523,113680.54,13197.44,8,1,Spain,Female,0,0,0,0,0,0,0,0.07510895231659559,0,0,2
15614878,29,660,180520.29,123850.58,6,1,Germany,Female,1,1,0,0,0,0,0,0.07511976231474421,0,0,1
15651369,21,626,0.0,66232.23,1,2,France,Male,0,1,0,0,0,0,0,0.07512766675984078,0,0,1
15650086,43,725,165896.0,130795.52,2,2,France,Male,0,1,0,0,0,0,0,0.0751376839809586,0,0,0
15745417,58,707,89685.92,126471.13,6,1,France,Male,1,0,0,0,0,0,0,0.07517533780845853,0,0,3
15728838,45,578,148600.91,143397.14,1,1,France,Male,0,1,1,0,0,0,0,0.07518577017427758,0,0,0
15802274,44,686,55053.62,181757.19,7,1,France,Female,0,1,0,0,0,0,0,0.0751981220650027,0,0,2
15721715,40,769,133871.05,50568.02,9,1,France,Female,1,1,0,0,0,0,0,0.07519821814315025,0,0,2
15701238,47,683,0.0,148989.15,1,2,France,Male,0,1,0,0,0,0,0,0.07520878789042063,0,0,0
15798398,36,785,135438.4,190627.01,4,1,France,Female,0,0,0,0,0,0,0,0.07521451636213589,0,0,0
15726796,38,844,111501.66,119333.38,7,1,France,Male,1,1,0,0,0,0,0,0.07521915595516004,0,0,2
15787222,28,676,69459.05,128461.29,1,2,Germany,Male,1,1,0,0,0,0,0,0.07524484422650285,0,0,1
15729599,33,804,76548.6,98453.45,7,1,Spain,Male,1,0,0,0,0,0,0,0.07525415968039523,0,0,2
15774401,51,773,0.0,123587.83,4,2,Spain,Male,0,0,1,0,0,0,0,0.07527422789998744,0,0,3
15748068,31,571,0.0,194667.92,3,2,Spain,Female,1,1,0,0,0,0,0,0.07528858293265683,0,0,0
15598266,40,610,0.0,149602.54,9,1,France,Male,1,1,0,0,0,0,0,0.07528862129936897,0,0,2
15646366,41,521,120586.54,20491.15,8,1,Germany,Male,1,0,0,0,0,0,0,0.07528925211952336,0,0,2
15643158,40,598,0.0,68462.59,9,1,France,Female,0,1,1,0,0,0,0,0.0753022053421411,0,0,2
15785339,50,640,117565.03,82559.77,9,2,France,Female,0,0,0,0,0,0,0,0.07531370724151115,0,0,2
15770811,36,519,0.0,145562.4,9,2,France,Male,1,0,0,0,0,0,0,0.07531524853800009,0,0,2
15580146,31,738,82674.15,41970.72,9,1,France,Male,0,1,0,0,0,0,0,0.0753242019528857,0,0,2
15760294,41,512,145150.28,64869.32,8,1,France,Female,0,1,1,0,0,0,0,0.07532940201524968,0,0,2
15702149,33,767,144753.21,132480.75,1,1,Germany,Female,1,1,0,0,0,0,0,0.07535071975384688,0,0,0
15684294,50,735,0.0,147075.69,2,2,France,Male,1,0,0,0,0,0,0,0.0753549954428348,0,0,0
15769522,51,734,118537.47,116912.45,1,1,France,Male,1,1,0,0,0,0,0,0.07535601489799004,0,0,3
15761340,22,521,0.0,99828.45,5,2,France,Male,1,1,0,0,0,0,0,0.07535893464158755,0,0,1
15680405,40,685,168001.34,167400.29,2,2,France,Male,1,1,0,0,0,0,0,0.07536317447264512,0,0,0
15672397,38,598,125487.89,158111.71,0,1,France,Male,0,0,0,0,0,0,0,0.0753654989223172,0,0,0
15722611,53,752,114233.18,51587.04,8,1,France,Female,1,1,0,0,0,0,0,0.07539311906810792,0,0,3
15793311,46,765,119492.88,166896.01,8,2,Germany,Female,1,0,1,0,0,0,0,0.0753931323366267,0,0,2
15576935,43,743,161807.18,93228.86,2,2,Spain,Male,1,0,1,0,0,0,0,0.07539794956075052,0,0,0
15566253,44,580,143391.07,146891.07,9,1,Germany,Male,0,0,1,0,0,0,0,0.07541580866538533,0,0,2
15795933,49,677,0.0,187811.71,3,2,France,Female,1,1,0,0,0,0,0,0.07542223846212343,0,0,0
15630592,45,516,0.0,95273.73,4,1,France,Female,0,1,1,0,0,0,0,0.07542651164398018,0,0,0
15705448,52,647,130013.12,190806.36,7,1,Germany,Male,1,1,1,0,0,0,0,0.07543618740123703,0,0,3
15641850,40,717,98241.04,110887.14,0,1,France,Male,0,1,0,0,0,0,0,0.07543745319365192,0,0,0
15807167,42,635,146766.72,164357.1,1,2,France,Male,1,0,0,0,0,0,0,0.07544524506322775,0,0,0
15661275,52,532,110791.97,148704.77,3,1,Germany,Male,0,1,1,0,0,0,0,0.07544735370809985,0,0,3
15688951,43,789,119654.44,148412.24,8,2,Germany,Male,1,0,1,0,0,0,0,0.07544797108050222,0,0,2
15767064,36,614,44054.84,73329.08,1,1,Spain,Female,1,1,0,0,0,0,0,0.07545926261902691,0,0,0
15787835,38,775,125212.65,15795.88,4,2,Germany,Female,1,1,1,0,0,0,0,0.0754634804815476,0,0,0
15607560,39,572,0.0,555.28,2,2,France,Female,1,1,0,0,0,0,0,0.07547193600468749,0,0,0
15657529,53,714,99141.86,72496.05,1,1,Germany,Male,1,1,1,0,0,0,0,0.075487351073521,0,0,3
15796336,34,786,0.0,117034.32,9,2,Spain,Female,0,1,0,0,0,0,0,0.07549460432207045,0,0,2
15661433,34,519,0.0,68479.6,5,1,France,Male,0,1,0,0,0,0,0,0.0754961556648383,0,0,0
15779103,39,527,96748.89,94711.43,9,2,Germany,Female,0,1,0,0,0,0,0,0.07549629348845543,0,0,2
15762682,35,709,111827.27,12674.68,1,2,Spain,Female,0,1,0,0,0,0,0,0.0755038107256108,0,0,0
15595135,29,778,123229.46,181221.09,7,1,Germany,Female,0,1,0,0,0,0,0,0.07550964308784924,0,0,1
15624471,37,850,0.0,109291.22,6,2,France,Male,0,1,0,0,0,0,0,0.07551554043573083,0,0,2
15768072,33,688,0.0,27557.18,2,1,Spain,Female,0,0,1,0,0,0,0,0.0755258144327614,0,0,0
15626135,34,689,165312.27,155495.63,1,1,France,Male,0,1,0,0,0,0,0,0.07552746964974211,0,0,0
15788448,31,490,145260.23,114066.77,3,1,Spain,Male,1,0,0,0,0,0,0,0.0755294117385033,0,0,0
15603565,56,603,90778.76,162223.67,5,2,Spain,Female,0,1,1,0,0,0,0,0.07556420319463286,0,0,3
15687310,39,783,0.0,143752.77,9,2,Spain,Male,0,1,0,0,0,0,0,0.07557738999675812,0,0,2
15781586,38,837,126732.85,79577.38,2,1,Germany,Male,1,1,0,0,0,0,0,0.07558004753276076,0,0,0
15770030,28,689,0.0,192449.02,3,2,Spain,Female,1,1,0,0,0,0,0,0.07558010616286864,0,0,1
15750056,29,702,149218.39,9633.01,6,1,France,Female,1,1,0,0,0,0,0,0.07558076006408382,0,0,1
15716449,33,527,132168.28,98734.15,9,1,Spain,Male,0,0,0,0,0,0,0,0.07560023646738778,0,0,2
15722813,30,470,125385.01,68293.93,4,1,Spain,Male,0,1,0,0,0,0,0,0.07562234618385466,0,0,1
15748123,20,613,0.0,149613.77,3,2,France,Male,1,1,0,0,0,0,0,0.07566105444190929,0,0,1
15590876,24,764,106234.02,115676.38,7,1,France,Female,0,0,0,0,0,0,0,0.07567050659630842,0,0,1
15582591,59,615,155766.05,110275.17,4,1,Spain,Male,1,1,0,0,0,0,0,0.07568371585854683,0,0,3
15579109,35,574,163856.76,15118.2,5,1,Germany,Male,1,1,0,0,0,0,0,0.07570964371285993,0,0,0
15565779,30,627,57809.32,188258.49,6,1,Germany,Female,0,1,0,0,0,0,0,0.07572150886522289,0,0,1
15654574,36,499,131142.53,174918.46,5,2,Germany,Male,0,1,0,0,0,0,0,0.07576042348403356,0,0,0
15777045,44,783,81811.71,164213.53,3,1,Spain,Female,0,1,1,0,0,0,0,0.07576388894264968,0,0,0
15763859,43,840,0.0,90908.95,7,2,France,Female,0,1,0,0,0,0,0,0.07578130415946921,0,0,2
15793331,32,812,133050.97,89385.92,5,2,France,Male,0,1,0,0,0,0,0,0.0757842518210094,0,0,2
15706223,38,715,96798.79,4554.67,2,2,Spain,Male,1,1,0,0,0,0,0,0.07583394619905187,0,0,0
15586029,34,806,96152.68,143711.02,2,2,Germany,Male,0,1,0,0,0,0,0,0.0758370870088863,0,0,0
15581237,33,573,160777.9,149536.15,1,1,Spain,Male,1,1,0,0,0,0,0,0.07584057488378082,0,0,0
15628697,46,631,160736.63,93503.02,9,1,Spain,Male,1,0,0,0,0,0,0,0.07585645384972373,0,0,2
15634245,47,758,95523.16,73294.48,9,1,Germany,Female,0,1,0,0,0,0,0,0.07586133139698265,0,0,2
15601796,30,645,125739.26,193441.23,1,1,France,Male,1,1,0,0,0,0,0,0.07587022811362848,0,0,1
15785367,56,651,0.0,84383.22,4,1,France,Female,0,0,1,0,0,0,0,0.07587094869063654,0,0,3
15710553,48,555,142055.41,79134.78,3,2,Germany,Male,1,0,0,0,0,0,0,0.07587415191729163,0,0,0
15774936,41,543,143350.41,192070.16,6,1,Germany,Male,1,1,1,0,0,0,0,0.07587446181732832,0,0,2
15634281,43,720,110822.9,72861.94,10,1,Germany,Female,0,0,0,0,0,0,0,0.07587534607943791,0,0,2
15771540,38,755,148912.44,80416.16,9,1,France,Male,0,1,0,0,0,0,0,0.0758836764592426,0,0,2
15768120,36,702,90560.48,174268.87,9,2,Germany,Male,0,1,0,0,0,0,0,0.07588892305119355,0,0,2
15707144,25,571,82506.72,167705.07,6,2,Germany,Male,0,1,0,0,0,0,0,0.07589571597641243,0,0,1
15691104,40,460,119507.58,91560.63,6,2,Germany,Female,0,1,1,0,0,0,0,0.07589787222465705,0,0,2
15741275,57,623,71481.79,84421.34,7,2,France,Female,1,1,0,0,0,0,0,0.07591211155771482,0,0,3
15592846,35,639,128173.9,59093.39,10,2,Germany,Male,0,1,0,0,0,0,0,0.0759268172514998,0,0,2
15596870,54,749,144768.94,93336.3,3,1,Germany,Male,0,1,1,0,0,0,0,0.07593458111437629,0,0,3
15627412,39,605,0.0,199390.45,3,2,France,Male,0,1,0,0,0,0,0,0.0759625516838851,0,0,0
15761076,41,507,58820.32,138536.09,3,2,France,Male,1,1,0,0,0,0,0,0.07596444816187198,0,0,0
15670584,31,646,0.0,170821.43,2,1,Spain,Male,1,1,1,0,0,0,0,0.07597348090436812,0,0,0
15677522,33,593,0.0,9984.4,1,2,France,Male,0,0,0,0,0,0,0,0.07597485855384234,0,0,0
15695872,30,712,89571.59,177613.19,1,1,France,Female,1,1,0,0,0,0,0,0.07597704323454751,0,0,1
15750649,44,744,0.0,189016.14,3,2,France,Female,1,1,0,0,0,0,0,0.07598941643092677,0,0,0
15675888,33,550,72788.03,103608.06,9,1,Spain,Female,1,1,0,0,0,0,0,0.07600063435245213,0,0,2
15568573,51,554,105701.91,179797.79,7,1,Germany,Female,1,0,1,0,0,0,0,0.07600188788907253,0,0,3
15574783,37,584,0.0,180363.56,1,2,France,Female,1,1,0,0,0,0,0,0.07602635416726339,0,0,0
15803764,28,561,0.0,7797.01,7,2,France,Male,0,1,0,0,0,0,0,0.07603356454004845,0,0,1
15588537,41,615,109013.23,196499.96,9,1,Spain,Female,0,1,0,0,0,0,0,0.07604265185928455,0,0,2
15607874,38,687,144450.58,137276.83,0,1,France,Male,1,0,0,0,0,0,0,0.07607324569117563,0,0,0
15720725,28,762,0.0,167909.52,2,2,France,Male,0,1,0,0,0,0,0,0.07607743037733655,0,0,1
15627251,34,520,134007.9,193209.11,4,1,France,Male,1,1,0,0,0,0,0,0.0761014206772273,0,0,0
15642098,36,622,108960.0,111180.3,0,2,Spain,Female,0,1,1,0,0,0,0,0.07610414572925772,0,0,0
15694510,45,725,129855.32,24218.65,1,1,France,Male,0,0,0,0,0,0,0,0.07611873712565698,0,0,0
15671243,47,558,0.0,103787.28,9,2,France,Female,0,1,0,0,0,0,0,0.07611879791912773,0,0,2
15704081,30,595,130682.11,57862.88,9,2,Germany,Male,1,1,0,0,0,0,0,0.07612493942190479,0,0,1
15593499,47,686,0.0,32080.69,6,1,Spain,Female,0,1,1,0,0,0,0,0.07615665384008297,0,0,2
15724543,61,597,0.0,81299.17,5,2,France,Male,1,1,0,0,0,0,0,0.07616279399806092,0,0,3
15788536,40,755,137430.82,176768.59,2,2,Germany,Male,0,0,0,0,0,0,0,0.076171147707009,0,0,0
15714227,53,672,0.0,136910.18,7,1,France,Female,1,1,0,0,0,0,0,0.07618413261022178,0,0,3
15613463,50,679,132598.38,184017.98,6,2,Germany,Female,1,1,0,0,0,0,0,0.07622383311614578,0,0,2
15583394,39,659,106259.63,198103.32,8,2,Germany,Male,1,1,0,0,0,0,0,0.0762279348339514,0,0,2
15617454,25,684,0.0,144978.47,1,2,France,Female,1,0,0,0,0,0,0,0.07623067185754889,0,0,1
15591915,39,533,0.0,73669.94,2,1,France,Female,1,0,1,0,0,0,0,0.07624958986624408,0,0,0
15757933,30,733,102452.71,21556.95,1,1,Germany,Female,0,1,0,0,0,0,0,0.07625887683492422,0,0,1
15628813,43,693,152341.55,9241.78,4,1,France,Female,0,1,0,0,0,0,0,0.0762598569826754,0,0,0
15699598,20,723,0.0,140385.33,4,2,France,Female,1,1,0,0,0,0,0,0.07627300905777429,0,0,1
15802585,41,634,68213.99,6382.46,8,1,France,Female,1,1,0,0,0,0,0,0.07628261026950023,0,0,2
15778838,38,783,114135.17,153269.98,9,1,France,Male,0,1,0,0,0,0,0,0.07628729883973007,0,0,2
15623277,30,696,0.0,196134.44,8,2,France,Female,1,1,0,0,0,0,0,0.07629579393488822,0,0,1
15607526,50,638,102645.48,168359.98,1,1,Germany,Male,0,1,1,0,0,0,0,0.07631395794172857,0,0,0
15641662,39,470,117469.91,63705.9,5,2,Germany,Male,0,0,0,0,0,0,0,0.076315559266323,0,0,0
15569430,36,704,175509.8,152039.67,2,2,Spain,Female,0,1,0,0,0,0,0,0.07632091647060851,0,0,0
15804201,42,457,126772.57,126106.4,4,1,Germany,Male,1,0,0,0,0,0,0,0.07633054420380209,0,0,0
15694518,36,624,0.0,111605.9,0,2,Spain,Female,0,1,0,0,0,0,0,0.07633165658697327,0,0,0
15721935,25,521,0.0,157878.67,7,2,France,Male,1,1,0,0,0,0,0,0.07633924708608508,0,0,1
15811127,35,521,96423.84,10488.44,6,1,France,Male,0,1,0,0,0,0,0,0.07635806759699415,0,0,2
15600813,50,717,90305.76,124626.57,9,1,France,Male,1,1,0,0,0,0,0,0.07637150849587115,0,0,2
15643575,36,757,65349.71,64539.64,1,1,Germany,Male,0,0,0,0,0,0,0,0.07637357452942933,0,0,0
15737404,31,731,132512.26,185466.85,1,1,France,Male,1,1,0,0,0,0,0,0.0763802808645771,0,0,0
15754713,31,685,135213.71,125777.28,10,1,Spain,Male,1,1,0,0,0,0,0,0.076410841728138,0,0,2
15574237,21,588,0.0,110114.19,8,2,France,Female,1,1,0,0,0,0,0,0.0764201662686439,0,0,1
15632275,29,718,0.0,126336.72,2,1,France,Male,0,1,0,0,0,0,0,0.07642190159159246,0,0,1
15716501,32,659,95377.13,187551.24,9,1,France,Male,1,0,0,0,0,0,0,0.076425590345087,0,0,2
15774133,35,706,178032.53,42181.68,8,1,France,Female,1,0,0,0,0,0,0,0.07644596260525072,0,0,2
15680278,42,661,75361.44,27608.12,9,1,Spain,Female,0,1,1,0,0,0,0,0.0764709959488995,0,0,2
15766289,47,751,142669.93,162760.96,5,2,France,Male,0,1,0,0,0,0,0,0.07650526371115723,0,0,2
15581968,33,745,0.0,174431.01,1,2,France,Female,1,1,0,0,0,0,0,0.0765197585595283,0,0,0
15620750,28,559,141099.43,15607.27,3,1,France,Male,1,1,0,0,0,0,0,0.07652125188212583,0,0,1
15676094,34,500,0.0,140268.45,6,1,France,Female,1,1,0,0,0,0,0,0.07652482938188437,0,0,2
15762045,37,474,142688.57,110953.33,5,2,Germany,Female,1,1,0,0,0,0,0,0.07654006337459462,0,0,0
15764293,33,490,0.0,80792.83,1,2,France,Male,1,1,0,0,0,0,0,0.07655854024804987,0,0,0
15578546,26,491,102251.14,145900.89,4,1,Germany,Male,1,1,0,0,0,0,0,0.07656438787371139,0,0,1
15649616,60,636,124447.73,141364.62,7,1,Spain,Male,1,1,1,0,0,0,0,0.07657601762204685,0,0,3
15747927,26,758,155739.76,171552.02,4,1,France,Male,0,1,0,0,0,0,0,0.07659132901578758,0,0,1
15795224,39,760,178585.46,67131.3,6,1,France,Male,0,1,1,0,0,0,0,0.07660480330841518,0,0,2
15756241,44,767,152509.25,136915.15,2,1,France,Female,1,1,0,0,0,0,0,0.0766332388044908,0,0,0
15575247,30,524,0.0,126812.85,1,2,France,Male,0,1,0,0,0,0,0,0.07668050320680714,0,0,1
15762228,35,506,110046.93,26318.73,6,2,Spain,Male,0,1,0,0,0,0,0,0.07671065683427908,0,0,2
15735719,40,790,0.0,70607.1,9,2,France,Female,1,1,0,0,0,0,0,0.0767404784746002,0,0,2
15751748,51,666,148222.65,156953.54,2,1,France,Male,0,0,1,0,0,0,0,0.07676179374534792,0,0,3
15581871,42,504,131287.36,149697.78,7,2,Germany,Male,1,1,0,0,0,0,0,0.07676770768764812,0,0,2
15784000,34,715,102277.52,177852.57,9,1,Germany,Female,0,0,1,0,0,0,0,0.07681920830477962,0,0,2
15769948,35,737,133377.8,64050.19,0,1,Germany,Male,1,0,0,0,0,0,0,0.07683485513032512,0,0,0
15729804,34,714,0.0,80234.14,10,2,France,Male,1,1,0,0,0,0,0,0.07683564385498887,0,0,2
15664547,37,760,0.0,32863.24,7,1,France,Male,0,0,1,0,0,0,0,0.07684186085724709,0,0,2
15698572,36,636,0.0,43134.58,1,1,Spain,Female,0,1,0,0,0,0,0,0.07685818573198427,0,0,0
15732102,27,656,150905.03,16998.72,3,2,Germany,Female,0,1,0,0,0,0,0,0.07686104587788273,0,0,1
15598275,32,709,0.0,199418.02,7,2,France,Female,1,1,0,0,0,0,0,0.07687739162001328,0,0,2
15643794,27,639,0.0,82938.99,2,1,Spain,Female,1,1,0,0,0,0,0,0.07688716187715827,0,0,1
15630704,32,612,106520.73,177092.16,9,2,Germany,Male,0,1,0,0,0,0,0,0.07688755298613026,0,0,2
15677049,25,595,106570.34,177025.79,7,2,Germany,Female,1,0,0,0,0,0,0,0.07690009156102279,0,0,1
15582246,45,737,0.0,177695.67,2,2,Spain,Female,1,0,0,0,0,0,0,0.07690949797593705,0,0,0
15699753,41,590,89086.31,24499.97,1,1,France,Male,0,1,0,0,0,0,0,0.07690975478357237,0,0,0
15793455,55,627,0.0,91943.94,6,1,Spain,Female,0,0,1,0,0,0,0,0.07692627780062306,0,0,3
15694160,37,624,0.0,112104.55,0,2,France,Male,0,0,0,0,0,0,0,0.07693470131453745,0,0,0
15605672,38,694,195926.39,85522.84,5,1,France,Female,1,1,0,0,0,0,0,0.07694236562424706,0,0,2
15588933,36,825,146053.66,138344.7,3,1,France,Female,1,1,0,0,0,0,0,0.07694797553656385,0,0,0
15738672,40,737,162485.8,149381.32,2,2,Germany,Female,0,1,0,0,0,0,0,0.07696981697494465,0,0,0
15588186,45,520,107023.03,32903.93,7,1,Spain,Male,0,1,0,0,0,0,0,0.07697794630926824,0,0,2
15702788,40,775,126212.64,70196.57,9,1,France,Male,0,1,0,0,0,0,0,0.07698930430723833,0,0,2
15720134,30,709,115479.48,134732.99,9,2,Germany,Male,1,1,0,0,0,0,0,0.07699217320903129,0,0,1
15571476,38,635,103257.14,158344.63,0,1,Spain,Male,0,0,0,0,0,0,0,0.07699461490063053,0,0,0
15596405,25,546,127728.24,105279.74,7,2,Spain,Male,1,1,0,0,0,0,0,0.07699792094394131,0,0,1
15789753,40,480,148790.61,79329.7,6,1,France,Male,1,0,0,0,0,0,0,0.0770021978901253,0,0,2
15681196,35,629,172170.36,159777.37,1,1,France,Male,1,1,0,0,0,0,0,0.07702108858907014,0,0,0
15797910,51,775,123783.25,134901.57,2,1,Germany,Male,1,1,0,0,0,0,0,0.07703971107348911,0,0,3
15660271,26,688,146133.39,175296.76,8,1,Germany,Male,1,1,0,0,0,0,0,0.07705246742545696,0,0,1
15659092,50,621,0.0,191756.54,5,2,France,Female,0,1,1,0,0,0,0,0.07706692252338909,0,0,0
15749130,27,621,74298.43,52581.96,1,1,Germany,Male,1,1,0,0,0,0,0,0.07708222018057753,0,0,1
15778005,39,785,130147.98,163798.41,1,1,France,Female,0,1,1,0,0,0,0,0.0770847053558616,0,0,0
15733842,24,597,103219.47,60420.07,1,1,France,Female,0,1,0,0,0,0,0,0.07708620538164251,0,0,1
15624293,46,514,106511.85,55072.32,3,1,France,Female,0,1,0,0,0,0,0,0.07709473239517212,0,0,0
15569807,34,673,42157.08,20598.59,8,1,France,Female,0,1,1,0,0,0,0,0.07712030643012069,0,0,2
15746902,38,793,0.0,88225.02,9,2,Spain,Male,0,1,0,0,0,0,0,0.07713222988734891,0,0,2
15746422,38,636,0.0,45015.38,1,1,France,Female,0,1,0,0,0,0,0,0.07713360468514918,0,0,0
15649033,55,603,127723.25,139469.11,7,2,Germany,Female,0,1,1,0,0,0,0,0.07713926390643966,0,0,3
15662976,37,637,0.0,186062.36,8,1,Spain,Male,1,1,0,0,0,0,0,0.07714330228423638,0,0,2
15735968,41,605,0.0,97213.09,10,2,France,Male,1,0,0,0,0,0,0,0.0771449658604354,0,0,2
15717700,34,683,114609.55,25339.29,9,2,Spain,Male,1,0,0,0,0,0,0,0.077151008068636,0,0,2
15690796,37,516,0.0,101834.58,8,1,France,Male,0,1,0,0,0,0,0,0.07715940931121257,0,0,2
15628950,25,501,104013.79,114774.35,6,1,Germany,Male,0,1,0,0,0,0,0,0.07719616311479938,0,0,1
15814468,50,551,121399.98,84508.44,1,1,Germany,Male,1,0,1,0,0,0,0,0.07720175773449589,0,0,0
15582910,38,514,112230.38,16717.11,4,1,France,Male,0,1,1,0,0,0,0,0.07720691478020902,0,0,0
15603135,59,634,95727.05,97939.4,3,1,Germany,Female,0,0,1,0,0,0,0,0.07722685015273795,0,0,3
15779985,37,750,133199.71,27366.77,1,2,Germany,Female,1,1,0,0,0,0,0,0.07723187059907566,0,0,0
15693902,19,597,0.0,91036.74,2,2,France,Male,1,1,0,0,0,0,0,0.07723505816210413,0,0,1
15615020,41,595,150463.11,81548.38,9,2,Germany,Female,1,0,0,0,0,0,0,0.07724984506581722,0,0,2
15677369,37,554,58629.97,182038.6,4,1,Germany,Female,0,0,0,0,0,0,0,0.07725812758932155,0,0,0
15695225,38,834,0.0,66485.26,8,2,Spain,Male,1,1,0,0,0,0,0,0.07726009587319482,0,0,2
15642912,21,618,125682.79,57762.0,2,1,France,Female,0,0,0,0,0,0,0,0.07727984805826343,0,0,1
15606849,27,698,94920.71,40339.9,1,1,France,Female,1,1,0,0,0,0,0,0.07731395922854106,0,0,1
15724536,28,560,0.0,120880.72,1,2,Spain,Female,1,1,0,0,0,0,0,0.07731515975245823,0,0,1
15719898,36,556,154872.08,32044.64,7,2,France,Male,1,1,0,0,0,0,0,0.0773251874050559,0,0,2
15777614,44,545,0.0,82614.89,1,2,Spain,Female,1,1,0,0,0,0,0,0.0773613617458126,0,0,0
15653849,48,572,152827.99,38411.79,3,1,Germany,Female,0,1,1,0,0,0,0,0.07738971800603245,0,0,0
15711991,30,615,0.0,3183.15,8,2,France,Male,0,0,0,0,0,0,0,0.07739633795251433,0,0,1
15759184,34,705,117715.84,2498.67,7,1,France,Male,0,1,0,0,0,0,0,0.07739877791032052,0,0,2
15774328,40,606,144757.97,166656.18,1,2,Germany,Male,1,1,0,0,0,0,0,0.07740643392798291,0,0,0
15710527,35,782,0.0,119565.34,4,1,France,Female,1,1,0,0,0,0,0,0.07740962736051926,0,0,0
15726310,27,782,0.0,143614.01,3,2,Spain,Female,0,1,0,0,0,0,0,0.07741549872275966,0,0,1
15803456,40,641,0.0,151648.66,9,1,France,Female,0,0,1,0,0,0,0,0.07744453018714348,0,0,2
15609521,34,803,142929.16,114869.56,4,2,Germany,Male,1,1,0,0,0,0,0,0.07747258339723151,0,0,0
15726178,48,712,0.0,183235.33,8,2,Spain,Female,0,1,0,0,0,0,0,0.07748552293020283,0,0,2
15630106,29,496,0.0,55389.59,2,2,Spain,Male,0,1,0,0,0,0,0,0.07749537274621032,0,0,1
15706005,46,674,174701.05,90189.72,2,1,France,Male,0,1,1,0,0,0,0,0.07750041634454707,0,0,0
15572050,48,768,122831.58,24533.89,3,1,Germany,Male,1,1,1,0,0,0,0,0.07750184562478107,0,0,0
15596136,36,637,166939.88,72504.76,9,1,France,Female,1,1,0,0,0,0,0,0.07751587094858059,0,0,2
15648178,23,630,137964.51,174570.55,4,1,Germany,Female,1,0,0,0,0,0,0,0.0775359201053798,0,0,1
15747591,40,665,173432.55,116766.79,1,1,Spain,Female,1,0,0,0,0,0,0,0.07754241617161406,0,0,0
15585379,39,704,111525.02,199484.96,2,1,France,Male,0,1,0,0,0,0,0,0.07754575273182673,0,0,0
15618695,22,571,108117.1,53328.7,3,1,Spain,Female,1,0,0,0,0,0,0,0.0775468384428381,0,0,1
15566269,25,787,0.0,47307.9,5,2,France,Male,0,1,0,0,0,0,0,0.07756499787838284,0,0,1
15643824,33,637,132255.99,74588.41,0,2,France,Male,1,0,0,0,0,0,0,0.07758434870274966,0,0,0
15679622,35,602,0.0,22499.29,8,1,France,Male,1,1,0,0,0,0,0,0.07758791440187479,0,0,2
15616221,29,497,85646.81,63233.02,4,1,France,Female,0,0,1,0,0,0,0,0.07759733992037349,0,0,1
15692931,22,670,114991.45,37392.56,2,1,France,Male,1,1,0,0,0,0,0,0.07760132171197975,0,0,1
15790750,36,592,123187.51,146111.35,10,1,Germany,Male,1,0,0,0,0,0,0,0.07760177412620173,0,0,2
15656726,32,771,62321.62,40920.59,5,1,France,Male,1,1,0,0,0,0,0,0.07761140649916709,0,0,2
15703437,34,726,0.0,196288.46,3,2,France,Male,0,1,0,0,0,0,0,0.07761304694687582,0,0,0
15656086,54,542,105770.14,140929.98,8,1,Spain,Male,1,0,1,0,0,0,0,0.07762698076895597,0,0,3
15575691,58,689,0.0,49848.86,5,2,France,Female,1,0,0,0,0,0,0,0.07766412239630749,0,0,3
15711635,42,788,138650.49,64746.07,6,2,Germany,Female,0,1,0,0,0,0,0,0.0776645195109647,0,0,2
15583353,45,610,0.0,38276.84,3,1,Spain,Female,0,1,1,0,0,0,0,0.0776922838114723,0,0,0
15670029,33,445,0.0,122625.68,7,2,France,Female,0,1,0,0,0,0,0,0.07770212444852986,0,0,2
15623566,40,714,46520.69,96687.25,9,1,France,Male,1,1,0,0,0,0,0,0.07770360389422337,0,0,2
15585066,43,660,0.0,112026.1,1,1,France,Female,1,0,1,0,0,0,0,0.07771244652314135,0,0,0
15628319,28,792,130142.79,38190.78,4,1,France,Female,0,1,0,0,0,0,0,0.07771637044860347,0,0,1
15721937,38,686,138131.34,115927.85,0,1,France,Male,1,0,0,0,0,0,0,0.07772460892772037,0,0,0
15712777,38,482,124976.19,35848.12,4,1,France,Male,0,1,0,0,0,0,0,0.0777293632776409,0,0,0
15685245,56,608,0.0,153810.41,5,2,Spain,Female,1,0,0,0,0,0,0,0.07773820602494641,0,0,3
15589428,42,756,0.0,35673.42,9,2,France,Female,0,1,0,0,0,0,0,0.07774560985836049,0,0,2
15598162,39,754,160761.41,24156.03,3,1,Germany,Female,1,1,0,0,0,0,0,0.07777428917718993,0,0,0
15774393,30,694,0.0,26960.31,9,2,France,Female,1,1,0,0,0,0,0,0.07777902495080041,0,0,1
15773591,46,787,117685.31,93360.35,7,2,France,Male,1,1,0,0,0,0,0,0.07778532455692466,0,0,2
15621083,57,698,136325.48,72549.27,6,2,France,Male,1,1,1,0,0,0,0,0.07778658216092926,0,0,3
15679733,40,796,113228.38,46415.09,2,2,Germany,Male,1,1,0,0,0,0,0,0.07778912906212765,0,0,0
15595713,33,548,0.0,31728.35,6,1,Spain,Male,1,1,0,0,0,0,0,0.07779184755105795,0,0,2
15620981,48,684,73309.38,21228.34,3,1,France,Female,0,0,1,0,0,0,0,0.07779467648852673,0,0,0
15614220,22,750,0.0,105125.65,5,2,France,Male,1,0,0,0,0,0,0,0.0778056895599975,0,0,1
15681068,45,796,109730.22,123882.73,2,1,France,Female,1,1,0,0,0,0,0,0.07780919099655248,0,0,0
15653572,43,673,127132.96,6009.27,8,1,Spain,Male,1,0,1,0,0,0,0,0.07781220455498966,0,0,2
15759250,51,745,99183.9,28922.25,3,1,Germany,Male,1,1,0,0,0,0,0,0.07781904185566474,0,0,3
15691840,37,505,159863.9,125307.87,6,2,Germany,Female,1,0,0,0,0,0,0,0.07784250975453583,0,0,2
15651958,27,756,0.0,157932.75,8,2,France,Male,1,1,0,0,0,0,0,0.07784673048785573,0,0,1
15773487,31,634,76798.92,196021.73,8,1,Germany,Female,0,0,0,0,0,0,0,0.07784955266763605,0,0,2
15641629,38,537,0.0,41233.97,1,2,Spain,Female,1,0,0,0,0,0,0,0.07788876253550686,0,0,0
15767781,38,648,82697.28,74846.67,10,1,France,Male,0,1,0,0,0,0,0,0.07789383150150075,0,0,2
15724099,26,674,166257.96,149369.41,6,1,France,Male,1,1,0,0,0,0,0,0.07789429005793475,0,0,1
15586993,56,655,0.0,41782.7,5,2,Spain,Female,1,1,0,0,0,0,0,0.07789781526960726,0,0,3
15748589,30,736,0.0,34180.33,9,2,France,Female,0,1,0,0,0,0,0,0.07790201847422396,0,0,1
15737542,36,611,103294.56,160548.12,10,1,Germany,Female,0,1,0,0,0,0,0,0.07790842464037306,0,0,2
15760873,50,594,81310.34,183868.01,7,1,France,Male,1,1,0,0,0,0,0,0.07793220385537908,0,0,2
15789201,35,603,145623.36,163181.62,9,1,Germany,Female,0,1,0,0,0,0,0,0.07793806773230139,0,0,2
15688251,43,767,76408.85,77837.63,1,2,France,Male,0,1,0,0,0,0,0,0.07794266737532352,0,0,0
15666675,39,753,155062.8,16460.77,7,1,France,Female,1,1,0,0,0,0,0,0.0779497423671135,0,0,2
15639882,30,528,128262.72,50771.16,2,2,France,Male,0,1,0,0,0,0,0,0.07796251559022654,0,0,1
15711457,28,755,124540.28,188850.89,7,1,France,Female,1,0,0,0,0,0,0,0.07798195036454714,0,0,1
15596808,33,679,96110.22,1173.23,4,1,Spain,Male,0,1,0,0,0,0,0,0.07799654240865839,0,0,0
15776827,37,770,141547.26,180326.83,5,2,Germany,Male,1,0,0,0,0,0,0,0.07800220225600801,0,0,2
15807961,25,619,0.0,145524.36,4,1,France,Male,0,1,0,0,0,0,0,0.07800261006947867,0,0,1
15655961,27,756,131899.0,93302.29,1,1,Germany,Male,0,1,0,0,0,0,0,0.07801040585675223,0,0,1
15776096,34,606,161572.24,191076.22,3,1,Spain,Male,1,0,0,0,0,0,0,0.07801439057246484,0,0,0
15621870,40,739,0.0,167030.51,8,1,Spain,Female,0,1,0,0,0,0,0,0.0780442855337285,0,0,2
15645095,28,674,0.0,51536.99,3,1,France,Female,0,1,0,0,0,0,0,0.0780668686911467,0,0,1
15785183,29,596,0.0,1591.19,2,2,Spain,Male,1,1,0,0,0,0,0,0.07807416202295742,0,0,1
15639530,42,679,0.0,168294.27,2,1,Spain,Male,1,1,0,0,0,0,0,0.07808064956601896,0,0,0
15662494,43,773,138150.57,177357.16,7,1,Spain,Male,1,1,0,0,0,0,0,0.07810965593193714,0,0,2
15746704,30,638,136808.53,106642.97,9,2,Spain,Male,1,1,0,0,0,0,0,0.07811249280252142,0,0,1
15690664,37,729,0.0,100862.54,10,2,Spain,Male,0,1,0,0,0,0,0,0.07812895421268223,0,0,2
15646632,38,741,0.0,14379.01,9,2,France,Male,0,1,0,0,0,0,0,0.07815361935317877,0,0,2
15700083,39,609,139443.75,9234.06,2,2,Spain,Male,0,1,0,0,0,0,0,0.07817907515656619,0,0,0
15576156,28,710,0.0,48426.98,6,1,Spain,Female,0,1,0,0,0,0,0,0.07819467699046145,0,0,1
15574372,35,738,161274.05,181429.87,5,2,France,Male,0,1,0,0,0,0,0,0.07820439022888415,0,0,2
15764343,46,688,155681.72,26287.21,8,1,Spain,Female,0,1,0,0,0,0,0,0.0782082217871991,0,0,2
15774155,33,662,103471.52,162703.0,0,1,Germany,Male,1,1,0,0,0,0,0,0.0782092352291775,0,0,0
15760063,23,595,0.0,168085.97,7,2,Spain,Male,1,1,0,0,0,0,0,0.07821911326422681,0,0,1
15617320,46,693,151709.33,180736.24,3,1,Spain,Female,0,1,0,0,0,0,0,0.07822207370170137,0,0,0
15601589,57,675,0.0,95463.29,8,2,France,Female,1,0,0,0,0,0,0,0.07823212638891203,0,0,3
15774872,36,663,0.0,136349.55,10,2,France,Male,0,1,0,0,0,0,0,0.07826443088548324,0,0,2
15806081,48,608,127924.25,32202.61,2,2,Germany,Female,0,1,0,0,0,0,0,0.07827281787275298,0,0,0
15746662,27,568,116320.68,45563.94,1,1,Spain,Female,1,0,0,0,0,0,0,0.07827417878491255,0,0,1
15604217,34,726,0.0,14121.61,9,2,France,Male,0,0,0,0,0,0,0,0.07828106405084378,0,0,2
15729975,46,613,167795.6,44390.38,8,1,France,Female,1,0,0,0,0,0,0,0.07828336787901125,0,0,2
15711901,45,500,109162.82,126145.08,2,1,France,Male,1,1,0,0,0,0,0,0.07828418028967338,0,0,0
15571940,22,579,118680.57,49829.8,3,1,Spain,Male,1,1,0,0,0,0,0,0.07828774733015881,0,0,1
15587133,42,518,151027.05,119377.36,7,2,France,Male,0,1,0,0,0,0,0,0.07828841242327145,0,0,2
15629617,23,572,126873.52,67040.12,2,1,Spain,Male,1,0,0,0,0,0,0,0.07828853131924146,0,0,1
15656912,51,649,0.0,150390.57,4,1,Spain,Male,1,1,0,0,0,0,0,0.07828951285926083,0,0,3
15708650,31,727,52192.08,160383.47,2,2,France,Female,1,0,0,0,0,0,0,0.07829493903879797,0,0,0
15725024,33,805,105663.56,33330.89,3,2,Germany,Female,1,0,0,0,0,0,0,0.07829724656032927,0,0,0
15679148,44,508,115451.05,67234.33,3,2,France,Male,0,0,0,0,0,0,0,0.07830326647722985,0,0,0
15637178,45,803,0.0,128378.04,7,2,Spain,Female,1,1,0,0,0,0,0,0.07832095621668855,0,0,2
15746028,24,714,0.0,166335.0,7,2,France,Female,0,1,0,0,0,0,0,0.07832165007681002,0,0,1
15786237,28,651,0.0,823.96,7,2,France,Male,0,1,0,0,0,0,0,0.0783329441221221,0,0,1
15755242,46,682,0.0,114442.66,2,1,France,Female,1,1,0,0,0,0,0,0.07834351364861569,0,0,0
15657439,18,738,0.0,47799.15,4,2,France,Male,1,1,0,0,0,0,0,0.07835570205957809,0,0,1
15709016,47,687,91219.29,158845.49,1,1,Germany,Female,0,0,1,0,0,0,0,0.07835711384044242,0,0,0
15671390,36,690,0.0,55902.93,10,2,Spain,Male,0,1,0,0,0,0,0,0.0783575553514943,0,0,2
15769216,43,601,0.0,49713.87,2,1,France,Female,0,1,1,0,0,0,0,0.0784179698089364,0,0,0
15578648,49,543,59532.18,104253.56,6,1,Germany,Male,0,1,0,0,0,0,0,0.07842199143867107,0,0,2
15718667,35,621,87619.29,143.34,7,1,France,Male,0,1,0,0,0,0,0,0.07842477404708226,0,0,2
15573628,51,751,148074.79,146411.41,7,1,Germany,Female,0,1,1,0,0,0,0,0.07843846059763321,0,0,3
15678720,44,741,0.0,190534.76,7,2,France,Female,1,1,0,0,0,0,0,0.07845780747336845,0,0,2
15698732,51,789,104677.09,74265.38,3,1,Germany,Male,0,1,0,0,0,0,0,0.07846581515841178,0,0,3
15601387,35,721,0.0,71594.26,10,2,France,Male,0,1,0,0,0,0,0,0.0785030331330746,0,0,2
15609643,32,752,115587.49,101677.46,9,2,Germany,Male,1,0,0,0,0,0,0,0.07852016132409767,0,0,2
15709232,47,586,157099.47,65481.86,5,2,Germany,Female,1,1,0,0,0,0,0,0.07853700383780288,0,0,0
15807473,38,503,0.0,95153.24,1,2,France,Male,1,1,0,0,0,0,0,0.07854538060404148,0,0,0
15792818,29,499,148051.52,118623.94,6,1,Germany,Female,0,1,0,0,0,0,0,0.07854632790953231,0,0,1
15607098,41,747,94521.17,194926.86,5,2,Spain,Female,0,1,0,0,0,0,0,0.07854872061085738,0,0,2
15792329,37,494,107106.33,172063.09,5,2,Germany,Male,0,1,0,0,0,0,0,0.07855008033935063,0,0,0
15586970,52,695,103023.26,22485.64,8,1,Germany,Male,1,1,0,0,0,0,0,0.07856199668284258,0,0,3
15636089,51,678,145751.03,109718.44,1,1,Germany,Female,0,0,1,0,0,0,0,0.07856396611300542,0,0,3
15703482,34,710,134260.36,147074.67,9,2,Germany,Male,0,1,0,0,0,0,0,0.07856774542502099,0,0,2
15623499,49,548,108437.89,127022.87,9,1,Germany,Male,0,0,1,0,0,0,0,0.07857897414513598,0,0,2
15593014,33,525,112833.35,175178.56,1,1,France,Male,1,0,0,0,0,0,0,0.078594796300608,0,0,0
15780362,49,607,119960.29,103068.22,9,2,France,Female,0,1,0,0,0,0,0,0.07860367337421709,0,0,2
15657317,32,789,69423.52,107499.39,7,1,France,Female,0,1,0,0,0,0,0,0.07860391471244244,0,0,2
15775703,26,702,71281.29,108747.12,2,1,France,Male,1,1,1,0,0,0,0,0.07861696062828344,0,0,1
15686696,37,817,81070.34,80985.88,6,2,France,Female,0,1,0,0,0,0,0,0.07861784924749932,0,0,2
15742229,59,583,127450.14,67552.71,7,1,France,Male,1,0,0,0,0,0,0,0.07862203814885538,0,0,3
15797293,25,677,0.0,179608.96,3,2,France,Female,0,1,0,0,0,0,0,0.0786466108126655,0,0,1
15794101,48,559,0.0,137961.41,2,2,France,Female,1,0,0,0,0,0,0,0.07864701644739663,0,0,0
15587581,33,785,136624.6,169117.74,5,2,Germany,Female,1,1,0,0,0,0,0,0.07864830759497371,0,0,2
15705009,56,649,156974.26,89405.26,8,1,France,Female,0,1,1,0,0,0,0,0.07867072223398419,0,0,3
15607347,22,734,130056.23,121894.31,5,1,France,Male,0,0,1,0,0,0,0,0.07868850232283342,0,0,1
15749905,47,698,0.0,50213.81,6,1,Spain,Female,0,1,1,0,0,0,0,0.07869559213151472,0,0,2
15775082,42,749,129776.72,143538.51,1,2,France,Male,1,0,0,0,0,0,0,0.07873241007122805,0,0,0
15595162,35,708,122570.69,199005.88,8,1,Spain,Female,0,0,0,0,0,0,0,0.07873952113270716,0,0,2
15748660,49,561,102025.32,133051.64,1,1,Germany,Female,0,1,1,0,0,0,0,0.07874655651437168,0,0,0
15610765,29,559,0.0,155639.76,1,2,France,Male,0,0,0,0,0,0,0,0.07876764970719147,0,0,1
15652658,36,721,155176.83,49653.37,1,2,France,Male,1,1,0,0,0,0,0,0.0787741186628349,0,0,0
15765322,23,755,84284.48,62851.6,5,2,France,Male,1,1,0,0,0,0,0,0.07878066656081312,0,0,1
15774402,36,562,0.0,182843.24,5,1,Spain,Male,1,0,0,0,0,0,0,0.07880279992038408,0,0,0
15760102,36,551,0.0,183479.12,5,1,France,Female,0,1,0,0,0,0,0,0.07880756116400989,0,0,0
15572390,39,850,0.0,103921.43,6,2,Spain,Female,0,1,0,0,0,0,0,0.07880807449072069,0,0,2
15589544,57,673,0.0,49684.09,4,2,Spain,Female,1,1,0,0,0,0,0,0.07881496187385323,0,0,3
15662736,49,559,147069.78,120540.83,2,1,France,Male,0,1,1,0,0,0,0,0.07883434801117944,0,0,0
15697510,52,707,0.0,109688.82,7,1,Spain,Female,0,1,1,0,0,0,0,0.07883967368655903,0,0,3
15733476,30,543,73481.05,176692.65,6,1,Germany,Male,1,1,0,0,0,0,0,0.07885030440226315,0,0,1
15659325,40,802,0.0,175043.69,5,2,Spain,Male,1,1,0,0,0,0,0,0.07885556435863689,0,0,2
15704763,39,523,143903.11,118711.75,1,1,Germany,Female,1,1,1,0,0,0,0,0.07887240172259485,0,0,0
15726589,39,540,82531.11,114092.52,1,1,Germany,Male,0,1,0,0,0,0,0,0.07890322263712507,0,0,0
15765537,26,687,142721.52,153605.75,2,1,Germany,Male,1,1,0,0,0,0,0,0.07892209159031255,0,0,1
15593501,36,493,148667.81,56092.51,5,2,France,Female,0,1,0,0,0,0,0,0.07893055664972659,0,0,0
15665378,46,499,0.0,73457.55,6,2,France,Female,0,1,0,0,0,0,0,0.07893834086238616,0,0,2
15674551,40,535,111756.5,8128.32,7,1,Germany,Male,0,1,1,0,0,0,0,0.07894274252384731,0,0,2
15789714,21,691,103000.94,104648.58,3,1,Spain,Male,1,1,0,0,0,0,0,0.07895561906830284,0,0,1
15803682,37,651,117791.06,75837.58,10,2,Germany,Female,1,1,0,0,0,0,0,0.07895754973121272,0,0,2
15662758,41,620,97925.11,85000.32,0,1,France,Male,0,1,0,0,0,0,0,0.07896992209472925,0,0,0
15799859,50,704,165438.26,120770.75,4,1,France,Male,0,1,1,0,0,0,0,0.07898539297233587,0,0,0
15640635,29,769,0.0,172290.61,8,2,France,Male,1,1,0,0,0,0,0,0.07900807618359373,0,0,1
15773260,32,590,127763.24,100717.54,0,1,France,Female,0,1,0,0,0,0,0,0.07901362119609395,0,0,0
15707199,36,643,148159.71,55835.66,0,1,France,Male,0,0,0,0,0,0,0,0.07902701327285305,0,0,0
15593331,25,693,146580.69,14633.35,6,1,Germany,Male,1,0,0,0,0,0,0,0.07904162236719642,0,0,1
15659656,35,849,110837.73,126419.8,4,1,France,Male,0,0,0,0,0,0,0,0.07904955269520786,0,0,0
15681697,31,508,72541.48,129803.08,8,1,France,Male,0,1,0,0,0,0,0,0.07905028621078514,0,0,2
15627328,26,542,0.0,54869.54,2,2,Spain,Female,1,1,0,0,0,0,0,0.07906111221397222,0,0,1
15675964,45,672,0.0,92027.69,9,1,France,Female,1,1,1,0,0,0,0,0.07908157659030318,0,0,2
15768471,54,554,108755.0,40914.32,6,1,Germany,Female,0,1,1,0,0,0,0,0.07911994309511022,0,0,3
15766649,38,670,89416.99,144275.39,10,1,France,Male,0,0,0,0,0,0,0,0.07912339453435108,0,0,2
15763980,30,632,58668.02,78670.52,1,1,Germany,Male,1,1,0,0,0,0,0,0.0791237746988227,0,0,1
15603203,27,650,0.0,1002.39,6,2,France,Female,0,1,0,0,0,0,0,0.07912539860407436,0,0,1
15710671,34,786,137361.96,183682.09,3,1,France,Male,0,0,0,0,0,0,0,0.07912972010528974,0,0,0
15738220,38,800,0.0,51553.43,1,2,Spain,Male,0,1,0,0,0,0,0,0.07913575004258133,0,0,0
15683625,37,703,149762.08,20629.4,1,1,France,Male,0,1,1,0,0,0,0,0.079149281490282,0,0,0
15594917,34,676,63095.01,40645.81,1,1,France,Female,1,1,0,0,0,0,0,0.07916023438937747,0,0,0
15665129,33,545,132527.9,107429.71,1,2,Germany,Male,1,0,0,0,0,0,0,0.07917091853023905,0,0,0
15686957,35,553,158584.28,43640.16,2,2,Germany,Male,0,1,0,0,0,0,0,0.07917474389490414,0,0,0
15679963,43,737,96353.8,10209.8,8,1,Germany,Male,0,0,0,0,0,0,0,0.07917822171963118,0,0,2
15730793,54,699,111009.32,155905.79,3,1,Germany,Female,1,1,1,0,0,0,0,0.07919579798855986,0,0,3
15624595,35,512,124580.69,18785.48,5,1,Spain,Female,1,1,0,0,0,0,0,0.07920015256498042,0,0,0
15611315,23,708,71433.08,103697.57,4,1,Germany,Female,0,1,0,0,0,0,0,0.07921426496304257,0,0,1
15813192,25,494,0.0,109988.09,6,2,France,Male,1,0,0,0,0,0,0,0.0792250070095944,0,0,1
15607395,33,679,112528.65,177362.45,9,2,France,Female,0,1,0,0,0,0,0,0.0792269444568045,0,0,2
15705085,29,670,0.0,27359.19,9,2,Spain,Female,0,1,0,0,0,0,0,0.07923174814187389,0,0,1
15625759,30,729,0.0,151869.35,9,2,France,Male,0,1,0,0,0,0,0,0.07923397475138866,0,0,1
15795737,47,771,72664.0,107874.39,3,2,Spain,Female,1,1,0,0,0,0,0,0.07925424225401445,0,0,0
15642619,46,603,0.0,174478.54,2,2,Spain,Male,0,1,0,0,0,0,0,0.0792827060141621,0,0,0
15722479,37,707,0.0,6035.51,1,2,France,Male,1,0,0,0,0,0,0,0.07928420102509814,0,0,0
15802071,35,762,117458.51,178361.48,1,1,Germany,Male,1,0,1,0,0,0,0,0.07929283436904289,0,0,0
15667588,40,670,0.0,182650.15,3,1,Spain,Female,1,1,0,0,0,0,0,0.0792982466386778,0,0,0
15701175,33,493,90791.69,59659.53,8,1,France,Female,1,1,0,0,0,0,0,0.07930221927081044,0,0,2
15765415,45,609,89122.3,199256.98,4,1,Spain,Female,1,1,0,0,0,0,0,0.07931196110675964,0,0,0
15590146,50,630,81947.76,63606.22,1,1,France,Male,1,0,1,0,0,0,0,0.07932288628396345,0,0,0
15736769,27,663,0.0,150850.29,9,2,France,Female,0,1,0,0,0,0,0,0.07934602710376937,0,0,1
15636872,32,585,144705.87,171482.56,8,2,France,Female,0,0,0,0,0,0,0,0.07936186269120682,0,0,2
15578073,22,686,0.0,142331.85,8,2,Spain,Male,0,0,0,0,0,0,0,0.07937216212541609,0,0,1
15691875,39,850,114491.82,99689.48,5,1,Germany,Female,0,1,0,0,0,0,0,0.07938001964699265,0,0,2
15706128,21,632,0.0,84008.66,1,2,France,Female,0,1,0,0,0,0,0,0.07938417385220486,0,0,1
15705899,35,597,127510.99,155356.34,0,1,Spain,Male,1,1,0,0,0,0,0,0.07939531804452937,0,0,0
15637366,25,505,114268.85,126728.27,5,2,Germany,Female,1,1,0,0,0,0,0,0.07940888593114953,0,0,1
15722993,27,700,137963.07,8996.79,6,1,France,Female,0,0,0,0,0,0,0,0.07945647500348463,0,0,1
15691287,33,675,141816.25,64815.05,0,1,Germany,Female,0,1,1,0,0,0,0,0.079483414628437,0,0,0
15785042,31,488,97588.6,124210.53,8,1,France,Female,0,0,0,0,0,0,0,0.07948617524010326,0,0,2
15583076,41,588,106116.56,198766.61,6,2,Germany,Male,0,1,0,0,0,0,0,0.07948948516518622,0,0,2
15676810,31,561,81480.27,65234.6,1,2,France,Female,1,1,0,0,0,0,0,0.07950555928726505,0,0,0
15585455,28,630,0.0,32599.35,9,2,France,Male,0,0,0,0,0,0,0,0.07951161270995172,0,0,1
15786389,41,635,0.0,61994.2,10,2,Spain,Female,1,1,0,0,0,0,0,0.07951177313455199,0,0,2
15657284,47,674,106901.94,2079.2,6,1,Germany,Male,1,1,1,0,0,0,0,0.07952846539413838,0,0,2
15646558,51,611,122874.74,149648.45,1,1,Spain,Male,1,1,0,0,0,0,0,0.07953132769966714,0,0,3
15697201,46,640,0.0,156260.08,3,1,Spain,Female,1,1,0,0,0,0,0,0.07953917950756184,0,0,0
15584967,57,596,0.0,72402.0,6,2,Spain,Male,1,1,0,0,0,0,0,0.0795817857416688,0,0,3
15596972,38,534,0.0,143938.27,3,1,France,Male,0,0,0,0,0,0,0,0.07958544517890515,0,0,0
15676091,42,543,0.0,56650.47,7,1,France,Male,1,1,0,0,0,0,0,0.07959196003602126,0,0,2
15583736,36,829,81795.74,90106.94,4,2,Germany,Male,0,1,0,0,0,0,0,0.07959860254096418,0,0,0
15733964,53,606,109330.06,75860.01,1,1,Spain,Female,1,1,0,0,0,0,0,0.07962093751388866,0,0,3
15643574,26,682,0.0,178373.43,8,2,France,Male,0,1,0,0,0,0,0,0.07962596024193008,0,0,1
15629273,42,638,145177.84,193471.74,8,1,Germany,Male,0,1,1,0,0,0,0,0.0796589343715291,0,0,2
15587562,29,484,130114.39,164017.89,4,1,France,Female,0,1,0,0,0,0,0,0.07966135668068758,0,0,1
15683403,52,611,0.0,73585.18,7,1,Spain,Male,1,0,1,0,0,0,0,0.07966531150057565,0,0,3
15565701,39,698,161993.89,90212.38,9,1,Spain,Female,0,0,0,0,0,0,0,0.07966598990466744,0,0,2
15601008,33,802,0.0,143706.18,8,2,France,Male,0,1,0,0,0,0,0,0.07968439621744422,0,0,2
15801125,32,627,0.0,106851.7,1,1,France,Female,0,1,0,0,0,0,0,0.07970970785098269,0,0,0
15732268,29,751,159597.45,39934.41,3,1,France,Male,0,1,0,0,0,0,0,0.07971549426586388,0,0,1
15683930,32,593,134096.53,53931.05,9,2,Germany,Female,0,1,1,0,0,0,0,0.07971931439244101,0,0,2
15814930,40,588,125534.51,121504.18,10,1,Germany,Female,0,1,1,0,0,0,0,0.07972798431088929,0,0,2
15662063,36,746,142400.77,193438.69,7,1,France,Male,1,1,0,0,0,0,0,0.07976208278305436,0,0,2
15611371,43,736,176134.54,52856.88,4,1,France,Male,1,1,0,0,0,0,0,0.07976267924305702,0,0,0
15775826,30,677,78133.15,174225.88,1,1,France,Male,1,0,0,0,0,0,0,0.07976277238351309,0,0,1
15708610,44,690,100368.63,35342.33,9,2,Germany,Male,0,0,0,0,0,0,0,0.07977705936773277,0,0,2
15647782,36,729,152899.24,177130.33,8,2,Germany,Male,0,1,0,0,0,0,0,0.07979631111687496,0,0,2
15727696,42,592,147249.29,63023.02,1,2,France,Male,1,1,0,0,0,0,0,0.07980520051205658,0,0,0
15631800,37,474,98431.37,75698.44,3,1,France,Male,0,0,0,0,0,0,0,0.07980718128197889,0,0,0
15699309,38,510,0.0,118913.53,4,1,Spain,Female,0,1,1,0,0,0,0,0.07982104479877672,0,0,0
15662426,32,649,0.0,91167.19,1,1,Spain,Male,1,0,1,0,0,0,0,0.0798235354049519,0,0,0
15679738,35,527,0.0,98031.53,8,1,Spain,Female,0,1,1,0,0,0,0,0.07982390276939322,0,0,2
15730688,28,548,116755.5,158585.17,8,2,France,Female,1,1,1,0,0,0,0,0.07983007260978464,0,0,1
15736413,29,739,0.0,164484.78,1,2,France,Male,1,1,0,0,0,0,0,0.07983996708916924,0,0,1
15700460,55,530,120905.03,123475.88,4,1,France,Female,1,0,1,0,0,0,0,0.07984321703657132,0,0,3
15694296,35,631,112392.45,24472.23,9,2,France,Male,0,1,0,0,0,0,0,0.07984425676593587,0,0,2
15778915,32,737,128551.36,189402.71,7,2,France,Female,1,0,0,0,0,0,0,0.07985793238124222,0,0,2
15740428,35,507,0.0,92131.54,1,2,France,Female,0,0,0,0,0,0,0,0.07987535293556353,0,0,0
15623346,36,820,0.0,31422.69,4,2,France,Male,0,1,0,0,0,0,0,0.07987567057651107,0,0,0
15685920,34,599,101506.66,198030.24,2,1,Spain,Male,0,0,0,0,0,0,0,0.07987587267225177,0,0,0
15758362,41,731,152243.57,88783.59,9,1,France,Female,1,1,0,0,0,0,0,0.0798939111214324,0,0,2
15780088,34,607,132439.99,177747.72,9,1,Spain,Male,0,1,0,0,0,0,0,0.07990446066828905,0,0,2
15802857,33,659,115409.6,1539.21,8,1,Spain,Female,1,0,0,0,0,0,0,0.07991167704539864,0,0,2
15702175,29,755,148654.84,28805.09,4,2,France,Female,1,1,0,0,0,0,0,0.07991488975570649,0,0,1
15698703,40,628,181768.32,129107.97,5,2,Germany,Male,1,1,0,0,0,0,0,0.0799296911070016,0,0,0
15699195,24,709,110949.41,168515.61,3,1,France,Female,1,1,0,0,0,0,0,0.07993676538831168,0,0,1
15613471,31,579,90547.48,18800.13,2,2,Germany,Male,1,1,0,0,0,0,0,0.0799544609127204,0,0,0
15795132,25,735,91718.8,28411.23,3,1,France,Female,0,0,0,0,0,0,0,0.07995991774468392,0,0,1
15737778,41,782,0.0,132943.88,4,1,Spain,Female,0,1,0,0,0,0,0,0.079977487222329,0,0,0
15795571,36,606,94153.56,120138.27,0,1,Spain,Male,1,0,0,0,0,0,0,0.07998356209913737,0,0,0
15734565,29,696,0.0,191166.09,8,2,France,Male,0,1,0,0,0,0,0,0.07999239066248442,0,0,1
15681446,37,636,157098.52,153535.27,9,1,Germany,Female,1,1,0,0,0,0,0,0.08002365723342697,0,0,2
15648735,37,718,0.0,142.81,8,2,France,Male,1,1,0,0,0,0,0,0.08003148442635716,0,0,2
15663817,46,713,0.0,55701.62,5,1,France,Male,1,1,0,0,0,0,0,0.08003149936053999,0,0,2
15615473,33,646,0.0,198208.0,2,2,France,Female,0,0,0,0,0,0,0,0.08003906846296449,0,0,0
15636736,53,611,0.0,156495.39,7,2,France,Female,1,0,1,0,0,0,0,0.08008112294076886,0,0,3
15599081,46,507,102785.16,70323.68,8,1,Germany,Female,1,1,0,0,0,0,0,0.08008882114601079,0,0,2
15681562,43,516,112773.73,139366.58,2,2,France,Female,1,1,0,0,0,0,0,0.08009600584125964,0,0,0
15748986,42,705,166685.92,55313.51,8,2,Germany,Male,1,1,0,0,0,0,0,0.08010544092869004,0,0,2
15591433,43,674,85957.88,8757.39,8,2,Germany,Male,0,1,0,0,0,0,0,0.08010970311761756,0,0,2
15781451,42,504,134936.97,135178.91,3,2,France,Male,0,0,0,0,0,0,0,0.08012272314115765,0,0,0
15571873,24,655,107065.31,51959.82,9,1,France,Male,1,1,0,0,0,0,0,0.08013193711297584,0,0,1
15813283,34,605,0.0,35982.42,2,1,France,Female,0,0,0,0,0,0,0,0.08016162084255968,0,0,0
15687634,49,561,94754.0,26691.31,5,1,Germany,Male,1,1,0,0,0,0,0,0.0801783725415785,0,0,3
15737047,45,754,0.0,73881.68,6,1,France,Female,0,1,1,0,0,0,0,0.08017860098109192,0,0,2
15806318,48,676,124442.38,15068.53,2,1,Germany,Female,0,1,1,0,0,0,0,0.0801832855830838,0,0,0
15585388,31,660,125189.75,139874.43,9,2,Germany,Male,1,1,0,0,0,0,0,0.08018749834580641,0,0,2
15585133,27,657,0.0,6468.24,8,2,Spain,Female,0,0,0,0,0,0,0,0.08019850011246277,0,0,1
15705765,46,581,0.0,104272.04,1,2,Spain,Female,0,1,0,0,0,0,0,0.08019959406309202,0,0,0
15764072,31,759,109848.6,42012.55,1,1,France,Female,1,1,0,0,0,0,0,0.08022539684402114,0,0,0
15739131,28,718,65643.3,28760.99,4,1,Germany,Male,0,1,0,0,0,0,0,0.08022902258716424,0,0,1
15783541,31,755,0.0,194660.78,5,2,France,Male,1,0,0,0,0,0,0,0.08023531787193922,0,0,2
15722532,36,690,91760.11,135784.94,10,1,Spain,Female,1,1,0,0,0,0,0,0.08026838683243537,0,0,2
15814033,38,759,0.0,20778.39,1,2,Spain,Male,0,1,0,0,0,0,0,0.08027135862899004,0,0,0
15667633,38,612,0.0,9209.21,1,2,France,Female,1,1,0,0,0,0,0,0.08027518986091281,0,0,0
15587584,31,503,0.0,21645.06,4,2,Spain,Male,1,1,0,0,0,0,0,0.08028751861971295,0,0,0
15600174,35,525,165358.77,94738.54,7,1,France,Male,1,0,0,0,0,0,0,0.0802977794956275,0,0,2
15722902,50,652,125437.64,17160.94,8,1,Germany,Male,1,1,1,0,0,0,0,0.08029815956260367,0,0,2
15615245,19,660,127649.64,40368.65,5,1,France,Male,1,1,0,0,0,0,0,0.08031084001698308,0,0,1
15694395,29,620,138740.24,154700.61,1,2,France,Female,0,0,0,0,0,0,0,0.08031452456494292,0,0,1
15680895,35,627,0.0,187718.26,7,1,Spain,Female,0,1,0,0,0,0,0,0.08032951562159513,0,0,2
15766064,33,559,111060.05,110371.84,9,2,France,Male,0,1,0,0,0,0,0,0.08033939057377704,0,0,2
15631756,35,482,147813.05,109029.72,5,2,France,Female,0,0,0,0,0,0,0,0.08034501382498216,0,0,0
15571756,28,724,0.0,59351.68,5,1,France,Female,0,1,0,0,0,0,0,0.08035033351643667,0,0,1
15629338,31,658,36566.96,103644.98,2,1,Spain,Female,0,1,1,0,0,0,0,0.08036798754392743,0,0,0
15661290,38,785,107199.75,146398.51,9,1,Germany,Female,0,0,0,0,0,0,0,0.08037038269331503,0,0,2
15674433,28,636,115265.14,191627.85,2,1,Germany,Female,0,0,0,0,0,0,0,0.08037897356871088,0,0,1
15771543,31,507,134237.07,166423.66,2,1,Germany,Male,1,1,1,0,0,0,0,0.08041961256951524,0,0,0
15694821,43,765,148962.76,173878.87,4,1,Germany,Male,1,0,1,0,0,0,0,0.0804357025838024,0,0,0
15744368,58,633,98308.51,132034.13,6,1,Spain,Male,1,1,0,0,0,0,0,0.08043657496279849,0,0,3
15776850,43,749,124209.02,167179.48,1,1,Spain,Female,1,1,0,0,0,0,0,0.0804492150054929,0,0,0
15591035,54,644,0.0,84622.37,6,1,Spain,Male,1,0,0,0,0,0,0,0.0804565972788096,0,0,3
15641474,46,638,139859.54,38967.29,9,1,France,Male,0,1,0,0,0,0,0,0.08046700122846917,0,0,2
15565878,29,631,0.0,197963.46,3,2,Spain,Male,1,1,0,0,0,0,0,0.08046712263598993,0,0,1
15798964,33,714,35016.6,53667.08,3,1,Germany,Male,0,1,0,0,0,0,0,0.08046736162684803,0,0,0
15618446,50,576,0.0,57802.62,8,2,France,Female,1,1,0,0,0,0,0,0.08048727537736561,0,0,2
15759381,61,617,91070.43,101839.77,7,1,Spain,Male,1,1,0,0,0,0,0,0.0804950391196444,0,0,3
15630113,35,593,161637.75,20008.46,4,1,Spain,Male,1,1,0,0,0,0,0,0.08050940389906891,0,0,0
15786433,35,650,165982.43,24482.16,3,2,Germany,Female,1,1,0,0,0,0,0,0.0805346768313081,0,0,0
15596984,31,629,0.0,16447.6,6,1,France,Female,1,1,1,0,0,0,0,0.08054473718385441,0,0,2
15706185,47,596,140187.1,174311.3,5,2,Germany,Male,1,1,0,0,0,0,0,0.08056698788190025,0,0,0
15716284,43,543,0.0,78858.07,9,2,France,Male,1,1,0,0,0,0,0,0.08057096488964832,0,0,2
15746127,47,572,0.0,36099.7,2,2,France,Female,0,1,0,0,0,0,0,0.0805794392979915,0,0,0
15728010,37,485,0.0,170226.47,5,2,France,Male,1,0,0,0,0,0,0,0.08059304301946274,0,0,0
15665784,27,637,128940.24,46786.92,9,1,France,Male,0,1,0,0,0,0,0,0.0806017508757404,0,0,1
15736990,28,537,157842.07,86911.49,3,1,France,Male,0,1,0,0,0,0,0,0.08063311013634894,0,0,1
15607065,34,765,91835.16,138280.17,9,1,France,Male,0,0,0,0,0,0,0,0.0806419787224969,0,0,2
15696703,27,691,160358.68,142367.72,3,2,Germany,Male,0,1,0,0,0,0,0,0.08064422735851767,0,0,1
15765982,41,735,74135.85,11783.1,7,1,France,Male,1,1,1,0,0,0,0,0.08064826692276356,0,0,2
15738516,36,687,0.0,17696.22,5,1,Spain,Female,0,1,0,0,0,0,0,0.08065662756166075,0,0,2
15744789,32,786,114512.59,15796.66,6,1,Spain,Female,0,1,0,0,0,0,0,0.08065779142324458,0,0,2
15569878,37,592,96651.03,3232.82,3,1,France,Male,1,1,0,0,0,0,0,0.08065806773594109,0,0,0
15613017,32,586,149814.54,31830.06,1,1,Germany,Male,0,1,0,0,0,0,0,0.08066102195271785,0,0,0
15744044,47,572,99353.42,196549.85,4,1,Germany,Male,0,1,1,0,0,0,0,0.08067602787512224,0,0,0
15658169,47,778,127299.34,124694.99,6,2,Spain,Female,0,1,0,0,0,0,0,0.0806850007461779,0,0,2
15670343,19,576,0.0,72306.07,6,2,Spain,Male,0,0,0,0,0,0,0,0.08068925707429314,0,0,1
15796496,31,631,137687.72,190067.12,8,1,France,Female,0,1,0,0,0,0,0,0.08070136700099556,0,0,2
15793949,48,726,0.0,114020.06,4,1,France,Female,0,1,1,0,0,0,0,0.08070332605459529,0,0,0
15797964,29,732,154333.82,138527.56,1,1,Germany,Female,1,1,0,0,0,0,0,0.08070728657711163,0,0,1
15569682,37,768,108308.11,41788.25,9,1,Germany,Male,0,1,1,0,0,0,0,0.08071010689095787,0,0,2
15811314,36,589,140355.56,136329.96,9,2,Germany,Female,0,1,0,0,0,0,0,0.08071486535407113,0,0,2
15708212,54,648,118241.02,172586.89,7,1,Spain,Female,0,1,1,0,0,0,0,0.08071776113015305,0,0,3
15793366,35,781,92526.15,173837.54,7,2,Germany,Male,1,1,0,0,0,0,0,0.08075421820438433,0,0,2
15812750,24,591,147360.0,25310.82,6,1,France,Male,1,1,0,0,0,0,0,0.08075846933857578,0,0,1
15753840,32,524,0.0,132861.9,6,1,Spain,Female,1,1,1,0,0,0,0,0.08077606652971647,0,0,2
15772604,36,578,157267.95,141533.19,1,2,Spain,Male,0,1,0,0,0,0,0,0.0807781265055103,0,0,0
15601274,40,667,146502.07,19162.89,1,1,Spain,Female,0,1,0,0,0,0,0,0.08078220408616976,0,0,0
15656096,26,679,76554.06,184800.27,3,1,Spain,Female,1,1,0,0,0,0,0,0.08079114157875705,0,0,1
15572428,33,717,115777.23,81508.1,0,1,Germany,Female,1,1,0,0,0,0,0,0.08080291059777389,0,0,0
15668594,25,620,137712.01,76197.05,1,1,Germany,Female,1,1,0,0,0,0,0,0.08080978562469543,0,0,1
15663917,43,547,92350.36,80262.91,1,1,France,Male,1,0,0,0,0,0,0,0.0808112743825043,0,0,0
15674110,43,701,160416.56,37266.43,2,1,France,Female,1,0,0,0,0,0,0,0.08082188517038724,0,0,0
15591995,26,757,121581.56,127059.04,8,2,Germany,Male,1,1,0,0,0,0,0,0.08084217986915337,0,0,1
15697691,41,512,0.0,100507.81,6,1,France,Female,1,1,0,0,0,0,0,0.08085950466615871,0,0,2
15674750,37,481,0.0,44215.86,8,2,Spain,Female,0,1,0,0,0,0,0,0.08087347260213018,0,0,2
15703413,38,519,125328.56,188225.67,7,1,France,Female,0,1,0,0,0,0,0,0.08088090672485404,0,0,2
15723858,39,517,0.0,12465.51,3,2,Spain,Male,1,0,0,0,0,0,0,0.08088890426699469,0,0,0
15814816,40,466,91592.06,141210.18,4,1,France,Male,0,1,1,0,0,0,0,0.08089284626494636,0,0,0
15755223,53,692,150926.99,119817.19,7,2,Germany,Male,0,0,0,0,0,0,0,0.08090802257466129,0,0,3
15621768,45,712,112994.65,198398.68,6,1,Spain,Male,0,0,0,0,0,0,0,0.0809090711513567,0,0,2
15633181,31,792,71269.89,125912.77,6,2,France,Male,1,0,0,0,0,0,0,0.08091192818920634,0,0,2
15697249,25,546,132837.7,131647.31,3,1,Germany,Female,0,1,0,0,0,0,0,0.08093025251968389,0,0,1
15811742,42,553,0.0,7680.23,7,2,Spain,Male,0,1,0,0,0,0,0,0.08094090461184972,0,0,2
15679760,46,721,115764.32,102950.79,1,2,France,Male,0,0,0,0,0,0,0,0.08094421137366004,0,0,0
15719809,32,516,145166.09,111421.45,3,2,Germany,Male,0,0,0,0,0,0,0,0.08095586338111899,0,0,0
15762803,31,509,0.0,15360.91,3,2,France,Male,0,1,0,0,0,0,0,0.08095787804304838,0,0,0
15774630,47,601,142802.02,57553.02,1,1,Germany,Female,1,1,0,0,0,0,0,0.08096815174233563,0,0,0
15617657,36,664,103502.22,146191.82,0,1,France,Female,1,1,0,0,0,0,0,0.0809870869191352,0,0,0
15641285,50,621,163085.79,131048.36,3,1,Spain,Male,1,0,0,0,0,0,0,0.0809913775859511,0,0,0
15603880,38,519,114141.64,60988.21,1,1,Germany,Male,1,1,1,0,0,0,0,0.08099949159843561,0,0,0
15703167,45,628,0.0,193903.06,8,2,France,Female,0,1,0,0,0,0,0,0.08101590193393093,0,0,2
15633043,39,545,0.0,38410.74,6,1,Spain,Female,0,0,1,0,0,0,0,0.08102671770266884,0,0,2
15815660,34,758,154139.45,60728.89,1,1,France,Female,1,1,0,0,0,0,0,0.08102989959342116,0,0,0
15786680,37,805,0.0,21928.81,5,2,Spain,Male,0,1,0,0,0,0,0,0.08104577973858351,0,0,2
15589948,28,607,135936.1,110560.14,1,2,Spain,Male,1,1,0,0,0,0,0,0.0810582956350075,0,0,1
15647301,45,549,143734.01,96404.38,3,2,Germany,Female,1,1,0,0,0,0,0,0.08106089491876067,0,0,0
15777599,34,746,141806.0,183494.87,6,2,Germany,Male,1,1,0,0,0,0,0,0.08110596545731902,0,0,2
15662658,34,651,90355.12,193597.94,2,2,Germany,Male,0,0,0,0,0,0,0,0.08112069392523263,0,0,0
15770405,27,613,125167.74,199104.52,5,1,France,Female,0,1,0,0,0,0,0,0.08114352268647368,0,0,1
15722692,38,464,116439.65,75574.48,3,1,France,Male,0,1,0,0,0,0,0,0.08115307320572401,0,0,0
15605036,37,704,155619.58,135088.58,9,1,Spain,Female,1,1,0,0,0,0,0,0.08116779358883286,0,0,2
15709338,29,544,118560.55,164137.36,1,1,France,Female,1,1,0,0,0,0,0,0.0811772598780931,0,0,1
15706394,53,609,0.0,52332.85,7,2,France,Male,1,0,0,0,0,0,0,0.08117966090177636,0,0,3
15801605,39,626,0.0,83295.09,0,2,France,Female,1,1,0,0,0,0,0,0.08119182940878772,0,0,0
15752047,33,689,161814.64,169381.9,2,2,Germany,Male,0,1,0,0,0,0,0,0.08119283830165425,0,0,0
15732672,35,743,79388.33,193360.69,6,1,Spain,Male,1,1,0,0,0,0,0,0.08120390735244143,0,0,2
15621021,40,687,0.0,8207.36,1,2,Spain,Female,0,1,0,0,0,0,0,0.08120747592299643,0,0,0
15661219,32,627,0.0,103287.62,10,2,France,Male,0,1,0,0,0,0,0,0.0812116774323981,0,0,2
15634310,30,509,0.0,180598.86,6,2,France,Male,0,1,0,0,0,0,0,0.08121496561845193,0,0,1
15801296,37,634,143258.85,192721.98,7,2,Germany,Female,0,1,0,0,0,0,0,0.08121582174815878,0,0,2
15647453,42,721,102936.72,1187.88,4,1,France,Male,0,0,0,0,0,0,0,0.08121919891475737,0,0,0
15782096,36,616,0.0,12916.32,6,1,Spain,Female,1,1,1,0,0,0,0,0.08125175884795577,0,0,2
15592999,40,691,115465.98,60622.61,0,1,France,Female,1,1,0,0,0,0,0,0.0812571556981615,0,0,0
15615126,37,780,0.0,182156.81,3,2,France,Female,0,0,1,0,0,0,0,0.08127872791030405,0,0,0
15649160,38,554,138731.95,194138.36,3,1,France,Female,1,1,0,0,0,0,0,0.08128056558507507,0,0,0
15693199,37,739,0.0,191557.1,8,2,France,Female,0,1,1,0,0,0,0,0.08128461041933771,0,0,2
15741032,48,733,0.0,117830.57,5,1,France,Male,1,0,0,0,0,0,0,0.0812916420149069,0,0,2
15603743,28,526,112070.44,126281.83,1,1,France,Male,1,0,0,0,0,0,0,0.08131622286112755,0,0,1
15703354,33,808,103516.87,113907.8,2,1,France,Female,0,1,0,0,0,0,0,0.08133071455659369,0,0,0
15807269,43,690,166522.78,119644.59,2,1,Germany,Male,0,0,1,0,0,0,0,0.08133924719313446,0,0,0
15725737,46,669,0.0,8487.75,3,2,France,Male,1,0,0,0,0,0,0,0.08134279864299421,0,0,0
15644361,40,702,103549.24,9712.52,1,1,France,Female,0,0,1,0,0,0,0,0.08136576740913848,0,0,0
15677395,39,633,129189.15,170998.83,9,2,France,Female,0,0,0,0,0,0,0,0.08136766505378468,0,0,2
15578865,50,632,107959.39,6985.34,5,1,Germany,Female,1,1,1,0,0,0,0,0.08138630320526058,0,0,3
15582033,44,753,138076.47,15523.09,3,1,Germany,Male,0,1,1,0,0,0,0,0.08141888646159906,0,0,0
15777922,36,629,161757.87,146371.72,1,2,Spain,Male,1,1,0,0,0,0,0,0.08144466988508764,0,0,0
15807909,47,744,0.0,113163.17,9,2,France,Male,0,1,0,0,0,0,0,0.08146803804906821,0,0,2
15596710,33,640,167298.42,145381.65,1,1,France,Female,1,0,0,0,0,0,0,0.0814692610953281,0,0,0
15621210,46,599,123444.72,31368.08,9,1,Germany,Male,1,1,1,0,0,0,0,0.08149118457210924,0,0,2
15582960,33,473,125827.43,145698.73,5,1,France,Female,1,0,0,0,0,0,0,0.08149873180656592,0,0,0
15767358,45,711,97486.15,50610.62,1,2,Germany,Female,0,1,0,0,0,0,0,0.0815110927514629,0,0,0
15797919,37,773,103195.2,178268.36,2,2,Spain,Male,0,1,0,0,0,0,0,0.08151793672449986,0,0,0
15650244,29,786,80895.44,64945.57,7,2,Spain,Male,0,1,0,0,0,0,0,0.08153100629294852,0,0,1
15613630,52,775,109922.61,96823.32,8,1,France,Male,1,1,1,0,0,0,0,0.0815343321979069,0,0,3
15622217,38,538,88758.95,28226.15,8,2,France,Female,0,0,1,0,0,0,0,0.08153602006298816,0,0,2
15766166,43,604,145081.72,23881.62,2,1,Spain,Male,1,1,0,0,0,0,0,0.08154908835710345,0,0,0
15693947,19,614,97445.49,122823.34,5,2,France,Female,0,1,0,0,0,0,0,0.08155123476484594,0,0,1
15664897,35,682,181166.44,63737.19,2,1,France,Female,1,1,1,0,0,0,0,0.0815595408231326,0,0,0
15704209,39,802,120145.96,59497.01,7,2,France,Female,1,0,1,0,0,0,0,0.08156046357586139,0,0,2
15618401,41,616,113220.2,114072.91,10,2,Germany,Male,1,1,0,0,0,0,0,0.08156872205088272,0,0,2
15681550,41,614,121558.46,598.8,8,1,France,Female,1,1,0,0,0,0,0,0.08157150400331636,0,0,2
15758048,50,582,148942.0,116944.3,2,1,France,Male,1,1,0,0,0,0,0,0.08158207077349156,0,0,0
15756125,44,757,140856.16,158735.1,5,2,Spain,Male,0,1,0,0,0,0,0,0.08158914881368629,0,0,2
15738174,32,452,0.0,75279.39,5,2,France,Female,1,0,0,0,0,0,0,0.08159102990176026,0,0,0
15809826,46,728,109705.52,20276.87,2,1,France,Female,0,1,1,0,0,0,0,0.08159290100525801,0,0,0
15681081,47,545,0.0,38970.14,5,2,Spain,Female,1,1,0,0,0,0,0,0.08159441670337353,0,0,0
15717935,21,589,0.0,55601.44,3,2,France,Female,1,0,0,0,0,0,0,0.08159522468384939,0,0,1
15601569,40,598,171178.25,137980.58,2,1,France,Female,0,1,1,0,0,0,0,0.08161756586790192,0,0,0
15781298,39,808,124216.93,171442.36,3,1,Germany,Male,1,0,0,0,0,0,0,0.08162531618449809,0,0,0
15811594,28,660,128929.88,198069.71,3,1,Spain,Female,1,1,0,0,0,0,0,0.08163550573669859,0,0,1
15727944,48,701,92072.68,133992.36,1,1,Germany,Female,1,1,0,0,0,0,0,0.08163930477268178,0,0,0
15777901,43,640,94752.49,184006.36,9,1,Germany,Female,0,1,1,0,0,0,0,0.08164410713998954,0,0,2
15735428,37,673,0.0,82351.06,0,2,Spain,Female,0,0,0,0,0,0,0,0.08166096839723652,0,0,0
15710105,26,581,105099.45,184520.0,3,1,Germany,Female,1,1,1,0,0,0,0,0.08167847860386629,0,0,1
15736879,23,669,0.0,66088.83,1,2,France,Male,0,0,0,0,0,0,0,0.08167854103359606,0,0,1
15672115,60,679,0.0,77331.77,6,2,France,Male,1,1,0,0,0,0,0,0.0816922690193832,0,0,3
15750181,41,553,110112.54,81898.81,9,2,Germany,Male,0,0,0,0,0,0,0,0.08169877115945884,0,0,2
15773890,22,733,0.0,117202.19,5,2,France,Male,1,1,0,0,0,0,0,0.08170012006522653,0,0,1
15621432,35,630,0.0,186826.22,1,2,Spain,Male,0,0,0,0,0,0,0,0.08171185532470326,0,0,0
15677550,38,755,0.0,20734.81,1,2,France,Female,0,1,0,0,0,0,0,0.08172141093322172,0,0,0
15742116,48,671,116711.06,76373.38,9,2,Germany,Female,0,0,0,0,0,0,0,0.08173675714987777,0,0,2
15644796,38,821,0.0,126241.4,8,2,Spain,Female,1,0,1,0,0,0,0,0.08174027573983,0,0,2
15764432,42,588,164307.77,48498.19,2,1,Germany,Female,0,1,0,0,0,0,0,0.08174540480669118,0,0,0
15739042,35,767,0.0,39511.61,9,2,France,Female,0,1,0,0,0,0,0,0.08174948460588666,0,0,2
15615322,43,528,97473.87,159823.16,7,2,Spain,Male,1,1,0,0,0,0,0,0.08176314752026348,0,0,2
15634218,27,501,95331.83,132104.76,4,2,Germany,Male,0,1,0,0,0,0,0,0.08177554936880915,0,0,1
15620936,32,787,0.0,13238.93,4,2,France,Male,1,1,0,0,0,0,0,0.08178153213447537,0,0,0
15806327,40,800,75893.11,132562.23,3,2,France,Female,0,1,0,0,0,0,0,0.08179155356664058,0,0,0
15589563,31,531,118899.45,41409.36,2,2,Spain,Male,0,0,0,0,0,0,0,0.08179499546251962,0,0,0
15686538,41,522,0.0,176780.39,7,2,France,Female,1,0,0,0,0,0,0,0.0818126475573267,0,0,2
15668774,23,758,122739.1,102460.84,5,1,Germany,Female,0,1,1,0,0,0,0,0.08181487465915993,0,0,1
15744843,34,569,144855.34,196555.32,6,1,Spain,Female,0,0,0,0,0,0,0,0.08181835329032,0,0,2
15737705,27,775,152309.37,104112.0,4,1,France,Female,0,1,0,0,0,0,0,0.08183673125337027,0,0,1
15716619,36,580,74974.89,12099.67,3,1,Germany,Female,1,1,0,0,0,0,0,0.08183685104533034,0,0,0
15680666,39,579,151963.26,158948.63,2,2,Spain,Female,0,1,0,0,0,0,0,0.08184530325637973,0,0,0
15645544,30,642,129753.69,582.53,5,1,Germany,Female,0,1,0,0,0,0,0,0.08184688370853249,0,0,1
15756918,38,754,0.0,3524.69,2,2,France,Female,0,0,0,0,0,0,0,0.08185458795200012,0,0,0
15630349,23,543,0.0,117832.39,5,2,Spain,Male,0,1,0,0,0,0,0,0.08187122989885154,0,0,1
15625494,32,573,125321.84,130234.63,9,2,France,Female,1,1,0,0,0,0,0,0.08188896391797273,0,0,2
15733616,40,806,80613.93,142838.64,5,1,France,Male,1,1,0,0,0,0,0,0.0818890164797465,0,0,2
15580912,32,748,154737.88,172638.13,5,2,France,Male,1,1,0,0,0,0,0,0.08189499351560348,0,0,2
15674179,34,513,60515.13,124571.09,7,1,Germany,Male,0,0,0,0,0,0,0,0.08189555963180495,0,0,2
15633213,50,628,0.0,144366.83,8,1,Spain,Male,0,0,1,0,0,0,0,0.08189608776575441,0,0,2
15623668,31,653,154741.45,25183.01,2,2,Germany,Male,0,0,0,0,0,0,0,0.0819229369980024,0,0,0
15597602,57,619,137946.39,72467.99,3,1,Germany,Male,1,1,1,0,0,0,0,0.08192327724197523,0,0,3
15691952,37,676,106242.67,166678.28,10,1,France,Male,1,1,0,0,0,0,0,0.08194192802722478,0,0,2
15732266,53,553,127997.83,165378.66,5,1,Germany,Male,0,1,1,0,0,0,0,0.08194324246057172,0,0,3
15713644,22,686,0.0,158974.45,5,2,Spain,Male,0,1,0,0,0,0,0,0.08195718901980442,0,0,1
15775206,37,699,0.0,83263.04,10,2,France,Male,0,0,0,0,0,0,0,0.08196793087307952,0,0,2
15663625,37,501,0.0,12470.3,4,2,France,Male,0,0,0,0,0,0,0,0.08197976903929677,0,0,0
15617252,33,697,87347.7,172524.51,1,1,France,Female,0,1,0,0,0,0,0,0.0819814841871212,0,0,0
15713144,46,588,0.0,61931.21,8,1,Spain,Male,0,1,0,0,0,0,0,0.08198255020927386,0,0,2
15744607,43,738,121152.05,64166.7,9,2,Germany,Male,0,1,1,0,0,0,0,0.08198267242352525,0,0,2
15694272,30,673,64097.75,77783.35,1,1,France,Male,1,1,0,0,0,0,0,0.08199275620139995,0,0,1
15726267,32,570,117337.54,62810.91,9,2,France,Male,1,0,0,0,0,0,0,0.08199306798702538,0,0,2
15782219,29,703,0.0,50679.48,9,2,Spain,Male,0,1,0,0,0,0,0,0.08199615458873305,0,0,1
15811842,26,630,0.0,6656.64,7,2,Spain,Male,1,1,0,0,0,0,0,0.08200675385143513,0,0,1
15612030,28,724,0.0,100240.2,9,2,France,Male,1,1,0,0,0,0,0,0.08201202682062025,0,0,1
15649359,36,587,0.0,17135.6,1,2,France,Male,1,0,0,0,0,0,0,0.08201270360498375,0,0,0
15640866,29,718,0.0,134462.29,3,1,France,Female,1,0,0,0,0,0,0,0.08201371362705168,0,0,1
15680643,42,729,0.0,149535.97,1,2,Spain,Female,1,1,0,0,0,0,0,0.08201970020062072,0,0,0
15700813,25,522,94049.92,103269.0,5,2,Germany,Female,0,1,0,0,0,0,0,0.08204065994697979,0,0,1
15731760,25,681,0.0,90860.97,5,1,France,Male,1,0,0,0,0,0,0,0.08204633439846526,0,0,1
15760121,32,712,100606.02,165693.06,9,1,France,Male,0,1,0,0,0,0,0,0.08205609291723431,0,0,2
15773146,26,652,137998.2,168989.77,3,2,France,Male,1,0,0,0,0,0,0,0.08205768650462875,0,0,1
15810432,35,795,0.0,167155.36,8,2,Spain,Male,0,1,0,0,0,0,0,0.08207533317458121,0,0,2
15702030,29,516,104982.57,157378.5,2,1,France,Female,0,1,0,0,0,0,0,0.08208892330044382,0,0,1
15790678,32,475,119023.28,100816.29,8,1,France,Female,0,1,0,0,0,0,0,0.08209457844494494,0,0,2
15786035,39,740,0.0,19047.23,9,2,France,Male,0,1,0,0,0,0,0,0.08209706904470171,0,0,2
15693904,30,685,84958.6,194343.72,4,2,Germany,Female,1,0,0,0,0,0,0,0.08209823424017881,0,0,1
15587266,27,606,172310.33,111448.92,6,1,Germany,Female,1,0,0,0,0,0,0,0.08210515201564811,0,0,1
15742971,44,708,161887.81,84870.23,2,2,France,Female,0,1,0,0,0,0,0,0.08210577049580747,0,0,0
15774882,35,687,99587.43,1713.1,3,1,France,Female,1,1,1,0,0,0,0,0.08211538226040921,0,0,0
15736730,45,634,0.0,143458.31,2,1,France,Female,1,1,0,0,0,0,0,0.08214572999058717,0,0,0
15589030,47,649,0.0,145593.85,1,2,France,Male,1,1,0,0,0,0,0,0.08215883954542358,0,0,0
15582714,47,749,110022.74,135655.29,9,1,Germany,Male,1,0,1,0,0,0,0,0.08215886171561015,0,0,2
15570990,30,520,145222.99,145160.96,4,2,Spain,Female,0,0,0,0,0,0,0,0.08216197725678598,0,0,1
15608166,36,761,127637.92,81062.93,9,1,France,Male,1,1,0,0,0,0,0,0.0821785136708339,0,0,2
15761713,43,678,178074.33,110405.9,7,1,France,Female,0,0,0,0,0,0,0,0.08218121819769902,0,0,2
15741078,54,736,111729.47,84920.49,7,2,France,Male,1,0,0,0,0,0,0,0.08218399076520472,0,0,3
15783875,34,500,0.0,12833.96,4,2,France,Female,0,1,0,0,0,0,0,0.08218516584367014,0,0,0
15584812,39,693,0.0,81901.6,0,2,Spain,Female,0,0,0,0,0,0,0,0.08219284014852457,0,0,0
15753102,44,752,83870.33,178722.24,6,1,Spain,Male,0,1,0,0,0,0,0,0.08219626545223108,0,0,2
15719827,36,767,0.0,65147.27,3,1,France,Male,0,0,0,0,0,0,0,0.08221209124568124,0,0,0
15800268,37,825,118050.79,52301.15,6,1,Germany,Male,1,0,0,0,0,0,0,0.08222888151459723,0,0,2
15800890,45,554,0.0,181204.5,6,2,France,Female,1,1,0,0,0,0,0,0.0822297410553432,0,0,2
15789379,26,762,130428.78,173365.89,6,1,France,Male,0,1,0,0,0,0,0,0.08223239261767762,0,0,1
15613772,39,542,135096.77,14353.43,3,1,France,Male,1,1,1,0,0,0,0,0.08225201522951081,0,0,0
15730272,58,619,152199.33,86022.09,5,1,France,Male,1,1,0,0,0,0,0,0.08227358978242832,0,0,3
15662152,38,552,134105.01,57850.1,9,1,France,Female,0,0,0,0,0,0,0,0.08228643713350114,0,0,2
15646969,33,776,0.0,176921.0,2,2,Spain,Male,1,1,0,0,0,0,0,0.08229010200324027,0,0,0
15619801,33,548,80107.83,82245.67,1,2,France,Female,1,0,0,0,0,0,0,0.08229769022583411,0,0,0
15669741,36,777,0.0,106472.34,7,1,France,Male,0,1,0,0,0,0,0,0.08229773323253442,0,0,2
15682618,31,535,111855.04,36278.89,7,2,France,Female,1,1,0,0,0,0,0,0.08231471391598683,0,0,2
15639133,50,773,0.0,129372.94,4,2,France,Female,0,1,0,0,0,0,0,0.08231766002212304,0,0,0
15764841,35,623,130557.24,47880.71,0,1,France,Female,1,1,0,0,0,0,0,0.0823184751178827,0,0,0
15615140,36,791,111168.97,189969.91,6,1,France,Male,1,1,0,0,0,0,0,0.08232659592291547,0,0,2
15792649,31,547,0.0,99294.22,9,2,Spain,Female,0,0,0,0,0,0,0,0.08233472449763163,0,0,2
15630419,44,634,149961.11,57121.51,9,1,France,Male,0,1,0,0,0,0,0,0.08235369421933236,0,0,2
15612108,52,625,164978.01,67788.49,5,1,France,Male,1,1,0,0,0,0,0,0.08236683628783181,0,0,3
15772423,54,739,126418.14,134420.75,8,1,Germany,Male,0,1,1,0,0,0,0,0.08238998814835663,0,0,3
15624424,49,678,0.0,102472.9,1,2,Spain,Female,1,1,0,0,0,0,0,0.08239829635805185,0,0,0
15649129,32,757,0.0,115950.96,9,2,France,Male,0,1,0,0,0,0,0,0.08241213602922759,0,0,2
15684669,41,567,137891.35,142009.46,9,1,France,Female,0,1,1,0,0,0,0,0.08241974379390943,0,0,2
15616676,23,632,122478.51,147230.77,3,1,Germany,Male,0,1,1,0,0,0,0,0.08244236066173694,0,0,1
15707322,48,779,115290.27,98912.69,2,1,France,Female,0,0,1,0,0,0,0,0.08244458848308611,0,0,0
15675450,48,718,0.0,72105.63,9,2,France,Male,1,1,0,0,0,0,0,0.08245142693111618,0,0,2
15755405,43,710,128284.45,32996.89,9,1,France,Male,0,1,1,0,0,0,0,0.08245282465667453,0,0,2
15592387,30,566,0.0,54926.51,5,1,France,Male,0,1,1,0,0,0,0,0.08245338391312756,0,0,1
15586479,36,692,0.0,185580.89,4,1,France,Female,0,1,1,0,0,0,0,0.08247279840844374,0,0,0
15672185,47,590,0.0,171774.5,3,2,France,Male,0,1,0,0,0,0,0,0.08248445663935261,0,0,0
15669994,31,556,128663.81,125083.29,1,2,Germany,Female,0,1,0,0,0,0,0,0.08248603194341497,0,0,0
15606507,24,555,0.0,27513.47,5,2,France,Male,0,1,0,0,0,0,0,0.08248815981168911,0,0,1
15749019,45,545,93796.42,162321.26,6,2,Germany,Male,1,1,0,0,0,0,0,0.08249119566954832,0,0,2
15707551,30,568,73054.37,27012.0,8,2,France,Male,1,1,0,0,0,0,0,0.08250514186821872,0,0,1
15685357,36,750,112940.07,9855.81,8,1,Spain,Female,1,0,0,0,0,0,0,0.08251222930581503,0,0,2
15635870,50,579,117721.02,192146.63,5,1,Germany,Female,1,0,1,0,0,0,0,0.08251375198350513,0,0,3
15749951,27,766,126285.73,177614.17,5,1,Germany,Male,0,1,1,0,0,0,0,0.0825146911615402,0,0,1
15724623,24,704,113034.22,162503.48,7,1,Germany,Female,0,1,1,0,0,0,0,0.08251662622624473,0,0,1
15764314,36,550,113877.23,174921.91,2,2,Germany,Male,0,1,0,0,0,0,0,0.08253131941189751,0,0,0
15675794,47,645,152076.93,121840.2,9,1,Germany,Male,0,1,1,0,0,0,0,0.08254724680851194,0,0,2
15707634,32,775,108698.96,161069.73,2,2,France,Female,1,1,0,0,0,0,0,0.082556557192416,0,0,0
15757628,40,571,112896.86,121402.53,10,1,France,Male,1,1,0,0,0,0,0,0.08256329126450251,0,0,2
15798709,32,588,109109.33,4993.94,3,1,Spain,Male,1,0,0,0,0,0,0,0.08257158125935665,0,0,0
15604348,22,710,0.0,99645.04,8,2,Spain,Male,0,0,0,0,0,0,0,0.08257455698563826,0,0,1
15796111,54,708,145151.4,125311.17,8,1,Germany,Female,1,0,1,0,0,0,0,0.08258184223241616,0,0,3
15749300,47,556,139914.27,50390.98,2,1,France,Female,1,1,0,0,0,0,0,0.08260349261653194,0,0,0
15609758,45,537,158621.04,120892.96,7,1,France,Female,0,1,1,0,0,0,0,0.08260401233738851,0,0,2
15581654,32,798,0.0,37731.95,7,2,France,Male,1,0,0,0,0,0,0,0.08261148104359889,0,0,2
15775741,28,608,0.0,125062.02,9,2,France,Female,1,1,0,0,0,0,0,0.08261941008136309,0,0,1
15656100,49,632,167962.7,140201.21,5,1,France,Female,0,0,0,0,0,0,0,0.08262142782349835,0,0,0
15588080,54,675,0.0,110273.84,6,1,France,Male,0,1,1,0,0,0,0,0.0826329447894869,0,0,3
15644280,45,593,138825.19,10828.78,4,1,France,Male,0,0,0,0,0,0,0,0.08263373146986358,0,0,0
15626485,26,601,78892.23,23703.52,8,1,France,Female,1,1,0,0,0,0,0,0.08264522066910801,0,0,1
15569446,34,732,122338.43,187985.85,8,2,France,Female,0,1,0,0,0,0,0,0.08264902447233141,0,0,2
15596228,29,490,0.0,32089.57,4,2,France,Male,0,1,0,0,0,0,0,0.08265682063572022,0,0,1
15708422,35,677,0.0,76637.38,0,2,Spain,Female,0,0,0,0,0,0,0,0.08270425307748719,0,0,0
15745399,49,649,0.0,84863.85,2,1,Spain,Female,0,1,1,0,0,0,0,0.08270994288971617,0,0,0
15779915,31,694,0.0,35593.18,5,1,Spain,Male,0,1,0,0,0,0,0,0.0827249625418014,0,0,2
15768006,34,729,152303.8,12128.69,3,1,France,Male,0,1,0,0,0,0,0,0.0827302639554574,0,0,0
15800366,29,546,0.0,94823.95,5,1,France,Male,1,1,0,0,0,0,0,0.08273284642456646,0,0,1
15666032,28,568,127289.28,45611.51,1,1,Spain,Male,0,0,0,0,0,0,0,0.08274369977050433,0,0,1
15748595,29,689,77556.79,122998.26,1,2,France,Female,1,1,0,0,0,0,0,0.08277639211415977,0,0,1
15592091,31,620,166833.86,135171.6,2,2,Spain,Male,1,1,0,0,0,0,0,0.0827850848243778,0,0,0
15585192,39,686,136258.06,89199.51,10,1,Spain,Male,0,0,0,0,0,0,0,0.0827951977620347,0,0,2
15613923,43,581,170172.9,100236.02,4,1,Spain,Female,1,0,0,0,0,0,0,0.08281471802770485,0,0,0
15623695,31,814,0.0,142029.17,4,2,France,Female,1,1,0,0,0,0,0,0.08281565475027758,0,0,0
15789339,59,681,122781.51,140166.95,4,1,France,Male,1,0,0,0,0,0,0,0.08283869632346014,0,0,3
15732963,29,722,0.0,142033.07,9,2,Spain,Female,1,1,0,0,0,0,0,0.08284007565032447,0,0,1
15768151,45,514,109032.23,155407.21,3,1,Germany,Female,1,0,1,0,0,0,0,0.08284216465057753,0,0,0
15596165,25,547,98141.57,52309.8,4,2,Germany,Male,1,1,0,0,0,0,0,0.08286580449702535,0,0,1
15709531,38,556,114756.14,193214.05,2,1,France,Male,0,1,0,0,0,0,0,0.08286961645816682,0,0,0
15645572,40,743,0.0,28280.8,6,1,France,Female,0,1,1,0,0,0,0,0.08288165133900655,0,0,2
15797475,44,720,86102.27,180134.88,3,1,France,Male,0,1,1,0,0,0,0,0.08288289539387311,0,0,0
15711249,22,544,0.0,70007.67,4,2,Spain,Male,0,1,0,0,0,0,0,0.08288300688479161,0,0,1
15623502,56,598,98365.33,44251.33,4,1,Spain,Female,1,1,0,0,0,0,0,0.08289027567399837,0,0,3
15610226,27,614,106414.57,77500.81,9,2,France,Female,0,0,0,0,0,0,0,0.08289567567785361,0,0,1
15586959,42,468,0.0,125305.34,5,2,France,Female,0,1,0,0,0,0,0,0.08290116687045035,0,0,0
15801863,32,521,136555.01,129353.21,2,2,France,Female,1,1,0,0,0,0,0,0.08291908991553848,0,0,0
15672598,30,613,111927.45,175795.87,9,1,Spain,Male,1,1,0,0,0,0,0,0.0829207056698299,0,0,1
15720203,28,577,0.0,143274.41,7,1,Spain,Male,0,1,0,0,0,0,0,0.08292137578636793,0,0,1
15771966,39,557,146200.01,177944.64,8,1,France,Male,0,1,0,0,0,0,0,0.08293521316540514,0,0,2
15792679,24,575,0.0,119927.81,2,2,France,Male,1,1,0,0,0,0,0,0.08294291840117801,0,0,1
15671655,31,763,143966.3,140262.96,7,2,Germany,Male,1,1,1,0,0,0,0,0.08294817873178956,0,0,2
15748856,32,664,107209.73,112340.2,10,1,France,Male,1,1,0,0,0,0,0,0.08296078694792175,0,0,2
15801277,31,715,112212.14,181600.72,2,2,France,Female,1,1,0,0,0,0,0,0.0829619251075015,0,0,0
15662232,42,675,92616.64,8567.18,2,2,Germany,Male,0,1,0,0,0,0,0,0.08297282838284714,0,0,0
15683375,32,541,0.0,114951.42,4,1,France,Female,1,1,0,0,0,0,0,0.08297572395644576,0,0,0
15781505,20,685,104719.94,38691.34,4,2,France,Male,0,1,0,0,0,0,0,0.0829772817338506,0,0,1
15770974,37,741,170840.08,109843.16,8,2,Germany,Female,0,0,0,0,0,0,0,0.08298837348342214,0,0,2
15697460,34,596,99441.21,4802.27,4,2,Germany,Male,1,0,0,0,0,0,0,0.08298879827065381,0,0,0
15794048,48,667,97133.92,113316.77,1,2,Germany,Female,0,0,1,0,0,0,0,0.08299706569578519,0,0,0
15660429,42,665,156371.61,156774.94,2,2,Spain,Female,1,0,1,0,0,0,0,0.08300120795036475,0,0,0
15787204,43,774,110646.54,108804.28,1,1,Spain,Female,0,0,0,0,0,0,0,0.08301115410785237,0,0,0
15586039,36,471,90063.74,96366.7,5,2,Germany,Female,1,1,0,0,0,0,0,0.08301983913067235,0,0,0
15674206,22,716,0.0,92606.98,8,2,France,Female,1,1,0,0,0,0,0,0.08302184526292167,0,0,1
15802823,38,745,0.0,194230.82,7,2,Spain,Female,1,1,0,0,0,0,0,0.08302262902489299,0,0,2
15675650,39,486,97819.36,120531.31,8,1,France,Female,1,0,0,0,0,0,0,0.08302680776922206,0,0,2
15633866,30,753,110824.52,57896.27,1,1,Germany,Male,1,1,0,0,0,0,0,0.0830471943025427,0,0,1
15665766,39,698,133191.19,53289.49,9,2,Germany,Male,1,0,0,0,0,0,0,0.08305412637646709,0,0,2
15736124,25,617,102585.88,115387.4,1,2,France,Male,1,1,0,0,0,0,0,0.08305963245986575,0,0,1
15625944,58,664,98668.18,60887.58,5,1,France,Male,1,1,0,0,0,0,0,0.08307567735219412,0,0,3
15612418,38,744,0.0,20940.76,9,2,France,Female,0,0,0,0,0,0,0,0.08308065662466696,0,0,2
15586310,30,578,169462.09,112187.11,4,1,France,Male,0,1,0,0,0,0,0,0.08308746526603178,0,0,1
15692819,32,665,132178.67,11865.76,1,1,Germany,Male,0,0,0,0,0,0,0,0.08309069522446316,0,0,0
15748882,29,714,0.0,129192.55,9,2,Spain,Male,0,1,0,0,0,0,0,0.08311747426628857,0,0,1
15608230,23,667,0.0,91573.19,1,2,France,Male,0,1,0,0,0,0,0,0.08312975089535912,0,0,1
15579969,32,683,0.0,24991.92,9,2,France,Female,1,1,0,0,0,0,0,0.08314052476248718,0,0,2
15799435,34,619,0.0,139919.38,1,1,Spain,Male,0,1,0,0,0,0,0,0.08314126531806038,0,0,0
15761670,50,695,0.0,126381.6,8,1,France,Female,0,1,1,0,0,0,0,0.08315644061859917,0,0,2
15768104,37,788,141541.25,66013.27,8,1,Spain,Male,0,0,0,0,0,0,0,0.08317336911515211,0,0,2
15802909,56,706,139603.22,86383.61,3,1,Germany,Female,1,1,0,0,0,0,0,0.08319166436248548,0,0,3
15646615,28,576,119336.29,58976.85,1,2,Germany,Male,1,0,0,0,0,0,0,0.08319383595838453,0,0,1
15735522,37,654,145610.07,186300.59,2,2,Germany,Male,0,0,0,0,0,0,0,0.08319569591212794,0,0,0
15678058,38,584,104584.16,176678.72,9,1,France,Male,0,1,0,0,0,0,0,0.08320731852113206,0,0,2
15616122,39,777,0.0,18613.52,8,2,France,Male,1,1,0,0,0,0,0,0.0832075772522865,0,0,2
15800229,40,695,139022.24,193383.13,7,1,Germany,Male,1,0,0,0,0,0,0,0.08321255722672088,0,0,2
15650488,48,492,127253.98,92144.09,6,1,France,Female,1,1,1,0,0,0,0,0.08322065241921522,0,0,2
15672875,32,584,40172.91,137439.34,8,1,Germany,Male,1,1,0,0,0,0,0,0.08322987211848915,0,0,2
15571550,39,699,0.0,80963.92,9,1,France,Male,0,1,0,0,0,0,0,0.08324889089155041,0,0,2
15715297,40,779,75470.23,52894.01,2,1,Germany,Female,1,1,0,0,0,0,0,0.083249160619348,0,0,0
15577695,41,678,148088.11,14083.12,2,1,France,Male,0,1,0,0,0,0,0,0.08325357109065801,0,0,0
15681126,38,702,0.0,161888.63,2,1,Spain,Female,1,1,0,0,0,0,0,0.08326113840594401,0,0,0
15650454,57,641,0.0,122449.18,5,2,France,Male,1,1,0,0,0,0,0,0.08327487650480497,0,0,3
15734461,31,562,112708.2,186370.3,2,1,Germany,Male,1,0,0,0,0,0,0,0.08327759321689576,0,0,0
15642202,37,821,106453.53,127413.0,5,2,Germany,Female,1,0,0,0,0,0,0,0.08328004467049355,0,0,2
15786617,34,485,133658.24,70209.83,3,1,Germany,Male,0,1,0,0,0,0,0,0.08328950611908664,0,0,0
15654408,41,562,165445.04,85787.31,5,2,Spain,Male,0,1,0,0,0,0,0,0.08329262930245779,0,0,0
15623630,56,634,116251.24,42429.88,3,1,Germany,Female,1,0,1,0,0,0,0,0.0833120100048712,0,0,3
15638149,37,528,103772.45,197111.99,6,1,France,Male,0,1,0,0,0,0,0,0.08331471559792836,0,0,2
15598586,31,680,113292.17,122639.73,10,1,France,Male,1,1,0,0,0,0,0,0.08331493809967944,0,0,2
15796838,58,703,92930.92,85148.78,4,1,Spain,Male,1,0,0,0,0,0,0,0.0833159651265355,0,0,3
15753343,28,523,121164.11,59938.81,2,1,France,Female,1,1,0,0,0,0,0,0.08334339367913779,0,0,1
15753462,30,632,72549.0,182728.8,2,2,Germany,Male,1,0,0,0,0,0,0,0.08336750657211978,0,0,1
15627637,23,709,73314.04,63446.47,8,2,Germany,Male,0,1,0,0,0,0,0,0.08336830007717999,0,0,1
15731951,28,689,95328.6,6129.61,5,1,Spain,Female,0,1,1,0,0,0,0,0.08337746898134457,0,0,1
15703117,44,565,0.0,89602.81,1,2,France,Female,1,0,0,0,0,0,0,0.0833889694834522,0,0,0
15712938,44,531,0.0,34416.79,3,2,France,Male,1,1,0,0,0,0,0,0.08339942044630744,0,0,0
15738721,41,773,102827.44,64595.25,9,1,Spain,Male,1,0,0,0,0,0,0,0.08341109616133041,0,0,2
15806256,48,540,109349.29,88703.04,2,1,France,Male,0,1,1,0,0,0,0,0.08341322439635407,0,0,0
15684248,21,658,0.0,154279.87,7,2,Spain,Male,1,0,0,0,0,0,0,0.083423883644618,0,0,1
15694125,57,669,0.0,56875.76,5,2,France,Male,1,1,0,0,0,0,0,0.08343045408412125,0,0,3
15577313,44,619,116967.68,5075.17,3,1,France,Male,0,1,1,0,0,0,0,0.08343405988245961,0,0,0
15593365,39,762,81273.13,18719.67,2,1,Spain,Male,1,1,0,0,0,0,0,0.08343876253595872,0,0,0
15637788,23,743,110203.77,95583.45,3,1,France,Male,0,1,0,0,0,0,0,0.08343997260373559,0,0,1
15567335,42,559,0.0,190040.29,7,2,France,Female,1,1,0,0,0,0,0,0.08344981229918286,0,0,2
15807768,28,702,103033.83,40321.87,1,1,Germany,Male,1,1,0,0,0,0,0,0.08345231041367329,0,0,1
15592326,36,583,0.0,5571.59,8,2,France,Male,1,0,0,0,0,0,0,0.08346094497055506,0,0,2
15762729,28,745,111071.36,73275.96,1,1,Germany,Female,0,1,1,0,0,0,0,0.08347255347674132,0,0,1
15731586,31,785,121691.54,81778.72,2,2,Spain,Female,0,0,0,0,0,0,0,0.08348068778283224,0,0,0
15775295,40,630,118633.08,60032.46,0,1,France,Female,1,0,1,0,0,0,0,0.08349435541306716,0,0,0
15774127,46,518,0.0,76515.79,3,2,France,Male,0,1,0,0,0,0,0,0.08350038946773397,0,0,0
15763898,46,568,0.0,29372.62,3,2,Spain,Female,1,1,0,0,0,0,0,0.08350222533485946,0,0,0
15693131,24,581,95508.2,45755.0,3,1,France,Female,1,1,0,0,0,0,0,0.08351111380989212,0,0,1
15751208,56,684,78707.16,99398.36,8,1,Spain,Male,1,1,0,0,0,0,0,0.08351732161119074,0,0,3
15761976,31,797,0.0,117916.63,8,2,Spain,Female,0,1,0,0,0,0,0,0.08352588275440936,0,0,2
15758451,37,765,102708.77,9087.81,7,1,Germany,Male,0,1,0,0,0,0,0,0.08354250543197156,0,0,2
15687329,32,763,108465.65,60552.44,1,2,Germany,Female,0,1,1,0,0,0,0,0.08355014118260362,0,0,0
15621227,46,668,161806.09,173052.19,7,1,Germany,Female,1,1,0,0,0,0,0,0.08355030777084194,0,0,2
15646227,27,682,97893.2,166144.98,1,1,France,Female,0,1,0,0,0,0,0,0.08356106447607076,0,0,1
15624781,34,672,142151.75,168753.34,1,2,France,Female,1,1,0,0,0,0,0,0.0835690195701449,0,0,0
15797767,49,600,0.0,148087.88,6,1,France,Female,1,0,1,0,0,0,0,0.08357861411152123,0,0,2
15781665,37,601,0.0,20708.6,5,1,France,Female,0,0,0,0,0,0,0,0.08359565113733902,0,0,0
15583303,29,593,152265.43,34004.44,2,1,France,Female,0,1,0,0,0,0,0,0.08360702385567503,0,0,1
15627830,30,640,32197.64,141446.01,5,1,Germany,Female,1,0,0,0,0,0,0,0.08361426449052611,0,0,1
15626684,38,547,167539.97,159207.34,5,1,France,Female,1,0,0,0,0,0,0,0.08363140487824866,0,0,0
15574122,34,817,129278.43,165562.84,5,1,France,Male,0,0,0,0,0,0,0,0.08363435051169371,0,0,2
15648032,37,588,0.0,187816.59,2,2,Spain,Male,1,0,0,0,0,0,0,0.08364174107522315,0,0,0
15697283,23,578,0.0,112124.98,8,2,Spain,Male,0,1,0,0,0,0,0,0.08364797236142557,0,0,1
15810839,34,610,103108.17,125646.82,0,1,France,Male,0,0,0,0,0,0,0,0.08366332267284121,0,0,0
15612358,35,573,134498.54,119924.8,9,2,Germany,Male,1,1,0,0,0,0,0,0.08366438800229264,0,0,2
15601977,44,497,121250.04,79691.4,2,1,Spain,Male,1,0,0,0,0,0,0,0.08367837699974717,0,0,0
15610403,43,659,106086.42,26900.63,1,2,France,Male,0,1,0,0,0,0,0,0.0837031351873434,0,0,0
15769353,40,550,150490.32,166468.21,8,1,France,Female,0,0,1,0,0,0,0,0.08370513892800963,0,0,2
15708162,40,565,89994.71,121084.27,1,2,Germany,Female,1,0,0,0,0,0,0,0.08370811994961286,0,0,0
15799350,41,632,106134.46,105570.39,0,1,France,Male,1,0,0,0,0,0,0,0.08373407840180935,0,0,0
15788151,32,650,132187.73,178331.36,1,2,Spain,Male,1,1,0,0,0,0,0,0.08374252224425949,0,0,0
15666252,42,706,0.0,28714.34,9,2,Spain,Male,1,1,0,0,0,0,0,0.08375162647058243,0,0,2
15761158,54,719,0.0,125041.52,7,2,France,Female,1,1,0,0,0,0,0,0.08376484741912171,0,0,3
15755239,32,758,162657.64,115525.13,4,2,Germany,Male,1,1,0,0,0,0,0,0.08378414917802723,0,0,0
15591357,51,765,123372.3,115429.32,3,1,France,Male,1,1,0,0,0,0,0,0.08382198696004595,0,0,3
15699637,57,694,116326.07,117704.65,8,1,Spain,Male,1,1,0,0,0,0,0,0.0838311038977822,0,0,3
15792916,40,559,144470.77,18917.95,7,1,Spain,Female,1,1,0,0,0,0,0,0.08383114037214268,0,0,2
15646936,32,631,146810.99,180990.29,2,2,Germany,Female,1,1,0,0,0,0,0,0.08383565496562184,0,0,0
15659710,25,581,77886.53,150319.49,5,2,France,Male,0,1,0,0,0,0,0,0.08383941677037454,0,0,1
15675522,30,628,132351.29,74169.13,9,2,Germany,Female,1,1,0,0,0,0,0,0.08384292181067182,0,0,1
15780954,26,582,65848.36,30149.21,4,2,Spain,Male,0,1,0,0,0,0,0,0.08385874198910459,0,0,1
15763704,43,692,69014.49,164621.43,2,2,Germany,Female,0,0,0,0,0,0,0,0.08387232782149734,0,0,0
15723217,37,616,0.0,111312.96,9,1,France,Male,0,1,0,0,0,0,0,0.08387274247915394,0,0,2
15807555,45,535,0.0,125658.28,2,2,France,Male,0,1,0,0,0,0,0,0.08388775166391388,0,0,0
15602979,29,751,135536.5,66825.33,1,1,France,Male,0,1,0,0,0,0,0,0.08389745202655852,0,0,1
15655213,51,591,132508.3,161304.68,8,1,Germany,Female,1,1,1,0,0,0,0,0.08391160506286244,0,0,3
15763171,25,650,114330.95,25325.07,2,1,Germany,Female,1,1,0,0,0,0,0,0.08391665979187507,0,0,1
15795458,39,718,0.0,52138.49,2,1,Spain,Female,1,1,0,0,0,0,0,0.08395250378022223,0,0,0
15583049,34,643,160426.07,188533.11,7,1,Germany,Female,1,0,0,0,0,0,0,0.08395447979879744,0,0,2
15676521,31,696,0.0,191074.11,8,2,France,Female,0,0,0,0,0,0,0,0.0839989620616679,0,0,2
15666055,49,705,0.0,63405.2,7,1,France,Female,0,1,1,0,0,0,0,0.08400664353997528,0,0,2
15771857,39,513,89039.9,146738.83,7,2,Spain,Male,1,1,0,0,0,0,0,0.0840297958799055,0,0,2
15673084,38,645,68079.8,166264.89,1,1,Spain,Male,1,0,0,0,0,0,0,0.08403098539893533,0,0,0
15701265,36,559,104356.94,54184.06,1,2,Germany,Female,1,0,0,0,0,0,0,0.08403342538413011,0,0,0
15684358,41,711,0.0,193747.57,3,2,France,Male,1,1,0,0,0,0,0,0.08404580688397345,0,0,0
15634950,57,657,107174.58,126369.55,8,1,Germany,Male,1,1,1,0,0,0,0,0.08406596947145067,0,0,3
15679961,46,708,68799.72,39704.14,7,1,Spain,Male,1,1,0,0,0,0,0,0.08406874466507025,0,0,2
15576723,37,740,0.0,194270.91,7,2,France,Female,1,1,0,0,0,0,0,0.08409402175379643,0,0,2
15585067,31,634,108632.48,179485.96,9,1,Spain,Male,1,1,1,0,0,0,0,0.08409414978234547,0,0,2
15618255,56,642,103244.86,143049.72,6,2,Germany,Female,0,1,1,0,0,0,0,0.08409442495203723,0,0,3
15764537,43,703,0.0,9704.66,8,2,France,Male,0,1,0,0,0,0,0,0.08411959959911208,0,0,2
15635277,47,605,142643.54,189310.27,7,1,Spain,Male,0,1,0,0,0,0,0,0.08414959467476202,0,0,2
15709222,34,557,0.0,123427.98,3,1,Spain,Male,1,0,0,0,0,0,0,0.08416915632454847,0,0,0
15704910,23,631,0.0,13813.24,3,2,Spain,Male,0,1,0,0,0,0,0,0.08420058530685254,0,0,1
15810716,42,750,151836.36,68695.38,8,2,Germany,Male,0,1,0,0,0,0,0,0.08421404688725836,0,0,2
15759874,44,532,148595.55,74838.64,3,1,France,Male,0,1,1,0,0,0,0,0.0842195951372523,0,0,0
15571244,33,809,0.0,141426.78,3,2,Spain,Female,1,0,0,0,0,0,0,0.0842373084670775,0,0,0
15661349,35,633,0.0,65675.47,10,2,France,Male,0,1,0,0,0,0,0,0.08423881329429578,0,0,2
15606552,37,741,105261.76,149503.54,9,2,France,Male,1,1,0,0,0,0,0,0.08424020088425394,0,0,2
15715769,26,621,75237.54,44220.4,2,1,France,Male,1,0,0,0,0,0,0,0.08424688000933367,0,0,1
15728709,40,484,106901.42,118045.98,7,2,Germany,Male,0,0,0,0,0,0,0,0.08425491947773528,0,0,2
15588090,51,726,107494.86,140937.91,8,2,Germany,Female,0,1,1,0,0,0,0,0.08426765439556705,0,0,3
15809663,27,583,125406.58,110784.42,1,1,France,Female,1,1,0,0,0,0,0,0.08427257360539575,0,0,1
15800287,46,706,127660.46,150156.82,2,2,Spain,Female,0,1,1,0,0,0,0,0.08428749612287806,0,0,0
15581115,39,603,76769.68,48224.72,9,1,France,Female,0,0,0,0,0,0,0,0.08431257667819675,0,0,2
15713160,25,669,157228.61,124382.9,7,2,Spain,Male,0,1,0,0,0,0,0,0.08431357903726766,0,0,1
15639669,36,746,127157.04,155700.15,9,1,France,Male,1,1,0,0,0,0,0,0.08432083374434973,0,0,2
15783026,41,701,0.0,47856.78,2,1,France,Female,0,1,0,0,0,0,0,0.08432672425588938,0,0,0
15761706,39,705,144102.32,11682.36,8,1,Spain,Female,1,1,0,0,0,0,0,0.08433244010917396,0,0,2
15712551,58,622,116922.25,120415.61,7,1,Germany,Female,0,1,1,0,0,0,0,0.08436155732082395,0,0,3
15720511,41,547,151191.31,175295.89,3,1,Germany,Male,0,1,1,0,0,0,0,0.08436351138406029,0,0,0
15621205,34,578,175111.11,74858.3,4,1,France,Male,1,1,0,0,0,0,0,0.08438215693456297,0,0,0
15586264,43,572,140431.98,26450.57,2,1,France,Male,0,1,1,0,0,0,0,0.08438301177882057,0,0,0
15686963,30,680,0.0,160131.58,3,1,Spain,Female,0,1,0,0,0,0,0,0.0843900448060883,0,0,1
15635660,30,612,142910.15,105890.55,9,1,Germany,Male,0,1,1,0,0,0,0,0.0843902910125458,0,0,1
15656141,39,741,0.0,40207.06,5,1,France,Male,1,0,0,0,0,0,0,0.08439184273128225,0,0,2
15724620,37,538,134752.08,162511.55,1,1,France,Male,0,1,0,0,0,0,0,0.08439311908079822,0,0,0
15803005,57,570,86568.75,103660.31,5,1,Germany,Female,1,0,0,0,0,0,0,0.08439312753144396,0,0,3
15618703,53,663,150200.23,151317.27,6,1,Spain,Female,1,0,1,0,0,0,0,0.08442454008768929,0,0,3
15753837,38,573,0.0,196517.43,4,2,Spain,Male,1,1,0,0,0,0,0,0.08444324752566884,0,0,0
15730460,37,722,0.0,120906.83,2,1,France,Male,0,0,0,0,0,0,0,0.08444693508987383,0,0,0
15594409,45,710,0.0,36154.66,1,2,France,Male,1,1,0,0,0,0,0,0.08445126897182492,0,0,0
15668104,37,479,118433.94,160060.9,6,1,Spain,Male,1,0,0,0,0,0,0,0.08446325873165927,0,0,2
15755330,41,512,122403.24,37439.9,7,1,Germany,Male,1,0,1,0,0,0,0,0.08446454626925975,0,0,2
15792222,37,712,106881.5,169386.81,1,2,France,Female,0,0,0,0,0,0,0,0.08446809327563626,0,0,0
15753847,45,645,0.0,174916.85,4,1,Spain,Male,1,0,1,0,0,0,0,0.08447970622451528,0,0,0
15578866,43,676,0.0,55119.53,2,1,France,Female,1,1,0,0,0,0,0,0.08448209720633937,0,0,0
15721019,24,687,110495.27,158615.41,3,1,France,Female,0,1,0,0,0,0,0,0.08450442543975911,0,0,1
15725945,42,659,0.0,162734.31,2,1,Spain,Female,0,0,1,0,0,0,0,0.08450769129594665,0,0,0
15619892,18,644,0.0,59172.42,8,2,Spain,Male,0,1,0,0,0,0,0,0.0845173222956771,0,0,1
15744983,47,712,139887.01,95719.73,1,1,Spain,Male,1,1,0,0,0,0,0,0.08452438933788942,0,0,0
15730639,23,715,139224.92,65057.71,7,2,France,Male,0,1,0,0,0,0,0,0.08453217379466077,0,0,1
15698902,42,547,142703.4,86207.49,1,1,Germany,Female,0,1,1,0,0,0,0,0.08453945571438504,0,0,0
15785024,40,629,137409.19,175877.7,9,1,France,Female,0,1,1,0,0,0,0,0.0845399280040186,0,0,2
15686812,44,692,0.0,159069.37,8,1,Spain,Female,1,0,0,0,0,0,0,0.08454682121223844,0,0,2
15598940,38,681,181804.34,57517.71,6,2,Germany,Male,1,1,0,0,0,0,0,0.08455112914309426,0,0,2
15684696,26,560,116576.45,157567.37,3,1,Spain,Female,0,1,0,0,0,0,0,0.08455362894364477,0,0,1
15710978,42,715,88120.97,21333.22,2,2,Germany,Male,1,1,0,0,0,0,0,0.08455471398592257,0,0,0
15611029,33,488,140002.35,123613.81,4,1,Germany,Female,0,1,0,0,0,0,0,0.08455502309378432,0,0,0
15741417,35,624,119656.45,4595.05,7,2,Spain,Female,1,1,0,0,0,0,0,0.08455714550191734,0,0,2
15774727,34,757,129398.01,44965.44,1,2,Germany,Female,0,0,0,0,0,0,0,0.08455941036511128,0,0,0
15778155,31,520,108914.17,183572.39,3,1,Germany,Female,1,1,1,0,0,0,0,0.08455984962354779,0,0,0
15694209,32,484,0.0,139390.99,3,2,France,Female,1,1,0,0,0,0,0,0.0845647660768693,0,0,0
15684722,34,490,122952.9,154360.97,5,2,France,Male,0,0,0,0,0,0,0,0.08456950944353236,0,0,0
15638646,43,669,160474.59,95963.14,1,1,France,Female,1,1,0,0,0,0,0,0.08458457391281332,0,0,0
15579994,23,616,73112.95,62733.05,8,1,France,Male,1,1,0,0,0,0,0,0.08460135465058882,0,0,1
15738487,26,678,0.0,4989.33,3,2,France,Male,0,1,0,0,0,0,0,0.084610119586711,0,0,1
15803750,33,750,161801.47,153288.97,3,1,Spain,Female,1,0,1,0,0,0,0,0.08461432053589446,0,0,0
15792107,35,719,0.0,165162.4,8,1,Spain,Female,1,1,0,0,0,0,0,0.08461528657664996,0,0,2
15723786,37,709,0.0,16733.59,9,2,France,Female,0,1,0,0,0,0,0,0.08462554967724834,0,0,2
15718247,46,606,0.0,183717.94,8,2,Spain,Female,1,1,0,0,0,0,0,0.08463003456400225,0,0,2
15705663,39,700,144550.83,189664.43,5,2,Germany,Female,1,1,0,0,0,0,0,0.08463383026064797,0,0,2
15593345,33,502,125241.17,158736.07,6,2,Germany,Female,1,1,0,0,0,0,0,0.08463702058091854,0,0,2
15746553,50,526,124233.24,159456.87,5,1,Germany,Male,1,0,1,0,0,0,0,0.08463767822887591,0,0,3
15774166,24,607,109483.54,127560.77,2,2,Germany,Female,1,0,0,0,0,0,0,0.08463790396148735,0,0,1
15607877,26,576,0.0,34101.06,8,2,Spain,Male,1,0,0,0,0,0,0,0.0846405640226045,0,0,1
15775912,48,698,101238.24,177815.87,4,2,France,Male,1,0,1,0,0,0,0,0.08464267406770315,0,0,0
15728608,34,688,91025.58,163783.0,9,2,Germany,Female,1,0,0,0,0,0,0,0.08466913703318629,0,0,2
15604314,26,703,97331.19,63717.49,1,1,Germany,Female,0,1,0,0,0,0,0,0.08469149279361793,0,0,1
15714575,44,742,107926.02,17375.27,8,1,Germany,Female,1,0,1,0,0,0,0,0.08471319229041252,0,0,2
15715465,28,714,77776.39,177737.07,7,1,Germany,Male,0,1,0,0,0,0,0,0.08471540532214411,0,0,1
15727546,35,762,0.0,43075.7,9,2,France,Male,1,1,0,0,0,0,0,0.08473660224198282,0,0,2
15722122,40,544,0.0,161076.92,7,1,France,Female,1,0,0,0,0,0,0,0.08473924403051858,0,0,2
15637411,30,749,0.0,126551.65,1,2,France,Male,1,0,0,0,0,0,0,0.0847523545289719,0,0,1
15780561,39,622,83456.79,38882.34,9,2,France,Female,0,0,0,0,0,0,0,0.08475429624482828,0,0,2
15770345,31,559,139183.06,143360.56,1,1,Spain,Female,1,0,0,0,0,0,0,0.0847649411965023,0,0,0
15815040,42,552,103362.14,186869.58,8,1,Germany,Female,1,0,1,0,0,0,0,0.08479486824162874,0,0,2
15654772,47,640,89799.46,13783.77,6,2,France,Female,1,0,1,0,0,0,0,0.08480166807886114,0,0,2
15576065,40,731,171325.98,159718.27,5,1,Spain,Female,1,1,1,0,0,0,0,0.08482687466295624,0,0,2
15701301,42,646,175159.9,67124.48,3,2,France,Female,0,0,1,0,0,0,0,0.08483015771374536,0,0,0
15569678,32,561,166824.59,139451.98,6,1,Germany,Male,0,1,0,0,0,0,0,0.08483181636940712,0,0,2
15646521,36,634,0.0,143960.72,1,1,Spain,Female,1,1,0,0,0,0,0,0.08485537955055972,0,0,0
15741652,37,600,177657.35,77142.32,8,1,Spain,Male,1,1,0,0,0,0,0,0.08489132519735698,0,0,2
15567923,30,739,0.0,122604.44,6,1,France,Female,0,0,0,0,0,0,0,0.08489972032526971,0,0,1
15587038,32,654,0.0,51972.92,2,1,Spain,Female,1,1,1,0,0,0,0,0.08493247953237415,0,0,0
15567919,37,586,167735.69,104665.79,8,2,Germany,Male,1,0,0,0,0,0,0,0.08493358191900513,0,0,2
15669301,29,778,150358.97,62454.01,6,1,Germany,Female,0,1,1,0,0,0,0,0.08494922748359474,0,0,1
15573741,38,698,95010.92,105227.86,10,1,Spain,Male,1,1,0,0,0,0,0,0.08495153117624216,0,0,2
15671345,42,531,75302.85,57034.35,6,2,Spain,Female,0,0,0,0,0,0,0,0.08496212901674594,0,0,2
15772933,31,591,0.0,141677.33,8,1,Spain,Male,1,1,0,0,0,0,0,0.08497710356572519,0,0,2
15758136,37,778,141803.77,179421.84,3,1,France,Male,1,0,0,0,0,0,0,0.08498445658657428,0,0,0
15760550,39,741,143637.58,174227.66,7,2,Spain,Male,1,0,0,0,0,0,0,0.08501203652714012,0,0,2
15576162,32,615,92199.84,2755.53,7,1,France,Male,1,1,0,0,0,0,0,0.08501850010130713,0,0,2
15653857,34,498,0.0,148528.24,2,2,France,Male,1,1,0,0,0,0,0,0.08503912023037574,0,0,0
15728456,33,604,0.0,42171.13,3,1,France,Male,0,1,1,0,0,0,0,0.08504425500616575,0,0,0
15657228,37,545,95829.13,104936.88,9,2,Germany,Male,1,0,0,0,0,0,0,0.08505449098106033,0,0,2
15680685,30,751,165257.2,134822.05,3,1,France,Male,0,0,0,0,0,0,0,0.08506283139928678,0,0,1
15713983,34,780,94108.54,177235.21,5,2,Germany,Male,0,1,0,0,0,0,0,0.08507052347863464,0,0,2
15784594,37,549,130622.34,128499.94,1,2,Germany,Female,1,1,0,0,0,0,0,0.08508005087266096,0,0,0
15594556,52,619,0.0,123242.11,8,2,Spain,Male,1,1,0,0,0,0,0,0.08508318325069181,0,0,3
15566091,32,545,0.0,94739.2,4,1,Spain,Female,0,1,0,0,0,0,0,0.08510261487417109,0,0,0
15614213,37,620,107548.94,71175.94,0,1,France,Male,0,1,0,0,0,0,0,0.08511296682031066,0,0,0
15603764,49,560,0.0,100075.1,4,1,France,Male,1,1,1,0,0,0,0,0.08511404666598199,0,0,0
15693996,33,507,113452.66,142911.99,1,1,France,Female,0,0,0,0,0,0,0,0.08512924013836454,0,0,0
15658889,22,689,136444.25,51980.25,4,1,France,Male,0,1,1,0,0,0,0,0.0851322542429726,0,0,1
15795936,50,560,0.0,84531.79,3,2,France,Male,0,1,0,0,0,0,0,0.08517238454826526,0,0,0
15605263,33,552,140931.57,10921.5,5,1,France,Male,1,0,0,0,0,0,0,0.08518780276936816,0,0,0
15583364,32,476,111871.93,112132.86,6,1,France,Female,0,0,0,0,0,0,0,0.08519446408029213,0,0,2
15599211,40,707,0.0,14090.4,1,2,France,Male,0,1,1,0,0,0,0,0.08521139190093091,0,0,0
15773776,38,655,0.0,188639.28,6,1,France,Female,1,1,0,0,0,0,0,0.08522158691889647,0,0,2
15779744,30,537,103138.17,96555.42,1,1,Spain,Male,1,1,0,0,0,0,0,0.08522426426661467,0,0,1
15565706,35,612,0.0,83256.26,1,1,Spain,Male,1,1,1,0,0,0,0,0.08522640531624592,0,0,0
15690647,46,582,67563.31,44506.09,8,1,Spain,Female,0,1,1,0,0,0,0,0.08522878247482524,0,0,2
15813946,51,637,104682.83,55266.96,1,1,Germany,Male,0,1,1,0,0,0,0,0.08524346573623409,0,0,3
15723013,28,613,76656.4,185483.24,7,2,Germany,Male,1,1,0,0,0,0,0,0.08525232317996939,0,0,1
15766810,51,699,92246.14,91346.03,2,2,Germany,Female,1,0,0,0,0,0,0,0.08527030004405972,0,0,3
15720706,39,529,82766.43,122925.44,2,1,Spain,Female,1,1,0,0,0,0,0,0.08527273238742472,0,0,0
15779052,25,604,157780.84,58426.81,5,2,Germany,Female,1,1,0,0,0,0,0,0.08527400318224293,0,0,1
15773098,34,834,0.0,53437.1,5,2,Spain,Male,0,0,0,0,0,0,0,0.08527436477356165,0,0,2
15637138,34,660,0.0,9692.58,1,2,France,Male,0,1,0,0,0,0,0,0.08527802334462875,0,0,0
15589493,27,716,122552.34,67611.36,1,2,Germany,Male,0,1,0,0,0,0,0,0.08532329842030101,0,0,1
15692142,48,707,105086.74,180344.69,7,1,Germany,Female,1,1,1,0,0,0,0,0.08533669130824928,0,0,2
15742210,38,700,65962.63,100950.48,9,1,France,Male,1,1,0,0,0,0,0,0.08534273335224551,0,0,2
15578809,40,651,134760.21,174434.06,1,2,Germany,Male,0,0,1,0,0,0,0,0.08534767223459472,0,0,0
15596212,35,781,0.0,42117.9,1,2,Spain,Male,0,0,0,0,0,0,0,0.08535325864436427,0,0,0
15698872,39,633,0.0,191207.03,2,2,Spain,Female,0,0,0,0,0,0,0,0.08537168876751444,0,0,0
15798659,43,526,0.0,31705.19,3,2,Spain,Female,0,1,0,0,0,0,0,0.08537873098185789,0,0,0
15598331,40,764,100480.53,124095.69,9,1,France,Female,0,1,0,0,0,0,0,0.08537983765264512,0,0,2
15775663,53,712,134729.99,132702.64,6,2,Germany,Male,1,1,0,0,0,0,0,0.085383422755134,0,0,3
15686060,43,670,111677.88,178827.3,9,1,Germany,Male,0,1,1,0,0,0,0,0.08539244020439973,0,0,2
15814998,42,688,0.0,197602.29,5,2,Spain,Male,0,0,0,0,0,0,0,0.08539481090841694,0,0,2
15703399,26,756,101641.14,154460.68,5,2,France,Female,1,0,0,0,0,0,0,0.08540166285700007,0,0,1
15787655,47,707,0.0,174303.29,3,2,France,Male,0,1,0,0,0,0,0,0.08540178330146392,0,0,0
15688337,40,721,118129.87,160277.65,9,1,France,Male,1,1,0,0,0,0,0,0.08540760402004816,0,0,2
15694530,28,672,167268.98,169469.3,4,1,France,Male,1,1,0,0,0,0,0,0.08540892920645626,0,0,1
15722090,51,615,81818.49,169149.38,6,1,Spain,Male,1,1,0,0,0,0,0,0.0854130468355177,0,0,3
15750684,42,719,0.0,28465.86,4,1,France,Female,0,1,1,0,0,0,0,0.08541317462104497,0,0,0
15724889,38,665,0.0,87412.74,9,1,Spain,Male,1,0,0,0,0,0,0,0.08541973564737865,0,0,2
15581539,37,474,0.0,57175.32,3,2,Spain,Male,0,0,0,0,0,0,0,0.08542214335760745,0,0,0
15737556,43,590,81076.8,182627.25,7,2,France,Male,1,1,1,0,0,0,0,0.08542338266824634,0,0,2
15773779,46,593,76597.79,54453.72,2,1,Spain,Female,1,1,0,0,0,0,0,0.08544874783153861,0,0,0
15693752,37,487,0.0,126722.57,2,2,France,Male,1,1,0,0,0,0,0,0.08546477393237006,0,0,0
15671139,39,694,107042.74,102284.2,0,1,Spain,Male,1,1,0,0,0,0,0,0.08547649219404069,0,0,0
15709861,30,766,127786.28,28879.3,4,2,Germany,Male,1,1,0,0,0,0,0,0.08547785950334447,0,0,1
15800215,25,658,0.0,173948.4,3,2,France,Male,1,0,0,0,0,0,0,0.0854790310258326,0,0,1
15607381,31,769,148913.72,53817.23,7,2,Germany,Female,0,1,0,0,0,0,0,0.08548176093601983,0,0,2
15576760,36,673,73088.06,196142.26,5,2,Germany,Male,0,0,0,0,0,0,0,0.08548304957279729,0,0,2
15783477,39,706,112889.91,6723.66,8,1,Germany,Female,1,0,0,0,0,0,0,0.08548367685770247,0,0,2
15572038,35,660,113948.58,188891.96,9,1,Germany,Male,0,1,1,0,0,0,0,0.08549036495012952,0,0,2
15799964,30,669,139872.81,188795.85,7,1,Germany,Female,0,1,0,0,0,0,0,0.0854911249034026,0,0,1
15622578,34,806,113958.55,32125.98,5,1,France,Male,1,0,0,0,0,0,0,0.0854931526300512,0,0,2
15697997,33,602,164704.38,180716.1,5,1,France,Male,1,0,1,0,0,0,0,0.08549568201543084,0,0,0
15813163,36,531,99240.51,123137.01,9,1,Spain,Female,0,1,0,0,0,0,0,0.08549820913118988,0,0,2
15694717,37,544,79731.91,57558.95,2,1,Germany,Male,1,1,0,0,0,0,0,0.08550701252764059,0,0,0
15599182,33,597,0.0,4700.66,2,2,Spain,Female,1,1,0,0,0,0,0,0.08552305857304787,0,0,0
15633419,28,622,143124.63,81723.8,1,2,Germany,Female,0,1,0,0,0,0,0,0.08554249105140155,0,0,1
15597610,41,553,144974.55,19344.92,6,1,Spain,Male,1,1,0,0,0,0,0,0.08554529678423689,0,0,2
15758372,18,674,0.0,55753.12,7,2,France,Male,1,1,1,0,0,0,0,0.08556845686658243,0,0,1
15639662,38,710,0.0,96.27,2,2,France,Male,0,1,0,0,0,0,0,0.08557148907515882,0,0,0
15701109,37,663,0.0,185210.63,7,1,France,Female,1,1,0,0,0,0,0,0.085571702242071,0,0,2
15695383,44,567,0.0,87677.15,9,2,Spain,Male,0,1,0,0,0,0,0,0.08557329285662812,0,0,2
15795149,28,703,81173.83,162812.16,2,2,France,Male,1,0,0,0,0,0,0,0.0855796191465304,0,0,1
15573888,43,648,107963.38,186438.86,1,1,Germany,Female,0,0,1,0,0,0,0,0.08558402153859918,0,0,0
15633612,28,696,172646.82,116471.43,4,1,France,Male,1,1,0,0,0,0,0,0.08559534991093481,0,0,1
15593973,33,663,122528.18,196260.3,8,1,Spain,Female,0,1,0,0,0,0,0,0.08559814302436375,0,0,2
15647570,45,640,120591.19,195123.94,8,1,Germany,Male,0,0,0,0,0,0,0,0.0856004138989575,0,0,2
15809558,31,715,0.0,149970.59,7,1,Spain,Male,1,1,0,0,0,0,0,0.08560433817071839,0,0,2
15583576,30,671,0.0,102057.86,2,1,France,Male,1,0,0,0,0,0,0,0.0856186798044215,0,0,1
15642394,35,529,0.0,187288.5,5,2,Spain,Male,1,1,0,0,0,0,0,0.08562446570083854,0,0,0
15687903,29,501,0.0,112664.24,8,2,France,Female,0,1,0,0,0,0,0,0.08562523575540693,0,0,1
15580935,33,687,135962.4,121747.96,9,2,Germany,Male,0,1,0,0,0,0,0,0.0856293747245126,0,0,2
15801218,49,675,135133.39,179521.24,8,1,France,Male,1,0,1,0,0,0,0,0.08563789283902856,0,0,2
15619494,31,562,117153.0,108675.01,9,1,Germany,Female,1,1,0,0,0,0,0,0.08568234023065285,0,0,2
15692918,36,604,113546.3,134875.37,10,1,Germany,Male,1,1,0,0,0,0,0,0.08569629397596462,0,0,2
15613292,21,715,0.0,68666.63,8,2,France,Male,0,1,0,0,0,0,0,0.08571480585902214,0,0,1
15719856,45,646,47134.75,57236.44,3,1,France,Female,1,1,0,0,0,0,0,0.08577950190813433,0,0,0
15756148,45,765,91549.78,47139.44,2,1,Spain,Male,1,1,0,0,0,0,0,0.08578676770564558,0,0,0
15678210,38,684,105069.98,198355.28,5,2,France,Male,1,1,0,0,0,0,0,0.08579723701242398,0,0,2
15716328,40,501,0.0,141946.92,2,2,France,Female,0,0,0,0,0,0,0,0.0857974748456668,0,0,0
15749177,52,730,0.0,122398.84,7,2,Spain,Female,1,0,0,0,0,0,0,0.08581097122145498,0,0,3
15665790,39,538,108055.1,27231.26,7,2,Germany,Male,0,1,0,0,0,0,0,0.085819908649867,0,0,2
15665014,36,458,0.0,79723.78,5,2,Spain,Male,0,1,0,0,0,0,0,0.0858210833662158,0,0,0
15735636,53,604,121389.78,48201.64,2,1,France,Female,1,1,1,0,0,0,0,0.0858330156494661,0,0,3
15790322,32,660,114668.89,84605.0,0,1,France,Female,0,1,0,0,0,0,0,0.0858352896662648,0,0,0
15567834,49,719,105918.1,16246.59,5,1,France,Male,1,1,0,0,0,0,0,0.08584473936709386,0,0,3
15777352,32,568,169399.6,61936.22,7,1,Spain,Female,0,1,0,0,0,0,0,0.08584862053724512,0,0,2
15691504,52,619,124099.13,23904.52,8,1,Germany,Female,0,0,0,0,0,0,0,0.08584891039329567,0,0,3
15749050,36,548,0.0,65996.9,3,1,France,Female,0,1,0,0,0,0,0,0.08585004321455664,0,0,0
15698528,31,599,0.0,130086.47,3,1,Spain,Female,1,1,1,0,0,0,0,0.08586148937945848,0,0,0
15657386,43,712,141749.74,90905.26,1,2,Germany,Male,1,0,0,0,0,0,0,0.08586726311022336,0,0,0
15800031,43,681,66338.68,18772.5,3,1,France,Male,1,1,1,0,0,0,0,0.08587041699110715,0,0,0
15812878,36,785,99806.85,36976.52,2,1,Germany,Female,1,0,0,0,0,0,0,0.08587985160556433,0,0,0
15651868,34,672,0.0,22736.06,6,1,France,Male,0,0,0,0,0,0,0,0.08589842710259965,0,0,2
15704340,37,581,104255.03,86609.37,10,1,France,Female,0,1,0,0,0,0,0,0.0858989542275777,0,0,2
15666096,27,676,0.0,107955.67,4,1,Spain,Male,1,0,0,0,0,0,0,0.08589930989745947,0,0,1
15600173,33,595,0.0,41447.86,9,2,France,Female,1,1,0,0,0,0,0,0.0859119866013846,0,0,2
15790689,32,647,80958.36,128590.73,9,1,Spain,Male,1,1,0,0,0,0,0,0.08591835895176497,0,0,2
15743538,31,710,0.0,20081.3,1,2,France,Female,0,1,0,0,0,0,0,0.08592000085825136,0,0,0
15788686,40,538,0.0,25554.4,8,2,Spain,Male,1,1,0,0,0,0,0,0.08592478434255968,0,0,2
15781495,22,662,126362.57,97382.8,2,2,France,Female,1,1,0,0,0,0,0,0.08593363341561555,0,0,1
15739168,31,511,137411.29,161854.98,5,1,France,Female,1,0,0,0,0,0,0,0.08593376241150175,0,0,0
15581252,29,632,80922.75,7820.78,7,1,Spain,Female,0,1,0,0,0,0,0,0.08594938064402557,0,0,1
15573318,26,610,0.0,166031.08,8,2,France,Male,0,1,0,0,0,0,0,0.08595228114696835,0,0,1
15761047,31,724,160997.54,64831.36,2,2,Germany,Male,1,0,0,0,0,0,0,0.08596494504688318,0,0,0
15694200,36,693,178111.82,58719.63,8,1,France,Male,0,0,1,0,0,0,0,0.0859815646501444,0,0,2
15673907,20,659,0.0,112572.02,8,2,France,Male,0,0,0,0,0,0,0,0.08598336730907952,0,0,1
15690540,41,684,134177.06,177506.66,1,1,Spain,Female,0,0,0,0,0,0,0,0.08598627602757619,0,0,0
15646168,33,834,0.0,66285.18,5,2,Spain,Male,0,1,0,0,0,0,0,0.08598697009872458,0,0,2
15682528,33,572,0.0,41139.05,5,1,France,Male,1,0,0,0,0,0,0,0.08599346097527599,0,0,0
15701768,32,637,0.0,197827.06,3,2,France,Male,1,1,0,0,0,0,0,0.08599403629324631,0,0,0
15803032,38,599,89111.63,157239.6,9,1,Germany,Male,0,0,0,0,0,0,0,0.08600796562214419,0,0,2
15655298,54,654,0.0,47139.06,5,2,Spain,Female,1,0,0,0,0,0,0,0.08602839831182729,0,0,3
15808544,40,747,0.0,57817.84,3,1,France,Female,0,0,1,0,0,0,0,0.08605243511584404,0,0,0
15696301,37,719,101455.7,25803.59,9,1,France,Female,0,1,1,0,0,0,0,0.08605938085955278,0,0,2
15793135,24,713,147687.24,121592.5,7,1,Germany,Female,1,1,0,0,0,0,0,0.08609134429025395,0,0,1
15660768,40,604,84315.02,36209.1,1,1,France,Male,0,0,0,0,0,0,0,0.08609135865301171,0,0,0
15680706,48,537,131834.8,166476.95,4,1,Germany,Male,0,1,1,0,0,0,0,0.08610407635146339,0,0,0
15581198,39,668,122104.79,112946.67,0,1,Germany,Female,0,1,1,0,0,0,0,0.08610432690102438,0,0,0
15735784,38,583,0.0,47848.56,8,1,France,Male,0,1,0,0,0,0,0,0.08610544943358645,0,0,2
15589666,39,595,136422.41,151757.81,9,1,France,Female,1,1,0,0,0,0,0,0.08610589791232687,0,0,2
15632446,24,667,0.0,180329.83,4,2,France,Male,0,0,0,0,0,0,0,0.08611174650872316,0,0,1
15680436,29,496,0.0,164806.89,4,2,France,Female,0,1,0,0,0,0,0,0.08611369325281337,0,0,1
15668893,39,782,0.0,33949.67,8,2,France,Male,1,1,0,0,0,0,0,0.08612469798227951,0,0,2
15728505,44,601,100486.18,62678.53,1,2,France,Male,1,1,0,0,0,0,0,0.08612805815028768,0,0,0
15649150,53,531,127642.44,141501.45,5,1,France,Female,0,1,1,0,0,0,0,0.08613095261293652,0,0,3
15571305,35,588,103060.63,179866.01,1,1,Germany,Female,0,1,1,0,0,0,0,0.0861332337174674,0,0,0
15761364,30,679,0.0,157871.55,9,2,France,Male,0,1,0,0,0,0,0,0.08614852622360969,0,0,1
15603665,39,638,122501.28,95007.8,0,2,Germany,Female,1,1,0,0,0,0,0,0.08615986246220148,0,0,0
15801431,48,682,101198.01,49732.9,9,1,Spain,Female,1,1,0,0,0,0,0,0.08617466055005707,0,0,2
15636388,23,702,98775.23,114603.96,7,1,Germany,Female,0,1,0,0,0,0,0,0.0861766978725999,0,0,1
15720671,42,704,129735.3,179565.57,8,2,France,Male,1,1,0,0,0,0,0,0.08620338424435259,0,0,2
15738785,26,545,0.0,156598.23,7,2,France,Male,1,0,0,0,0,0,0,0.08621859043112595,0,0,1
15800784,42,645,98298.18,676.06,4,1,France,Male,1,1,0,0,0,0,0,0.08621926273844421,0,0,0
15614491,39,539,139153.68,147662.33,3,2,France,Male,0,1,0,0,0,0,0,0.08622426210494083,0,0,0
15685536,34,552,0.0,1351.41,5,2,France,Female,1,1,0,0,0,0,0,0.08622611187910156,0,0,0
15776156,27,521,121325.84,164223.7,4,1,France,Male,1,1,1,0,0,0,0,0.08623228908885322,0,0,1
15682600,39,620,159492.79,80582.34,9,1,Germany,Male,0,1,1,0,0,0,0,0.08623447039302029,0,0,2
15785167,29,795,0.0,155711.64,4,2,Spain,Male,0,0,0,0,0,0,0,0.08624724681493107,0,0,1
15669922,36,530,0.0,14721.8,2,2,Spain,Female,1,1,0,0,0,0,0,0.08627478495934354,0,0,0
15566740,51,587,83739.32,148798.45,3,1,Spain,Male,1,0,0,0,0,0,0,0.08627636168152342,0,0,3
15610419,33,554,117413.95,12766.74,3,1,France,Male,1,1,0,0,0,0,0,0.08627686290222619,0,0,0
15683195,32,719,146605.27,77119.45,9,1,France,Male,1,1,0,0,0,0,0,0.08628183678073131,0,0,2
15635531,30,575,0.0,185341.63,8,2,Spain,Female,0,1,0,0,0,0,0,0.08630738837633939,0,0,1
15576550,38,619,0.0,112442.63,1,1,Spain,Female,0,1,1,0,0,0,0,0.08631093785284533,0,0,0
15800773,28,648,102282.61,157891.11,9,1,Spain,Female,1,1,0,0,0,0,0,0.08633452959732724,0,0,1
15669064,35,671,144848.74,179012.3,1,1,Germany,Male,1,1,0,0,0,0,0,0.08635347344654082,0,0,0
15713853,42,732,108748.08,65323.11,9,2,Germany,Male,1,1,0,0,0,0,0,0.08637439128526658,0,0,2
15598088,25,559,0.0,163221.22,5,2,Spain,Male,1,1,0,0,0,0,0,0.08637802874330325,0,0,1
15724838,43,599,0.0,170347.1,4,1,France,Female,0,1,0,0,0,0,0,0.0863900032106466,0,0,0
15675328,37,449,0.0,82176.48,6,2,France,Female,0,1,0,0,0,0,0,0.0863986975154642,0,0,2
15659094,34,765,136729.51,47058.21,8,2,Germany,Female,0,0,0,0,0,0,0,0.08640438977701781,0,0,2
15755825,39,666,0.0,102999.33,10,2,France,Male,0,1,0,0,0,0,0,0.08640595835818327,0,0,2
15650864,42,507,0.0,34777.23,6,2,France,Male,0,1,0,0,0,0,0,0.08641320441799794,0,0,2
15579062,32,707,0.0,30807.02,9,2,France,Male,0,0,0,0,0,0,0,0.08643892957544802,0,0,2
15768244,30,538,0.0,41192.95,8,2,Spain,Female,1,1,0,0,0,0,0,0.08643901937173892,0,0,1
15599152,31,698,156111.24,134790.74,1,1,France,Male,0,0,0,0,0,0,0,0.08644447198844835,0,0,0
15615096,31,492,0.0,49463.44,7,2,France,Female,1,1,0,0,0,0,0,0.0864455862034651,0,0,2
15799626,50,637,126345.55,17323.0,4,1,Germany,Male,1,0,1,0,0,0,0,0.08647031450717052,0,0,3
15670859,39,718,93148.74,190746.38,7,2,Germany,Female,1,1,0,0,0,0,0,0.0864839606565172,0,0,2
15694381,51,631,100654.8,171587.9,8,1,France,Male,0,1,0,0,0,0,0,0.08648929219349544,0,0,3
15682995,32,600,78535.25,64349.6,1,1,France,Female,0,1,0,0,0,0,0,0.08649137491527564,0,0,0
15642579,37,731,128932.4,180712.52,1,1,Spain,Female,1,1,0,0,0,0,0,0.08650482846715174,0,0,0
15804610,41,601,0.0,160607.06,1,2,France,Female,1,0,0,0,0,0,0,0.08653946589916617,0,0,0
15573456,46,648,127209.0,77405.95,9,2,Spain,Male,0,1,1,0,0,0,0,0.08655423414645247,0,0,2
15670496,27,655,0.0,108008.05,9,2,Spain,Female,0,0,0,0,0,0,0,0.08656074760789445,0,0,1
15720644,27,789,0.0,103603.65,6,2,France,Male,0,1,0,0,0,0,0,0.08657745111168064,0,0,1
15731246,40,628,0.0,103832.58,10,2,Spain,Male,0,1,0,0,0,0,0,0.08659432999326844,0,0,2
15687719,37,532,0.0,6761.84,5,2,Spain,Female,1,0,0,0,0,0,0,0.08659463734339823,0,0,0
15601324,48,697,0.0,87400.53,1,2,France,Female,1,1,0,0,0,0,0,0.08659901907285683,0,0,0
15722053,33,576,0.0,190112.05,3,2,Spain,Male,1,0,0,0,0,0,0,0.08661059004840377,0,0,0
15632365,33,542,142871.27,77737.86,8,2,Germany,Male,0,0,0,0,0,0,0,0.08661476260278289,0,0,2
15711309,33,574,129834.67,193131.42,3,1,Germany,Male,0,1,0,0,0,0,0,0.08663146248231146,0,0,0
15674880,50,658,0.0,52137.73,2,2,Spain,Male,0,1,0,0,0,0,0,0.08664425438943363,0,0,0
15578787,52,641,0.0,90964.54,4,1,France,Female,0,1,1,0,0,0,0,0.0866594918570796,0,0,3
15687752,30,641,87505.47,7278.57,2,2,France,Male,1,0,0,0,0,0,0,0.08667711803283284,0,0,1
15591286,49,731,88826.07,33759.41,4,1,Germany,Female,1,1,1,0,0,0,0,0.08670917497106162,0,0,0
15627995,26,756,155143.52,135034.57,5,1,Germany,Female,1,0,1,0,0,0,0,0.0867106883239156,0,0,1
15793881,35,721,118273.83,3086.89,6,1,France,Female,1,0,0,0,0,0,0,0.08672325328876518,0,0,2
15703588,25,665,153611.83,35321.65,5,2,Germany,Male,0,1,0,0,0,0,0,0.08672562403121958,0,0,1
15613816,39,539,62052.28,59755.14,6,1,Spain,Female,1,0,0,0,0,0,0,0.08672831236870382,0,0,2
15744614,37,541,118636.92,73551.44,9,1,France,Male,1,1,0,0,0,0,0,0.0867482748903235,0,0,2
15577078,38,539,0.0,152880.07,6,1,Spain,Male,1,1,1,0,0,0,0,0.08676066535530902,0,0,2
15588986,29,673,99097.36,9796.69,4,1,Germany,Female,1,1,0,0,0,0,0,0.08676271119264883,0,0,1
15662908,38,795,125903.22,127068.92,7,2,Germany,Male,1,1,0,0,0,0,0,0.08677841045637907,0,0,2
15733261,35,688,0.0,25488.43,6,1,Spain,Female,0,1,1,0,0,0,0,0.08678499075322105,0,0,2
15784890,32,763,0.0,16725.53,8,2,Spain,Female,0,1,0,0,0,0,0,0.08679662316435438,0,0,2
15684958,38,489,126444.08,82662.73,2,2,Germany,Male,1,1,0,0,0,0,0,0.08682534907052913,0,0,0
15678173,35,629,174588.8,158420.14,4,2,Spain,Male,1,0,0,0,0,0,0,0.0868453116750954,0,0,0
15591740,54,590,0.0,93820.49,4,2,France,Female,1,1,1,0,0,0,0,0.08685383108990052,0,0,3
15588341,47,647,99835.17,89103.05,10,1,Spain,Male,1,0,0,0,0,0,0,0.08685937528321908,0,0,2
15668958,30,521,107316.09,64299.82,2,1,France,Male,0,1,0,0,0,0,0,0.08686216716027606,0,0,1
15800736,42,601,96763.89,199242.65,4,1,Spain,Female,1,1,0,0,0,0,0,0.0868747350663337,0,0,0
15599004,37,655,0.0,106040.97,1,1,Spain,Male,1,1,0,0,0,0,0,0.0868841847819048,0,0,0
15628893,29,681,0.0,66367.33,8,1,France,Male,0,1,0,0,0,0,0,0.08690132505113063,0,0,1
15798888,31,605,117992.59,183598.77,1,1,Germany,Female,1,1,0,0,0,0,0,0.08690285767106903,0,0,0
15688876,39,685,0.0,18826.06,9,2,Spain,Male,1,1,0,0,0,0,0,0.08690404932926571,0,0,2
15609676,35,718,167924.95,43024.64,2,1,France,Female,0,1,0,0,0,0,0,0.08692634319807463,0,0,0
15619616,33,571,102017.25,128600.49,9,2,France,Female,0,0,0,0,0,0,0,0.08693756747501658,0,0,2
15578369,37,652,145219.3,159132.83,9,1,Germany,Female,0,1,0,0,0,0,0,0.08695299413058127,0,0,2
15607629,48,679,0.0,23344.94,8,2,France,Male,0,1,0,0,0,0,0,0.08697212246760305,0,0,2
15678882,37,540,129965.18,19374.08,3,1,Germany,Male,0,0,0,0,0,0,0,0.0869734190821898,0,0,0
15729238,48,631,106396.48,150661.42,1,1,Germany,Male,1,1,1,0,0,0,0,0.08697369980718911,0,0,0
15644400,44,709,128601.98,117031.2,9,1,France,Male,0,1,0,0,0,0,0,0.08697898873721926,0,0,2
15660688,35,701,0.0,170996.86,9,2,Spain,Female,0,0,0,0,0,0,0,0.08698933131039988,0,0,2
15679801,39,712,163097.55,23702.42,5,2,Spain,Female,1,1,0,0,0,0,0,0.086989403493683,0,0,2
15603582,34,569,0.0,133997.53,3,1,Spain,Female,0,1,0,0,0,0,0,0.0869963667934141,0,0,0
15770543,37,679,74260.03,194617.98,7,1,France,Male,0,1,0,0,0,0,0,0.0870011355069934,0,0,2
15631512,26,597,149989.39,42330.58,8,1,France,Female,0,1,0,0,0,0,0,0.08700833880915387,0,0,1
15667476,36,477,117700.86,74042.0,3,1,Germany,Female,0,0,0,0,0,0,0,0.0870090081225402,0,0,0
15585768,41,582,70349.48,178074.04,6,2,Germany,Male,1,0,0,0,0,0,0,0.08701147141899385,0,0,2
15688689,37,678,149000.91,21472.42,8,2,Germany,Female,1,1,0,0,0,0,0,0.0870168148937343,0,0,2
15726153,31,622,106260.67,2578.43,5,1,France,Male,1,1,0,0,0,0,0,0.08702832200534022,0,0,0
15786789,29,725,0.0,190776.83,6,2,France,Female,1,1,0,0,0,0,0,0.08706382528696616,0,0,1
15589018,28,719,106070.29,183893.31,3,2,Germany,Male,1,1,0,0,0,0,0,0.08706415632474512,0,0,1
15572291,40,825,132308.22,117122.5,6,1,France,Male,0,0,0,0,0,0,0,0.08706707908706496,0,0,2
15704378,37,655,121342.24,180241.44,9,1,Germany,Male,1,1,0,0,0,0,0,0.08706895690908983,0,0,2
15762198,34,812,103818.43,166038.27,5,1,France,Male,1,1,0,0,0,0,0,0.08708251499161879,0,0,2
15577587,52,550,121016.23,41730.37,5,1,Germany,Male,1,1,1,0,0,0,0,0.08708840293876124,0,0,3
15586974,39,656,0.0,98894.64,10,2,France,Male,1,1,0,0,0,0,0,0.08710769215678887,0,0,2
15678727,45,770,110765.68,26163.74,4,1,Germany,Male,0,1,1,0,0,0,0,0.0871089374393379,0,0,0
15645136,30,744,128065.12,121525.48,1,1,Spain,Male,0,1,0,0,0,0,0,0.08712524610893474,0,0,1
15585853,41,743,0.0,163736.09,7,1,Spain,Male,0,1,1,0,0,0,0,0.087129017921252,0,0,2
15714567,26,568,0.0,166495.2,6,2,Spain,Female,0,0,0,0,0,0,0,0.08713579559044199,0,0,1
15789974,33,713,94598.48,197519.66,6,1,France,Male,0,0,1,0,0,0,0,0.08713919912624013,0,0,2
15811927,38,733,157658.36,19658.43,3,1,France,Female,0,0,0,0,0,0,0,0.08714674448015092,0,0,0
15628272,36,774,114997.42,75304.09,9,1,France,Female,0,1,0,0,0,0,0,0.08715121612800353,0,0,2
15613048,40,648,139973.65,667.66,5,1,Germany,Female,1,1,1,0,0,0,0,0.08715790285436154,0,0,0
15651140,32,710,0.0,94790.34,3,1,France,Female,0,1,0,0,0,0,0,0.08717767371241392,0,0,0
15782364,39,521,146408.68,72993.67,3,1,Spain,Female,0,0,0,0,0,0,0,0.08718505528357146,0,0,0
15767794,31,744,120718.28,58961.49,9,1,France,Male,1,1,0,0,0,0,0,0.08718662354490431,0,0,2
15766906,25,742,132116.13,129933.5,4,2,France,Female,0,1,0,0,0,0,0,0.08719028986851124,0,0,1
15755262,41,608,89763.84,199304.74,3,1,Spain,Female,0,0,1,0,0,0,0,0.08721972251633359,0,0,0
15749557,44,707,0.0,192542.17,6,2,France,Female,1,1,0,0,0,0,0,0.0872327455899537,0,0,2
15785869,25,718,0.0,30380.12,7,2,France,Female,0,1,0,0,0,0,0,0.08723781761943084,0,0,1
15585249,42,741,106036.52,194686.78,6,1,France,Male,0,1,1,0,0,0,0,0.08723864100122697,0,0,2
15580462,40,607,112544.45,19842.22,1,1,Spain,Male,1,1,0,0,0,0,0,0.08725731602699188,0,0,0
15725767,23,701,0.0,38960.59,3,2,France,Male,0,1,0,0,0,0,0,0.08727100337938021,0,0,1
15727857,41,635,0.0,175611.5,1,2,Spain,Male,0,1,0,0,0,0,0,0.0872778515138346,0,0,0
15581548,22,637,98800.0,122865.55,5,1,Spain,Female,0,1,0,0,0,0,0,0.08728541976531207,0,0,1
15681705,28,785,0.0,77231.27,8,2,France,Male,0,1,0,0,0,0,0,0.08729234079000309,0,0,1
15568238,20,650,0.0,113469.65,8,2,Spain,Male,1,1,0,0,0,0,0,0.08730406958793069,0,0,1
15782736,47,573,152522.47,164038.07,4,1,Germany,Female,1,0,1,0,0,0,0,0.08730888621280208,0,0,0
15607690,47,689,118812.5,31121.42,2,2,Germany,Male,0,0,0,0,0,0,0,0.08731250770892152,0,0,0
15803947,30,757,161378.02,71926.28,6,1,Germany,Female,0,0,1,0,0,0,0,0.08731669683528742,0,0,1
15630328,48,635,130796.33,43250.3,8,2,France,Female,1,1,0,0,0,0,0,0.0873412947286284,0,0,2
15609356,25,697,0.0,87803.32,1,2,France,Female,0,0,0,0,0,0,0,0.08734299683322211,0,0,1
15624677,37,543,122304.65,33998.7,3,2,Germany,Female,0,0,0,0,0,0,0,0.08735998056198047,0,0,0
15798850,32,576,0.0,4660.91,7,2,France,Male,0,1,0,0,0,0,0,0.08737351225831319,0,0,2
15782802,26,582,114450.32,14081.64,6,1,Germany,Male,1,1,0,0,0,0,0,0.08740819952908874,0,0,1
15649744,51,628,123981.31,40546.15,3,2,France,Female,1,1,0,0,0,0,0,0.08740822746276639,0,0,3
15711398,25,525,0.0,89566.64,6,2,France,Female,0,1,0,0,0,0,0,0.08742277167200185,0,0,1
15696054,37,596,0.0,121175.86,2,1,France,Male,1,0,0,0,0,0,0,0.08743371880387785,0,0,0
15740868,45,658,134562.8,159268.67,9,1,Germany,Female,1,1,0,0,0,0,0,0.08744387474295395,0,0,2
15779809,44,655,87471.63,188593.98,8,1,France,Male,1,0,0,0,0,0,0,0.08746200630432144,0,0,2
15677173,37,555,124969.13,60194.05,9,1,France,Male,0,1,0,0,0,0,0,0.08746965148285929,0,0,2
15670914,38,754,0.0,180698.32,2,2,France,Male,0,1,0,0,0,0,0,0.08747821586597704,0,0,0
15595588,39,773,0.0,182081.45,4,2,Spain,Female,1,0,0,0,0,0,0,0.08749421631486992,0,0,0
15694765,49,610,113882.33,195813.81,6,1,Germany,Male,0,1,1,0,0,0,0,0.08750239353629025,0,0,2
15611635,39,678,0.0,185366.56,6,1,Spain,Female,1,0,0,0,0,0,0,0.087520762761785,0,0,2
15656322,33,571,71843.15,26772.04,3,1,Germany,Male,0,1,0,0,0,0,0,0.08752164756846165,0,0,0
15741416,42,707,16893.59,77502.56,2,1,France,Male,1,1,0,0,0,0,0,0.08753681589358775,0,0,0
15638487,38,586,136858.42,189143.94,2,1,Germany,Male,1,0,0,0,0,0,0,0.08754397300603112,0,0,0
15730059,44,638,77637.35,111346.22,9,2,Spain,Male,1,1,0,0,0,0,0,0.08756951064684981,0,0,2
15662151,40,554,0.0,168780.04,4,1,France,Male,1,0,0,0,0,0,0,0.08757960909345736,0,0,0
15792360,32,668,0.0,777.37,7,2,France,Male,1,1,0,0,0,0,0,0.08758487003494009,0,0,2
15659064,37,790,0.0,149418.41,8,2,Spain,Male,1,1,0,0,0,0,0,0.0876316594994011,0,0,2
15704160,49,648,0.0,149946.43,5,1,Spain,Male,0,1,1,0,0,0,0,0.0876351569846549,0,0,2
15755868,35,562,0.0,48869.67,7,1,France,Male,0,0,0,0,0,0,0,0.08764321645622825,0,0,2
15678412,45,645,85325.93,22558.74,8,1,France,Female,0,0,0,0,0,0,0,0.08764881828922416,0,0,2
15592028,46,549,0.0,109057.56,7,1,France,Female,1,1,0,0,0,0,0,0.08768658443641075,0,0,2
15637324,28,657,0.0,5177.62,7,2,France,Female,1,0,0,0,0,0,0,0.0876938791251482,0,0,1
15709653,32,497,0.0,67364.42,8,2,France,Male,0,1,0,0,0,0,0,0.08770181259239873,0,0,2
15595883,39,540,127278.31,16150.34,4,1,Germany,Male,1,1,0,0,0,0,0,0.08770517561387181,0,0,0
15801548,31,661,144162.3,14490.79,7,2,France,Female,1,1,0,0,0,0,0,0.0877158636997854,0,0,2
15594456,56,740,99097.33,85016.64,4,1,Spain,Female,1,1,1,0,0,0,0,0.08772334854925162,0,0,3
15694995,23,712,0.0,66795.78,2,2,France,Male,1,0,0,0,0,0,0,0.08772639146397487,0,0,1
15625706,45,693,116546.59,23140.28,2,2,Germany,Male,0,0,1,0,0,0,0,0.08773541960260195,0,0,0
15728167,44,667,122806.95,15120.86,2,1,France,Male,0,0,0,0,0,0,0,0.08773623251695939,0,0,0
15663421,28,527,128396.33,79919.97,6,2,Spain,Male,0,1,0,0,0,0,0,0.0877435354144388,0,0,1
15645621,44,811,0.0,78439.73,3,2,Spain,Male,1,0,0,0,0,0,0,0.08774974580713463,0,0,0
15603914,40,614,0.0,20339.79,6,1,France,Male,1,1,1,0,0,0,0,0.08775059008031655,0,0,2
15661745,36,557,0.0,144078.02,3,1,France,Male,1,0,0,0,0,0,0,0.08775540942987625,0,0,0
15791131,30,551,143340.44,145796.49,2,1,Germany,Female,0,1,0,0,0,0,0,0.08777072431087601,0,0,1
15707042,24,634,87413.19,63340.65,2,1,France,Female,0,1,0,0,0,0,0,0.08777463622742632,0,0,1
15633352,31,628,175443.75,113167.17,6,1,France,Female,0,1,1,0,0,0,0,0.08777928574797983,0,0,2
15705050,30,611,0.0,148887.69,9,2,France,Male,1,1,0,0,0,0,0,0.08779130669194457,0,0,1
15735549,35,810,96814.46,120511.03,3,2,Germany,Male,1,1,0,0,0,0,0,0.08780747960119684,0,0,0
15636521,30,744,124037.28,142210.94,1,1,Spain,Female,1,1,0,0,0,0,0,0.08781540937085142,0,0,1
15617434,38,655,0.0,90490.33,9,1,Spain,Male,1,0,0,0,0,0,0,0.0878181833034321,0,0,2
15729836,32,646,0.0,183289.22,1,2,Spain,Male,0,1,0,0,0,0,0,0.08783085653653411,0,0,0
15792862,41,653,104584.11,15126.32,1,1,Germany,Male,0,1,1,0,0,0,0,0.08784178330054454,0,0,0
15726466,43,751,114974.24,125920.54,1,1,France,Male,0,1,0,0,0,0,0,0.08784728426639138,0,0,0
15671104,43,637,172196.23,104769.96,3,1,Spain,Male,1,1,0,0,0,0,0,0.08785328598370656,0,0,0
15749964,27,610,87262.4,182720.07,4,2,France,Female,0,1,0,0,0,0,0,0.08786641202180423,0,0,1
15740406,38,628,113525.84,46044.48,10,1,Germany,Male,0,1,1,0,0,0,0,0.08789922605591782,0,0,2
15605284,26,688,0.0,104435.94,1,2,France,Male,1,1,0,0,0,0,0,0.08790109976397031,0,0,1
15697129,43,706,0.0,31962.77,1,2,Spain,Female,0,1,0,0,0,0,0,0.08791319208576642,0,0,0
15726791,45,637,157929.45,145134.49,2,1,Spain,Female,1,1,1,0,0,0,0,0.08792126881943052,0,0,0
15801832,42,684,117691.0,23135.65,1,1,Germany,Male,1,1,1,0,0,0,0,0.08792243877604455,0,0,0
15772412,30,554,135370.12,179689.05,6,1,Spain,Male,1,1,1,0,0,0,0,0.08793640881809345,0,0,1
15644788,30,731,0.0,189528.72,5,2,France,Female,0,1,0,0,0,0,0,0.08795404590082478,0,0,1
15582892,46,601,99786.07,32683.88,2,1,France,Male,1,1,1,0,0,0,0,0.08795471596437587,0,0,0
15745716,53,706,0.0,117939.17,7,2,Spain,Male,1,0,0,0,0,0,0,0.08796152863341117,0,0,3
15649024,39,748,132865.56,59636.43,9,1,France,Female,1,1,1,0,0,0,0,0.08796965340674928,0,0,2
15608588,41,563,100520.92,19412.8,2,1,Germany,Male,1,1,1,0,0,0,0,0.08797835903878048,0,0,0
15803716,28,706,0.0,181543.67,3,2,Spain,Male,1,0,0,0,0,0,0,0.08798486600065497,0,0,1
15719309,42,670,115961.58,29483.87,1,2,France,Female,1,0,0,0,0,0,0,0.08799876434710596,0,0,0
15661936,40,513,141004.46,105028.46,3,1,France,Male,0,1,0,0,0,0,0,0.08800247794684901,0,0,0
15737354,48,554,0.0,63708.07,7,2,France,Female,1,1,0,0,0,0,0,0.08802073751623607,0,0,2
15764351,59,668,120170.07,50454.8,5,1,Germany,Female,1,0,0,0,0,0,0,0.08802993806567949,0,0,3
15700325,24,644,92760.55,35896.75,8,1,France,Female,0,1,0,0,0,0,0,0.08803937234710313,0,0,1
15810347,30,662,0.0,157884.83,9,2,Spain,Female,1,0,0,0,0,0,0,0.0880470701984476,0,0,1
15638751,41,838,0.0,81313.51,5,2,Spain,Female,0,1,0,0,0,0,0,0.08806366088421924,0,0,2
15629575,36,717,148061.89,179128.69,2,1,France,Male,0,1,1,0,0,0,0,0.08806711347769125,0,0,0
15757837,33,584,88311.48,177651.38,3,2,Germany,Male,1,1,0,0,0,0,0,0.0880724110833182,0,0,0
15700937,24,767,0.0,67445.85,5,2,Spain,Female,1,1,0,0,0,0,0,0.08807346007522349,0,0,1
15739248,52,727,0.0,118429.02,4,2,France,Male,1,1,0,0,0,0,0,0.08808174214228037,0,0,3
15685653,40,585,162261.01,137028.51,3,2,Germany,Female,0,1,0,0,0,0,0,0.08809387037749217,0,0,0
15763544,47,673,0.0,108762.16,1,2,France,Male,0,0,0,0,0,0,0,0.0880970992226125,0,0,0
15699294,30,555,0.0,88146.86,1,2,France,Male,0,0,0,0,0,0,0,0.08810046114667552,0,0,1
15692443,33,612,69478.57,8973.67,5,1,Spain,Male,0,1,1,0,0,0,0,0.08811390182676132,0,0,2
15642785,34,479,117593.48,113308.29,5,2,France,Male,0,0,0,0,0,0,0,0.08811414560114383,0,0,0
15753092,35,791,129828.58,181918.26,5,1,Germany,Male,1,1,1,0,0,0,0,0.08814245728312214,0,0,2
15692132,22,717,101060.25,84699.56,6,1,Spain,Female,1,0,0,0,0,0,0,0.08814309478628563,0,0,1
15758116,53,666,64646.7,128019.48,5,1,France,Male,0,1,1,0,0,0,0,0.08815983033268565,0,0,3
15755416,27,557,87739.08,123096.56,3,1,France,Female,1,1,0,0,0,0,0,0.08818120356853826,0,0,1
15566030,41,497,80542.81,88729.22,5,1,Germany,Male,0,0,1,0,0,0,0,0.0881813590837826,0,0,0
15618926,43,520,0.0,36202.74,7,2,Spain,Male,1,1,0,0,0,0,0,0.08818716778481689,0,0,2
15657163,42,623,149332.48,100834.22,1,2,Germany,Male,0,1,0,0,0,0,0,0.08820875923126492,0,0,0
15752488,31,733,102289.85,115441.66,9,1,Spain,Female,1,1,0,0,0,0,0,0.08822262011020837,0,0,2
15751912,36,567,0.0,3896.08,7,2,France,Male,1,0,0,0,0,0,0,0.08822836484654262,0,0,2
15598485,40,567,28649.64,95140.62,8,1,Spain,Male,1,1,0,0,0,0,0,0.08823398706249602,0,0,2
15614827,42,503,104430.08,147557.71,8,1,France,Male,1,1,0,0,0,0,0,0.08824468178746109,0,0,2
15651533,50,570,129293.74,177805.44,5,1,Germany,Female,0,1,1,0,0,0,0,0.08826591981148119,0,0,0
15664681,35,584,114321.28,15959.01,2,2,France,Female,0,0,0,0,0,0,0,0.08829962282512144,0,0,0
15660417,43,613,120481.69,94875.03,10,1,Germany,Female,0,0,1,0,0,0,0,0.08830753341014691,0,0,2
15782121,27,610,0.0,14546.76,2,2,France,Female,0,1,0,0,0,0,0,0.0883095845739591,0,0,1
15764253,32,742,160485.16,29023.03,6,1,France,Male,0,1,0,0,0,0,0,0.08833361021188413,0,0,2
15627876,47,719,116393.59,63051.32,9,1,Spain,Female,0,1,1,0,0,0,0,0.08834694997486991,0,0,2
15766374,42,632,119624.6,195978.86,4,2,Germany,Male,1,1,0,0,0,0,0,0.08834839888398605,0,0,0
15660263,40,622,99799.76,197372.13,4,2,France,Male,0,1,0,0,0,0,0,0.08835406751073227,0,0,0
15688637,27,592,0.0,183569.25,4,2,France,Female,1,1,0,0,0,0,0,0.08836864659895116,0,0,1
15609637,51,652,0.0,43496.36,7,2,France,Male,1,0,0,0,0,0,0,0.08837660431111288,0,0,3
15689612,34,554,0.0,106981.03,8,1,Spain,Female,1,0,0,0,0,0,0,0.08838132105989854,0,0,2
15725311,31,726,114722.05,98178.57,9,2,France,Female,1,1,0,0,0,0,0,0.08839101778035025,0,0,2
15592914,29,683,0.0,48849.89,9,2,France,Female,1,1,0,0,0,0,0,0.08840289338476981,0,0,1
15578096,26,537,106397.75,103563.23,7,1,France,Male,0,0,0,0,0,0,0,0.08841862262535594,0,0,1
15788131,47,653,0.0,50695.93,6,1,France,Male,0,1,1,0,0,0,0,0.0884223866693441,0,0,2
15635034,37,727,101191.83,34551.35,9,1,Germany,Male,1,1,1,0,0,0,0,0.08844784377498371,0,0,2
15718465,51,671,96891.46,176403.33,3,1,Germany,Male,0,1,1,0,0,0,0,0.08845617103590858,0,0,3
15759038,41,793,141806.46,102921.17,3,1,France,Female,0,1,0,0,0,0,0,0.08846009765689133,0,0,0
15712319,45,714,150900.29,139889.15,8,2,Spain,Male,1,0,0,0,0,0,0,0.08847779399418404,0,0,2
15663885,32,741,0.0,64839.23,5,1,France,Male,1,1,0,0,0,0,0,0.0884906869807206,0,0,2
15799924,43,668,147167.25,141679.73,1,1,Spain,Male,0,0,0,0,0,0,0,0.08849178365673827,0,0,0
15751180,40,539,81132.21,167289.82,7,1,France,Female,0,1,0,0,0,0,0,0.08849550158379688,0,0,2
15648858,27,666,85225.21,64511.44,1,1,France,Female,1,0,0,0,0,0,0,0.08849691924719005,0,0,1
15715597,36,679,97234.58,188997.08,1,1,France,Male,0,1,0,0,0,0,0,0.08854094486691994,0,0,0
15631927,28,574,0.0,185660.3,7,2,Spain,Female,0,0,0,0,0,0,0,0.0885509692507569,0,0,1
15766908,32,488,114540.38,92568.07,3,1,Germany,Male,0,1,0,0,0,0,0,0.08855366063866088,0,0,0
15607537,46,587,107850.82,139431.0,9,1,Germany,Male,0,1,1,0,0,0,0,0.08857781743969106,0,0,2
15661507,45,587,0.0,158684.81,6,1,Spain,Male,0,0,0,0,0,0,0,0.08858431022562807,0,0,2
15664539,35,683,61172.04,82951.12,9,1,Spain,Male,0,0,0,0,0,0,0,0.08859344596196445,0,0,2
15621409,32,496,127845.83,66469.2,4,1,France,Male,0,1,0,0,0,0,0,0.08859708837983171,0,0,0
15612893,45,558,0.0,131807.14,4,1,Spain,Male,0,1,0,0,0,0,0,0.08862310124795847,0,0,0
15725835,32,785,124493.03,52583.79,3,2,Germany,Female,1,0,1,0,0,0,0,0.08862337564204131,0,0,0
15803840,32,729,0.0,150803.44,9,2,France,Female,0,0,0,0,0,0,0,0.08863103630156166,0,0,2
15602731,31,724,0.0,134889.95,5,1,France,Male,0,1,1,0,0,0,0,0.08863471636234749,0,0,2
15686885,44,777,124655.59,79792.3,3,2,Germany,Male,1,0,0,0,0,0,0,0.08865489647158636,0,0,0
15710408,38,584,0.0,4525.4,3,2,Spain,Female,1,1,0,0,0,0,0,0.08866812139812935,0,0,0
15591942,33,611,0.0,3729.89,7,2,Spain,Female,1,1,0,0,0,0,0,0.08867177605726101,0,0,2
15711015,36,743,0.0,190911.02,4,2,France,Male,1,1,0,0,0,0,0,0.08868090779067306,0,0,0
15652030,49,637,108204.52,169037.84,2,1,Germany,Male,0,1,1,0,0,0,0,0.0886820380795808,0,0,0
15637354,24,623,148167.83,109470.34,7,2,France,Female,1,1,0,0,0,0,0,0.0886856724627183,0,0,1
15778154,50,628,122227.71,14217.77,4,1,Germany,Male,1,0,1,0,0,0,0,0.08869199109981879,0,0,3
15647890,37,691,149405.18,146411.6,9,1,France,Male,1,1,0,0,0,0,0,0.08869277668907677,0,0,2
15748639,35,497,110053.62,92887.06,7,2,Germany,Male,1,1,0,0,0,0,0,0.08870631199438123,0,0,2
15768449,37,634,51582.5,184312.88,7,2,France,Female,1,1,0,0,0,0,0,0.08870795144736116,0,0,2
15780144,32,512,123403.85,80120.19,2,2,Germany,Female,0,1,0,0,0,0,0,0.08871271051238361,0,0,0
15811177,31,643,167949.48,143162.34,3,1,France,Female,0,1,0,0,0,0,0,0.08871523363955541,0,0,0
15734634,27,607,100912.19,7631.27,5,1,Spain,Female,0,0,0,0,0,0,0,0.0887282671096094,0,0,1
15738980,43,506,0.0,105568.6,2,2,France,Male,0,1,0,0,0,0,0,0.08873402188664326,0,0,0
15806403,37,650,0.0,17974.08,9,2,France,Male,0,1,0,0,0,0,0,0.08873635900194571,0,0,2
15613880,58,591,128468.69,137254.55,5,1,Spain,Male,1,0,0,0,0,0,0,0.08874185143348456,0,0,3
15805112,38,578,82259.29,8996.97,7,1,France,Male,0,1,0,0,0,0,0,0.0887562211753703,0,0,2
15705343,32,649,0.0,28797.32,7,1,Spain,Female,0,1,0,0,0,0,0,0.08876928595880346,0,0,2
15701096,44,778,123863.64,144494.94,8,1,France,Male,0,1,0,0,0,0,0,0.08877790940980917,0,0,2
15765461,47,632,0.0,178822.32,3,2,Spain,Male,0,1,0,0,0,0,0,0.08878691470819705,0,0,0
15575759,40,583,54428.37,109638.78,3,1,Spain,Female,0,1,1,0,0,0,0,0.08880497910100049,0,0,0
15727829,42,567,0.0,167984.61,2,2,France,Male,1,1,0,0,0,0,0,0.08881412865362315,0,0,0
15737977,25,527,0.0,96758.58,6,2,France,Female,1,0,0,0,0,0,0,0.08881637285185512,0,0,1
15567506,40,738,114940.67,194895.57,6,2,Germany,Female,1,1,1,0,0,0,0,0.08881887015487738,0,0,2
15596181,38,542,65942.26,68093.23,8,1,France,Male,1,1,1,0,0,0,0,0.08882726509532374,0,0,2
15592116,39,585,0.0,2401.26,7,2,France,Female,0,1,0,0,0,0,0,0.08883093856379048,0,0,2
15728773,47,568,0.0,45978.39,7,2,France,Female,1,1,0,0,0,0,0,0.08886383980648954,0,0,2
15761294,56,667,137464.04,130846.79,8,1,Germany,Female,0,1,1,0,0,0,0,0.08887858516010644,0,0,3
15768881,29,738,0.0,170421.13,2,2,France,Male,1,1,0,0,0,0,0,0.08888169369547949,0,0,1
15714006,35,482,133111.73,79957.95,2,1,France,Female,1,0,0,0,0,0,0,0.0888838828309052,0,0,0
15601351,43,735,127806.91,73069.59,9,1,France,Male,1,1,0,0,0,0,0,0.0889442080010795,0,0,2
15780650,40,667,0.0,96670.2,9,1,France,Male,1,1,0,0,0,0,0,0.0889455575605323,0,0,2
15594502,37,655,109093.41,1775.52,6,2,France,Male,0,1,0,0,0,0,0,0.08894786511834912,0,0,2
15605965,43,630,0.0,34338.04,9,2,France,Male,1,1,0,0,0,0,0,0.08895562526641693,0,0,2
15615753,35,597,131101.04,192852.67,8,1,Germany,Female,1,1,0,0,0,0,0,0.08896170998426395,0,0,2
15657566,24,634,103097.85,157577.29,8,1,Germany,Male,1,1,0,0,0,0,0,0.08896460977507997,0,0,1
15713774,46,644,12459.19,156787.34,6,1,Spain,Female,0,0,1,0,0,0,0,0.08896590309197105,0,0,2
15712543,39,789,124828.46,124411.08,7,2,Germany,Male,1,1,0,0,0,0,0,0.08897210121056176,0,0,2
15697311,56,697,110802.03,50230.31,5,1,Spain,Male,1,1,1,0,0,0,0,0.08898369604752898,0,0,3
15772528,47,750,121376.15,54473.6,7,2,France,Female,0,1,1,0,0,0,0,0.08899038992145081,0,0,2
15806918,28,674,0.0,151925.25,5,1,France,Male,1,1,0,0,0,0,0,0.08899406828224132,0,0,1
15596088,50,705,77065.9,145159.26,4,2,France,Female,1,0,0,0,0,0,0,0.08900211643212286,0,0,0
15692259,29,695,0.0,111565.45,9,2,France,Female,0,1,0,0,0,0,0,0.08900423898050869,0,0,1
15725818,40,583,107041.3,5635.63,4,1,Germany,Male,1,1,0,0,0,0,0,0.08902321770258714,0,0,0
15726557,42,638,165679.92,32916.29,7,1,France,Female,0,0,0,0,0,0,0,0.08902711738331748,0,0,2
15704466,34,692,0.0,195074.62,7,2,France,Female,0,1,0,0,0,0,0,0.0890292202251966,0,0,2
15756680,28,667,165798.1,147090.9,6,1,France,Male,0,1,0,0,0,0,0,0.08903579590892213,0,0,1
15773071,33,780,145580.61,154598.56,6,1,Spain,Female,1,1,0,0,0,0,0,0.08904175977241885,0,0,2
15800814,35,534,81951.74,115668.53,2,2,France,Male,0,1,0,0,0,0,0,0.0890661943495002,0,0,0
15815097,34,603,0.0,167916.35,9,2,France,Female,0,1,0,0,0,0,0,0.08908102608976792,0,0,2
15606274,38,594,63176.44,14466.08,6,2,Germany,Male,1,1,0,0,0,0,0,0.08908494958090085,0,0,2
15714993,41,552,124349.34,135635.25,9,1,France,Female,0,1,0,0,0,0,0,0.08908906399411787,0,0,2
15655952,47,550,0.0,97057.28,2,2,France,Male,1,1,0,0,0,0,0,0.08909026896655103,0,0,0
15814236,38,537,96939.06,102606.92,1,1,Spain,Female,1,1,0,0,0,0,0,0.08909650078554848,0,0,0
15750728,42,586,0.0,102889.34,2,1,Spain,Female,0,1,0,0,0,0,0,0.08910163554123574,0,0,0
15601503,28,578,0.0,6947.09,4,2,Spain,Male,0,0,0,0,0,0,0,0.08910234928281868,0,0,1
15759537,35,717,58469.37,172459.39,7,2,Germany,Male,1,1,0,0,0,0,0,0.08911410225084937,0,0,2
15609545,29,548,83442.98,177017.39,5,1,France,Male,1,0,0,0,0,0,0,0.08911612911013184,0,0,1
15676156,32,528,85615.66,156192.43,4,2,France,Female,0,1,0,0,0,0,0,0.08912221471737258,0,0,0
15791769,29,691,116536.43,51987.99,9,1,France,Female,0,1,0,0,0,0,0,0.08912452741790694,0,0,1
15645029,33,771,0.0,8673.43,5,2,Spain,Female,0,1,0,0,0,0,0,0.08913229624905489,0,0,2
15716518,27,617,0.0,190269.21,4,2,France,Female,0,0,0,0,0,0,0,0.0891512457859015,0,0,1
15640074,47,666,0.0,166650.9,5,1,Spain,Female,0,0,1,0,0,0,0,0.08916292938614895,0,0,2
15595426,57,603,105000.85,87412.24,6,2,Spain,Male,1,1,1,0,0,0,0,0.08916495163995358,0,0,3
15618363,29,659,82916.48,84133.48,9,1,Germany,Male,1,1,0,0,0,0,0,0.08917267573402132,0,0,1
15672091,32,786,104336.43,59559.81,2,2,Germany,Female,0,0,0,0,0,0,0,0.08917497608875197,0,0,0
15707132,33,465,0.0,78698.09,5,2,France,Male,1,0,0,0,0,0,0,0.08917624561131532,0,0,0
15637753,50,751,96888.39,77206.25,2,1,Germany,Male,0,1,1,0,0,0,0,0.08918632622557349,0,0,0
15701352,28,611,96381.68,181419.29,3,2,Spain,Female,0,1,0,0,0,0,0,0.08920014667191156,0,0,1
15637993,36,711,137688.71,46884.1,9,1,France,Male,1,1,0,0,0,0,0,0.08920942286209016,0,0,2
15576368,48,624,122388.38,30020.09,3,2,Germany,Female,0,0,0,0,0,0,0,0.08921101644792234,0,0,0
15789611,46,568,150836.92,64516.8,8,1,Germany,Male,0,0,1,0,0,0,0,0.08925001215577094,0,0,2
15695632,39,556,89588.35,94898.1,9,1,France,Female,1,1,0,0,0,0,0,0.08925074007992273,0,0,2
15618936,51,688,0.0,91624.11,5,1,France,Female,0,1,1,0,0,0,0,0.0892811438345737,0,0,3
15713819,48,562,92347.96,163116.75,3,1,France,Male,1,1,0,0,0,0,0,0.08928123722994008,0,0,0
15695299,45,590,81828.22,52167.97,2,1,France,Female,0,1,0,0,0,0,0,0.08929099054772721,0,0,0
15720353,41,553,0.0,90607.31,1,2,France,Male,0,1,0,0,0,0,0,0.08929854435186685,0,0,0
15597709,39,602,154121.32,176614.86,6,2,France,Female,0,1,1,0,0,0,0,0.08930535566543613,0,0,2
15603454,28,735,160454.15,114957.22,5,2,Germany,Male,1,0,0,0,0,0,0,0.08930833633076929,0,0,1
15646609,33,748,142645.43,69132.66,1,1,France,Male,0,0,0,0,0,0,0,0.0893167730948079,0,0,0
15725302,20,670,0.0,119759.24,4,2,Spain,Female,0,1,0,0,0,0,0,0.08932652820978626,0,0,1
15746594,33,732,0.0,119882.7,8,1,Spain,Male,0,1,0,0,0,0,0,0.08933110333749911,0,0,2
15748231,35,700,95853.39,192933.37,4,2,Germany,Male,0,1,0,0,0,0,0,0.089334867601151,0,0,0
15711733,48,753,0.0,146821.42,4,2,France,Male,1,0,0,0,0,0,0,0.08934846266066504,0,0,0
15636353,35,534,0.0,9541.15,4,2,Spain,Male,0,0,0,0,0,0,0,0.08935273198974591,0,0,0
15621244,36,678,107379.68,84460.18,0,1,France,Male,1,1,0,0,0,0,0,0.08938208854401819,0,0,0
15693637,30,556,0.0,186648.19,7,2,France,Female,1,1,0,0,0,0,0,0.08939240707695101,0,0,1
15625021,42,585,0.0,18657.77,2,2,France,Male,1,1,0,0,0,0,0,0.08940883496646751,0,0,0
15579559,30,544,145241.63,80676.83,8,1,Spain,Male,1,1,0,0,0,0,0,0.0894229177558647,0,0,1
15683339,34,656,59877.33,14032.62,6,1,Spain,Female,0,1,1,0,0,0,0,0.08943127381557114,0,0,2
15603436,49,594,126615.94,123214.74,2,2,Spain,Female,1,0,0,0,0,0,0,0.08943310790738207,0,0,0
15605968,26,574,97460.1,43093.67,8,1,France,Male,1,1,0,0,0,0,0,0.08944049277576521,0,0,1
15747762,32,609,118520.41,3815.48,7,1,France,Male,0,0,0,0,0,0,0,0.08944142594469595,0,0,2
15695356,46,722,0.0,179908.71,5,2,France,Male,0,1,0,0,0,0,0,0.0894669919495184,0,0,2
15713354,22,597,101528.61,70529.0,6,1,Germany,Female,0,1,1,0,0,0,0,0.08948130762381112,0,0,1
15584364,48,652,59486.31,163944.18,4,1,France,Male,0,1,1,0,0,0,0,0.08948152593794417,0,0,0
15713769,38,617,0.0,27239.28,7,1,Spain,Male,1,1,0,0,0,0,0,0.08950105939041952,0,0,2
15602124,30,731,0.0,184581.68,7,2,France,Male,1,1,0,0,0,0,0,0.0895011891058029,0,0,1
15585865,38,673,170061.92,134901.34,2,2,France,Female,0,0,1,0,0,0,0,0.08953934502553595,0,0,0
15705313,33,707,58036.33,83335.78,2,1,France,Female,1,1,0,0,0,0,0,0.08954396350503652,0,0,0
15642291,23,685,0.0,112239.03,8,2,France,Male,1,1,0,0,0,0,0,0.08955052270073766,0,0,1
15644621,40,597,106756.01,151167.94,9,2,Germany,Female,0,1,0,0,0,0,0,0.0895554860063506,0,0,2
15678910,30,680,141441.75,16278.97,8,1,France,Female,1,1,0,0,0,0,0,0.0895697111689035,0,0,1
15598782,30,755,154221.37,62688.55,6,2,Germany,Female,1,0,0,0,0,0,0,0.08957804337018771,0,0,1
15609160,32,586,0.0,31635.99,1,2,France,Male,0,0,0,0,0,0,0,0.08958016975700983,0,0,0
15683118,32,590,0.0,138889.15,9,2,France,Male,0,1,0,0,0,0,0,0.08958526545769091,0,0,2
15761783,41,577,0.0,167621.18,6,1,France,Male,1,1,0,0,0,0,0,0.08959464809973072,0,0,2
15615176,26,732,0.0,154364.66,7,2,France,Male,0,1,0,0,0,0,0,0.08960417578024021,0,0,1
15813327,21,710,109130.96,56191.99,4,2,France,Male,1,1,0,0,0,0,0,0.08960566268930004,0,0,1
15699507,25,542,0.0,82393.08,7,2,France,Female,1,0,0,0,0,0,0,0.08961736363244999,0,0,1
15663441,40,700,148571.07,189826.96,4,1,Germany,Female,0,1,1,0,0,0,0,0.08962369281380839,0,0,0
15596493,47,687,0.0,177624.01,7,2,France,Female,1,1,0,0,0,0,0,0.08963542438436073,0,0,2
15778135,43,575,0.0,83594.51,3,1,Spain,Male,0,1,0,0,0,0,0,0.08963816091328813,0,0,0
15703728,47,700,0.0,121798.52,4,1,Spain,Male,0,1,1,0,0,0,0,0.08964766351626641,0,0,0
15704315,34,556,163757.06,104000.06,8,1,France,Male,1,1,0,0,0,0,0,0.08964832048917787,0,0,2
15651075,35,562,142296.13,177112.7,3,1,Germany,Male,1,0,0,0,0,0,0,0.08965294838297683,0,0,0
15795290,42,767,133616.39,28615.8,2,1,France,Female,0,1,0,0,0,0,0,0.08966450073348109,0,0,0
15588235,24,654,145081.73,130075.07,8,1,France,Female,1,1,0,0,0,0,0,0.08967075686522546,0,0,1
15702919,30,729,63669.42,145111.37,6,1,Germany,Male,0,1,0,0,0,0,0,0.08967873981571178,0,0,1
15674328,40,670,47364.45,148579.43,3,1,France,Female,1,1,1,0,0,0,0,0.08969237069924468,0,0,0
15572051,40,721,0.0,144874.67,3,1,France,Male,1,1,0,0,0,0,0,0.08974044329829839,0,0,0
15799653,32,583,94753.55,18149.03,7,2,Germany,Female,1,1,0,0,0,0,0,0.08974637374656752,0,0,2
15659327,49,520,121197.64,72577.33,5,1,France,Male,0,1,1,0,0,0,0,0.08975052833292929,0,0,0
15782531,31,684,0.0,188637.05,8,2,Spain,Female,0,1,0,0,0,0,0,0.08975890381049106,0,0,2
15624510,52,696,139781.06,27445.4,6,1,France,Male,0,1,1,0,0,0,0,0.08977611253928669,0,0,3
15754999,33,570,0.0,124641.42,8,1,France,Female,1,1,0,0,0,0,0,0.08979354376133064,0,0,2
15794472,27,553,0.0,159800.16,3,2,France,Female,0,0,0,0,0,0,0,0.08979510035805466,0,0,1
15768270,31,579,0.0,112395.98,9,2,Spain,Female,0,1,0,0,0,0,0,0.0898073292333102,0,0,2
15590344,32,708,151691.44,172810.51,3,2,Germany,Male,1,1,0,0,0,0,0,0.08982195979627533,0,0,0
15679587,34,666,115897.12,25095.03,9,1,France,Female,1,1,0,0,0,0,0,0.08983299008182538,0,0,2
15805523,28,717,90537.16,74800.99,1,1,France,Female,1,0,0,0,0,0,0,0.08984258410679918,0,0,1
15808175,39,557,49572.73,115287.99,7,1,France,Female,0,1,1,0,0,0,0,0.08984723055899019,0,0,2
15801488,25,723,0.0,134509.47,3,2,France,Male,1,1,0,0,0,0,0,0.08985418851520416,0,0,1
15659194,30,628,89182.09,13126.9,8,1,France,Male,1,1,0,0,0,0,0,0.08985766057183359,0,0,1
15731166,30,743,127023.39,138780.89,1,1,France,Female,1,1,0,0,0,0,0,0.08985952108110418,0,0,1
15757911,32,643,0.0,131301.74,2,1,Spain,Female,0,0,0,0,0,0,0,0.08986627750814219,0,0,0
15631267,50,641,153590.73,130910.78,6,2,France,Male,1,1,0,0,0,0,0,0.08987803489050616,0,0,2
15738828,45,730,152880.97,162478.11,6,1,Germany,Male,0,0,0,0,0,0,0,0.08988263558943177,0,0,2
15762855,23,622,0.0,131389.39,8,2,Spain,Female,1,1,0,0,0,0,0,0.0898850456316535,0,0,1
15578722,39,689,0.0,196112.45,4,2,France,Male,0,1,0,0,0,0,0,0.08988983583923865,0,0,0
15644849,32,655,0.0,71047.51,2,1,France,Female,1,1,0,0,0,0,0,0.08989176694532353,0,0,0
15566543,44,573,0.0,107124.17,9,2,Spain,Male,0,1,0,0,0,0,0,0.0898959562907709,0,0,2
15575619,32,656,104254.27,17034.37,1,1,Spain,Female,1,1,0,0,0,0,0,0.08989840253406983,0,0,0
15715345,25,743,0.0,129740.11,6,2,Spain,Male,0,1,0,0,0,0,0,0.08990549209091464,0,0,1
15640865,31,636,80844.69,74641.9,9,2,Germany,Female,1,1,0,0,0,0,0,0.0899086801910482,0,0,2
15603481,55,689,0.0,58442.25,4,2,Spain,Female,1,1,0,0,0,0,0,0.0899207572176639,0,0,3
15651713,45,684,148071.39,183575.01,6,1,France,Male,0,1,0,0,0,0,0,0.08992166895955883,0,0,2
15799825,44,583,0.0,27431.62,8,2,France,Female,1,1,0,0,0,0,0,0.08992863098872,0,0,2
15727281,27,653,0.0,96429.29,9,2,France,Female,0,1,0,0,0,0,0,0.08992944618530968,0,0,1
15706021,34,665,96645.54,171413.66,1,2,France,Female,0,0,0,0,0,0,0,0.08993910128717703,0,0,0
15629551,44,615,126104.98,110718.02,9,2,Germany,Female,1,0,0,0,0,0,0,0.08994716859710084,0,0,2
15716994,24,559,114739.92,85891.02,3,1,Spain,Male,0,1,1,0,0,0,0,0.08995853836459544,0,0,1
15758056,35,558,0.0,111687.57,1,2,France,Male,0,0,0,0,0,0,0,0.0899637920560527,0,0,0
15801920,39,727,80615.46,180962.32,5,2,Germany,Male,0,0,0,0,0,0,0,0.08996750301167333,0,0,2
15806913,54,670,95507.12,63213.31,2,1,France,Female,1,1,0,0,0,0,0,0.08996940819962174,0,0,3
15680234,27,667,138032.15,166317.71,2,1,Germany,Male,0,1,0,0,0,0,0,0.08998951971218705,0,0,1
15569222,32,781,147107.91,40066.95,6,1,France,Male,1,1,0,0,0,0,0,0.08999866532615464,0,0,2
15677955,33,757,122088.67,42581.09,1,1,Germany,Male,0,1,0,0,0,0,0,0.0900013704111407,0,0,0
15643487,39,630,105473.74,58854.88,10,1,Spain,Male,0,0,1,0,0,0,0,0.09000676880366948,0,0,2
15713912,45,516,109044.3,115818.16,8,1,Spain,Female,1,0,0,0,0,0,0,0.09001340117934187,0,0,2
15775750,37,686,134560.62,27596.39,9,1,France,Male,0,1,0,0,0,0,0,0.0900216411072286,0,0,2
15608726,24,663,0.0,166310.82,7,2,France,Male,1,1,0,0,0,0,0,0.09002317300113505,0,0,1
15659677,47,746,142382.03,62086.62,8,1,France,Male,1,1,0,0,0,0,0,0.09002982678756849,0,0,2
15698031,39,587,101851.8,7103.71,6,2,Germany,Female,0,1,0,0,0,0,0,0.09004135948692682,0,0,2
15719352,39,754,170184.99,89593.26,6,2,Spain,Male,0,1,0,0,0,0,0,0.09004657522263676,0,0,2
15710543,46,629,130666.2,161125.67,1,1,France,Male,1,1,1,0,0,0,0,0.09005551851691745,0,0,0
15773751,29,597,132144.35,158086.33,1,1,France,Female,0,1,0,0,0,0,0,0.09005573139335499,0,0,1
15697310,28,559,152264.81,64242.31,3,1,Germany,Female,0,0,0,0,0,0,0,0.09006961669295088,0,0,1
15616529,34,613,0.0,41724.72,3,1,Spain,Male,1,1,0,0,0,0,0,0.09007798328916972,0,0,0
15762993,32,796,102773.15,117832.88,5,2,Spain,Male,1,0,0,0,0,0,0,0.0901044413619273,0,0,2
15677146,28,728,142243.54,33074.51,4,2,France,Female,0,1,0,0,0,0,0,0.09012247388190403,0,0,1
15637240,46,541,124547.13,94499.06,4,2,France,Male,0,1,0,0,0,0,0,0.09012399927615522,0,0,0
15632069,39,776,125211.55,144496.07,8,2,France,Male,0,1,0,0,0,0,0,0.09012819901021774,0,0,2
15723028,33,778,0.0,85439.73,1,2,France,Male,0,1,0,0,0,0,0,0.09013805471218228,0,0,0
15682084,31,680,0.0,36145.53,9,2,France,Male,0,1,0,0,0,0,0,0.09015002133142713,0,0,2
15735632,41,571,0.0,63736.17,8,1,France,Male,1,1,0,0,0,0,0,0.09016013228470765,0,0,2
15798341,38,544,0.0,98208.62,8,1,France,Male,1,1,0,0,0,0,0,0.09017080144974543,0,0,2
15580845,57,685,101868.51,113483.96,7,1,Germany,Male,1,0,0,0,0,0,0,0.09017297552029085,0,0,3
15596552,48,535,134542.73,58203.67,5,1,Germany,Male,1,1,1,0,0,0,0,0.09018418925179095,0,0,0
15697424,30,597,119370.11,182726.22,2,1,Spain,Female,1,1,1,0,0,0,0,0.09019755630389314,0,0,1
15762937,32,743,140348.56,163254.39,6,2,Germany,Female,1,1,0,0,0,0,0,0.0902101913030448,0,0,2
15780254,40,654,0.0,183872.88,6,1,France,Male,0,0,1,0,0,0,0,0.09022000087035525,0,0,2
15584532,36,709,0.0,42085.58,7,1,France,Female,1,0,1,0,0,0,0,0.09022424362250947,0,0,2
15699247,44,791,0.0,123977.86,5,2,France,Female,1,1,1,0,0,0,0,0.09023535408593447,0,0,2
15624975,28,693,145118.83,77742.38,1,1,Spain,Male,1,0,0,0,0,0,0,0.09023899969233823,0,0,1
15610379,30,599,105443.68,121124.53,9,1,France,Male,1,1,0,0,0,0,0,0.09024183651563966,0,0,1
15566378,48,515,129387.94,147955.91,5,1,France,Male,1,0,1,0,0,0,0,0.09025251236137677,0,0,0
15681509,28,679,0.0,61761.77,9,2,Spain,Female,1,0,0,0,0,0,0,0.09025914046030109,0,0,1
15746258,29,622,101486.96,8788.35,7,1,France,Male,1,1,0,0,0,0,0,0.09026412017480101,0,0,1
15657321,27,712,113174.21,147261.58,8,2,Germany,Male,0,1,0,0,0,0,0,0.09026434648830217,0,0,1
15723721,30,543,140916.81,157711.18,4,1,France,Male,0,1,0,0,0,0,0,0.09026665935656342,0,0,1
15590241,34,750,112822.26,150401.53,9,1,Spain,Female,0,0,1,0,0,0,0,0.09027158132801855,0,0,2
15591985,51,708,70754.18,92920.04,8,1,France,Female,1,1,1,0,0,0,0,0.09027204773838249,0,0,3
15718531,35,554,0.0,176779.46,8,2,France,Female,1,1,0,0,0,0,0,0.09027479357862678,0,0,2
15662533,23,598,0.0,153229.19,6,2,Spain,Female,0,1,0,0,0,0,0,0.09028321745930162,0,0,1
15759317,27,748,90971.85,131662.47,2,1,Germany,Female,1,1,0,0,0,0,0,0.09028661438915397,0,0,1
15655658,48,678,0.0,32301.88,2,2,France,Female,1,1,0,0,0,0,0,0.09028700809746604,0,0,0
15750602,29,662,147092.65,10928.3,5,1,France,Male,0,1,0,0,0,0,0,0.09028922351851987,0,0,1
15714493,33,465,0.0,95500.98,6,2,Spain,Female,1,1,0,0,0,0,0,0.09029908926045593,0,0,2
15594864,30,752,81523.38,36885.85,4,1,Germany,Male,1,1,0,0,0,0,0,0.09030961113833119,0,0,1
15688085,28,627,157597.61,34097.22,3,1,Spain,Female,1,0,0,0,0,0,0,0.0903122528571596,0,0,1
15604813,40,494,0.0,158071.69,7,2,France,Male,1,0,0,0,0,0,0,0.09031906836611531,0,0,2
15701908,40,623,0.0,25904.12,7,1,Spain,Female,1,1,0,0,0,0,0,0.09032670534676712,0,0,2
15580872,38,761,120530.13,109394.62,1,2,Germany,Female,0,1,0,0,0,0,0,0.09032973014677459,0,0,0
15812351,27,710,135277.96,142200.15,2,1,Spain,Female,0,1,0,0,0,0,0,0.09033937390589186,0,0,1
15599452,43,605,125338.8,23970.13,8,2,Germany,Female,0,1,0,0,0,0,0,0.0903592482944317,0,0,2
15646262,31,622,0.0,35408.77,7,1,France,Male,0,1,0,0,0,0,0,0.09036984190873376,0,0,2
15813871,47,690,0.0,151375.73,2,2,France,Male,0,1,0,0,0,0,0,0.09037481952994703,0,0,0
15711299,52,711,145262.54,131473.31,8,1,Germany,Female,1,0,0,0,0,0,0,0.09037875558982111,0,0,3
15744105,28,768,109118.05,50911.41,3,2,France,Female,1,0,0,0,0,0,0,0.09038216157324974,0,0,1
15781975,34,708,0.0,121457.88,3,1,France,Male,1,0,1,0,0,0,0,0.09039934817592149,0,0,0
15703763,44,554,85304.27,58076.52,7,1,France,Male,1,1,0,0,0,0,0,0.09041457328587416,0,0,2
15588587,36,752,86837.95,105280.55,1,1,France,Female,1,1,0,0,0,0,0,0.09041648900331734,0,0,0
15673333,52,698,96781.39,153373.71,8,1,Germany,Male,1,1,0,0,0,0,0,0.09044075649102251,0,0,3
15771702,35,567,166118.45,127827.18,5,2,France,Female,0,1,0,0,0,0,0,0.09044278401528066,0,0,0
15668971,40,583,55776.39,26920.43,4,2,France,Female,0,1,0,0,0,0,0,0.09044807486911116,0,0,0
15739292,31,609,103837.75,150218.11,9,1,Germany,Male,1,1,0,0,0,0,0,0.09045240484529526,0,0,2
15731781,43,551,0.0,178393.68,7,2,France,Male,0,1,0,0,0,0,0,0.09045260834085134,0,0,2
15669410,30,683,110829.52,24938.84,8,2,France,Male,0,0,0,0,0,0,0,0.09045302825541762,0,0,1
15746805,33,597,0.0,49374.82,9,2,France,Male,0,1,0,0,0,0,0,0.09045563525925204,0,0,2
15714080,40,566,97001.36,154486.01,2,2,Germany,Female,0,1,0,0,0,0,0,0.09047806863539853,0,0,0
15636700,39,701,140236.98,146651.99,9,1,France,Male,1,0,0,0,0,0,0,0.090514237451918,0,0,2
15632118,45,698,164450.94,141970.02,5,1,Spain,Male,0,1,1,0,0,0,0,0.09051895976497981,0,0,2
15795895,36,678,117864.85,27619.06,1,2,Germany,Male,0,1,0,0,0,0,0,0.090535889387513,0,0,0
15591550,36,525,77910.23,67238.01,3,1,Spain,Male,0,1,0,0,0,0,0,0.090538886278977,0,0,0
15659428,42,520,0.0,34410.55,6,2,Spain,Female,1,1,0,0,0,0,0,0.09056326908336249,0,0,2
15745794,30,547,0.0,18471.86,6,2,France,Male,1,1,0,0,0,0,0,0.09058183598555652,0,0,1
15760177,37,564,100252.18,146033.52,9,1,Spain,Male,1,1,0,0,0,0,0,0.09058588764545805,0,0,2
15704597,33,644,174571.36,43943.09,7,1,France,Male,1,0,0,0,0,0,0,0.09058899425678257,0,0,2
15782758,40,632,147650.68,199674.83,5,1,France,Male,1,1,0,0,0,0,0,0.09059112054152835,0,0,0
15748936,45,709,0.0,162922.65,2,2,Spain,Female,1,0,0,0,0,0,0,0.09059382047502562,0,0,0
15776631,36,466,119540.15,80603.99,5,1,France,Female,1,0,0,0,0,0,0,0.09060350911838178,0,0,0
15676835,33,710,0.0,168313.17,1,2,Spain,Male,0,1,0,0,0,0,0,0.09060569105463129,0,0,0
15691950,49,591,0.0,50123.44,3,2,France,Male,0,1,0,0,0,0,0,0.09061845584098832,0,0,0
15633112,42,681,118199.97,9452.88,3,2,Germany,Male,0,1,1,0,0,0,0,0.09062169695682959,0,0,0
15810390,41,718,0.0,27509.52,1,2,France,Female,1,0,1,0,0,0,0,0.09064097023495965,0,0,0
15669293,37,517,113308.84,31517.16,5,1,France,Male,1,0,0,0,0,0,0,0.09064478303963802,0,0,0
15705657,44,535,114427.86,136330.26,2,1,France,Female,1,1,0,0,0,0,0,0.09066094368613747,0,0,0
15723339,38,554,137654.05,172629.67,4,2,France,Female,1,1,0,0,0,0,0,0.09066400986039319,0,0,0
15689598,46,722,0.0,93917.68,6,1,France,Male,1,1,1,0,0,0,0,0.09067290826117547,0,0,2
15813718,45,651,0.0,193009.21,4,2,Spain,Male,0,0,0,0,0,0,0,0.09067360193209145,0,0,0
15582154,45,670,47884.92,54340.24,5,1,France,Female,1,1,0,0,0,0,0,0.09068903454788163,0,0,2
15610653,38,733,0.0,1271.51,5,2,Spain,Female,1,1,0,0,0,0,0,0.09068921251711459,0,0,2
15588566,33,778,116474.28,32757.55,5,2,Spain,Male,1,1,0,0,0,0,0,0.09069890538707076,0,0,2
15815070,44,566,141428.99,68408.74,5,2,Germany,Female,0,0,0,0,0,0,0,0.09069920750867028,0,0,0
15583755,33,592,156570.86,37140.2,2,1,Germany,Male,1,1,0,0,0,0,0,0.09073047385422822,0,0,0
15720893,34,637,0.0,26057.08,9,2,Spain,Female,0,0,0,0,0,0,0,0.09075065867081372,0,0,2
15709639,22,717,112465.06,92977.75,5,1,France,Female,1,1,0,0,0,0,0,0.09075185652766304,0,0,1
15775572,42,531,88324.31,75248.75,6,2,Germany,Female,0,1,0,0,0,0,0,0.09075617240917333,0,0,2
15619436,32,700,0.0,95740.37,3,1,France,Female,0,0,0,0,0,0,0,0.09075692591620849,0,0,0
15638463,48,681,139480.18,163581.67,8,1,Germany,Female,1,1,0,0,0,0,0,0.09076517008516483,0,0,2
15595917,35,580,102097.33,168285.85,1,1,France,Female,1,0,0,0,0,0,0,0.09077759612413355,0,0,0
15572547,45,670,104930.38,155921.81,9,1,France,Female,0,1,1,0,0,0,0,0.0907782600651616,0,0,2
15803415,39,579,166501.17,93835.64,3,2,France,Female,0,1,0,0,0,0,0,0.0907824731796325,0,0,0
15795540,36,556,134208.22,177670.57,2,1,France,Female,1,0,0,0,0,0,0,0.09079341621909182,0,0,0
15615456,37,680,123806.28,81776.84,10,1,France,Female,0,1,1,0,0,0,0,0.09079398760535007,0,0,2
15749167,35,753,0.0,184843.77,3,2,France,Male,1,1,0,0,0,0,0,0.09079852737295685,0,0,0
15655648,25,610,0.0,123723.83,2,2,France,Female,0,1,0,0,0,0,0,0.09082006876334014,0,0,1
15801924,27,754,0.0,121821.16,8,2,Spain,Female,0,0,0,0,0,0,0,0.09082068875135113,0,0,1
15743828,41,691,0.0,56850.92,2,1,France,Male,1,1,1,0,0,0,0,0.09084859793586958,0,0,0
15812073,31,529,0.0,175697.87,7,2,France,Female,1,1,0,0,0,0,0,0.09085975436966914,0,0,2
15583480,36,807,0.0,147007.33,4,2,France,Female,1,0,0,0,0,0,0,0.09086146956380003,0,0,0
15610002,41,802,0.0,134626.3,5,2,Spain,Male,1,1,0,0,0,0,0,0.09087639873206677,0,0,2
15568834,27,698,125427.37,27654.44,6,2,Spain,Male,0,0,0,0,0,0,0,0.09088146174354556,0,0,1
15797219,40,635,123497.58,131953.23,10,1,France,Female,0,1,1,0,0,0,0,0.09089113730317155,0,0,2
15720968,27,606,130274.26,147533.09,2,2,Germany,Male,0,1,0,0,0,0,0,0.09091184347067982,0,0,1
15647099,37,633,156091.97,72008.61,9,1,France,Female,0,1,0,0,0,0,0,0.09092235442513358,0,0,2
15662955,27,697,141223.68,90591.15,8,2,France,Male,0,1,0,0,0,0,0,0.09092949082947588,0,0,1
15590828,42,782,126428.38,39830.1,7,1,Germany,Male,0,1,0,0,0,0,0,0.09093507826492425,0,0,2
15636812,40,583,112701.04,29213.63,9,1,France,Male,0,0,0,0,0,0,0,0.09094642743402148,0,0,2
15660571,43,668,113034.31,100423.88,10,1,Spain,Male,1,1,0,0,0,0,0,0.09095366851512204,0,0,2
15738042,37,543,140894.06,118059.19,8,2,Germany,Male,1,1,0,0,0,0,0,0.09095779547111005,0,0,2
15751203,26,702,56738.47,100442.22,5,2,France,Male,1,1,1,0,0,0,0,0.09097507844550146,0,0,1
15598044,35,715,0.0,152012.36,3,1,France,Female,1,1,0,0,0,0,0,0.09098857232507235,0,0,0
15694453,37,631,131519.49,51752.18,9,2,Germany,Male,1,1,0,0,0,0,0,0.09099567497626321,0,0,2
15703037,37,618,0.0,178705.45,5,1,France,Male,1,0,1,0,0,0,0,0.09099941958283969,0,0,0
15649423,35,580,0.0,10357.03,8,2,France,Female,1,0,0,0,0,0,0,0.09101484846333507,0,0,2
15781326,35,636,95478.17,169286.74,9,1,France,Male,0,0,0,0,0,0,0,0.09101809012591616,0,0,2
15700627,46,637,143500.82,166996.46,2,1,Germany,Female,0,1,1,0,0,0,0,0.09102529094640116,0,0,0
15645184,29,701,0.0,176943.59,2,2,France,Male,0,1,0,0,0,0,0,0.09102754418644649,0,0,1
15643121,35,753,82453.96,18254.75,5,2,Germany,Female,0,0,0,0,0,0,0,0.09102895150790358,0,0,2
15663249,37,575,133292.45,111175.09,9,1,Spain,Female,0,1,0,0,0,0,0,0.09103394814423882,0,0,2
15671322,30,724,115315.04,15216.53,7,1,Germany,Male,0,1,0,0,0,0,0,0.09104348817822522,0,0,1
15680920,46,695,49512.55,133007.34,7,1,France,Male,0,1,0,0,0,0,0,0.091049428070339,0,0,2
15572294,28,623,0.0,129526.57,7,1,France,Male,0,0,0,0,0,0,0,0.09108061955455854,0,0,1
15568106,38,592,119278.01,19370.73,8,2,France,Female,1,0,0,0,0,0,0,0.09108071978714871,0,0,2
15736963,43,623,0.0,146379.3,1,2,France,Male,1,1,0,0,0,0,0,0.09108260083337194,0,0,0
15736274,31,751,0.0,17550.49,8,2,France,Male,0,0,0,0,0,0,0,0.09108654302421593,0,0,2
15790594,27,535,0.0,49775.58,6,2,France,Female,1,0,0,0,0,0,0,0.09111531844604753,0,0,1
15611105,35,799,0.0,140780.8,7,2,Spain,Male,1,0,0,0,0,0,0,0.09111700528717703,0,0,2
15572767,29,777,0.0,124489.88,2,2,France,Male,0,1,0,0,0,0,0,0.09112707219298644,0,0,1
15641312,36,615,0.0,27011.8,6,1,France,Male,1,1,1,0,0,0,0,0.09113081060437045,0,0,2
15770214,27,754,0.0,144134.64,7,2,France,Female,0,1,0,0,0,0,0,0.09113364986932815,0,0,1
15787848,30,602,113672.18,102135.92,9,2,Spain,Male,0,0,0,0,0,0,0,0.0911359167751506,0,0,1
15583462,28,695,171069.39,88689.4,5,2,France,Male,1,1,0,0,0,0,0,0.0911369386356276,0,0,1
15650424,48,641,147341.43,157458.61,3,1,France,Female,1,1,1,0,0,0,0,0.0911381515635531,0,0,0
15631436,35,564,0.0,158937.55,4,1,France,Male,0,1,0,0,0,0,0,0.0911436338433469,0,0,0
15631392,43,654,84673.17,82081.35,9,2,Germany,Male,1,0,0,0,0,0,0,0.09114490740462294,0,0,2
15813034,38,727,62276.99,59280.79,2,1,Spain,Male,1,1,0,0,0,0,0,0.09116121029215013,0,0,0
15625584,32,786,120452.4,79602.86,2,2,France,Male,0,0,0,0,0,0,0,0.09116493787070512,0,0,0
15749328,45,697,0.0,46807.62,1,2,France,Female,0,1,1,0,0,0,0,0.09117871093447472,0,0,0
15660833,39,796,86350.87,105080.53,5,2,Germany,Male,0,0,0,0,0,0,0,0.09119246633246064,0,0,2
15644174,27,638,135096.05,186523.72,4,1,Germany,Male,1,1,1,0,0,0,0,0.09120098427719031,0,0,1
15590730,34,745,0.0,50046.25,9,2,Spain,Male,0,1,0,0,0,0,0,0.09121706228379661,0,0,2
15756975,35,777,0.0,17257.72,3,2,Spain,Female,1,1,0,0,0,0,0,0.09121963066185063,0,0,0
15724200,38,584,115341.55,173632.92,1,1,France,Male,1,0,0,0,0,0,0,0.09122851461872428,0,0,0
15621685,29,769,123757.52,84872.66,2,2,France,Male,0,1,0,0,0,0,0,0.09123344472578016,0,0,1
15710206,39,591,150500.64,14928.8,4,1,France,Female,0,1,0,0,0,0,0,0.09126365233151873,0,0,0
15668747,46,702,98444.19,109563.28,9,1,France,Female,1,0,0,0,0,0,0,0.09127288527385807,0,0,2
15724563,42,752,65046.08,140139.28,3,2,Germany,Female,1,0,0,0,0,0,0,0.09127519026031317,0,0,0
15682268,26,676,108348.66,60231.74,1,1,Germany,Female,0,0,1,0,0,0,0,0.09131296920619186,0,0,1
15761024,33,619,167733.51,65222.48,2,2,France,Female,1,1,0,0,0,0,0,0.091323041874667,0,0,0
15667521,22,631,0.0,30781.77,3,2,France,Female,0,0,0,0,0,0,0,0.09132522548442223,0,0,1
15645637,39,798,119787.76,164248.33,6,1,Germany,Female,1,1,0,0,0,0,0,0.0913415281885156,0,0,2
15748499,33,550,118400.91,13999.64,4,1,Germany,Male,1,0,1,0,0,0,0,0.09135232951979144,0,0,0
15624519,49,656,97092.87,74771.22,9,1,Germany,Female,0,1,1,0,0,0,0,0.09137681257578839,0,0,2
15664035,38,590,0.0,148750.16,9,2,Spain,Female,1,1,0,0,0,0,0,0.09138395344335293,0,0,2
15622801,27,555,102000.17,116757.0,8,1,France,Female,1,1,0,0,0,0,0,0.09139310703152115,0,0,1
15608408,39,598,0.0,159130.32,1,2,Spain,Male,0,1,0,0,0,0,0,0.09141196681424713,0,0,0
15799635,51,577,108867.0,140800.66,2,1,Spain,Male,0,0,1,0,0,0,0,0.09141559771650776,0,0,3
15568104,26,749,0.0,34948.77,6,2,France,Female,1,0,0,0,0,0,0,0.0914296080105142,0,0,1
15659694,53,634,113781.5,106345.05,3,2,Germany,Female,1,1,1,0,0,0,0,0.09144653257917362,0,0,3
15769346,36,587,134997.49,44688.08,1,2,France,Female,0,1,0,0,0,0,0,0.09145518676028419,0,0,0
15590177,44,718,133866.22,139049.24,1,1,France,Female,1,0,0,0,0,0,0,0.09147953171499462,0,0,0
15800806,31,685,122449.31,180769.55,7,2,Spain,Male,1,1,0,0,0,0,0,0.09148641919953532,0,0,2
15629002,36,747,102603.3,180693.61,8,2,Germany,Male,1,1,0,0,0,0,0,0.09149913415046412,0,0,2
15662501,48,583,91246.53,60017.46,3,1,France,Male,0,1,1,0,0,0,0,0.0914994740278578,0,0,0
15674929,31,512,0.0,49326.07,7,2,France,Female,0,0,0,0,0,0,0,0.09150324452149894,0,0,2
15631333,25,677,130866.19,42410.21,8,1,Spain,Female,0,1,0,0,0,0,0,0.09153359396228611,0,0,1
15723169,31,640,138857.59,48640.77,9,1,France,Female,0,1,0,0,0,0,0,0.09154700782605452,0,0,2
15742638,25,747,0.0,42039.67,4,2,France,Female,1,0,0,0,0,0,0,0.0915493276410308,0,0,1
15783865,59,622,119380.37,60429.43,5,1,France,Male,1,1,0,0,0,0,0,0.09155212011281189,0,0,3
15762091,22,631,139129.92,63747.51,6,1,Germany,Female,1,1,0,0,0,0,0,0.09155303461322051,0,0,1
15799600,48,640,111599.32,135995.58,1,1,Germany,Male,1,0,0,0,0,0,0,0.09156443208783793,0,0,0
15765048,30,545,0.0,170307.43,3,2,France,Male,0,1,0,0,0,0,0,0.09156728779489703,0,0,1
15766887,39,538,122773.5,58467.08,2,2,Spain,Male,1,1,0,0,0,0,0,0.0915683976210887,0,0,0
15689288,26,630,0.0,182612.38,5,2,France,Female,0,1,0,0,0,0,0,0.0915796471880313,0,0,1
15797748,44,729,0.0,9200.54,5,2,France,Male,1,0,0,0,0,0,0,0.09158119108509882,0,0,2
15759913,43,553,85200.82,160574.09,6,2,Germany,Male,1,1,0,0,0,0,0,0.09158298476526433,0,0,2
15732628,46,745,122220.19,118024.1,2,1,France,Male,1,1,0,0,0,0,0,0.0915948199827587,0,0,0
15787151,34,638,0.0,198969.78,7,2,France,Female,1,1,0,0,0,0,0,0.09160563394959081,0,0,2
15788494,31,555,145875.74,137491.23,8,1,France,Male,0,1,0,0,0,0,0,0.09161930829102621,0,0,2
15691703,47,545,105792.49,67830.2,8,1,France,Male,1,0,1,0,0,0,0,0.09162326521841929,0,0,2
15628274,35,583,149995.72,42143.55,8,2,Germany,Male,0,1,0,0,0,0,0,0.09162510383310801,0,0,2
15632272,42,792,0.0,92664.09,2,2,France,Female,0,1,0,0,0,0,0,0.09165291506216455,0,0,0
15623828,30,682,0.0,161465.31,4,1,France,Male,1,0,0,0,0,0,0,0.09165412389260202,0,0,1
15719170,30,679,112543.42,179435.21,1,1,France,Female,1,1,0,0,0,0,0,0.09166962600648582,0,0,1
15726776,36,705,111629.29,21807.16,1,1,Spain,Male,1,1,0,0,0,0,0,0.09169175556050507,0,0,0
15804516,38,589,0.0,79915.28,2,1,France,Male,0,1,0,0,0,0,0,0.09169287184242886,0,0,0
15717898,32,542,131945.94,159737.56,2,1,Spain,Male,1,0,0,0,0,0,0,0.0917013405747995,0,0,0
15717643,34,728,90425.15,11597.69,6,2,France,Female,1,1,0,0,0,0,0,0.09171878326144178,0,0,2
15756539,39,585,165610.41,131852.01,7,2,Germany,Female,0,0,0,0,0,0,0,0.09171951409515239,0,0,2
15658067,48,636,120568.41,190160.04,3,1,Germany,Female,0,1,1,0,0,0,0,0.09172172416076674,0,0,0
15752186,27,562,0.0,28137.03,3,2,France,Female,0,1,0,0,0,0,0,0.09173204438707017,0,0,1
15689031,37,697,168066.87,35450.53,7,1,Spain,Female,0,1,0,0,0,0,0,0.09174926208092515,0,0,2
15793854,42,723,99095.73,17512.53,2,1,France,Male,1,1,0,0,0,0,0,0.09177154971974538,0,0,0
15784491,31,725,0.0,61326.43,6,1,France,Female,0,0,0,0,0,0,0,0.09177319872053247,0,0,2
15672930,37,722,0.0,31921.95,9,2,Spain,Male,0,1,0,0,0,0,0,0.0917825035708697,0,0,2
15807568,50,632,0.0,57942.88,2,2,France,Male,0,0,0,0,0,0,0,0.09180224009451954,0,0,0
15701164,34,506,90307.62,159235.29,4,1,France,Female,1,1,0,0,0,0,0,0.09181009650033684,0,0,0
15643770,52,682,112670.48,21085.17,5,1,France,Female,0,1,1,0,0,0,0,0.09184023680709863,0,0,3
15575024,29,503,0.0,143954.99,3,2,France,Male,1,1,0,0,0,0,0,0.09185517665617343,0,0,1
15616630,41,583,77647.6,190429.52,5,1,Germany,Female,0,1,0,0,0,0,0,0.09186579636467107,0,0,0
15756333,55,642,0.0,101515.76,7,2,France,Female,1,1,0,0,0,0,0,0.09186661026404025,0,0,3
15652981,30,600,119755.0,21852.91,2,1,Germany,Male,1,1,0,0,0,0,0,0.09187557697585647,0,0,1
15609804,29,688,0.0,154695.57,1,2,France,Male,0,1,0,0,0,0,0,0.09188494831830868,0,0,1
15584545,40,532,0.0,177099.71,5,2,France,Female,1,0,0,0,0,0,0,0.09192213955303163,0,0,0
15698749,23,626,85897.95,109742.8,6,1,Germany,Female,0,1,0,0,0,0,0,0.09193855265644751,0,0,1
15732884,29,676,131959.86,189268.81,7,1,France,Male,0,0,0,0,0,0,0,0.09194246927719629,0,0,1
15704746,35,699,167455.66,55324.49,2,2,Spain,Male,1,1,0,0,0,0,0,0.09195025907554544,0,0,0
15694188,46,700,56580.95,45424.13,5,2,Spain,Female,1,0,0,0,0,0,0,0.09195529710990114,0,0,2
15714431,37,561,100443.36,101693.73,1,2,France,Male,1,0,0,0,0,0,0,0.09195639175171666,0,0,0
15810444,39,562,130565.02,9854.72,6,1,Germany,Female,0,1,1,0,0,0,0,0.09195735869351446,0,0,2
15674950,39,544,142406.43,146637.45,4,2,Germany,Male,0,1,0,0,0,0,0,0.0919770322471073,0,0,0
15602841,28,794,0.0,86699.98,5,2,Spain,Female,1,0,0,0,0,0,0,0.09200585444251347,0,0,1
15780056,33,660,0.0,29664.45,4,1,Spain,Male,0,1,0,0,0,0,0,0.09201051270613841,0,0,0
15632826,38,493,134006.77,89578.32,3,1,France,Male,0,1,0,0,0,0,0,0.092012942914522,0,0,0
15720745,24,635,140197.18,142935.83,4,1,Spain,Male,1,1,0,0,0,0,0,0.09203721955487965,0,0,1
15567897,23,619,132725.1,143913.33,5,1,Germany,Male,1,1,0,0,0,0,0,0.0920495136860705,0,0,1
15639590,30,758,141581.08,156249.06,3,1,France,Female,0,1,0,0,0,0,0,0.09205076687272529,0,0,1
15603465,45,665,155447.65,51871.95,5,2,Germany,Female,0,1,1,0,0,0,0,0.09205225935136241,0,0,2
15626044,28,762,125155.83,106024.02,3,2,Germany,Male,1,1,0,0,0,0,0,0.09205383587398536,0,0,1
15622993,28,709,124695.72,145251.35,8,2,Germany,Male,0,1,0,0,0,0,0,0.09206225854030481,0,0,1
15621195,41,619,147974.16,170518.83,3,2,Germany,Male,0,1,0,0,0,0,0,0.09210001526057848,0,0,0
15649508,48,643,0.0,174729.3,8,2,Spain,Male,0,1,0,0,0,0,0,0.09210276678555629,0,0,2
15598086,45,624,68639.57,168002.31,3,1,France,Female,0,1,1,0,0,0,0,0.09211456963718284,0,0,0
15640034,42,551,139561.46,43435.43,2,1,France,Male,0,1,1,0,0,0,0,0.09212508698193467,0,0,0
15648064,33,649,0.0,2010.98,2,2,France,Male,0,1,0,0,0,0,0,0.09212873097207569,0,0,0
15791279,40,701,169742.64,153537.55,5,1,France,Male,1,1,1,0,0,0,0,0.09213041314647324,0,0,2
15716984,56,695,0.0,84644.76,4,2,Spain,Female,0,1,0,0,0,0,0,0.09213772247819418,0,0,3
15657107,46,563,106171.68,163145.5,8,1,Spain,Female,0,1,1,0,0,0,0,0.09214019602502538,0,0,2
15612187,32,547,155726.85,67789.99,8,1,Germany,Male,0,1,0,0,0,0,0,0.09214070646479483,0,0,2
15750121,38,639,0.0,42862.82,3,1,France,Male,0,1,0,0,0,0,0,0.09214271439258936,0,0,0
15738191,25,577,0.0,124508.29,3,2,France,Male,1,0,0,0,0,0,0,0.09215215353363537,0,0,1
15611729,39,703,141559.5,31257.1,1,1,Germany,Male,1,1,1,0,0,0,0,0.09216020695941018,0,0,0
15807340,33,525,131023.76,55072.93,4,2,Germany,Male,0,0,0,0,0,0,0,0.0922069697589154,0,0,0
15741875,25,746,104833.79,71911.3,3,1,Spain,Female,0,0,0,0,0,0,0,0.09221068532025867,0,0,1
15726046,27,712,133009.51,126809.15,2,1,France,Female,0,1,0,0,0,0,0,0.09221304277257503,0,0,1
15804052,23,710,0.0,134188.11,6,2,Spain,Male,1,1,0,0,0,0,0,0.09221624501580261,0,0,1
15763798,23,680,140007.19,31714.08,5,1,France,Male,1,0,0,0,0,0,0,0.09221660160404599,0,0,1
15751549,31,658,77082.65,13482.28,2,2,Germany,Male,0,0,0,0,0,0,0,0.09224470548709679,0,0,0
15639252,30,603,129548.5,19282.85,6,2,Spain,Male,1,1,0,0,0,0,0,0.09224850056549433,0,0,1
15783463,26,678,0.0,45443.68,1,2,France,Female,0,1,0,0,0,0,0,0.09225344972592092,0,0,1
15597033,37,708,153366.13,26912.34,8,1,Germany,Male,1,1,0,0,0,0,0,0.09227634668135337,0,0,2
15741429,31,680,119825.75,101139.3,9,2,Spain,Female,1,1,0,0,0,0,0,0.09228343087369634,0,0,2
15581282,39,651,0.0,24176.44,6,1,France,Female,0,1,0,0,0,0,0,0.09229243494463923,0,0,2
15769402,27,667,156811.74,149402.59,7,1,France,Male,1,1,0,0,0,0,0,0.09229652914816422,0,0,1
15698758,31,630,0.0,169802.73,1,2,Spain,Female,1,1,0,0,0,0,0,0.09229677388377416,0,0,0
15770406,35,580,121355.19,35671.45,9,1,Germany,Male,1,0,0,0,0,0,0,0.09229733668862816,0,0,2
15714057,40,528,0.0,25399.7,4,2,Spain,Male,0,1,0,0,0,0,0,0.09231496937188283,0,0,0
15811589,42,716,0.0,180800.42,8,2,Spain,Male,0,1,0,0,0,0,0,0.09232275688466168,0,0,2
15746708,55,589,119961.48,65156.83,7,1,Germany,Male,0,1,1,0,0,0,0,0.09232715155487237,0,0,3
15676513,35,601,71553.83,177384.45,8,1,Germany,Male,0,1,0,0,0,0,0,0.09233299263122136,0,0,2
15730810,44,613,100524.69,47298.95,9,1,Spain,Male,1,1,0,0,0,0,0,0.0923373604775039,0,0,2
15764021,34,617,61687.33,105965.25,1,2,France,Male,0,1,0,0,0,0,0,0.09234597134303679,0,0,0
15583668,42,726,109471.79,175161.05,2,1,France,Female,1,0,0,0,0,0,0,0.09235721672085179,0,0,0
15715510,29,768,95984.69,73686.75,2,2,France,Male,1,1,0,0,0,0,0,0.09236140379882668,0,0,1
15620111,54,659,133436.52,56787.8,8,1,France,Male,0,1,0,0,0,0,0,0.09236322635947947,0,0,3
15697702,29,730,0.0,14174.09,2,2,Spain,Male,0,1,0,0,0,0,0,0.0923689027294895,0,0,1
15756875,34,782,147422.44,42143.61,6,1,Spain,Male,1,0,0,0,0,0,0,0.09237877460228744,0,0,2
15639314,32,589,0.0,9468.64,2,2,France,Male,1,0,0,0,0,0,0,0.0923833481232913,0,0,0
15622289,36,605,0.0,35521.63,9,2,Spain,Female,1,0,0,0,0,0,0,0.09238652133926134,0,0,2
15668775,47,757,130747.1,143829.54,3,1,France,Male,0,1,0,0,0,0,0,0.09239883769876361,0,0,0
15809901,36,755,0.0,176809.87,8,2,France,Male,0,1,0,0,0,0,0,0.09241255112043778,0,0,2
15791867,44,544,108895.93,69228.2,2,1,Germany,Male,0,0,1,0,0,0,0,0.09242686223902519,0,0,0
15605275,45,725,116917.07,173464.43,8,1,Germany,Male,0,0,1,0,0,0,0,0.0924337528432338,0,0,2
15661249,53,699,0.0,111307.98,4,2,France,Male,1,0,0,0,0,0,0,0.09243976364478779,0,0,3
15591100,36,675,106190.55,22994.32,9,1,Spain,Male,1,0,0,0,0,0,0,0.09244014415339569,0,0,2
15572626,44,620,0.0,15627.51,8,2,Spain,Male,1,1,0,0,0,0,0,0.09244028641585311,0,0,2
15793478,39,593,151391.68,27274.6,8,1,Germany,Female,0,1,1,0,0,0,0,0.09244809088651451,0,0,2
15607993,52,625,79468.96,84606.03,2,1,France,Female,1,1,0,0,0,0,0,0.0924499060798083,0,0,3
15669411,52,750,107467.56,126233.18,6,1,Germany,Female,0,1,1,0,0,0,0,0.09245054671470776,0,0,3
15745452,41,651,90218.11,174337.68,1,1,Germany,Male,0,1,0,0,0,0,0,0.092451166833037,0,0,0
15673074,30,527,126663.51,162267.91,6,1,Germany,Female,1,1,0,0,0,0,0,0.092453501859668,0,0,1
15592025,53,651,0.0,130132.41,7,2,France,Male,1,1,0,0,0,0,0,0.09246569875508759,0,0,3
15784687,36,592,126477.42,179718.17,1,1,France,Male,0,0,0,0,0,0,0,0.09248483176771644,0,0,0
15764661,33,644,0.0,96420.58,2,1,France,Male,0,1,0,0,0,0,0,0.09248775855262359,0,0,0
15703292,26,573,86270.93,90177.3,8,2,France,Male,1,1,0,0,0,0,0,0.0924976264096648,0,0,1
15614361,42,620,121490.05,29296.74,9,1,Spain,Male,1,1,0,0,0,0,0,0.09251173063618834,0,0,2
15753861,27,686,115095.88,78622.46,1,2,Germany,Female,0,0,0,0,0,0,0,0.09251748522448511,0,0,1
15762216,41,686,129553.76,187599.8,4,2,France,Female,0,1,0,0,0,0,0,0.09255015459767035,0,0,0
15761950,45,652,110827.49,153383.54,9,1,Germany,Female,1,1,1,0,0,0,0,0.09255524224364331,0,0,2
15757568,45,704,0.0,137739.45,6,1,France,Female,1,1,0,0,0,0,0,0.09257266816200282,0,0,2
15752626,32,553,64082.09,109159.58,7,1,France,Male,1,0,0,0,0,0,0,0.09257502626160458,0,0,2
15583718,38,696,142316.14,8018.49,6,1,Germany,Male,1,1,0,0,0,0,0,0.09257755369675619,0,0,2
15575214,37,709,0.0,159486.76,7,1,France,Male,0,1,0,0,0,0,0,0.0925961699021523,0,0,2
15718588,37,548,0.0,98029.58,9,2,France,Female,0,0,0,0,0,0,0,0.09260312747511085,0,0,2
15726058,27,754,117578.35,87908.01,7,2,Germany,Male,1,0,0,0,0,0,0,0.09260598183637342,0,0,1
15739068,25,638,148045.45,114722.42,4,2,Germany,Male,1,1,0,0,0,0,0,0.09261766982446346,0,0,1
15578878,30,569,139528.23,33230.37,3,1,Spain,Female,1,1,0,0,0,0,0,0.09262680237654652,0,0,1
15632882,37,684,126817.13,29995.83,1,2,Germany,Male,1,1,1,0,0,0,0,0.09263647300771244,0,0,0
15653315,35,555,0.0,101667.0,1,2,Spain,Female,0,1,0,0,0,0,0,0.09264436999494796,0,0,0
15812482,27,575,139301.68,99843.98,3,1,France,Male,0,1,0,0,0,0,0,0.09264458985042234,0,0,1
15697000,32,728,61825.5,156124.93,5,1,Germany,Male,1,1,0,0,0,0,0,0.09264836611588373,0,0,2
15679991,28,524,0.0,147100.72,7,2,France,Female,1,0,0,0,0,0,0,0.09265777922006113,0,0,1
15638247,44,700,0.0,142287.65,9,2,Spain,Male,0,1,0,0,0,0,0,0.0926639122831347,0,0,2
15747807,43,720,137824.03,172557.77,6,2,France,Female,0,1,0,0,0,0,0,0.09266483666174952,0,0,2
15642001,44,576,119530.52,119056.68,9,1,Germany,Male,0,1,1,0,0,0,0,0.0926897133941918,0,0,2
15611365,32,730,127661.69,60905.51,9,1,France,Female,0,0,0,0,0,0,0,0.09271411450809658,0,0,2
15778418,40,637,154309.67,125334.16,9,1,Germany,Male,1,1,1,0,0,0,0,0.09271689633246699,0,0,2
15801188,47,774,94722.88,61450.96,6,1,France,Female,1,0,0,0,0,0,0,0.09275624833721041,0,0,2
15705739,32,753,159904.79,148811.14,5,1,Germany,Male,0,1,0,0,0,0,0,0.09275865110781356,0,0,2
15642391,51,621,109978.83,177740.58,4,1,Germany,Male,0,0,1,0,0,0,0,0.09277811123313384,0,0,3
15617655,35,564,0.0,105837.38,9,2,Spain,Female,1,1,0,0,0,0,0,0.09279526508105801,0,0,2
15573077,25,620,141825.88,73857.94,8,1,Germany,Female,1,1,1,0,0,0,0,0.09281670164806144,0,0,1
15796114,34,594,141525.55,9443.15,7,1,France,Female,0,0,0,0,0,0,0,0.09282462620350629,0,0,2
15674811,29,739,59385.98,105533.96,3,2,Germany,Male,1,1,0,0,0,0,0,0.09282473664139274,0,0,1
15706552,36,533,85311.7,156731.91,7,1,France,Male,1,0,0,0,0,0,0,0.0928254227170422,0,0,2
15590820,26,699,79932.41,150242.44,6,1,Spain,Male,0,0,0,0,0,0,0,0.09284713848348741,0,0,1
15705676,35,690,107944.33,48478.47,9,2,France,Female,0,0,0,0,0,0,0,0.09284957609444144,0,0,2
15737909,44,759,111095.58,100137.7,2,2,France,Male,0,1,0,0,0,0,0,0.09285063689404988,0,0,0
15736717,31,602,155271.83,179446.31,7,1,France,Male,1,1,0,0,0,0,0,0.09285219801401517,0,0,2
15613140,34,565,0.0,63173.64,6,1,France,Male,1,1,0,0,0,0,0,0.09285402640404888,0,0,2
15644005,33,571,0.0,77519.62,9,2,France,Female,1,0,0,0,0,0,0,0.09286179107955772,0,0,2
15796721,38,778,145018.49,126702.41,3,2,France,Male,1,1,0,0,0,0,0,0.09286294668260064,0,0,0
15772995,30,529,116295.29,75285.47,2,1,France,Male,0,1,0,0,0,0,0,0.09287046810258032,0,0,1
15582951,25,696,126442.59,121904.44,8,1,France,Female,0,1,0,0,0,0,0,0.09289866893489823,0,0,1
15703264,44,735,120681.63,74836.34,9,1,France,Male,0,1,0,0,0,0,0,0.09290503402519618,0,0,2
15655238,31,668,0.0,41291.73,9,2,France,Female,0,0,0,0,0,0,0,0.09291509393336306,0,0,2
15685019,29,528,102787.42,55972.56,3,1,France,Male,0,1,0,0,0,0,0,0.09291567894959196,0,0,1
15769064,39,537,135309.36,31728.86,3,1,Germany,Male,0,1,1,0,0,0,0,0.0929229671743218,0,0,0
15752097,38,708,99640.89,12429.22,8,1,Spain,Male,0,1,0,0,0,0,0,0.09292606464882386,0,0,2
15811985,44,530,0.0,55893.37,6,2,Spain,Male,0,0,0,0,0,0,0,0.09293101391106084,0,0,2
15777797,38,689,75075.14,8651.92,5,1,Spain,Male,1,1,1,0,0,0,0,0.09293599729274082,0,0,2
15744295,40,756,94773.11,114279.63,1,1,France,Male,0,1,0,0,0,0,0,0.09293613304258797,0,0,0
15776051,45,551,0.0,51143.43,6,2,France,Female,1,1,0,0,0,0,0,0.09293976204028942,0,0,2
15777504,30,617,0.0,92621.9,8,1,France,Female,1,1,0,0,0,0,0,0.09294115524615859,0,0,1
15750671,31,512,0.0,168462.26,6,2,Spain,Male,0,1,0,0,0,0,0,0.0929620087050424,0,0,2
15619116,36,493,0.0,99770.3,2,2,France,Female,1,0,0,0,0,0,0,0.09299977625321926,0,0,0
15809006,23,602,113758.48,84077.6,7,2,France,Male,0,0,0,0,0,0,0,0.09300673731392667,0,0,1
15612350,31,691,40915.55,126213.84,5,1,France,Female,0,1,1,0,0,0,0,0.09302590952371365,0,0,2
15729832,29,658,145512.84,20207.02,3,1,France,Male,0,1,0,0,0,0,0,0.0930275824543294,0,0,1
15699634,48,667,0.0,148608.39,2,2,France,Female,1,1,0,0,0,0,0,0.09303662071089691,0,0,0
15723320,25,651,109175.14,114566.47,2,2,Germany,Female,0,1,0,0,0,0,0,0.09304354070506737,0,0,1
15731890,41,601,123971.16,172814.99,1,1,France,Male,1,0,0,0,0,0,0,0.09304889226141183,0,0,0
15811762,54,583,115988.86,57553.98,6,1,Germany,Female,0,1,1,0,0,0,0,0.0930571699678785,0,0,3
15764174,26,612,0.0,179780.74,4,2,Spain,Female,1,1,0,0,0,0,0,0.09305842132942393,0,0,1
15619045,43,776,0.0,162137.5,4,2,France,Female,1,0,0,0,0,0,0,0.09306695586280433,0,0,0
15707007,39,743,0.0,94263.44,8,1,France,Female,0,1,0,0,0,0,0,0.09307234010467486,0,0,2
15665376,35,647,166518.63,147930.46,3,2,Germany,Female,0,1,0,0,0,0,0,0.09308992453967174,0,0,0
15751032,37,629,35549.81,49676.33,1,2,Germany,Female,0,0,0,0,0,0,0,0.09309666626489016,0,0,0
15693200,36,752,0.0,184866.86,7,2,France,Female,0,1,0,0,0,0,0,0.09311519135970592,0,0,2
15638494,39,625,129845.26,96444.88,10,1,Germany,Female,1,1,0,0,0,0,0,0.09312302548273682,0,0,2
15771569,46,576,137367.94,33450.11,4,1,Germany,Male,1,1,0,0,0,0,0,0.09314087571295321,0,0,0
15798053,32,707,0.0,126475.79,9,2,Spain,Male,0,1,0,0,0,0,0,0.09314683049243899,0,0,2
15684934,31,726,0.0,106117.3,9,2,France,Male,1,1,0,0,0,0,0,0.0931601263891958,0,0,2
15794297,36,776,0.0,53477.76,1,2,France,Male,0,1,0,0,0,0,0,0.0931632582536513,0,0,0
15567725,46,689,52016.08,72993.65,7,2,France,Female,1,1,0,0,0,0,0,0.09316649328040566,0,0,2
15804864,27,670,79336.61,26170.08,5,1,France,Female,1,1,0,0,0,0,0,0.09316748107168249,0,0,1
15726814,46,554,0.0,57320.92,4,2,Spain,Male,1,0,0,0,0,0,0,0.09316840090182504,0,0,0
15691808,43,656,134919.85,194691.95,7,1,France,Male,0,1,0,0,0,0,0,0.09318179664419157,0,0,2
15616833,27,678,0.0,13221.25,2,2,Spain,Male,1,1,0,0,0,0,0,0.09318406689935144,0,0,1
15781987,31,641,112494.99,32231.6,9,1,France,Male,1,1,0,0,0,0,0,0.09321754579130342,0,0,2
15710928,55,665,136354.16,93769.89,8,1,France,Female,1,1,0,0,0,0,0,0.09321853880956282,0,0,3
15601787,35,641,103711.56,192464.21,2,1,Germany,Male,1,0,1,0,0,0,0,0.09321985567123814,0,0,0
15800688,42,495,0.0,130404.53,7,2,Spain,Female,0,0,0,0,0,0,0,0.09324062495673313,0,0,2
15727868,38,711,129022.06,14374.86,2,2,France,Female,1,1,1,0,0,0,0,0.09326496933786393,0,0,0
15747000,27,592,0.0,19645.65,3,2,France,Male,1,1,0,0,0,0,0,0.09326749971569492,0,0,1
15768282,36,724,94615.11,10627.21,6,2,Germany,Male,1,1,0,0,0,0,0,0.09327511814321243,0,0,2
15783816,28,733,0.0,12761.16,5,2,France,Female,0,0,0,0,0,0,0,0.09327823596766882,0,0,1
15669253,39,754,157691.98,133600.89,7,2,Spain,Male,0,1,1,0,0,0,0,0.0932996112862362,0,0,2
15715078,35,584,161613.94,148238.16,6,2,France,Male,1,1,0,0,0,0,0,0.09333235915274146,0,0,2
15622631,44,588,154409.74,49324.03,8,1,France,Male,0,1,1,0,0,0,0,0.09334631297674767,0,0,2
15779711,38,750,97257.41,179883.04,7,2,Spain,Female,1,0,0,0,0,0,0,0.09336324369282561,0,0,2
15588918,42,671,0.0,197202.48,6,2,France,Female,0,1,0,0,0,0,0,0.09337160080868662,0,0,2
15634262,34,709,148375.19,21521.38,4,2,Germany,Male,1,1,0,0,0,0,0,0.09338392016262032,0,0,0
15594928,38,798,129055.13,157147.59,4,1,Germany,Female,0,1,0,0,0,0,0,0.09341117005818034,0,0,0
15631189,38,613,67111.65,78566.64,9,1,Germany,Male,0,1,1,0,0,0,0,0.09341988184551081,0,0,2
15684861,32,726,0.0,185075.63,8,2,France,Female,0,0,0,0,0,0,0,0.09342746389686257,0,0,2
15673439,50,646,142644.64,142208.5,5,2,Spain,Female,1,1,1,0,0,0,0,0.09344721287373214,0,0,3
15581893,43,747,130788.71,101495.0,1,1,France,Male,1,0,1,0,0,0,0,0.09346281628045522,0,0,0
15762882,31,577,61211.18,145250.43,4,1,Germany,Female,1,1,0,0,0,0,0,0.09346502472465312,0,0,0
15783398,49,535,115309.75,111421.77,7,1,Spain,Female,0,1,0,0,0,0,0,0.09347495646687415,0,0,2
15744717,44,726,0.0,26733.86,2,2,France,Female,1,1,0,0,0,0,0,0.09348794142816819,0,0,0
15709780,37,667,71786.9,67734.79,9,2,France,Female,1,1,0,0,0,0,0,0.09354950009579083,0,0,2
15694677,39,733,0.0,141841.31,1,2,France,Male,1,1,0,0,0,0,0,0.0935719744919587,0,0,0
15600575,41,802,0.0,47322.05,6,2,Spain,Male,0,1,0,0,0,0,0,0.09357906110786052,0,0,2
15758755,34,729,132121.71,105409.31,9,1,France,Female,1,0,0,0,0,0,0,0.09358687638496255,0,0,2
15773242,32,621,0.0,168779.47,1,2,France,Male,1,1,0,0,0,0,0,0.09359977201505604,0,0,0
15809654,46,707,127476.73,146011.55,7,2,France,Female,1,1,0,0,0,0,0,0.09360136216130799,0,0,2
15733387,53,707,109663.47,52110.45,6,1,Spain,Female,1,1,0,0,0,0,0,0.09361140678366892,0,0,3
15791006,34,760,58003.41,90346.1,6,1,Germany,Female,0,1,0,0,0,0,0,0.09361539954853454,0,0,2
15755638,43,673,168069.73,146992.24,5,1,France,Female,1,1,1,0,0,0,0,0.09362198997165988,0,0,0
15752344,34,714,0.0,193040.32,5,2,Spain,Male,0,1,0,0,0,0,0,0.09364231352782193,0,0,2
15769645,35,612,0.0,48108.72,3,1,France,Female,1,1,0,0,0,0,0,0.0936461912569937,0,0,0
15810910,38,702,0.0,158527.45,9,2,Spain,Female,1,1,0,0,0,0,0,0.0936505358103415,0,0,2
15793803,34,574,112572.39,165626.6,1,1,France,Male,0,0,0,0,0,0,0,0.0936578488628323,0,0,0
15602844,38,717,97459.06,189175.71,7,1,France,Male,0,0,0,0,0,0,0,0.09368394388594797,0,0,2
15765518,51,643,105229.53,34967.75,2,1,France,Female,0,1,1,0,0,0,0,0.09368406218727882,0,0,3
15792004,26,731,0.0,37697.29,3,2,Spain,Female,0,1,0,0,0,0,0,0.09369436748534216,0,0,1
15814536,37,549,112541.54,47432.43,2,2,France,Male,0,0,0,0,0,0,0,0.09370157356763459,0,0,0
15715184,31,752,144637.86,40496.72,4,2,Spain,Female,0,1,0,0,0,0,0,0.0937103356903145,0,0,0
15718765,43,501,104533.24,81123.59,6,1,Spain,Male,0,0,1,0,0,0,0,0.09371883768693579,0,0,2
15600086,48,717,123764.95,169952.82,7,1,France,Male,1,1,0,0,0,0,0,0.09371928914327121,0,0,2
15797595,40,709,131569.63,103970.58,9,1,France,Female,1,1,0,0,0,0,0,0.09375721125660641,0,0,2
15665087,26,595,118547.72,151192.18,8,1,Germany,Female,1,1,0,0,0,0,0,0.09375756941366581,0,0,1
15689176,46,663,0.0,176276.1,3,2,France,Male,1,0,0,0,0,0,0,0.09376399339766478,0,0,0
15622494,27,718,0.0,26229.24,2,2,France,Male,0,0,0,0,0,0,0,0.09378195174022202,0,0,1
15652999,33,742,137937.95,51387.1,1,1,Germany,Male,1,1,0,0,0,0,0,0.09378328116034673,0,0,0
15652693,26,573,129109.02,149814.68,4,1,France,Female,0,0,1,0,0,0,0,0.09378715569186902,0,0,1
15631871,57,616,116936.81,104379.36,7,1,Germany,Female,1,1,0,0,0,0,0,0.09379020197521581,0,0,3
15731267,37,797,75263.7,85801.77,4,1,France,Male,0,1,0,0,0,0,0,0.09379839699224835,0,0,0
15747808,29,712,102540.61,189680.79,3,1,France,Male,1,1,0,0,0,0,0,0.09380420120212424,0,0,1
15578297,43,737,125537.38,138510.01,1,1,Germany,Female,0,1,1,0,0,0,0,0.0938318173032549,0,0,0
15585490,34,746,0.0,65166.6,4,1,France,Female,1,0,0,0,0,0,0,0.09384483219441497,0,0,0
15634896,39,521,0.0,27375.15,6,2,France,Female,1,0,0,0,0,0,0,0.09386966581601314,0,0,2
15569266,28,644,155060.41,29179.52,7,1,France,Male,0,1,0,0,0,0,0,0.09387042856409672,0,0,1
15646539,31,531,96288.26,56794.73,3,1,France,Male,0,1,0,0,0,0,0,0.09387089233035834,0,0,0
15718242,47,725,104887.43,86622.56,1,1,Germany,Female,0,0,1,0,0,0,0,0.09387358077372399,0,0,0
15569764,41,687,154007.21,158408.23,2,1,Germany,Female,0,1,0,0,0,0,0,0.09388735479174443,0,0,0
15677112,39,519,112957.26,97593.16,2,2,France,Male,0,1,0,0,0,0,0,0.09389762217497688,0,0,0
15612594,25,599,0.0,120790.02,3,2,Spain,Male,1,1,0,0,0,0,0,0.09393441157037491,0,0,1
15743673,27,551,113873.22,85129.77,2,1,Spain,Male,1,1,1,0,0,0,0,0.09394569199780989,0,0,1
15724444,38,567,125877.65,107841.77,1,2,France,Female,1,1,0,0,0,0,0,0.09395550619535126,0,0,0
15637857,31,616,0.0,76456.17,8,1,France,Female,1,0,0,0,0,0,0,0.09395683942910915,0,0,2
15687540,32,684,100249.41,67599.69,9,2,France,Male,1,0,0,0,0,0,0,0.09396963136385283,0,0,2
15652469,27,699,0.0,93003.21,1,2,France,Male,0,1,0,0,0,0,0,0.09398874117634154,0,0,1
15745605,47,722,88011.4,90655.94,2,1,France,Female,1,1,1,0,0,0,0,0.0939913673094338,0,0,0
15728669,30,584,112013.81,177772.03,8,1,Germany,Female,0,1,1,0,0,0,0,0.09399352011809764,0,0,1
15718289,46,553,82291.1,112549.99,3,1,Germany,Male,0,1,1,0,0,0,0,0.09400832445967106,0,0,0
15753248,28,611,0.0,25395.83,2,2,France,Male,0,0,0,0,0,0,0,0.09401480676153229,0,0,1
15683027,29,570,122028.65,173792.77,4,2,Germany,Male,1,1,0,0,0,0,0,0.09402254470683646,0,0,1
15597739,37,674,0.0,158049.9,3,1,France,Male,0,1,0,0,0,0,0,0.09402685164845126,0,0,0
15566894,39,793,137817.52,83997.79,3,1,France,Male,0,0,0,0,0,0,0,0.09403140188275583,0,0,0
15674727,42,777,147531.82,38819.45,5,1,France,Female,1,1,0,0,0,0,0,0.0940325630733293,0,0,2
15704681,37,766,99660.13,147700.78,2,2,Germany,Male,1,0,0,0,0,0,0,0.0940439708254267,0,0,0
15616666,52,646,111739.4,68367.18,6,2,Germany,Female,1,0,0,0,0,0,0,0.09405271508908886,0,0,3
15742323,39,541,0.0,19823.02,7,2,France,Male,0,1,0,0,0,0,0,0.09405372822234903,0,0,2
15683618,35,774,121418.62,24400.37,3,1,France,Female,1,1,0,0,0,0,0,0.0940665331787997,0,0,0
15684440,32,548,98986.28,55867.38,2,1,Germany,Male,1,1,0,0,0,0,0,0.09411056499334697,0,0,0
15598982,53,602,98268.84,45038.29,5,1,Germany,Female,1,0,1,0,0,0,0,0.09411460776929748,0,0,3
15580629,31,604,134837.58,192029.19,6,1,France,Male,0,1,0,0,0,0,0,0.09412352913054689,0,0,2
15704581,34,595,87967.42,156309.52,2,2,Germany,Male,1,0,0,0,0,0,0,0.0941473914873871,0,0,0
15677141,29,586,132450.24,36176.63,2,1,Spain,Male,1,1,0,0,0,0,0,0.09415062190791762,0,0,1
15589204,33,591,131765.72,118782.06,9,1,France,Male,0,1,0,0,0,0,0,0.09415162438605473,0,0,2
15664001,53,695,95231.91,70140.8,8,1,Germany,Female,0,0,1,0,0,0,0,0.09417129077746644,0,0,3
15771856,32,632,0.0,19525.65,1,2,Spain,Female,0,1,0,0,0,0,0,0.09417399704978918,0,0,0
15651737,44,623,83325.77,80828.78,1,1,Spain,Male,1,0,0,0,0,0,0,0.0941756608031879,0,0,0
15771222,42,779,0.0,25951.91,5,2,France,Female,0,0,0,0,0,0,0,0.0941803425495335,0,0,2
15756992,37,701,0.0,163457.55,1,2,France,Male,0,1,0,0,0,0,0,0.09419297759210948,0,0,0
15770174,29,762,141389.06,54122.89,6,1,France,Male,0,1,0,0,0,0,0,0.09420195727806319,0,0,1
15809279,45,773,96877.21,113950.51,8,1,France,Male,1,1,0,0,0,0,0,0.09420450811850078,0,0,2
15766663,22,639,0.0,28188.96,4,2,France,Male,0,1,0,0,0,0,0,0.09420655772494524,0,0,1
15709354,41,521,0.0,113089.43,2,2,France,Female,1,1,0,0,0,0,0,0.09422843160041522,0,0,0
15645835,32,605,0.0,55724.24,9,2,France,Male,1,1,0,0,0,0,0,0.09424096277935551,0,0,2
15721569,55,658,119327.93,119439.66,8,1,Germany,Female,1,0,0,0,0,0,0,0.09425358261762129,0,0,3
15770424,40,541,95710.11,49063.42,7,2,Germany,Male,0,1,0,0,0,0,0,0.09425638352942256,0,0,2
15609899,37,548,0.0,121763.68,4,1,Spain,Male,0,1,0,0,0,0,0,0.0942658108150578,0,0,0
15650924,32,761,103515.39,177622.38,4,2,Spain,Female,1,1,0,0,0,0,0,0.09427087754951324,0,0,0
15680998,44,725,0.0,117356.14,5,1,France,Male,1,1,0,0,0,0,0,0.0942790644613446,0,0,2
15757015,41,783,106640.5,176945.96,5,1,Germany,Female,0,1,0,0,0,0,0,0.09432004141234873,0,0,2
15605276,29,742,0.0,180066.59,4,2,France,Female,1,1,0,0,0,0,0,0.09432746050967827,0,0,1
15740494,33,633,0.0,191111.02,3,2,France,Female,0,1,0,0,0,0,0,0.09433596788301984,0,0,0
15713250,33,502,0.0,123509.01,8,2,France,Male,1,1,0,0,0,0,0,0.09435288536444669,0,0,2
15749688,32,541,0.0,40889.14,8,2,France,Male,0,0,0,0,0,0,0,0.09435827188619722,0,0,2
15632848,36,634,69518.95,116238.39,1,1,France,Female,0,1,0,0,0,0,0,0.09436187904901255,0,0,0
15608845,38,804,124197.22,74692.06,3,1,Spain,Female,0,1,0,0,0,0,0,0.09436229611829622,0,0,0
15660866,29,640,0.0,2743.69,3,2,France,Female,0,1,0,0,0,0,0,0.09436652260228084,0,0,1
15581526,41,574,0.0,70550.0,1,2,France,Male,0,0,0,0,0,0,0,0.09437260538782499,0,0,0
15744979,36,666,0.0,158666.99,8,1,France,Female,1,0,0,0,0,0,0,0.0943954375931062,0,0,2
15741336,38,715,118590.41,5684.17,5,1,France,Female,1,1,1,0,0,0,0,0.09439872605486488,0,0,2
15585892,35,639,0.0,164453.98,8,1,France,Female,0,0,0,0,0,0,0,0.09440031335725974,0,0,2
15690695,33,683,0.0,38784.42,9,2,France,Female,1,1,0,0,0,0,0,0.09441669002728686,0,0,2
15592816,48,623,108076.33,118855.26,1,1,Germany,Female,0,1,1,0,0,0,0,0.09442593257113974,0,0,0
15780215,31,636,0.0,2382.61,6,2,France,Male,1,1,0,0,0,0,0,0.09443435352280832,0,0,2
15718944,37,573,0.0,193995.37,6,2,France,Female,0,1,0,0,0,0,0,0.0944378117707606,0,0,2
15753213,34,604,0.0,193021.49,7,2,France,Female,0,1,0,0,0,0,0,0.09444399272223364,0,0,2
15733229,34,638,0.0,3946.29,7,2,Spain,Female,0,0,0,0,0,0,0,0.09444565531172083,0,0,2
15606836,33,782,94493.03,101866.39,2,1,France,Female,1,0,0,0,0,0,0,0.09444603599091944,0,0,0
15625586,35,717,0.0,167573.06,4,1,France,Male,1,1,0,0,0,0,0,0.09446042127091381,0,0,0
15671148,33,490,96341.0,108313.34,5,2,Germany,Male,0,0,0,0,0,0,0,0.09446638787293582,0,0,0
15647333,27,621,137003.68,21254.06,4,1,France,Male,0,1,0,0,0,0,0,0.09447848667388503,0,0,1
15721303,34,640,137523.02,24761.36,1,1,Spain,Male,0,0,0,0,0,0,0,0.09449029793606656,0,0,0
15575430,33,579,118392.75,157564.75,1,1,France,Female,1,1,0,0,0,0,0,0.09450157295451583,0,0,0
15637235,33,794,0.0,91340.02,8,2,Spain,Male,0,0,0,0,0,0,0,0.09450338295869304,0,0,2
15670702,37,618,168178.21,101273.23,2,2,France,Male,1,0,0,0,0,0,0,0.09450550660593166,0,0,0
15642041,40,727,93051.64,71865.31,1,2,Germany,Male,0,1,1,0,0,0,0,0.0945124951681876,0,0,0
15614215,53,717,0.0,97614.87,6,2,France,Male,1,0,0,0,0,0,0,0.09452220597118949,0,0,3
15769169,41,645,0.0,28667.56,7,1,France,Male,1,0,0,0,0,0,0,0.09453617125347547,0,0,2
15786905,40,749,141782.57,86333.63,8,2,Germany,Female,0,0,0,0,0,0,0,0.09454009011769698,0,0,2
15766137,34,497,0.0,83087.13,2,2,France,Male,1,1,0,0,0,0,0,0.09456619845326358,0,0,0
15702416,43,734,107805.67,182505.68,7,1,France,Male,0,0,0,0,0,0,0,0.09456808387005705,0,0,2
15737521,40,619,103604.31,140947.05,9,2,Germany,Male,0,0,0,0,0,0,0,0.094578164073513,0,0,2
15602554,31,664,114519.57,79222.02,9,2,France,Female,1,0,0,0,0,0,0,0.09460892186268255,0,0,2
15622442,29,619,0.0,194310.1,5,2,France,Male,0,1,0,0,0,0,0,0.09461321355323926,0,0,1
15805413,31,769,117852.26,147668.64,6,2,France,Female,0,1,0,0,0,0,0,0.0946185396912484,0,0,2
15602572,33,720,0.0,142956.48,9,2,France,Male,1,1,0,0,0,0,0,0.0946227171615176,0,0,2
15775625,47,596,0.0,74835.65,6,1,France,Male,0,1,0,0,0,0,0,0.09462506814169269,0,0,2
15589435,31,784,0.0,143204.41,7,2,France,Male,1,1,0,0,0,0,0,0.09462828254025679,0,0,2
15765457,35,719,100829.94,165008.97,1,1,Spain,Male,1,1,0,0,0,0,0,0.09463912219653459,0,0,0
15622171,30,642,80964.57,174738.2,8,2,France,Male,0,1,0,0,0,0,0,0.09463918318750614,0,0,1
15654230,31,526,145537.21,132404.64,5,1,Germany,Male,0,1,0,0,0,0,0,0.09467182885907865,0,0,0
15625713,39,679,91187.9,6075.36,7,1,Spain,Female,1,0,0,0,0,0,0,0.09468809042106008,0,0,2
15634844,41,598,91536.93,191468.78,3,1,Germany,Male,0,1,1,0,0,0,0,0.09468846180693608,0,0,0
15814275,33,685,174912.72,43932.54,6,1,France,Male,1,1,0,0,0,0,0,0.09469148881673878,0,0,2
15566295,33,761,138053.79,148779.41,6,2,France,Female,0,1,0,0,0,0,0,0.09469320893405431,0,0,2
15665963,30,681,128393.29,180593.45,2,1,Spain,Male,1,1,0,0,0,0,0,0.09469372483951921,0,0,1
15674620,37,679,77373.87,174873.09,8,2,Germany,Female,1,0,0,0,0,0,0,0.0946985622935308,0,0,2
15636395,31,529,0.0,26817.23,5,2,France,Female,0,1,0,0,0,0,0,0.09471193441749987,0,0,0
15569590,42,601,98495.72,40014.76,1,1,Germany,Male,0,1,1,0,0,0,0,0.0947276998649364,0,0,0
15777054,42,584,137479.13,25669.1,3,1,Germany,Male,0,1,0,0,0,0,0,0.09473091745661982,0,0,0
15663194,40,582,110150.43,191757.65,3,1,Germany,Female,1,1,1,0,0,0,0,0.09474335000954964,0,0,0
15585367,46,555,120392.99,177719.88,4,1,Germany,Female,0,1,1,0,0,0,0,0.09474411013893913,0,0,0
15692258,31,569,115406.97,145528.22,1,1,Spain,Male,0,0,0,0,0,0,0,0.09475071039736294,0,0,0
15803633,46,678,0.0,82106.19,1,2,France,Female,0,0,0,0,0,0,0,0.09475167541673185,0,0,0
15674541,52,575,123925.23,111342.66,8,1,Spain,Male,0,0,1,0,0,0,0,0.09475926148998265,0,0,3
15581197,51,762,99286.98,85578.63,3,1,France,Female,1,0,0,0,0,0,0,0.09476233426895059,0,0,3
15615016,33,515,0.0,136028.97,2,2,France,Male,1,1,0,0,0,0,0,0.0947655875093274,0,0,0
15616330,31,595,0.0,189995.86,4,2,France,Male,0,1,0,0,0,0,0,0.0947759220894106,0,0,0
15645778,42,670,81589.04,188227.8,3,1,Spain,Male,0,1,0,0,0,0,0,0.09477678965201519,0,0,0
15763515,30,513,0.0,162523.66,5,2,France,Male,0,1,0,0,0,0,0,0.09478153180814058,0,0,1
15806307,37,537,0.0,20603.32,3,2,France,Male,1,1,0,0,0,0,0,0.09478219131259591,0,0,0
15642022,34,621,0.0,47972.65,8,1,Spain,Male,0,0,0,0,0,0,0,0.09479053946387056,0,0,2
15778897,28,630,0.0,133267.78,1,2,France,Female,1,1,0,0,0,0,0,0.09479065897201505,0,0,1
15661330,37,754,0.0,116141.72,6,1,France,Male,1,1,0,0,0,0,0,0.09480420836381176,0,0,2
15632185,42,663,82228.67,71359.78,1,2,France,Female,0,1,0,0,0,0,0,0.0948174977567523,0,0,0
15686436,32,523,0.0,167848.02,4,2,Spain,Male,0,1,0,0,0,0,0,0.09484983671793834,0,0,0
15639265,54,714,126113.28,112777.38,7,1,France,Male,0,1,0,0,0,0,0,0.09487737271949848,0,0,3
15711834,30,650,0.0,67997.13,6,1,Spain,Female,0,0,1,0,0,0,0,0.09489379324939334,0,0,1
15777873,31,628,0.0,147963.07,5,1,France,Female,0,0,1,0,0,0,0,0.09491219156654529,0,0,0
15665783,49,565,0.0,89609.26,7,2,France,Male,1,1,0,0,0,0,0,0.09495767760732948,0,0,2
15643826,32,503,0.0,153036.97,4,2,France,Male,1,1,0,0,0,0,0,0.09496180516187724,0,0,0
15593954,47,516,109387.33,121365.45,6,1,France,Female,0,0,0,0,0,0,0,0.09497807934674135,0,0,2
15580227,33,803,0.0,115676.61,6,2,France,Male,0,1,0,0,0,0,0,0.09497960816456125,0,0,2
15749693,32,658,0.0,156774.75,9,2,France,Female,0,1,0,0,0,0,0,0.09499413686965741,0,0,2
15568963,34,674,152797.9,175709.4,2,1,Germany,Male,0,1,1,0,0,0,0,0.09502213402487536,0,0,0
15731478,42,712,87842.98,92223.59,1,1,France,Female,0,0,0,0,0,0,0,0.0950253678039868,0,0,0
15813917,31,653,143321.97,83679.46,9,1,Germany,Male,0,1,0,0,0,0,0,0.09505463816317761,0,0,2
15569432,48,656,0.0,85240.61,9,2,France,Female,1,1,1,0,0,0,0,0.0950587288325962,0,0,2
15777923,45,544,0.0,151401.33,6,2,France,Female,1,0,0,0,0,0,0,0.09506409660672499,0,0,2
15702631,26,567,0.0,78651.55,2,2,France,Female,1,1,0,0,0,0,0,0.09506974382817035,0,0,1
15804235,37,698,166178.02,71972.95,2,2,France,Female,1,1,0,0,0,0,0,0.09508653119454852,0,0,0
15743007,45,643,45144.43,60917.24,4,1,France,Female,0,1,1,0,0,0,0,0.09510402759630354,0,0,0
15704509,35,492,121063.49,85421.48,8,1,France,Male,0,0,0,0,0,0,0,0.095112035392724,0,0,2
15740476,32,659,150923.74,174652.51,3,2,Germany,Female,1,0,0,0,0,0,0,0.09511268922929861,0,0,0
15783444,39,788,135139.33,113086.08,3,1,France,Female,1,0,0,0,0,0,0,0.09513817352607506,0,0,0
15791216,43,600,133379.41,177378.66,8,1,Germany,Male,0,1,1,0,0,0,0,0.09514864891056163,0,0,2
15717937,43,554,99906.89,24983.39,5,1,Germany,Male,0,0,0,0,0,0,0,0.09516621373720124,0,0,0
15759733,26,774,0.0,64716.08,5,2,France,Female,1,1,0,0,0,0,0,0.09518055290682997,0,0,1
15594436,33,588,0.0,12483.56,2,2,Spain,Male,1,1,0,0,0,0,0,0.09519374370822653,0,0,0
15646594,41,749,57568.94,61128.29,5,1,France,Male,1,1,0,0,0,0,0,0.0951966752141788,0,0,2
15632977,47,745,0.0,145789.71,5,2,France,Male,0,0,0,0,0,0,0,0.09520719155709856,0,0,2
15648067,39,583,129299.28,73107.6,1,2,France,Male,0,1,0,0,0,0,0,0.09520724273083953,0,0,0
15765402,39,520,145644.05,104118.93,6,1,France,Female,0,0,0,0,0,0,0,0.09520938437011106,0,0,2
15611318,33,599,51690.89,111622.76,4,1,Spain,Male,0,1,1,0,0,0,0,0.09523023167309469,0,0,0
15640953,26,611,107508.93,120801.65,2,2,France,Female,1,1,0,0,0,0,0,0.0952389943773222,0,0,1
15673578,40,611,128486.91,10109.47,7,2,Germany,Female,0,1,0,0,0,0,0,0.09524446900647232,0,0,2
15567383,44,678,98009.13,31384.86,2,2,Germany,Female,1,0,0,0,0,0,0,0.0952622931805619,0,0,0
15802486,34,488,0.0,125979.36,3,2,France,Male,1,1,0,0,0,0,0,0.09526351315218312,0,0,0
15793424,28,663,61274.7,136054.45,8,2,Spain,Female,0,1,0,0,0,0,0,0.09527490876211997,0,0,1
15597949,47,768,104552.61,48137.08,5,1,Germany,Female,0,1,1,0,0,0,0,0.09528488238152666,0,0,2
15730360,30,502,0.0,66263.87,4,2,France,Male,1,1,0,0,0,0,0,0.0952887954136244,0,0,1
15633474,51,586,138553.57,92406.22,2,1,France,Male,1,1,0,0,0,0,0,0.09529763383747275,0,0,3
15766044,49,642,120688.61,24770.22,4,1,Germany,Male,0,1,1,0,0,0,0,0.09530954344807324,0,0,0
15690898,44,696,161889.79,75562.47,8,1,France,Male,0,0,0,0,0,0,0,0.09531024933137178,0,0,2
15649523,38,581,0.0,46176.22,1,2,France,Male,0,1,0,0,0,0,0,0.09535279629810328,0,0,0
15772262,37,545,110483.86,127394.67,9,1,Germany,Male,1,1,0,0,0,0,0,0.0953545351274438,0,0,2
15714380,38,827,0.0,103305.01,5,2,France,Male,0,0,0,0,0,0,0,0.09537204222797774,0,0,2
15719649,38,553,99844.68,187915.7,3,1,France,Male,0,0,0,0,0,0,0,0.09537252383350447,0,0,0
15690456,32,749,79523.13,157648.12,7,1,Germany,Female,1,0,0,0,0,0,0,0.09537587637503342,0,0,2
15766066,28,668,124511.01,114258.18,1,1,Germany,Female,0,0,0,0,0,0,0,0.095393754413792,0,0,1
15694409,22,647,97975.82,62083.0,3,2,Germany,Female,1,0,0,0,0,0,0,0.09540202071330423,0,0,1
15698619,43,593,0.0,76357.43,9,2,France,Male,1,1,0,0,0,0,0,0.09540981672667648,0,0,2
15654060,41,517,0.0,75937.47,2,2,France,Male,1,0,0,0,0,0,0,0.09541184853656959,0,0,0
15660211,35,629,156847.29,31824.29,7,2,Germany,Male,0,1,0,0,0,0,0,0.095416437501607,0,0,2
15622182,28,628,153538.13,110776.01,3,2,Germany,Female,0,1,0,0,0,0,0,0.09542016326457614,0,0,1
15614962,50,623,87116.71,104382.11,2,1,Spain,Female,1,1,0,0,0,0,0,0.09542379767967168,0,0,0
15654346,35,679,130463.55,37341.17,1,2,Germany,Male,1,1,0,0,0,0,0,0.09542423809335365,0,0,0
15700046,41,635,103544.88,193746.55,4,2,France,Male,0,1,0,0,0,0,0,0.09543179272324437,0,0,0
15701932,52,586,140900.97,67288.89,6,1,France,Female,1,1,0,0,0,0,0,0.09543774932338428,0,0,3
15697879,30,701,156660.72,45742.42,3,2,France,Male,0,1,0,0,0,0,0,0.09544016171646952,0,0,1
15615004,37,730,0.0,124364.63,1,2,France,Female,1,1,0,0,0,0,0,0.09544426757899893,0,0,0
15590683,31,660,172325.67,45438.38,6,1,France,Female,1,0,0,0,0,0,0,0.09545542158563408,0,0,2
15815043,49,645,0.0,162012.6,8,2,Spain,Male,0,1,0,0,0,0,0,0.09545967482214945,0,0,2
15659100,33,605,128152.82,147822.81,9,1,France,Male,0,0,0,0,0,0,0,0.09546457289926258,0,0,2
15634180,26,729,97268.1,39356.38,4,2,Germany,Male,0,1,0,0,0,0,0,0.0954933799564292,0,0,1
15750099,36,731,0.0,152128.36,6,1,France,Female,0,0,0,0,0,0,0,0.09551319933282149,0,0,2
15716082,39,703,152685.4,183656.12,6,1,Spain,Male,0,0,0,0,0,0,0,0.09552093308480308,0,0,2
15813422,35,781,80790.74,116429.51,4,1,Spain,Male,0,1,0,0,0,0,0,0.0955217671495559,0,0,0
15604832,29,633,0.0,130224.73,7,1,France,Male,1,1,0,0,0,0,0,0.09552821531852601,0,0,1
15600027,33,579,0.0,54816.57,1,2,Spain,Male,1,1,0,0,0,0,0,0.09554213832271352,0,0,0
15716347,37,663,143625.83,176487.05,7,2,Germany,Male,1,0,0,0,0,0,0,0.09555103991724928,0,0,2
15737571,28,540,84121.04,80698.54,6,1,Spain,Female,1,0,0,0,0,0,0,0.09555381040024835,0,0,1
15809585,38,646,0.0,1528.4,7,2,France,Male,0,1,0,0,0,0,0,0.09555750685963471,0,0,2
15800049,43,728,0.0,120088.17,5,1,Spain,Female,1,1,0,0,0,0,0,0.09556998326686922,0,0,2
15660535,47,680,0.0,179843.33,5,2,France,Female,1,1,0,0,0,0,0,0.09557696970176299,0,0,2
15745624,37,828,0.0,94845.45,4,2,France,Male,0,1,0,0,0,0,0,0.09558372808619636,0,0,0
15569503,44,765,0.0,159899.97,6,2,France,Male,1,1,0,0,0,0,0,0.09559034135474748,0,0,2
15665760,38,802,0.0,57764.65,7,2,Spain,Male,1,0,0,0,0,0,0,0.09560256815725504,0,0,2
15747208,50,608,0.0,93568.77,6,1,France,Male,0,1,1,0,0,0,0,0.0956131954730815,0,0,2
15774551,36,772,112029.83,186948.35,3,1,Spain,Male,1,1,0,0,0,0,0,0.09561769103646856,0,0,0
15726234,41,708,0.0,157003.99,5,1,Spain,Female,1,0,0,0,0,0,0,0.09562045165969357,0,0,2
15796167,35,782,98556.89,117644.36,7,2,Germany,Male,0,1,0,0,0,0,0,0.09562574523610529,0,0,2
15714920,44,585,163867.86,112333.22,7,1,Germany,Male,1,1,0,0,0,0,0,0.09562918101539064,0,0,2
15640258,50,685,94238.75,50664.07,6,2,France,Female,1,1,1,0,0,0,0,0.09563077961493693,0,0,2
15766741,36,525,114628.4,168290.06,2,1,France,Male,1,0,0,0,0,0,0,0.09563756237076387,0,0,0
15611544,36,701,95448.32,189085.07,7,2,Germany,Male,0,1,0,0,0,0,0,0.09566336513089979,0,0,2
15646302,24,705,100169.51,121408.55,7,1,France,Female,0,1,0,0,0,0,0,0.09566387126759801,0,0,1
15665222,52,625,121161.57,48988.28,8,1,Spain,Male,0,1,0,0,0,0,0,0.09566512184598869,0,0,3
15710315,29,529,135759.4,112813.79,4,1,Germany,Male,0,0,1,0,0,0,0,0.09567167871682958,0,0,1
15621440,38,694,0.0,156858.2,1,2,France,Male,1,0,0,0,0,0,0,0.09567236198362988,0,0,0
15586425,28,579,0.0,176925.69,4,2,France,Male,1,1,0,0,0,0,0,0.0956734089644366,0,0,1
15609669,39,542,109949.39,41268.65,4,2,France,Female,1,1,0,0,0,0,0,0.09568763845293848,0,0,0
15622985,39,679,0.0,172939.3,4,1,France,Female,0,0,1,0,0,0,0,0.09569526748345586,0,0,0
15603065,30,751,0.0,15766.1,6,2,France,Female,0,1,0,0,0,0,0,0.09569622847851966,0,0,1
15770101,43,766,112088.04,36706.56,6,2,Germany,Male,1,1,0,0,0,0,0,0.09572589665734643,0,0,2
15658435,27,781,0.0,72969.9,5,2,France,Female,0,0,0,0,0,0,0,0.09572937638190504,0,0,1
15694300,26,759,0.0,135394.62,4,2,France,Male,0,1,0,0,0,0,0,0.09573685711631602,0,0,1
15760865,48,754,141819.02,93550.53,7,1,Germany,Female,0,1,1,0,0,0,0,0.09573842145260619,0,0,2
15592877,42,641,132657.55,35367.19,9,1,Spain,Male,0,1,0,0,0,0,0,0.09574031335145211,0,0,2
15711921,29,695,0.0,6770.44,5,2,France,Male,1,1,0,0,0,0,0,0.09575145851248168,0,0,1
15813916,31,622,89688.94,152305.47,1,1,France,Female,1,1,0,0,0,0,0,0.09575433595339561,0,0,0
15769959,53,597,88381.21,69384.71,4,1,France,Female,0,1,1,0,0,0,0,0.09576430291998606,0,0,3
15618581,25,668,0.0,135112.09,8,2,Spain,Male,1,1,0,0,0,0,0,0.09576913273617388,0,0,1
15769781,25,699,0.0,52404.47,8,2,Spain,Female,1,1,0,0,0,0,0,0.09577861204023996,0,0,1
15736816,36,756,136815.64,170041.95,2,1,Germany,Male,1,1,0,0,0,0,0,0.0957846087373403,0,0,0
15637414,24,618,128736.39,37147.61,7,1,France,Female,1,0,0,0,0,0,0,0.09578928532200987,0,0,1
15723250,42,519,0.0,101485.72,8,2,France,Male,1,1,0,0,0,0,0,0.09580089015740395,0,0,2
15587013,31,653,102575.04,11043.54,7,1,France,Female,1,1,0,0,0,0,0,0.09582037707747937,0,0,2
15657881,38,784,136712.91,169920.92,5,1,France,Male,1,0,0,0,0,0,0,0.09583407836645735,0,0,2
15692207,53,609,0.0,124218.27,6,2,France,Female,1,1,0,0,0,0,0,0.09584301514910598,0,0,3
15726032,33,608,89968.69,68777.26,9,1,France,Male,0,1,0,0,0,0,0,0.09584969651655317,0,0,2
15617934,36,579,129829.59,60906.12,9,1,France,Male,1,1,0,0,0,0,0,0.09586138765833252,0,0,2
15774536,32,607,0.0,196062.01,6,2,France,Female,0,0,0,0,0,0,0,0.09587950257876976,0,0,2
15612769,28,692,61581.97,70179.91,5,1,France,Male,1,1,0,0,0,0,0,0.09588082301048878,0,0,1
15741554,31,746,113836.27,174815.54,2,1,Spain,Male,1,1,0,0,0,0,0,0.09589202376348305,0,0,0
15641994,43,667,103018.45,32462.39,1,1,Germany,Male,0,1,1,0,0,0,0,0.09590134806355033,0,0,0
15790235,40,778,104291.41,117507.11,8,2,Spain,Male,1,1,0,0,0,0,0,0.09590254265671233,0,0,2
15726676,30,616,0.0,196108.51,5,2,Spain,Male,1,0,0,0,0,0,0,0.09590640073944628,0,0,1
15731669,39,554,129709.62,173197.12,2,1,France,Male,0,1,0,0,0,0,0,0.0959309752247442,0,0,0
15789815,28,503,0.0,125918.17,5,2,France,Female,0,1,0,0,0,0,0,0.09593612839852178,0,0,1
15766686,39,659,104502.11,20652.69,1,1,Germany,Female,0,1,0,0,0,0,0,0.09593772187061445,0,0,0
15616700,41,622,0.0,155786.39,9,2,Spain,Female,1,1,0,0,0,0,0,0.09596439302220305,0,0,2
15600626,30,710,0.0,8991.17,6,2,France,Male,1,1,0,0,0,0,0,0.09596869918339385,0,0,1
15667438,38,675,104016.88,22068.83,1,1,France,Female,0,0,1,0,0,0,0,0.09597479497668954,0,0,0
15759284,37,750,0.0,117948.0,6,1,France,Female,1,1,1,0,0,0,0,0.09597733472984943,0,0,2
15620751,34,760,0.0,164162.44,2,2,France,Male,0,1,0,0,0,0,0,0.09600808783371012,0,0,0
15596797,43,643,0.0,145764.4,1,2,Spain,Male,1,1,0,0,0,0,0,0.09603515366052745,0,0,0
15744127,37,641,0.0,3939.87,2,2,France,Female,0,1,0,0,0,0,0,0.0960556318870569,0,0,0
15624013,39,541,109844.81,25289.23,6,1,France,Female,0,1,0,0,0,0,0,0.09606312986360305,0,0,2
15814772,49,645,160133.88,88391.97,4,1,Germany,Male,1,0,0,0,0,0,0,0.09607254856712039,0,0,0
15715745,26,690,157624.84,49599.27,5,1,France,Female,1,1,0,0,0,0,0,0.09607941581941554,0,0,1
15566531,33,724,88046.88,186942.49,4,1,Germany,Male,1,0,1,0,0,0,0,0.09608646206766297,0,0,0
15633574,41,730,167545.32,128246.81,4,1,France,Female,0,1,0,0,0,0,0,0.09609029282505638,0,0,0
15682355,42,772,75075.31,92888.52,3,2,Germany,Male,0,1,1,0,0,0,0,0.096092822353469,0,0,0
15645371,51,613,147262.11,53630.9,7,1,Germany,Female,1,1,1,0,0,0,0,0.09609791558525704,0,0,3
15779064,27,677,0.0,20092.89,2,2,France,Male,1,1,0,0,0,0,0,0.09609989392200935,0,0,1
15643696,49,611,0.0,142917.54,3,2,France,Male,1,1,0,0,0,0,0,0.09610288146274093,0,0,0
15679693,31,625,0.0,90.07,5,2,France,Male,1,0,0,0,0,0,0,0.09612181475901238,0,0,0
15809265,35,547,0.0,133287.73,4,1,France,Female,1,1,0,0,0,0,0,0.09612691600603801,0,0,0
15685290,46,595,142360.62,48421.4,5,2,Germany,Male,0,1,1,0,0,0,0,0.09612770190001718,0,0,0
15762745,32,648,0.0,133653.38,8,1,Spain,Male,0,1,0,0,0,0,0,0.09615349444000848,0,0,2
15693704,24,679,114948.76,135768.25,6,2,France,Female,1,0,0,0,0,0,0,0.09615425135327821,0,0,1
15567013,33,779,0.0,30804.68,3,2,Spain,Male,0,1,0,0,0,0,0,0.09616105000429459,0,0,0
15734626,36,652,0.0,19302.78,1,2,Spain,Female,1,1,0,0,0,0,0,0.09616519484165659,0,0,0
15619537,31,550,142200.19,122221.71,5,2,France,Male,1,1,0,0,0,0,0,0.09617267799656082,0,0,0
15590199,28,701,103421.32,76304.73,1,1,Spain,Male,1,0,0,0,0,0,0,0.09617305126679293,0,0,1
15574523,39,576,0.0,68814.23,1,2,France,Male,1,1,0,0,0,0,0,0.0961835825933482,0,0,0
15729117,31,607,102523.88,166792.71,1,1,France,Female,1,1,0,0,0,0,0,0.09620095377575055,0,0,0
15674840,38,645,101430.3,4400.32,5,2,France,Female,1,0,0,0,0,0,0,0.0962099653878914,0,0,0
15750441,36,782,81210.72,108003.38,5,2,France,Male,1,0,0,0,0,0,0,0.09622183088750041,0,0,2
15743153,40,740,122295.17,30812.84,2,2,Germany,Female,1,1,0,0,0,0,0,0.09622284670672143,0,0,0
15789425,37,694,98218.04,182354.46,8,2,Germany,Female,0,1,1,0,0,0,0,0.0962324056207009,0,0,2
15656840,29,547,104450.86,37160.28,6,1,France,Female,1,1,0,0,0,0,0,0.09624193543108628,0,0,1
15616029,32,705,0.0,7921.57,7,2,France,Male,0,1,0,0,0,0,0,0.09625712026622035,0,0,2
15636551,29,711,130181.47,31811.44,3,2,France,Female,0,1,0,0,0,0,0,0.09625818314970985,0,0,1
15677123,37,767,0.0,24734.25,7,2,Spain,Male,1,1,0,0,0,0,0,0.0962682119346337,0,0,2
15570533,55,621,131033.76,75685.59,7,1,Germany,Female,1,0,1,0,0,0,0,0.09627492340916921,0,0,3
15589924,40,577,0.0,108787.0,1,2,Spain,Female,1,1,0,0,0,0,0,0.09627725298314849,0,0,0
15778190,28,639,97840.72,178222.77,8,1,Spain,Female,1,1,0,0,0,0,0,0.09628512367720327,0,0,1
15647311,41,608,83807.86,112542.58,1,1,Spain,Female,1,0,0,0,0,0,0,0.09631253669304046,0,0,0
15643359,32,736,0.0,79082.62,7,1,Spain,Male,1,0,0,0,0,0,0,0.0963292378714024,0,0,2
15709295,25,697,82931.85,128373.88,5,2,Spain,Female,1,1,0,0,0,0,0,0.09633022308399108,0,0,1
15613282,29,757,130306.49,77469.38,8,1,France,Male,0,1,0,0,0,0,0,0.0963463569091707,0,0,1
15748116,29,681,148143.84,52021.39,2,1,France,Female,1,1,0,0,0,0,0,0.0963666577415056,0,0,1
15726403,41,660,129901.21,26025.6,1,1,Germany,Male,0,1,1,0,0,0,0,0.0963675902398553,0,0,0
15775307,38,490,97266.1,92797.23,3,1,Spain,Female,1,1,0,0,0,0,0,0.09638637146825207,0,0,0
15625916,32,562,161628.66,91482.5,6,1,Spain,Male,0,1,0,0,0,0,0,0.09638724843942392,0,0,2
15784736,45,562,136855.24,46864.0,6,1,France,Male,0,1,0,0,0,0,0,0.09638843845880823,0,0,2
15659002,45,766,0.0,147184.74,6,2,France,Female,0,0,0,0,0,0,0,0.09640553900628823,0,0,2
15740602,27,674,111568.01,22026.18,4,1,Germany,Female,1,0,0,0,0,0,0,0.09641710902886674,0,0,1
15670172,30,622,107879.04,196894.62,4,1,France,Female,1,0,0,0,0,0,0,0.09642052948863866,0,0,1
15688563,31,694,141989.27,26116.82,4,2,Germany,Male,0,1,0,0,0,0,0,0.09644520210918023,0,0,0
15786167,20,649,0.0,58309.54,5,2,Spain,Male,1,1,0,0,0,0,0,0.09644522196983935,0,0,1
15594827,34,675,124619.33,163667.56,1,2,France,Male,1,0,0,0,0,0,0,0.09644556441488894,0,0,0
15660505,46,735,106344.95,114371.33,2,1,Germany,Male,0,1,1,0,0,0,0,0.09646030560106128,0,0,0
15574324,29,568,129177.01,104617.99,2,2,Germany,Female,1,0,0,0,0,0,0,0.09647818495129956,0,0,1
15640161,44,618,157955.83,139297.71,5,2,Germany,Male,0,0,0,0,0,0,0,0.09647980309497628,0,0,0
15652218,33,750,152302.72,71333.44,2,1,France,Male,0,1,0,0,0,0,0,0.09648153004502952,0,0,0
15618410,26,718,147527.03,51099.56,7,1,Germany,Male,0,0,0,0,0,0,0,0.09648203554724549,0,0,1
15626491,45,655,57327.04,47349.0,7,1,France,Female,1,0,0,0,0,0,0,0.09648234366313702,0,0,2
15590623,34,561,85141.79,29217.37,4,2,Spain,Male,1,1,0,0,0,0,0,0.09648511155111722,0,0,0
15674833,35,741,0.0,36557.55,1,2,France,Female,0,1,0,0,0,0,0,0.09649801978269751,0,0,0
15705113,34,685,83264.28,9663.28,6,1,Spain,Male,0,0,0,0,0,0,0,0.09649935759328376,0,0,2
15767821,31,528,102016.72,80181.12,6,2,France,Male,0,0,0,0,0,0,0,0.09650291298503538,0,0,2
15623219,33,596,0.0,121189.3,8,1,France,Male,0,1,1,0,0,0,0,0.09650563963964232,0,0,2
15750549,30,660,84440.1,60485.98,1,2,Germany,Male,1,1,0,0,0,0,0,0.09650880523927435,0,0,1
15627042,26,555,0.0,93122.41,7,2,France,Female,0,1,0,0,0,0,0,0.09651463682486278,0,0,1
15779423,39,716,70657.61,76476.05,1,2,France,Male,1,1,0,0,0,0,0,0.09651739830630524,0,0,0
15734999,36,634,85996.19,15887.68,2,1,Spain,Male,0,1,0,0,0,0,0,0.09651961984405438,0,0,0
15709478,37,611,117524.72,161064.29,1,2,Germany,Male,1,0,0,0,0,0,0,0.09653574507769697,0,0,0
15676645,45,523,0.0,121428.2,5,2,France,Male,1,1,0,0,0,0,0,0.09654751387367744,0,0,0
15583212,43,600,134022.06,194764.83,5,1,France,Female,0,1,0,0,0,0,0,0.09655591232677718,0,0,0
15720305,40,591,86376.29,136767.16,1,1,Spain,Female,1,0,1,0,0,0,0,0.09656899811977981,0,0,0
15601184,26,604,0.0,155248.62,3,2,Spain,Female,0,1,0,0,0,0,0,0.09657379330558713,0,0,1
15586504,40,694,0.0,40463.03,9,2,France,Male,0,1,0,0,0,0,0,0.09657951723728414,0,0,2
15611682,37,590,169902.92,128256.18,6,1,Spain,Male,1,1,0,0,0,0,0,0.09657979639979253,0,0,2
15743149,35,711,0.0,67508.01,8,1,France,Female,1,1,0,0,0,0,0,0.0965869484223641,0,0,2
15733797,36,506,0.0,164253.35,5,2,France,Male,0,1,0,0,0,0,0,0.09660067836952763,0,0,0
15658935,34,630,106937.05,138275.01,9,2,Germany,Female,0,1,0,0,0,0,0,0.09660526267775843,0,0,2
15720155,29,630,131354.39,9324.31,6,1,Germany,Male,1,0,1,0,0,0,0,0.09660898188141348,0,0,1
15782641,29,710,119670.18,188022.44,3,1,Spain,Female,0,1,0,0,0,0,0,0.09661476086342874,0,0,1
15715715,38,799,0.0,59297.34,2,2,Spain,Male,1,1,0,0,0,0,0,0.09661488056733392,0,0,0
15775627,35,509,0.0,67431.28,8,2,France,Male,1,0,0,0,0,0,0,0.09662549059768966,0,0,2
15723851,40,699,0.0,78387.32,2,1,Spain,Male,0,1,0,0,0,0,0,0.09665317594360395,0,0,0
15619340,38,597,0.0,41303.29,1,2,Spain,Male,0,1,0,0,0,0,0,0.0966702608167318,0,0,0
15746199,41,558,0.0,143585.29,6,1,France,Female,1,1,1,0,0,0,0,0.09667315770108836,0,0,2
15716218,45,709,104118.5,174032.0,3,1,France,Female,1,0,0,0,0,0,0,0.09668003285452104,0,0,0
15809057,27,600,0.0,172031.22,6,2,Spain,Female,1,1,0,0,0,0,0,0.09668251132383454,0,0,1
15617134,38,716,0.0,189678.7,4,2,France,Male,0,1,0,0,0,0,0,0.09669557503370585,0,0,0
15704629,32,582,116409.55,152790.92,1,1,France,Female,1,0,0,0,0,0,0,0.09669681178225314,0,0,0
15702377,48,627,132759.8,78899.22,1,1,Spain,Male,0,1,0,0,0,0,0,0.09671211329683849,0,0,0
15598802,30,770,0.0,50839.85,8,2,Spain,Male,1,0,0,0,0,0,0,0.0967223296841308,0,0,1
15660679,38,653,149571.94,118383.18,9,1,Spain,Female,0,1,0,0,0,0,0,0.09672582059618512,0,0,2
15813132,30,696,114027.7,193716.56,4,1,Germany,Male,1,1,0,0,0,0,0,0.09672609200035553,0,0,1
15631882,45,688,103399.87,129870.93,9,1,Germany,Male,0,0,0,0,0,0,0,0.09672759540606446,0,0,2
15685346,26,736,135889.13,165692.03,4,1,Spain,Female,1,1,0,0,0,0,0,0.09672823567618899,0,0,1
15705639,28,692,95059.02,44420.18,8,2,France,Female,0,1,0,0,0,0,0,0.09674834192978726,0,0,1
15717398,39,549,0.0,81259.25,7,1,Spain,Female,0,0,1,0,0,0,0,0.09675356813068176,0,0,2
15687626,39,527,0.0,167183.07,4,2,France,Male,0,1,1,0,0,0,0,0.09676255559977376,0,0,0
15671124,25,599,120383.41,24903.09,6,1,France,Male,1,1,0,0,0,0,0,0.09676441300657723,0,0,1
15815364,28,736,0.0,117431.1,2,2,Spain,Female,1,1,0,0,0,0,0,0.09678093320956388,0,0,1
15662578,35,679,110245.13,178291.09,1,1,Germany,Male,1,1,0,0,0,0,0,0.0967887839067495,0,0,0
15706637,40,718,0.0,121537.91,9,2,Spain,Male,0,0,0,0,0,0,0,0.09679774971797728,0,0,2
15682773,38,781,128345.69,63218.85,3,2,France,Female,0,1,0,0,0,0,0,0.09680137134941608,0,0,0
15706163,46,518,113625.93,92727.42,4,1,Germany,Male,0,0,1,0,0,0,0,0.09680720067550469,0,0,0
15775490,38,660,110570.78,195906.59,5,2,France,Female,0,1,0,0,0,0,0,0.09681363651689723,0,0,2
15635776,43,686,154846.24,151903.6,5,2,Germany,Female,1,1,0,0,0,0,0,0.09681573403815918,0,0,2
15609977,47,587,71026.77,57962.41,6,1,France,Male,0,1,0,0,0,0,0,0.09681991618566188,0,0,2
15714832,36,652,150956.71,72350.17,9,1,Germany,Male,0,0,0,0,0,0,0,0.09684258774670329,0,0,2
15679983,34,565,0.0,74593.84,7,1,France,Male,0,0,0,0,0,0,0,0.09684739569136819,0,0,2
15736302,48,687,0.0,170893.85,4,2,France,Male,1,1,0,0,0,0,0,0.09685244382006436,0,0,0
15609510,45,669,149364.58,173454.07,7,1,France,Male,1,0,0,0,0,0,0,0.09686265715500719,0,0,2
15641860,34,764,108760.27,166324.79,6,2,Germany,Male,0,1,1,0,0,0,0,0.09686854824427132,0,0,2
15639278,36,580,145387.32,169963.2,6,2,Germany,Female,1,1,1,0,0,0,0,0.09687673953268833,0,0,2
15743570,34,481,0.0,125253.46,5,2,France,Female,1,1,0,0,0,0,0,0.09687733221028738,0,0,0
15709741,28,668,107141.27,193018.71,4,1,France,Male,0,1,0,0,0,0,0,0.0968851826038048,0,0,1
15706170,34,636,84055.43,37490.84,1,1,France,Male,0,0,0,0,0,0,0,0.09689485518160917,0,0,0
15722004,31,543,138317.94,61843.73,4,1,France,Female,0,0,0,0,0,0,0,0.09691292258211004,0,0,0
15716822,30,646,98014.74,12757.14,5,1,France,Male,1,1,0,0,0,0,0,0.09691900039594903,0,0,1
15777315,43,529,93616.35,98348.66,6,2,France,Male,0,0,0,0,0,0,0,0.0969208534043643,0,0,2
15689661,22,663,0.0,131827.15,6,2,France,Male,1,0,0,0,0,0,0,0.0969489189240707,0,0,1
15750243,40,830,0.0,81622.52,4,2,Spain,Male,1,0,0,0,0,0,0,0.09696549553584044,0,0,0
15698324,33,725,0.0,67879.8,4,1,France,Female,1,1,0,0,0,0,0,0.09698072532576002,0,0,0
15742480,36,775,109949.05,71682.54,2,2,Germany,Male,1,0,0,0,0,0,0,0.09699878571643578,0,0,0
15643671,49,696,97036.22,152450.84,5,2,Germany,Male,0,1,1,0,0,0,0,0.09701077032174238,0,0,2
15610972,44,681,91115.76,24208.84,4,2,Germany,Female,0,0,1,0,0,0,0,0.0970138200759294,0,0,0
15705034,40,691,0.0,145613.17,1,2,Spain,Male,1,1,0,0,0,0,0,0.09702432763143237,0,0,0
15664204,29,706,0.0,18255.51,2,2,Spain,Male,1,1,0,0,0,0,0,0.09703330344523914,0,0,1
15740237,36,671,116695.27,193201.86,2,1,Germany,Male,0,0,0,0,0,0,0,0.09703611051244848,0,0,0
15633141,35,696,174902.26,69079.85,4,1,Germany,Female,0,1,0,0,0,0,0,0.09703665795951333,0,0,0
15699257,42,651,143145.87,43612.06,2,2,Spain,Male,0,1,0,0,0,0,0,0.09705139835376642,0,0,0
15633546,33,652,124832.51,195877.06,3,1,Spain,Female,0,1,0,0,0,0,0,0.09705866634487725,0,0,0
15715941,54,692,0.0,88721.84,5,2,France,Male,1,1,0,0,0,0,0,0.097060061788664,0,0,3
15621435,39,623,160903.2,78774.36,1,1,France,Female,0,0,0,0,0,0,0,0.09706755541598705,0,0,0
15797736,29,658,80262.6,20612.82,4,1,France,Male,1,1,0,0,0,0,0,0.09707889538402437,0,0,1
15691625,41,537,138306.34,106761.47,3,1,Germany,Female,0,1,0,0,0,0,0,0.09708046307771129,0,0,0
15790763,49,599,0.0,111190.53,2,2,Spain,Female,0,1,0,0,0,0,0,0.09709399381621947,0,0,0
15610753,28,581,104367.5,29937.75,3,1,France,Male,1,1,0,0,0,0,0,0.09709971870367723,0,0,1
15747168,47,626,103108.8,166475.44,2,1,Germany,Female,1,0,1,0,0,0,0,0.09710974184021065,0,0,0
15760749,41,509,126683.8,114775.53,7,1,Spain,Male,1,0,0,0,0,0,0,0.09712295698472273,0,0,2
15633950,41,737,101960.74,123547.28,1,1,France,Male,1,1,0,0,0,0,0,0.09715787477434129,0,0,0
15763612,41,756,124439.49,47093.11,2,2,Germany,Male,1,0,0,0,0,0,0,0.09717362233012167,0,0,0
15634602,42,619,0.0,101348.88,2,1,France,Female,1,1,1,0,0,0,0,0.0971971893334902,0,0,0
15778157,27,598,90721.52,109296.18,8,2,Spain,Male,0,1,0,0,0,0,0,0.0972041864436452,0,0,1
15759717,39,763,0.0,19458.75,7,2,Spain,Female,0,1,0,0,0,0,0,0.09722122304550879,0,0,2
15718245,34,730,0.0,126592.01,1,2,France,Male,1,1,0,0,0,0,0,0.0972280732446526,0,0,0
15736250,38,781,117810.79,65632.33,2,1,France,Male,1,0,1,0,0,0,0,0.09723209554554035,0,0,0
15694666,48,707,88441.64,119903.2,8,1,Spain,Male,1,1,1,0,0,0,0,0.09723706377762509,0,0,2
15771742,38,580,115442.19,128481.5,9,2,Germany,Male,0,1,1,0,0,0,0,0.09723809565398678,0,0,2
15590676,34,735,141796.43,45858.49,1,1,France,Male,0,1,0,0,0,0,0,0.09724898350542416,0,0,0
15763806,41,773,0.0,24924.92,4,2,France,Male,1,1,0,0,0,0,0,0.09725099165298068,0,0,0
15746451,41,686,102749.72,194913.86,7,1,Spain,Male,1,0,0,0,0,0,0,0.09725137211564944,0,0,2
15734044,31,671,41299.03,102681.32,7,1,France,Female,1,0,0,0,0,0,0,0.09726136581726885,0,0,2
15643215,38,602,71667.97,137111.89,2,2,Germany,Male,0,0,0,0,0,0,0,0.09729240697958169,0,0,0
15739271,33,582,122394.0,22113.93,2,1,Germany,Male,1,1,0,0,0,0,0,0.09730060185706818,0,0,0
15680370,39,492,0.0,71323.23,7,2,France,Male,1,0,0,0,0,0,0,0.0973127472494707,0,0,2
15572093,24,613,140453.91,129001.3,7,1,France,Female,0,1,0,0,0,0,0,0.09731341653810754,0,0,1
15589496,34,778,139064.06,67949.32,5,2,France,Male,0,0,0,0,0,0,0,0.09731584257825698,0,0,2
15581525,33,775,83501.66,128841.31,3,2,Germany,Male,0,1,0,0,0,0,0,0.0973249274994416,0,0,0
15721507,32,713,117094.02,149558.83,1,1,France,Female,0,0,1,0,0,0,0,0.09733406930323207,0,0,0
15771270,27,635,127471.56,152916.05,8,1,France,Female,1,1,1,0,0,0,0,0.09734817138043178,0,0,1
15713532,29,646,105957.44,15470.91,4,1,Germany,Female,0,1,0,0,0,0,0,0.0973842504529549,0,0,1
15583548,47,525,118560.0,82522.61,6,1,Spain,Female,0,1,1,0,0,0,0,0.09739750442538259,0,0,2
15566735,36,548,108913.84,140460.01,2,2,Germany,Female,1,1,0,0,0,0,0,0.0974007916053084,0,0,0
15594902,38,518,90957.81,162304.59,3,1,France,Male,1,0,0,0,0,0,0,0.09740774627770887,0,0,0
15804862,43,505,127146.68,137565.87,6,1,Germany,Male,0,0,0,0,0,0,0,0.09741385738865299,0,0,2
15589739,41,698,90605.29,14357.0,3,1,France,Male,1,1,0,0,0,0,0,0.09742090378124874,0,0,0
15643392,31,742,105239.1,19700.24,4,1,France,Male,1,1,0,0,0,0,0,0.09742197291675825,0,0,0
15641183,25,731,96950.21,97877.92,8,1,Spain,Male,0,1,0,0,0,0,0,0.09742390775059306,0,0,1
15648272,35,658,71829.34,68141.92,9,1,Spain,Male,1,1,0,0,0,0,0,0.09743522023533813,0,0,2
15787470,47,553,116528.15,145704.19,3,1,Spain,Male,0,0,1,0,0,0,0,0.09744008025540579,0,0,0
15743067,26,625,130483.95,122810.53,3,1,Germany,Male,0,1,0,0,0,0,0,0.09744311505384345,0,0,1
15697042,35,738,127290.61,16081.62,8,1,Spain,Male,0,1,0,0,0,0,0,0.09744459413102968,0,0,2
15665053,52,636,111284.53,32936.44,4,1,Spain,Male,1,0,1,0,0,0,0,0.09745540086717919,0,0,3
15774336,44,648,111369.79,91947.74,9,2,Germany,Male,1,1,0,0,0,0,0,0.09745553286408165,0,0,2
15664543,40,699,0.0,152876.13,7,1,France,Male,1,0,1,0,0,0,0,0.09746031687502327,0,0,2
15706799,44,719,0.0,84972.9,4,1,Spain,Male,0,0,1,0,0,0,0,0.0974608679584717,0,0,0
15765257,31,564,121461.87,20432.09,5,1,Spain,Male,1,1,1,0,0,0,0,0.09746188696124919,0,0,0
15658987,46,557,96173.17,116378.31,4,2,France,Female,1,1,0,0,0,0,0,0.09747470712752704,0,0,0
15791342,31,660,84560.04,137784.25,1,1,Spain,Male,1,1,0,0,0,0,0,0.09748450082291787,0,0,0
15576706,37,651,114453.58,175820.91,9,1,Germany,Male,1,0,0,0,0,0,0,0.0975060544739455,0,0,2
15786063,31,776,0.0,112349.51,2,2,France,Female,1,1,0,0,0,0,0,0.09750664643193868,0,0,0
15592197,30,522,0.0,145490.85,3,2,Spain,Male,0,1,0,0,0,0,0,0.09750870311079773,0,0,1
15760849,39,537,0.0,137651.6,2,2,France,Male,1,1,0,0,0,0,0,0.09751308360622729,0,0,0
15616367,39,581,121523.51,161655.55,1,1,Germany,Male,0,0,1,0,0,0,0,0.09752945715048644,0,0,0
15627665,46,614,0.0,74379.57,4,1,France,Male,0,1,1,0,0,0,0,0.09753156491094572,0,0,0
15578307,33,512,121685.31,83681.97,6,2,France,Female,1,1,0,0,0,0,0,0.09754176876544912,0,0,2
15758831,39,754,74896.33,34430.16,3,1,France,Male,0,0,0,0,0,0,0,0.09754659458237447,0,0,0
15566891,41,584,88594.93,178997.89,3,1,Germany,Female,0,1,0,0,0,0,0,0.09755325457287373,0,0,0
15566790,28,598,129991.76,46041.08,8,2,France,Male,1,0,0,0,0,0,0,0.09756040245391279,0,0,1
15648898,27,560,124995.98,114669.79,7,1,Spain,Female,1,1,0,0,0,0,0,0.09756945397270672,0,0,1
15628008,29,781,98759.89,112202.64,6,1,Spain,Female,0,0,0,0,0,0,0,0.09757988705115334,0,0,1
15753895,37,590,0.0,133535.99,1,2,Spain,Male,0,0,0,0,0,0,0,0.09758210016646712,0,0,0
15691323,40,672,89025.88,188892.19,4,2,Germany,Male,0,1,0,0,0,0,0,0.0976194376310397,0,0,0
15797665,27,730,0.0,144099.48,7,2,France,Female,0,1,0,0,0,0,0,0.09763328420281026,0,0,1
15621818,29,747,117726.33,175398.34,7,1,Germany,Male,1,1,0,0,0,0,0,0.09766210639536826,0,0,1
15622305,33,746,107868.14,146192.4,2,2,Germany,Female,1,1,0,0,0,0,0,0.09767549834105321,0,0,0
15713594,32,543,147256.86,112771.95,7,1,France,Female,0,1,0,0,0,0,0,0.09768523797603229,0,0,2
15618245,31,706,117020.08,54439.53,1,2,Germany,Male,0,1,0,0,0,0,0,0.09771191543295371,0,0,0
15649354,35,754,0.0,9658.41,4,2,Spain,Male,1,1,0,0,0,0,0,0.09771475759619713,0,0,0
15783883,38,753,117314.92,122021.33,1,1,Germany,Female,0,1,1,0,0,0,0,0.0977204420516335,0,0,0
15598338,33,647,168560.46,90270.16,3,2,Germany,Female,0,0,0,0,0,0,0,0.09772839126965849,0,0,0
15590810,41,638,144326.09,73979.85,9,1,Germany,Female,0,1,1,0,0,0,0,0.09772894714779012,0,0,2
15751771,32,528,99092.45,111149.98,2,1,Germany,Male,1,0,0,0,0,0,0,0.09772956645937947,0,0,0
15655339,36,566,142120.91,79616.37,1,1,France,Male,0,1,0,0,0,0,0,0.09773226101688542,0,0,0
15728082,28,601,0.0,14665.28,6,2,Spain,Male,0,1,0,0,0,0,0,0.0977356801684498,0,0,1
15664752,39,606,136000.45,31708.53,8,2,Germany,Male,0,1,0,0,0,0,0,0.09774149182220421,0,0,2
15734948,24,601,0.0,144660.42,7,2,Spain,Male,0,0,0,0,0,0,0,0.09774669377854583,0,0,1
15749123,45,743,157332.26,125424.42,7,1,Spain,Male,0,1,0,0,0,0,0,0.09775248523485791,0,0,2
15777046,39,580,128362.59,86044.98,9,1,France,Female,0,1,0,0,0,0,0,0.09776178027193622,0,0,2
15617705,39,609,141675.23,175664.25,8,1,France,Female,1,0,0,0,0,0,0,0.0977673477302517,0,0,2
15764226,28,630,106425.75,20344.84,8,1,Germany,Female,1,1,0,0,0,0,0,0.09777767731638654,0,0,1
15593715,27,634,107027.52,173425.68,3,1,Germany,Male,0,1,0,0,0,0,0,0.09777778256791841,0,0,1
15672053,38,526,0.0,58010.98,2,2,Spain,Male,0,0,0,0,0,0,0,0.09777947525728836,0,0,0
15802368,47,608,0.0,126012.57,6,1,France,Female,1,1,0,0,0,0,0,0.09778631873852967,0,0,2
15575510,32,659,155584.21,153662.88,2,1,France,Female,1,0,0,0,0,0,0,0.09782167550026188,0,0,0
15739476,32,680,0.0,150684.23,5,1,France,Female,1,1,0,0,0,0,0,0.09783803565501636,0,0,2
15588372,37,715,105489.31,143096.49,9,1,Germany,Female,0,0,1,0,0,0,0,0.09784784261988472,0,0,2
15570970,42,647,0.0,51362.82,9,2,France,Female,1,1,0,0,0,0,0,0.09785679432011635,0,0,2
15626898,30,743,77599.23,144407.1,7,1,France,Male,0,0,0,0,0,0,0,0.09787060639944162,0,0,1
15577905,34,660,106486.66,182262.66,8,2,France,Male,1,0,0,0,0,0,0,0.0978789751759016,0,0,2
15762543,32,711,0.0,126188.42,1,2,France,Female,0,1,0,0,0,0,0,0.0978903144674449,0,0,0
15660735,31,581,0.0,188377.21,6,2,Spain,Female,0,1,0,0,0,0,0,0.09789514530358773,0,0,2
15802758,23,594,104753.84,56756.52,4,2,Germany,Female,0,1,1,0,0,0,0,0.09789524932881916,0,0,1
15810995,34,526,122726.56,46772.36,3,1,Germany,Male,1,1,0,0,0,0,0,0.09790030123020887,0,0,0
15774104,39,539,0.0,48189.94,2,2,Spain,Male,1,1,0,0,0,0,0,0.09790665961467232,0,0,0
15621267,32,637,0.0,148769.08,5,1,France,Male,0,0,0,0,0,0,0,0.0979094990767872,0,0,0
15668385,40,642,154863.15,138052.51,1,1,France,Male,1,1,0,0,0,0,0,0.09792052918258748,0,0,0
15792453,42,602,138912.17,139494.75,1,1,Spain,Female,1,1,0,0,0,0,0,0.09792185545980836,0,0,0
15602812,44,684,133776.86,49865.04,2,2,Germany,Female,1,0,0,0,0,0,0,0.09792948441549848,0,0,0
15699450,48,723,0.0,150694.58,7,2,France,Male,1,1,0,0,0,0,0,0.097958858545589,0,0,2
15693088,37,628,0.0,34689.77,9,2,France,Female,1,1,0,0,0,0,0,0.09796067226883476,0,0,2
15775886,36,670,0.0,140754.19,3,1,France,Male,0,1,1,0,0,0,0,0.09796078763118465,0,0,0
15769504,34,743,131736.88,108543.21,1,1,Germany,Female,1,1,0,0,0,0,0,0.09796148983970643,0,0,0
15699335,33,615,137657.25,171657.57,3,2,Germany,Female,1,1,0,0,0,0,0,0.0979900650989261,0,0,0
15807900,36,575,0.0,55868.97,7,1,France,Male,1,1,1,0,0,0,0,0.09800645125679813,0,0,2
15690772,48,635,0.0,136551.25,2,2,Spain,Female,1,1,0,0,0,0,0,0.09800703409962352,0,0,0
15600258,43,701,0.0,165303.79,2,2,France,Male,1,1,0,0,0,0,0,0.09800731752775471,0,0,0
15619238,29,567,0.0,156125.72,8,2,Spain,Male,0,1,0,0,0,0,0,0.0980192545101296,0,0,1
15636407,34,793,127758.09,143357.03,5,1,Germany,Female,0,1,0,0,0,0,0,0.0980323844563642,0,0,2
15589754,45,652,151421.44,115333.43,2,1,Germany,Male,1,0,0,0,0,0,0,0.0980369924942327,0,0,0
15599410,41,721,0.0,168219.75,2,2,France,Male,0,1,0,0,0,0,0,0.09803953626369416,0,0,0
15750569,46,684,102955.14,154137.33,3,2,Germany,Female,0,1,0,0,0,0,0,0.09805279130468941,0,0,0
15770435,50,639,115335.32,53130.41,6,2,France,Female,1,1,0,0,0,0,0,0.0980666843519642,0,0,3
15735837,36,574,0.0,8559.66,3,2,Spain,Male,1,1,0,0,0,0,0,0.09806831800498284,0,0,0
15625964,43,582,153313.67,170563.73,5,1,France,Female,0,0,0,0,0,0,0,0.09807521572283723,0,0,0
15634359,41,639,98635.77,199970.74,5,1,Germany,Female,0,1,0,0,0,0,0,0.09812241034655306,0,0,0
15613787,35,505,116932.59,91092.84,8,1,Spain,Male,0,1,0,0,0,0,0,0.09812552132917635,0,0,2
15720687,41,576,112609.91,191035.18,4,1,France,Female,0,0,1,0,0,0,0,0.09815032534374696,0,0,0
15643378,42,744,112419.92,83022.92,1,1,France,Male,1,1,0,0,0,0,0,0.09815552608851058,0,0,0
15748414,33,526,114634.63,110114.38,8,2,Spain,Female,0,1,1,0,0,0,0,0.09815563543514866,0,0,2
15611171,33,740,129574.98,123300.38,1,1,France,Male,1,1,0,0,0,0,0,0.09816305806211412,0,0,0
15672145,34,534,121551.58,70179.0,7,2,France,Female,1,1,0,0,0,0,0,0.09816848099527187,0,0,2
15791114,37,700,135179.49,160670.37,1,1,France,Male,0,1,0,0,0,0,0,0.09817524266244815,0,0,0
15749679,39,699,109724.38,180022.39,2,1,France,Male,1,1,0,0,0,0,0,0.09817585576699678,0,0,0
15798666,36,814,0.0,98657.01,6,2,France,Female,1,1,0,0,0,0,0,0.09817824300985889,0,0,2
15784844,48,752,116060.08,156618.38,5,1,Spain,Male,0,1,1,0,0,0,0,0.09818318643998347,0,0,2
15665088,42,531,0.0,90537.47,2,2,France,Female,1,0,0,0,0,0,0,0.09818637001414243,0,0,0
15729362,36,745,67226.37,130789.6,8,1,France,Male,0,1,0,0,0,0,0,0.09823276418310872,0,0,2
15622443,31,549,0.0,25684.85,4,2,France,Male,1,0,0,0,0,0,0,0.09824060828575759,0,0,0
15580953,30,544,73218.89,126796.69,4,1,France,Male,1,0,0,0,0,0,0,0.09825700430597045,0,0,1
15682356,37,655,111852.84,10511.13,7,2,France,Female,0,1,0,0,0,0,0,0.09827198512649676,0,0,2
15637891,43,613,140681.68,20134.07,4,1,Germany,Female,1,0,0,0,0,0,0,0.09827223297480825,0,0,0
15609987,42,755,119919.12,156868.21,2,1,France,Male,0,1,0,0,0,0,0,0.09828028788440957,0,0,0
15696588,36,679,0.0,2243.41,3,2,France,Female,1,1,0,0,0,0,0,0.098281037652651,0,0,0
15689081,29,692,0.0,76755.99,4,1,France,Male,0,1,1,0,0,0,0,0.09828877572001621,0,0,1
15629545,41,790,109508.68,86776.38,7,1,Spain,Female,0,0,0,0,0,0,0,0.09828907868344122,0,0,2
15736254,29,654,91955.61,37065.66,2,1,France,Male,0,1,0,0,0,0,0,0.09829204579991524,0,0,1
15678317,46,603,0.0,59563.49,2,2,France,Male,1,1,0,0,0,0,0,0.09831870088361311,0,0,0
15624866,37,658,168735.74,70370.24,3,2,Germany,Male,0,0,0,0,0,0,0,0.0983214227834841,0,0,0
15643967,37,652,92208.54,197699.8,4,1,France,Female,1,0,1,0,0,0,0,0.09833141423970021,0,0,0
15800295,34,644,112746.54,141230.07,9,2,Germany,Male,0,0,0,0,0,0,0,0.0983439685801647,0,0,2
15760825,40,604,0.0,123207.17,1,2,France,Female,0,1,0,0,0,0,0,0.09835584499135225,0,0,0
15707968,36,545,73211.12,89587.34,8,2,Spain,Male,0,1,1,0,0,0,0,0.09836331006762339,0,0,2
15771323,39,480,121626.9,82438.13,5,1,Spain,Male,1,1,0,0,0,0,0,0.09836893470661656,0,0,0
15786199,33,535,133040.32,110299.78,2,1,France,Male,1,1,0,0,0,0,0,0.09837734065123649,0,0,0
15618950,26,644,96659.64,138775.69,8,2,Spain,Male,1,1,0,0,0,0,0,0.09838690771482339,0,0,1
15638988,54,684,0.0,94888.6,6,2,France,Male,1,1,0,0,0,0,0,0.09839762356743259,0,0,3
15611189,43,670,97792.21,120225.62,1,1,Spain,Male,0,0,0,0,0,0,0,0.0984015724903492,0,0,0
15601030,34,777,96693.66,172618.52,5,1,Germany,Female,1,1,0,0,0,0,0,0.09840756790433935,0,0,2
15718443,39,539,0.0,36692.17,3,2,France,Male,0,1,0,0,0,0,0,0.09842649716850849,0,0,0
15741745,28,757,120911.75,131249.46,7,2,France,Male,1,1,0,0,0,0,0,0.09844140483571351,0,0,1
15690678,33,530,129307.32,172930.28,4,1,France,Female,1,1,0,0,0,0,0,0.09844768078100041,0,0,0
15753969,45,724,83888.54,34121.81,5,1,Spain,Male,1,0,0,0,0,0,0,0.09844907432684324,0,0,2
15795186,38,562,0.0,115700.2,5,1,France,Male,0,1,0,0,0,0,0,0.09844917880872273,0,0,0
15619514,40,507,120105.43,92075.01,3,1,Germany,Male,0,1,1,0,0,0,0,0.09845987415138957,0,0,0
15777759,30,570,131406.56,47952.45,2,1,France,Male,1,1,0,0,0,0,0,0.09846812683362716,0,0,1
15675185,48,697,108128.96,103944.37,2,2,Germany,Female,1,1,0,0,0,0,0,0.09847104220579533,0,0,0
15687648,28,691,0.0,92865.41,1,2,France,Male,0,0,0,0,0,0,0,0.09849806362112773,0,0,1
15797227,28,754,0.0,52615.62,8,2,France,Male,1,1,0,0,0,0,0,0.09850908327355196,0,0,1
15671934,39,552,132906.88,149384.43,2,1,Germany,Male,1,0,0,0,0,0,0,0.09851817963756354,0,0,0
15583597,47,696,106758.6,80591.18,1,1,Spain,Male,1,1,0,0,0,0,0,0.09852271780264399,0,0,0
15752846,28,699,0.0,22684.78,7,2,France,Male,1,1,0,0,0,0,0,0.0985273032005462,0,0,1
15687959,44,573,0.0,94862.93,4,1,Spain,Female,1,1,0,0,0,0,0,0.09852876507285313,0,0,0
15727915,36,507,83543.37,140134.43,4,1,France,Male,0,0,0,0,0,0,0,0.09854707634861681,0,0,0
15577985,34,574,112324.45,17993.43,5,2,France,Female,1,1,0,0,0,0,0,0.09856216611019941,0,0,0
15679928,31,592,84102.11,116385.24,2,2,France,Female,1,0,0,0,0,0,0,0.09858161126232684,0,0,0
15789498,30,562,111099.79,140650.19,3,2,France,Male,0,0,0,0,0,0,0,0.09860027128655907,0,0,1
15623082,35,507,0.0,97633.93,2,2,France,Female,0,1,0,0,0,0,0,0.09861726536841814,0,0,0
15652914,38,721,0.0,53534.8,7,1,Spain,Male,1,0,0,0,0,0,0,0.09862358628135054,0,0,2
15671609,44,701,0.0,23425.78,7,2,France,Male,0,1,0,0,0,0,0,0.09862978420685675,0,0,2
15635942,40,576,0.0,112465.19,9,2,France,Male,0,1,1,0,0,0,0,0.09864724687911486,0,0,2
15729083,36,674,154525.7,27468.72,2,1,France,Male,1,0,0,0,0,0,0,0.09864964991075026,0,0,0
15695932,36,766,78381.13,153831.6,5,1,Spain,Male,1,0,0,0,0,0,0,0.09866822410676457,0,0,2
15694829,32,680,175454.0,77349.92,7,1,Germany,Male,1,0,0,0,0,0,0,0.09868380804250643,0,0,2
15793825,39,536,0.0,27150.35,4,2,France,Male,0,1,0,0,0,0,0,0.09870067865600124,0,0,0
15603156,33,571,0.0,102750.7,1,2,France,Female,0,1,0,0,0,0,0,0.09872197895289547,0,0,0
15607837,29,746,105599.67,43106.17,4,1,France,Female,1,1,0,0,0,0,0,0.09873244648958118,0,0,1
15586821,28,727,0.0,19653.08,5,2,France,Male,1,0,0,0,0,0,0,0.09874105597710892,0,0,1
15607142,32,658,0.0,80410.68,8,1,France,Male,1,1,0,0,0,0,0,0.09874303440156684,0,0,2
15771139,34,578,147487.23,66680.77,8,2,Germany,Male,0,1,0,0,0,0,0,0.09875855509795872,0,0,2
15672983,27,678,87099.85,149550.95,5,2,Spain,Female,0,1,0,0,0,0,0,0.09875858309756769,0,0,1
15696388,38,755,111096.91,19762.88,4,1,Germany,Male,1,1,0,0,0,0,0,0.09876697658560413,0,0,0
15742378,32,520,110029.77,56246.69,5,1,Germany,Male,0,1,0,0,0,0,0,0.09877736311017937,0,0,0
15574480,31,652,132862.59,158054.49,1,1,Spain,Male,0,0,0,0,0,0,0,0.0987776145019354,0,0,0
15654700,40,523,102967.41,128702.1,2,1,France,Female,0,1,1,0,0,0,0,0.09878534881439094,0,0,0
15756071,34,756,103133.26,90059.04,1,1,France,Male,1,1,0,0,0,0,0,0.09879227922569861,0,0,0
15682955,32,758,84378.9,75396.43,2,1,France,Female,1,1,0,0,0,0,0,0.09879953478953313,0,0,0
15695699,35,687,0.0,10334.05,8,2,France,Male,0,1,0,0,0,0,0,0.09881880023463457,0,0,2
15743545,29,647,0.0,179032.68,2,2,Spain,Female,0,1,0,0,0,0,0,0.09881906784655786,0,0,1
15738318,40,800,97764.41,98640.15,5,1,France,Female,0,1,1,0,0,0,0,0.09882155536991899,0,0,2
15768124,34,648,0.0,54726.43,3,1,France,Female,0,1,0,0,0,0,0,0.0988246214366974,0,0,0
15585041,33,511,0.0,158313.87,7,2,France,Male,1,0,0,0,0,0,0,0.09883818647690507,0,0,2
15762218,39,701,0.0,145894.9,9,2,France,Female,1,0,0,0,0,0,0,0.0988517152235659,0,0,2
15636673,31,667,119266.69,28257.63,1,1,France,Male,1,1,0,0,0,0,0,0.09885181361791184,0,0,0
15727198,28,689,64808.32,78591.15,2,2,Germany,Female,0,0,0,0,0,0,0,0.0988595193863292,0,0,1
15642937,46,550,0.0,130590.35,7,2,France,Female,0,1,0,0,0,0,0,0.09887694742613323,0,0,2
15593496,36,526,91132.18,58111.71,5,1,Spain,Female,0,0,0,0,0,0,0,0.09888656765529513,0,0,0
15784361,46,543,140355.6,85086.78,5,1,Spain,Female,1,1,0,0,0,0,0,0.0988912928448597,0,0,0
15681220,37,503,0.0,97893.32,8,2,France,Female,1,1,0,0,0,0,0,0.09890612152790451,0,0,2
15789874,29,712,87375.78,166194.53,3,2,France,Female,0,0,0,0,0,0,0,0.09891159352909512,0,0,1
15576044,28,579,150329.15,145558.42,6,1,Germany,Male,0,1,0,0,0,0,0,0.09892180475352008,0,0,1
15801473,33,599,51949.95,85045.92,2,2,Germany,Male,0,1,0,0,0,0,0,0.09892393367739516,0,0,0
15663830,32,563,0.0,19720.08,6,2,Spain,Male,1,1,0,0,0,0,0,0.09893990923806495,0,0,2
15768465,35,582,121309.17,28750.67,8,2,Germany,Male,1,1,0,0,0,0,0,0.09894422937194325,0,0,2
15712483,28,608,0.0,10899.63,4,2,Spain,Female,0,1,1,0,0,0,0,0.09895556581650522,0,0,1
15626795,40,672,0.0,113171.61,3,1,France,Female,0,1,1,0,0,0,0,0.09896809366300408,0,0,0
15567367,42,601,133636.16,103315.74,9,1,Germany,Female,1,0,0,0,0,0,0,0.09897325546089625,0,0,2
15797381,48,593,133903.12,85902.39,3,2,Germany,Female,1,1,1,0,0,0,0,0.09897335670437107,0,0,0
15809263,29,729,109676.52,25548.47,5,1,Germany,Male,1,1,0,0,0,0,0,0.0989742361562913,0,0,1
15659098,30,669,95128.86,19799.26,7,1,France,Male,0,0,0,0,0,0,0,0.09897633005610962,0,0,1
15608760,30,656,74323.2,22929.08,4,1,France,Female,1,1,0,0,0,0,0,0.09898580326309864,0,0,1
15572374,36,733,0.0,108377.82,1,2,Spain,Male,1,0,0,0,0,0,0,0.0989913879156708,0,0,0
15568982,24,726,0.0,54724.03,6,2,France,Female,1,1,0,0,0,0,0,0.09899723221727458,0,0,1
15799384,33,683,0.0,73564.44,8,1,France,Male,0,0,0,0,0,0,0,0.09900591040008089,0,0,2
15665590,46,541,0.0,83456.67,6,2,France,Male,1,1,0,0,0,0,0,0.09901359163535112,0,0,2
15583748,38,592,0.0,180426.2,8,2,Spain,Male,0,1,0,0,0,0,0,0.09902224825326278,0,0,2
15789097,48,644,0.0,44965.54,8,2,France,Male,1,0,1,0,0,0,0,0.09902706692857194,0,0,2
15566958,39,667,167557.12,41183.02,7,1,Spain,Male,1,1,0,0,0,0,0,0.09904096792568184,0,0,2
15628963,43,601,141859.12,111249.62,3,2,Germany,Male,1,1,0,0,0,0,0,0.09905489527818695,0,0,0
15764294,31,759,98899.91,47832.82,4,1,Germany,Male,1,1,0,0,0,0,0,0.09906066019095494,0,0,0
15620988,46,616,0.0,137136.46,2,2,France,Male,0,1,0,0,0,0,0,0.09908319429931728,0,0,0
15705707,29,635,138296.94,141075.51,8,2,Spain,Female,0,1,0,0,0,0,0,0.09908698906373853,0,0,1
15762123,34,717,0.0,119313.74,1,2,Spain,Female,0,1,0,0,0,0,0,0.09909487694563834,0,0,0
15710034,43,637,135645.29,101382.86,1,2,Germany,Male,1,0,1,0,0,0,0,0.09911596650030119,0,0,0
15694237,39,744,95161.75,19409.77,4,1,Spain,Male,0,1,0,0,0,0,0,0.09912240850953719,0,0,0
15598259,41,673,98612.1,151349.35,9,1,Germany,Female,0,1,0,0,0,0,0,0.0991442475951686,0,0,2
15587451,41,778,139706.31,63337.19,7,1,Germany,Male,0,1,0,0,0,0,0,0.09914551065325755,0,0,2
15734714,29,559,79715.36,82252.28,3,1,France,Female,0,1,0,0,0,0,0,0.09914665237051729,0,0,1
15621031,27,761,0.0,63297.7,8,2,Spain,Male,0,1,0,0,0,0,0,0.09916965387836957,0,0,1
15686909,27,639,150795.81,85208.93,3,1,Germany,Male,1,0,0,0,0,0,0,0.09920781171686588,0,0,1
15765311,34,642,0.0,72085.1,8,1,Spain,Male,0,1,0,0,0,0,0,0.09922335487066403,0,0,2
15715643,44,662,0.0,175314.87,8,2,France,Male,1,1,0,0,0,0,0,0.099228547028887,0,0,2
15741180,54,617,102141.9,45325.26,6,1,France,Male,1,1,0,0,0,0,0,0.09923362460225754,0,0,3
15740411,30,636,141787.31,109685.61,8,2,Germany,Male,1,1,0,0,0,0,0,0.09923616364788751,0,0,1
15664523,31,696,122021.92,33828.64,8,2,Germany,Female,0,1,0,0,0,0,0,0.09923654167318124,0,0,2
15776558,31,673,108345.22,38802.03,1,1,France,Male,1,0,0,0,0,0,0,0.09924167273762563,0,0,0
15635256,31,762,117687.35,159344.43,7,1,France,Male,1,1,0,0,0,0,0,0.0992422077327968,0,0,2
15741295,49,615,0.0,49872.33,3,2,France,Male,1,1,0,0,0,0,0,0.09924269789179335,0,0,0
15739223,24,688,0.0,102195.16,3,2,Spain,Female,1,1,0,0,0,0,0,0.09926809897569588,0,0,1
15809830,50,630,0.0,79377.45,8,2,France,Male,1,0,0,0,0,0,0,0.09927044847151034,0,0,2
15593736,46,598,131769.04,184980.23,7,1,Germany,Female,0,0,1,0,0,0,0,0.09928704687834694,0,0,2
15648005,33,672,0.0,182738.0,2,2,Spain,Male,1,1,0,0,0,0,0,0.09929550957919125,0,0,0
15566292,36,574,0.0,71709.12,1,2,Spain,Male,1,0,0,0,0,0,0,0.09931082528083002,0,0,0
15772632,34,680,0.0,167035.07,1,2,France,Female,0,1,0,0,0,0,0,0.0993130476054877,0,0,0
15596962,24,617,137295.19,91195.12,4,2,France,Female,1,1,0,0,0,0,0,0.09931496054784844,0,0,1
15744327,40,564,0.0,85455.62,4,1,France,Male,0,1,1,0,0,0,0,0.09933470008454703,0,0,0
15752816,29,531,114590.58,75585.48,3,1,France,Male,0,0,0,0,0,0,0,0.09936733053239583,0,0,1
15810878,38,537,141786.78,147797.54,6,1,Spain,Female,1,0,0,0,0,0,0,0.09937162285849871,0,0,2
15575679,24,590,126431.54,58781.11,7,1,France,Male,0,1,0,0,0,0,0,0.0993723246443004,0,0,1
15647474,40,613,95624.36,60706.33,9,2,France,Female,1,1,0,0,0,0,0,0.09938378753367927,0,0,2
15654506,32,514,0.0,95857.18,8,2,France,Male,0,1,0,0,0,0,0,0.09939480335079415,0,0,2
15731519,30,511,0.0,143994.86,5,2,France,Female,0,1,0,0,0,0,0,0.0994024173100615,0,0,1
15638068,32,507,0.0,67926.18,7,2,Spain,Male,0,1,0,0,0,0,0,0.09940296508210572,0,0,2
15717307,31,496,0.0,93713.13,5,2,France,Male,0,1,0,0,0,0,0,0.09941073184257598,0,0,0
15766765,39,664,60263.23,170835.32,7,1,Germany,Male,0,1,0,0,0,0,0,0.09941788864601264,0,0,2
15605425,44,545,127536.44,108398.63,2,1,Germany,Female,0,1,0,0,0,0,0,0.0994230976545405,0,0,0
15638513,40,723,142856.95,38019.74,7,2,France,Female,0,0,0,0,0,0,0,0.09943092140691323,0,0,2
15604295,36,543,0.0,176728.28,6,2,France,Male,0,1,0,0,0,0,0,0.09943520632874636,0,0,2
15791111,47,635,125724.95,63236.97,2,2,France,Female,0,1,0,0,0,0,0,0.09944544214342455,0,0,0
15587690,28,592,116498.22,144290.25,2,1,France,Male,0,1,0,0,0,0,0,0.09945022498372652,0,0,1
15754849,32,776,109421.13,126517.46,4,2,Germany,Female,1,1,0,0,0,0,0,0.09945271534972955,0,0,0
15576360,40,600,141136.79,67803.83,1,1,France,Male,1,1,0,0,0,0,0,0.09945667959102011,0,0,0
15715988,35,793,0.0,79704.12,2,2,France,Male,1,1,0,0,0,0,0,0.09945682052901689,0,0,0
15636658,36,596,0.0,12067.39,2,2,France,Male,1,1,0,0,0,0,0,0.09945724233713493,0,0,0
15687738,38,535,0.0,136620.64,8,2,France,Female,0,1,0,0,0,0,0,0.09947363747749421,0,0,2
15641655,26,700,0.0,50051.42,2,2,France,Female,0,0,0,0,0,0,0,0.09947433468728523,0,0,1
15725036,42,709,118546.71,77142.85,9,1,France,Male,1,0,0,0,0,0,0,0.09949687559577142,0,0,2
15769389,39,709,124723.92,73641.86,9,1,Germany,Female,0,1,0,0,0,0,0,0.09949819626311512,0,0,2
15652667,39,590,0.0,104730.52,9,2,France,Male,1,1,0,0,0,0,0,0.09951599716649834,0,0,2
15664860,47,692,0.0,150802.41,3,2,Spain,Female,0,1,1,0,0,0,0,0.09953167907576382,0,0,0
15628145,43,682,125851.93,193318.33,5,1,France,Female,1,1,0,0,0,0,0,0.09954285749860486,0,0,2
15776454,48,603,0.0,100478.6,5,1,France,Female,0,1,1,0,0,0,0,0.09957979868033101,0,0,0
15624188,33,712,0.0,190686.16,6,2,France,Female,1,1,0,0,0,0,0,0.09959265292422326,0,0,2
15628863,38,601,60013.81,38020.05,4,1,France,Male,1,1,0,0,0,0,0,0.099604360209468,0,0,0
15641170,36,640,0.0,173016.46,4,1,Spain,Male,0,0,0,0,0,0,0,0.09962329772208434,0,0,0
15660155,36,792,92140.15,67468.67,5,1,Spain,Male,1,0,0,0,0,0,0,0.0996243042950794,0,0,2
15711468,32,527,0.0,44099.75,7,2,France,Female,1,1,0,0,0,0,0,0.09964194430085582,0,0,2
15693817,28,539,0.0,48382.4,5,2,Spain,Male,0,1,0,0,0,0,0,0.09964293216028558,0,0,1
15636396,35,627,0.0,193022.44,7,2,France,Female,1,0,0,0,0,0,0,0.09964928783520371,0,0,2
15715199,27,568,126815.97,118648.12,5,2,Spain,Male,1,0,0,0,0,0,0,0.09965476789307326,0,0,1
15633108,26,646,139848.17,164696.27,4,1,France,Male,0,1,0,0,0,0,0,0.0996580583051978,0,0,1
15781307,37,779,120092.52,135925.72,7,2,Germany,Male,0,1,0,0,0,0,0,0.09965929828989867,0,0,2
15682048,51,605,136188.78,67110.59,3,1,France,Female,1,1,1,0,0,0,0,0.09968454301461249,0,0,3
15773852,38,533,70362.52,104189.46,4,2,Germany,Male,1,1,0,0,0,0,0,0.099686254808725,0,0,0
15669899,45,755,135643.0,143619.52,7,1,Germany,Female,0,0,1,0,0,0,0,0.09969337309620646,0,0,2
15742609,28,600,116623.31,59905.29,2,1,Germany,Male,1,0,0,0,0,0,0,0.09969981320606297,0,0,1
15641732,36,543,0.0,26019.59,3,2,France,Female,0,0,0,0,0,0,0,0.09970214024103924,0,0,0
15814519,37,648,0.0,194238.92,7,2,France,Female,0,1,0,0,0,0,0,0.0997040482291986,0,0,2
15719858,38,659,0.0,35701.06,9,2,Spain,Female,1,1,0,0,0,0,0,0.09971754621641021,0,0,2
15578374,36,620,169312.72,45414.09,7,1,Spain,Male,0,1,0,0,0,0,0,0.09973196435143572,0,0,2
15787699,34,650,142393.11,11276.48,4,1,Germany,Male,1,1,0,0,0,0,0,0.09974001606457511,0,0,0
15691457,36,674,0.0,182787.17,2,2,Spain,Male,1,1,0,0,0,0,0,0.09974885818923174,0,0,0
15673570,37,580,0.0,77108.66,9,2,France,Male,1,0,0,0,0,0,0,0.09975275259734884,0,0,2
15802741,51,625,136294.97,38867.46,7,1,France,Female,0,1,1,0,0,0,0,0.0997543921265634,0,0,3
15570485,40,558,161766.87,92378.54,4,1,Spain,Male,0,0,0,0,0,0,0,0.09975580082299529,0,0,0
15618391,33,810,0.0,77965.67,6,2,France,Male,1,1,0,0,0,0,0,0.09975644399300365,0,0,2
15653780,43,621,0.0,47578.45,5,1,France,Female,1,1,0,0,0,0,0,0.09975904771754118,0,0,0
15577657,41,732,0.0,170886.17,8,2,France,Male,1,1,0,0,0,0,0,0.09976258216964695,0,0,2
15612832,32,526,125540.05,86786.41,7,1,France,Male,0,0,0,0,0,0,0,0.09976312728931619,0,0,2
15623430,34,672,0.0,161800.77,9,2,France,Male,0,1,0,0,0,0,0,0.09977072083042426,0,0,2
15567446,39,646,111574.41,30838.51,9,1,Germany,Male,1,1,0,0,0,0,0,0.09977941265031348,0,0,2
15713479,35,656,0.0,1485.27,6,2,France,Male,0,1,0,0,0,0,0,0.099782584300114,0,0,2
15647008,54,624,116726.22,110498.1,3,1,Germany,Male,0,1,1,0,0,0,0,0.09978608264602917,0,0,3
15789158,49,636,113599.74,158887.09,6,2,Germany,Male,0,1,1,0,0,0,0,0.09978776920523375,0,0,2
15704168,38,535,127475.24,60775.76,8,1,Germany,Male,0,0,1,0,0,0,0,0.0997880443652936,0,0,2
15656188,30,584,0.0,185201.58,5,2,Spain,Female,1,1,0,0,0,0,0,0.09979834892216721,0,0,1
15636423,40,715,0.0,141359.11,7,1,France,Male,1,1,0,0,0,0,0,0.099801966854272,0,0,2
15733888,36,668,133686.52,190958.48,3,1,Spain,Female,0,1,1,0,0,0,0,0.09980398047611438,0,0,0
15583033,20,640,0.0,78310.82,4,2,France,Female,1,0,0,0,0,0,0,0.09982270587529846,0,0,1
15634564,31,593,112713.34,176868.89,8,1,Spain,Male,1,1,0,0,0,0,0,0.09987127669463103,0,0,2
15668142,37,700,77608.46,175373.46,3,2,France,Male,1,1,0,0,0,0,0,0.09987297484309043,0,0,0
15709396,42,801,0.0,95804.33,6,2,France,Male,1,1,0,0,0,0,0,0.09987529067978579,0,0,2
15788224,45,669,123949.75,110881.56,1,1,Germany,Male,0,0,0,0,0,0,0,0.09988466412343133,0,0,0
15645404,51,625,124620.01,92243.94,4,2,France,Female,0,1,1,0,0,0,0,0.0998946794337896,0,0,3
15806284,31,739,0.0,58469.75,1,2,Spain,Male,1,1,0,0,0,0,0,0.09990469114367923,0,0,0
15718106,34,625,0.0,197283.2,6,2,France,Male,0,0,0,0,0,0,0,0.09990601882433142,0,0,2
15730657,41,548,82596.8,55672.09,4,1,France,Female,1,0,0,0,0,0,0,0.09992057914451097,0,0,0
15664734,25,673,108244.82,103573.96,3,2,Germany,Female,1,1,0,0,0,0,0,0.09994791444182222,0,0,1
15714355,32,775,121669.23,125898.39,8,1,Germany,Male,1,0,0,0,0,0,0,0.09996108909462259,0,0,2
15600991,31,694,109052.59,19448.93,6,2,Germany,Male,1,1,1,0,0,0,0,0.09997163806402248,0,0,2
15681174,39,730,116537.6,145679.6,1,1,France,Male,0,0,0,0,0,0,0,0.09997807023413924,0,0,0
15632576,31,520,93249.4,77335.75,4,1,France,Male,0,1,0,0,0,0,0,0.0999840268263783,0,0,0
15619029,43,620,0.0,20670.1,2,2,Spain,Female,0,1,0,0,0,0,0,0.10000151427531645,0,0,0
15759034,36,654,112262.84,12873.39,2,1,France,Male,0,1,0,0,0,0,0,0.1000206872180846,0,0,0
15658614,38,565,145400.69,83844.79,7,2,Germany,Female,1,1,0,0,0,0,0,0.10003016233933948,0,0,2
15740878,29,655,0.0,85736.26,9,2,Spain,Female,1,0,0,0,0,0,0,0.10003536000188412,0,0,1
15678572,38,529,99842.5,90256.06,7,2,Spain,Male,0,1,1,0,0,0,0,0.10003911519909198,0,0,2
15754952,48,602,76595.08,127095.14,7,2,Germany,Female,0,0,0,0,0,0,0,0.10004431567211991,0,0,2
15725511,31,559,127070.73,160941.78,3,1,France,Female,1,0,0,0,0,0,0,0.1000603465237962,0,0,0
15625445,36,572,68348.18,50400.32,8,2,France,Female,1,0,0,0,0,0,0,0.10007764132380759,0,0,2
15684011,29,576,130575.26,173629.78,7,1,Germany,Male,1,0,0,0,0,0,0,0.10008220786538996,0,0,1
15578980,33,516,0.0,58685.59,3,2,Spain,Female,1,1,0,0,0,0,0,0.1000869643065207,0,0,0
15651955,31,603,0.0,9607.1,4,2,France,Male,1,0,0,0,0,0,0,0.10009614506737746,0,0,0
15654390,33,640,154575.76,25722.28,7,1,France,Male,0,1,1,0,0,0,0,0.10010745523498327,0,0,2
15694581,42,807,0.0,74900.9,5,2,Spain,Male,1,1,0,0,0,0,0,0.10011873706307745,0,0,2
15692291,42,563,99056.22,154347.95,6,2,Spain,Female,0,1,1,0,0,0,0,0.10012440859751642,0,0,2
15698791,45,679,146758.24,48466.89,3,1,France,Male,0,1,0,0,0,0,0,0.10012516565690766,0,0,0
15694628,39,686,157731.6,162820.6,4,2,Germany,Female,0,1,0,0,0,0,0,0.10012894797934818,0,0,0
15722072,53,630,138053.67,114110.97,5,1,France,Male,1,0,0,0,0,0,0,0.10012903697474024,0,0,3
15612087,45,671,106376.85,158264.62,2,1,France,Male,1,0,0,0,0,0,0,0.10013293843183912,0,0,0
15682890,38,745,65095.41,140197.42,5,2,Germany,Male,1,1,0,0,0,0,0,0.10013407205583347,0,0,2
15632256,29,541,127504.57,86173.92,7,1,France,Male,0,0,0,0,0,0,0,0.10016060160139473,0,0,1
15585599,34,530,0.0,141872.52,8,2,France,Female,1,0,0,0,0,0,0,0.10016659135516998,0,0,2
15755731,53,635,117005.55,123646.57,8,1,Germany,Male,1,0,1,0,0,0,0,0.10017313140901873,0,0,3
15674148,33,579,0.0,94993.04,6,1,Spain,Male,0,1,1,0,0,0,0,0.10018286092025563,0,0,2
15801414,35,767,0.0,144251.38,2,2,France,Female,0,0,0,0,0,0,0,0.1001837921679552,0,0,0
15754012,35,687,110752.15,47921.22,1,2,France,Female,1,1,0,0,0,0,0,0.10019487413640932,0,0,0
15731790,38,697,132591.36,7387.8,6,1,Germany,Female,1,1,1,0,0,0,0,0.1002035085686111,0,0,2
15662403,32,622,169089.38,101057.95,6,2,France,Female,0,1,0,0,0,0,0,0.10021551259544781,0,0,2
15732610,28,745,0.0,154389.18,6,2,France,Female,0,1,0,0,0,0,0,0.10022467186614537,0,0,1
15613326,33,596,138162.81,85412.54,1,1,France,Female,0,1,0,0,0,0,0,0.10025853455487221,0,0,0
15724402,30,770,0.0,100557.03,8,2,France,Female,0,1,0,0,0,0,0,0.10028332811587942,0,0,1
15630920,34,724,154485.74,78560.64,2,2,France,Male,0,0,0,0,0,0,0,0.10028501187810268,0,0,0
15660608,44,699,158697.61,107181.22,8,1,France,Male,0,1,0,0,0,0,0,0.10028816200921903,0,0,2
15699963,38,571,121405.04,154844.22,1,1,France,Male,1,1,0,0,0,0,0,0.10029439720873456,0,0,0
15591130,29,507,0.0,94780.9,6,2,Spain,Female,1,0,0,0,0,0,0,0.10030161351463113,0,0,1
15582841,29,600,0.0,34747.43,8,2,France,Male,1,0,0,0,0,0,0,0.10030742470990428,0,0,1
15628886,56,677,123959.97,60590.72,5,1,Spain,Male,1,1,1,0,0,0,0,0.1003114954355947,0,0,3
15779581,43,734,55853.33,94811.85,3,2,Spain,Female,1,0,1,0,0,0,0,0.1003147031018985,0,0,0
15751084,29,712,140170.61,38170.04,8,1,France,Female,1,1,0,0,0,0,0,0.10032725239699675,0,0,1
15655335,36,590,0.0,48876.84,1,2,France,Male,0,1,0,0,0,0,0,0.10033157057340908,0,0,0
15641359,35,662,0.0,2423.9,6,2,Spain,Female,0,0,1,0,0,0,0,0.10033540254551454,0,0,2
15809800,38,726,0.0,6787.48,4,2,France,Female,0,0,0,0,0,0,0,0.10033691068168982,0,0,0
15663294,32,703,125685.79,56246.72,1,1,France,Male,1,1,0,0,0,0,0,0.10034221262687276,0,0,0
15589320,34,699,0.0,76510.46,8,1,Spain,Male,1,1,0,0,0,0,0,0.1003444406613066,0,0,2
15610801,41,648,123049.21,5066.76,5,1,Germany,Male,1,0,0,0,0,0,0,0.10034502273806256,0,0,0
15605666,34,720,110717.38,9398.45,6,1,France,Female,1,1,0,0,0,0,0,0.10035555319066719,0,0,2
15706810,32,606,106301.85,59061.25,1,2,Germany,Female,1,0,0,0,0,0,0,0.10035773889241884,0,0,0
15782879,40,656,0.0,180553.48,2,2,France,Male,1,1,0,0,0,0,0,0.10037235633921976,0,0,0
15601045,37,655,163708.58,76259.23,8,2,Spain,Male,0,0,0,0,0,0,0,0.10040554251417705,0,0,2
15791452,39,675,0.0,153129.22,1,2,France,Male,0,1,0,0,0,0,0,0.10040560576822433,0,0,0
15785920,35,687,125141.24,148537.07,1,2,Germany,Male,1,1,0,0,0,0,0,0.10042130967348256,0,0,0
15781903,41,581,127913.71,44205.95,2,2,Germany,Male,1,1,0,0,0,0,0,0.1004479487727114,0,0,0
15813095,37,553,0.0,33877.29,2,2,France,Male,0,1,0,0,0,0,0,0.10045317389752906,0,0,0
15643966,45,616,143129.41,64327.26,3,2,Germany,Male,1,0,0,0,0,0,0,0.10045480312435595,0,0,0
15572706,37,589,0.0,61324.87,5,1,France,Male,0,1,0,0,0,0,0,0.10048429672070364,0,0,0
15689952,41,724,0.0,115753.94,5,1,Spain,Male,1,0,0,0,0,0,0,0.10048692201566312,0,0,2
15589660,32,661,145980.23,56636.28,1,1,Germany,Female,1,0,0,0,0,0,0,0.10049091428219759,0,0,0
15801767,40,784,0.0,108891.3,8,2,Spain,Female,0,1,0,0,0,0,0,0.10049464601958286,0,0,2
15668289,32,690,76087.98,151822.66,2,1,Spain,Male,1,0,0,0,0,0,0,0.1005087334315638,0,0,0
15724876,38,560,83714.41,33245.97,5,1,France,Female,1,1,0,0,0,0,0,0.10051205041365252,0,0,0
15700394,26,713,122857.46,144682.17,4,2,Spain,Female,0,1,1,0,0,0,0,0.10051386890308073,0,0,1
15695474,33,583,122531.86,13549.24,7,1,France,Male,0,1,0,0,0,0,0,0.10051839848686206,0,0,2
15607634,40,606,95293.86,96985.58,9,2,Germany,Male,1,0,0,0,0,0,0,0.10051907381643171,0,0,2
15594594,42,546,139070.51,86945.0,7,1,Spain,Male,1,1,0,0,0,0,0,0.10053910521742276,0,0,2
15593943,43,685,132667.17,41876.98,1,1,France,Female,1,1,0,0,0,0,0,0.10053937489682085,0,0,0
15750141,36,721,65253.07,28737.78,3,2,Germany,Female,0,1,0,0,0,0,0,0.10056921424408721,0,0,0
15723685,26,601,105514.69,50070.59,7,2,Germany,Female,0,1,0,0,0,0,0,0.10057404032762829,0,0,1
15762392,30,683,113257.2,65035.02,1,1,Spain,Male,1,1,0,0,0,0,0,0.1005799870923696,0,0,1
15625501,38,570,127201.58,147168.28,1,1,Germany,Male,0,1,1,0,0,0,0,0.1005808549407296,0,0,0
15798834,32,719,0.0,76264.27,7,1,Spain,Female,0,0,0,0,0,0,0,0.10059445269621714,0,0,2
15725882,40,618,133245.52,54495.82,1,2,Germany,Female,1,1,0,0,0,0,0,0.10059965266159826,0,0,0
15806467,40,568,99282.63,134600.94,1,1,Germany,Male,0,0,1,0,0,0,0,0.10060386121729359,0,0,0
15677136,23,624,0.0,132418.59,5,2,France,Female,0,0,0,0,0,0,0,0.10062121256056783,0,0,1
15814553,34,559,68999.66,66879.27,5,2,France,Female,1,1,0,0,0,0,0,0.10062332344218938,0,0,0
15592104,41,655,0.0,36548.0,5,1,France,Female,0,0,1,0,0,0,0,0.10063061872438256,0,0,0
15600692,38,520,0.0,163185.76,5,2,France,Male,0,1,0,0,0,0,0,0.10064313318194434,0,0,0
15642336,42,669,0.0,135630.32,9,2,France,Female,0,0,0,0,0,0,0,0.10064805106782004,0,0,2
15575428,35,682,117438.92,16910.98,2,2,Germany,Female,1,1,0,0,0,0,0,0.10064964594310427,0,0,0
15657778,33,657,84309.57,103914.4,1,2,France,Male,0,0,0,0,0,0,0,0.10065662842745654,0,0,0
15644572,40,501,125832.2,100433.83,4,1,France,Male,1,1,0,0,0,0,0,0.10065856547847452,0,0,0
15692235,38,750,0.0,47764.99,1,2,France,Female,0,1,0,0,0,0,0,0.10067456343831449,0,0,0
15639217,34,806,0.0,100809.99,6,2,France,Male,0,0,0,0,0,0,0,0.10068129136821935,0,0,2
15707242,40,504,0.0,146703.36,5,2,Spain,Male,0,0,0,0,0,0,0,0.1006994376706713,0,0,0
15627741,29,631,96863.52,31613.35,2,2,Germany,Female,1,1,0,0,0,0,0,0.10071741552024882,0,0,1
15633260,37,600,142663.46,88669.89,1,1,France,Male,1,0,0,0,0,0,0,0.1007398137974948,0,0,0
15689425,35,687,100988.39,22247.27,8,2,Spain,Male,0,1,0,0,0,0,0,0.10080897477493705,0,0,2
15642787,37,572,133043.66,111243.09,1,1,France,Male,0,0,0,0,0,0,0,0.10082407191515785,0,0,0
15794204,28,687,108116.66,27411.19,7,1,France,Male,1,1,0,0,0,0,0,0.10083285939533776,0,0,1
15590097,33,537,136082.0,62746.54,7,1,Spain,Female,0,1,0,0,0,0,0,0.10083714639221708,0,0,2
15625819,38,625,0.0,164804.02,7,1,France,Female,0,1,0,0,0,0,0,0.1008551199767852,0,0,2
15729582,48,676,80697.44,101397.86,3,1,Germany,Male,0,0,0,0,0,0,0,0.1008557218712155,0,0,0
15636589,41,794,0.0,74275.08,7,2,France,Female,1,1,0,0,0,0,0,0.10085972087069933,0,0,2
15670552,31,560,115141.18,39806.75,3,1,France,Female,0,1,0,0,0,0,0,0.10086524774666011,0,0,0
15793856,36,667,121542.57,186841.71,3,2,Spain,Female,1,1,0,0,0,0,0,0.10087066110913007,0,0,0
15619280,25,683,0.0,152698.24,4,2,France,Male,0,1,0,0,0,0,0,0.10088555556426881,0,0,1
15741921,26,622,0.0,124964.82,8,2,Spain,Female,1,1,0,0,0,0,0,0.10089274516948432,0,0,1
15738497,44,729,107726.93,153064.87,4,2,Spain,Male,0,1,0,0,0,0,0,0.1008993053863268,0,0,0
15626983,48,605,0.0,40062.99,6,2,Spain,Female,1,1,0,0,0,0,0,0.10091529072872313,0,0,2
15801630,40,558,0.0,173844.89,6,2,France,Male,0,1,0,0,0,0,0,0.10092071840126643,0,0,2
15654183,26,738,0.0,67484.16,3,2,France,Female,0,1,0,0,0,0,0,0.10092208232090999,0,0,1
15804937,50,702,0.0,94949.84,3,2,France,Male,0,0,0,0,0,0,0,0.10092395925160014,0,0,0
15677871,38,687,122570.87,35608.88,9,1,France,Male,1,1,0,0,0,0,0,0.1009276114278726,0,0,2
15724269,25,670,0.0,144723.38,7,2,France,Male,1,1,0,0,0,0,0,0.10094112570684632,0,0,1
15690744,43,683,112499.42,30375.18,2,2,France,Male,0,1,0,0,0,0,0,0.10094244413586428,0,0,0
15656009,36,736,0.0,70496.66,6,1,France,Female,0,1,0,0,0,0,0,0.10094327306728762,0,0,2
15684181,45,643,0.0,142513.5,5,1,France,Male,0,1,1,0,0,0,0,0.10094481020005897,0,0,2
15745623,32,788,112079.58,89368.59,4,1,France,Male,0,0,0,0,0,0,0,0.10095327135958287,0,0,0
15756820,26,655,106198.5,32020.42,7,1,France,Female,1,0,0,0,0,0,0,0.10096040932202227,0,0,1
15666916,43,639,99610.92,187296.78,6,2,France,Male,0,1,0,0,0,0,0,0.1009741599045837,0,0,2
15645269,42,583,0.0,17439.66,4,2,France,Female,0,1,0,0,0,0,0,0.10097514492312337,0,0,0
15602405,38,703,99167.54,65720.92,9,1,Germany,Female,0,1,0,0,0,0,0,0.10098518684451635,0,0,2
15669946,46,663,141726.88,58257.23,2,1,Germany,Female,1,1,0,0,0,0,0,0.10098747614589659,0,0,0
15713637,34,699,117468.67,185227.42,2,1,France,Male,0,1,0,0,0,0,0,0.1009967034564796,0,0,0
15628824,37,665,160389.82,183542.08,5,1,France,Female,1,0,0,0,0,0,0,0.10100458070627166,0,0,0
15595766,37,527,93722.73,139093.73,5,2,Spain,Male,1,1,0,0,0,0,0,0.10100926360073187,0,0,0
15745431,34,604,0.0,188078.55,7,2,France,Male,1,1,0,0,0,0,0,0.10101056337509329,0,0,2
15591135,37,726,132057.92,34743.98,2,2,France,Male,0,1,0,0,0,0,0,0.10101546333636557,0,0,0
15775067,47,606,93578.68,137720.56,3,2,France,Male,1,0,1,0,0,0,0,0.10101732550338549,0,0,0
15576602,38,809,0.0,80061.31,3,2,France,Male,1,1,0,0,0,0,0,0.10101755622596603,0,0,0
15693259,30,676,128207.23,55400.17,1,1,France,Male,1,1,0,0,0,0,0,0.10102066602069032,0,0,1
15691061,37,740,0.0,73225.31,9,2,France,Female,1,1,0,0,0,0,0,0.10106853715909792,0,0,2
15648455,51,647,131156.76,29883.63,4,1,Germany,Male,0,1,0,0,0,0,0,0.10107501211903797,0,0,3
15812607,46,663,95439.4,21038.58,6,1,Germany,Female,1,1,1,0,0,0,0,0.10107644349642714,0,0,2
15593280,43,614,140733.74,166588.76,8,1,Germany,Male,1,1,0,0,0,0,0,0.10110334416173916,0,0,2
15784042,55,624,118793.6,95022.02,7,1,France,Male,1,1,1,0,0,0,0,0.10111083021258127,0,0,3
15796351,35,603,105346.03,130379.5,1,2,Germany,Male,1,1,0,0,0,0,0,0.1011110270739991,0,0,0
15790935,29,535,0.0,52709.55,5,2,France,Female,1,0,0,0,0,0,0,0.10111145614946598,0,0,1
15668830,24,650,108881.73,104492.83,8,1,Spain,Male,0,1,0,0,0,0,0,0.10111721382216177,0,0,1
15659236,33,781,0.0,42556.33,3,2,Spain,Male,1,1,0,0,0,0,0,0.10112087029734212,0,0,0
15666453,29,611,78885.88,26927.69,4,2,Germany,Female,1,1,0,0,0,0,0,0.10112206128482787,0,0,1
15654654,33,725,115182.84,177279.41,7,2,Germany,Female,1,1,0,0,0,0,0,0.10113146663287942,0,0,2
15762455,33,624,66220.17,170819.01,6,1,Spain,Male,1,0,0,0,0,0,0,0.10115570599805784,0,0,2
15692575,38,760,162888.73,91098.76,6,1,France,Male,0,1,1,0,0,0,0,0.10116532968507674,0,0,2
15771573,39,637,137843.8,117622.8,9,1,Germany,Female,1,1,1,0,0,0,0,0.10117439863768085,0,0,2
15804064,35,742,79126.17,126997.53,2,1,France,Female,1,1,0,0,0,0,0,0.10117784804171481,0,0,0
15768682,39,640,0.0,105997.25,3,1,Spain,Male,1,1,0,0,0,0,0,0.10122766560652519,0,0,0
15771674,39,603,162390.52,54702.66,5,2,Spain,Female,0,1,0,0,0,0,0,0.10122953798346424,0,0,0
15687765,42,538,80380.24,119216.46,4,1,Germany,Female,0,1,0,0,0,0,0,0.1012365034893365,0,0,0
15614893,38,689,0.0,82709.8,2,1,Spain,Male,1,1,0,0,0,0,0,0.1012497484231244,0,0,0
15589312,30,588,115007.08,176858.5,3,1,France,Male,0,0,0,0,0,0,0,0.10124991573419545,0,0,1
15668504,36,770,89800.14,105922.69,2,1,France,Male,1,1,0,0,0,0,0,0.10125366098254518,0,0,0
15689517,27,635,127009.83,161909.95,3,1,France,Male,0,1,0,0,0,0,0,0.10125871414455323,0,0,1
15713094,25,651,0.0,126761.2,8,2,France,Female,1,1,0,0,0,0,0,0.10126264131505192,0,0,1
15654870,45,759,0.0,99251.24,8,2,France,Female,1,1,0,0,0,0,0,0.10127077917984001,0,0,2
15576219,32,615,0.0,6225.63,4,2,France,Male,1,1,0,0,0,0,0,0.10127168221715299,0,0,0
15635893,28,693,0.0,158545.25,8,2,France,Female,1,1,0,0,0,0,0,0.10127508357140258,0,0,1
15662854,48,681,139714.4,73066.72,5,2,Germany,Male,0,0,0,0,0,0,0,0.1012870482634105,0,0,2
15583580,35,566,123042.0,66245.44,1,1,Germany,Female,0,1,1,0,0,0,0,0.10129209925066496,0,0,0
15805449,38,594,0.0,186884.04,4,2,France,Male,0,0,0,0,0,0,0,0.10131187734533065,0,0,0
15631240,36,645,0.0,12096.61,8,2,France,Female,1,1,1,0,0,0,0,0.101311915591625,0,0,2
15785559,43,678,133237.21,111032.79,1,1,France,Male,0,1,1,0,0,0,0,0.10131381841634485,0,0,0
15801436,42,696,0.0,126353.13,4,1,France,Male,0,0,1,0,0,0,0,0.10131891842192503,0,0,0
15796015,42,633,126041.02,11796.89,3,1,Germany,Male,1,0,0,0,0,0,0,0.10132402909595722,0,0,0
15618225,36,741,116993.43,168816.22,8,2,Germany,Male,0,1,0,0,0,0,0,0.10132994923552918,0,0,2
15765857,41,623,142412.13,28778.98,2,1,Spain,Male,0,1,0,0,0,0,0,0.10133237357752356,0,0,0
15669516,36,746,0.0,16436.56,2,2,Spain,Male,1,1,0,0,0,0,0,0.10135032102592301,0,0,0
15645600,27,739,98926.4,106969.98,8,1,Spain,Female,1,1,0,0,0,0,0,0.1013751846565285,0,0,1
15731281,35,704,154206.07,40261.49,3,2,Germany,Female,1,1,0,0,0,0,0,0.10137623941326618,0,0,0
15567855,29,623,0.0,39382.06,1,2,France,Female,0,0,0,0,0,0,0,0.10138659787488047,0,0,1
15737506,42,645,0.0,149807.01,6,1,France,Male,0,0,0,0,0,0,0,0.10140804337128317,0,0,2
15672756,35,716,112808.18,17848.3,8,1,France,Female,1,0,0,0,0,0,0,0.10140865221816048,0,0,2
15683007,25,739,113113.12,129181.27,5,1,Germany,Female,0,1,0,0,0,0,0,0.1014192394193173,0,0,1
15810385,36,717,164557.95,82336.73,2,1,Spain,Female,1,0,0,0,0,0,0,0.10141978268322299,0,0,0
15795881,35,776,106365.29,148527.56,8,1,Spain,Male,1,1,0,0,0,0,0,0.10143224823791541,0,0,2
15782875,33,663,157274.36,28531.81,5,2,France,Male,1,1,0,0,0,0,0,0.10144285969616529,0,0,2
15798348,50,600,94684.27,50488.91,6,1,Spain,Female,1,1,0,0,0,0,0,0.10145370269334592,0,0,3
15780142,43,632,100013.51,24275.32,2,1,France,Male,0,1,0,0,0,0,0,0.10145661368541725,0,0,0
15806880,30,627,0.0,113408.47,6,1,Spain,Female,1,1,0,0,0,0,0,0.10145967300391612,0,0,1
15771383,45,628,53667.44,115022.94,6,1,Germany,Female,0,1,0,0,0,0,0,0.10146153781365508,0,0,2
15765258,29,776,0.0,143301.49,5,2,France,Female,1,1,0,0,0,0,0,0.10146910839420831,0,0,1
15762277,47,710,158623.14,83499.89,5,1,France,Male,0,0,1,0,0,0,0,0.1014694908483485,0,0,2
15579706,46,611,0.0,77677.14,5,1,France,Female,0,1,1,0,0,0,0,0.10148225607919342,0,0,0
15757916,38,600,0.0,58855.85,9,2,France,Female,1,1,0,0,0,0,0,0.10149722085233259,0,0,2
15665168,44,681,105206.7,163558.36,3,2,Germany,Female,1,1,0,0,0,0,0,0.10150139130104324,0,0,0
15749807,31,516,0.0,124202.26,3,2,Spain,Female,0,1,0,0,0,0,0,0.1015073492256951,0,0,0
15613854,46,622,107073.27,30984.59,4,2,Spain,Female,1,1,1,0,0,0,0,0.10151359783083064,0,0,0
15668445,37,521,0.0,86372.24,2,2,France,Male,1,1,0,0,0,0,0,0.10152563804731868,0,0,0
15806049,49,714,140510.89,141914.94,5,1,Germany,Female,0,1,0,0,0,0,0,0.10152637327375841,0,0,2
15736078,33,730,130367.87,15142.1,7,1,Germany,Female,0,1,1,0,0,0,0,0.10153196427033473,0,0,2
15698246,24,658,0.0,84694.49,2,2,France,Female,1,1,0,0,0,0,0,0.10156504113731052,0,0,1
15710012,44,738,0.0,43018.82,2,2,Spain,Male,0,1,1,0,0,0,0,0.1015730016441368,0,0,0
15727490,47,661,0.0,107243.31,5,1,France,Male,1,0,1,0,0,0,0,0.10159358582683697,0,0,0
15808283,33,647,0.0,152323.04,4,1,France,Female,0,1,0,0,0,0,0,0.10161783549368275,0,0,0
15575694,45,729,91091.06,71133.12,7,2,Spain,Female,0,1,0,0,0,0,0,0.1016215849922576,0,0,2
15693543,33,708,0.0,15246.83,8,2,France,Female,1,0,0,0,0,0,0,0.10163026927028124,0,0,2
15655774,27,583,0.0,51285.49,7,2,France,Male,0,1,0,0,0,0,0,0.10164175813356247,0,0,1
15640521,33,552,144962.74,58844.84,3,1,Germany,Male,0,1,1,0,0,0,0,0.10165732384889575,0,0,0
15652401,36,496,0.0,108098.28,7,2,France,Female,0,0,0,0,0,0,0,0.10166042901613942,0,0,2
15808621,36,659,76190.48,149066.14,2,2,Germany,Male,1,1,0,0,0,0,0,0.10167027760659314,0,0,0
15701291,44,601,0.0,30607.11,3,2,France,Male,0,1,0,0,0,0,0,0.10168534206312063,0,0,0
15650442,32,644,141528.88,167087.34,8,1,Germany,Female,1,1,1,0,0,0,0,0.10168894137924,0,0,2
15683553,33,788,0.0,116978.19,5,2,France,Female,0,0,0,0,0,0,0,0.10168971269331245,0,0,2
15730394,43,709,0.0,168035.62,8,2,France,Female,0,0,1,0,0,0,0,0.10169247216118499,0,0,2
15812594,34,791,0.0,96734.46,7,2,France,Male,0,1,0,0,0,0,0,0.10170102501785722,0,0,2
15624592,31,603,0.0,169915.02,8,2,France,Male,1,1,0,0,0,0,0,0.10170942245699782,0,0,2
15649487,38,578,113150.44,176712.59,4,2,Germany,Female,0,1,1,0,0,0,0,0.10171841004547982,0,0,0
15686941,26,575,0.0,112507.63,7,2,Spain,Female,0,1,0,0,0,0,0,0.10173006006807656,0,0,1
15578747,26,701,83600.24,59195.05,5,1,Spain,Male,1,0,0,0,0,0,0,0.10173035517468709,0,0,1
15734491,36,676,0.0,3173.31,4,2,Spain,Female,1,1,0,0,0,0,0,0.10173741757362942,0,0,0
15710397,26,584,0.0,147600.54,4,2,France,Male,0,1,0,0,0,0,0,0.10175964026306084,0,0,1
15793671,34,606,0.0,161971.42,5,1,France,Male,0,1,0,0,0,0,0,0.10176876858076356,0,0,0
15738546,41,530,0.0,147606.71,4,2,Spain,Female,1,0,0,0,0,0,0,0.10176978575448281,0,0,0
15711571,42,587,120233.83,194890.33,5,1,Spain,Male,0,1,0,0,0,0,0,0.10178494937417287,0,0,0
15589805,34,563,139810.34,152417.79,6,1,France,Female,1,1,0,0,0,0,0,0.10179086838241574,0,0,2
15668081,50,581,0.0,80701.72,4,2,Spain,Female,1,1,0,0,0,0,0,0.1018006217410865,0,0,0
15746183,27,573,0.0,157549.6,4,2,France,Female,1,1,0,0,0,0,0,0.10180807419352744,0,0,1
15618750,31,590,112211.61,26261.42,8,1,France,Male,0,1,0,0,0,0,0,0.10181563397719273,0,0,2
15716800,31,582,0.0,33747.03,2,2,France,Male,1,1,0,0,0,0,0,0.10182701266858546,0,0,0
15646161,37,673,0.0,183318.79,8,2,Spain,Female,1,1,0,0,0,0,0,0.10184199938931804,0,0,2
15631072,38,690,94456.0,55034.02,1,2,France,Male,1,0,0,0,0,0,0,0.10185678883858534,0,0,0
15595842,45,748,119852.01,73853.94,2,1,Germany,Male,0,0,1,0,0,0,0,0.10187173085063678,0,0,0
15624755,40,707,109628.44,189366.03,3,1,Germany,Female,0,1,0,0,0,0,0,0.10187792996138606,0,0,0
15648030,33,731,137388.01,165000.68,5,2,Spain,Female,0,1,0,0,0,0,0,0.10188140231240272,0,0,2
15804256,36,765,92310.54,72924.56,8,2,Germany,Male,1,1,0,0,0,0,0,0.10188252699479,0,0,2
15703059,49,549,124829.16,93551.36,6,1,Germany,Female,1,0,0,0,0,0,0,0.1018830268350398,0,0,3
15674343,44,597,78128.13,109153.04,8,2,France,Male,1,0,0,0,0,0,0,0.10188520828372072,0,0,2
15795166,42,618,153572.31,76679.6,8,2,Germany,Male,1,1,0,0,0,0,0,0.10188562374484106,0,0,2
15702669,44,663,117028.6,144680.18,2,2,Germany,Male,1,0,0,0,0,0,0,0.10188712564092184,0,0,0
15589488,56,686,111642.08,80553.87,5,1,Germany,Female,1,1,0,0,0,0,0,0.10189047669530449,0,0,3
15773809,42,620,0.0,6232.31,4,2,France,Male,0,1,0,0,0,0,0,0.10189172717062794,0,0,0
15586931,39,694,0.0,95625.03,3,1,Spain,Male,1,1,0,0,0,0,0,0.10189280385323612,0,0,0
15586848,38,706,0.0,122379.54,1,2,France,Male,0,1,0,0,0,0,0,0.10189435796812485,0,0,0
15778368,50,552,121175.56,117505.07,4,1,Germany,Male,0,1,1,0,0,0,0,0.10190047441023442,0,0,0
15785542,26,572,118287.01,60427.3,4,2,Germany,Male,0,0,0,0,0,0,0,0.10190313460939315,0,0,1
15680843,34,675,0.0,184842.21,8,2,France,Male,1,1,0,0,0,0,0,0.10190485103631525,0,0,2
15787693,38,559,145874.35,56311.39,3,1,Spain,Male,0,1,1,0,0,0,0,0.10191368874357881,0,0,0
15720123,37,554,0.0,166177.3,3,2,Spain,Male,0,1,0,0,0,0,0,0.10191372226976958,0,0,0
15761654,30,726,134152.29,147822.44,8,1,Spain,Male,1,1,0,0,0,0,0,0.10192173191179815,0,0,1
15754926,30,512,0.0,88827.31,6,2,France,Female,0,1,0,0,0,0,0,0.10192453166297716,0,0,1
15711742,34,708,0.0,62868.33,4,1,France,Female,1,1,0,0,0,0,0,0.10192561791646215,0,0,0
15756901,26,641,91547.84,28157.34,4,2,France,Female,1,0,0,0,0,0,0,0.10192797261039438,0,0,1
15601873,36,677,0.0,47318.75,7,1,France,Female,0,1,0,0,0,0,0,0.10193111805054522,0,0,2
15651740,30,525,0.0,149195.44,5,2,Spain,Female,1,0,0,0,0,0,0,0.10193122465276155,0,0,1
15672330,31,678,0.0,130446.65,1,2,France,Female,1,0,0,0,0,0,0,0.10195372208851178,0,0,0
15778696,36,684,174180.39,119830.08,5,1,Spain,Female,0,1,0,0,0,0,0,0.10197205753979116,0,0,2
15657468,53,711,123805.03,102428.51,5,1,Germany,Female,0,1,0,0,0,0,0,0.10198575654650577,0,0,3
15625524,40,512,0.0,146457.83,5,2,France,Male,1,1,0,0,0,0,0,0.101993954047227,0,0,0
15685309,35,669,0.0,49108.23,7,1,France,Female,1,1,1,0,0,0,0,0.10200128029763356,0,0,2
15577514,36,698,121263.62,13387.88,7,1,Germany,Female,1,1,0,0,0,0,0,0.10201929927331854,0,0,2
15742668,37,626,108269.37,5597.94,6,1,Spain,Female,0,1,0,0,0,0,0,0.10202159238950503,0,0,2
15793491,26,714,119545.48,65482.94,3,2,Germany,Male,0,1,0,0,0,0,0,0.10202213096885349,0,0,1
15725141,44,716,109528.28,27341.63,3,1,France,Female,0,1,1,0,0,0,0,0.10202852870337509,0,0,0
15776229,44,682,115282.3,23766.4,3,1,France,Male,0,0,0,0,0,0,0,0.10203046469380589,0,0,0
15636634,25,630,79656.81,93524.22,7,1,Germany,Female,0,1,0,0,0,0,0,0.10203109721633308,0,0,1
15726556,26,594,135067.52,131211.86,6,2,Germany,Female,0,0,0,0,0,0,0,0.1020369846076194,0,0,1
15586752,33,628,152143.89,32174.03,8,1,Germany,Male,1,1,0,0,0,0,0,0.10203960392828432,0,0,2
15735222,23,705,0.0,73131.73,5,2,Spain,Female,1,1,0,0,0,0,0,0.10204501347161182,0,0,1
15790093,27,627,0.0,125451.01,2,2,France,Female,0,1,0,0,0,0,0,0.10206021121948611,0,0,1
15604804,33,516,127305.5,120037.36,7,1,France,Female,1,1,0,0,0,0,0,0.10207339746771293,0,0,2
15649112,33,738,122134.4,27867.59,3,2,Spain,Female,1,0,0,0,0,0,0,0.10208887986833426,0,0,0
15807989,37,681,73179.34,25292.53,8,2,Germany,Male,1,1,0,0,0,0,0,0.10209270483852156,0,0,2
15585839,37,633,0.0,182258.17,2,2,France,Male,0,1,0,0,0,0,0,0.1020962279522144,0,0,0
15654851,44,748,92911.52,85495.24,2,1,France,Male,1,0,0,0,0,0,0,0.10210445726770234,0,0,0
15723484,42,669,103873.39,148611.52,1,1,Germany,Female,0,1,0,0,0,0,0,0.10211528199298492,0,0,0
15768359,36,534,120037.96,36275.94,4,1,France,Male,0,1,0,0,0,0,0,0.10212714277670643,0,0,0
15583278,36,743,92716.96,33693.78,8,1,Spain,Female,1,1,0,0,0,0,0,0.10214102501839872,0,0,2
15688760,37,522,95022.57,129107.59,3,1,Germany,Female,1,1,0,0,0,0,0,0.10214192400979194,0,0,0
15802869,45,737,99169.67,78650.95,2,2,Germany,Female,1,1,0,0,0,0,0,0.10217331437573401,0,0,0
15777033,29,524,0.0,105448.74,7,2,France,Male,1,1,0,0,0,0,0,0.10219157206443708,0,0,1
15734609,37,657,0.0,7667.48,2,2,France,Female,1,1,0,0,0,0,0,0.10219938917416932,0,0,0
15772618,25,665,90920.75,112256.57,7,1,France,Male,1,0,0,0,0,0,0,0.102215009318958,0,0,1
15658432,40,688,0.0,47886.44,6,1,France,Male,1,1,0,0,0,0,0,0.10221745051141823,0,0,2
15768387,41,581,0.0,29737.14,8,2,France,Male,0,0,0,0,0,0,0,0.10222410199067755,0,0,2
15617991,29,555,128744.04,47454.93,4,1,France,Male,1,1,0,0,0,0,0,0.1022281176673589,0,0,1
15782089,33,685,0.0,58458.26,6,1,France,Male,0,1,0,0,0,0,0,0.10223573666195102,0,0,2
15621974,33,778,111063.73,83556.65,4,2,Germany,Female,0,1,0,0,0,0,0,0.10224084677669487,0,0,0
15696826,32,633,104001.38,36642.65,1,1,France,Female,1,0,0,0,0,0,0,0.10224270532059487,0,0,0
15663161,51,680,143139.87,47795.43,5,1,Germany,Female,0,0,1,0,0,0,0,0.10225640525616247,0,0,3
15731865,27,637,0.0,91291.2,1,2,France,Male,0,1,0,0,0,0,0,0.10225810224019671,0,0,1
15674991,42,667,0.0,58137.42,9,2,France,Male,1,0,0,0,0,0,0,0.10226938820482562,0,0,2
15725664,38,549,107283.4,157442.75,8,1,France,Female,0,0,0,0,0,0,0,0.10227406106869064,0,0,2
15711825,35,655,82231.51,88798.02,1,2,Spain,Female,0,1,0,0,0,0,0,0.10228118159865929,0,0,0
15628530,42,694,156864.2,88890.75,3,2,France,Male,0,0,0,0,0,0,0,0.10228959139801547,0,0,0
15641009,37,544,84496.71,79972.09,3,1,France,Male,0,0,0,0,0,0,0,0.10229103745650892,0,0,0
15772896,42,763,100160.75,33462.94,6,1,Germany,Male,0,1,1,0,0,0,0,0.10232965176432018,0,0,2
15593601,34,734,133598.4,13107.24,6,1,France,Male,1,1,0,0,0,0,0,0.10234242386070819,0,0,2
15583680,41,615,0.0,149278.96,4,1,Spain,Male,1,0,0,0,0,0,0,0.1023453072872394,0,0,0
15624323,36,642,0.0,195224.91,4,2,France,Male,1,1,0,0,0,0,0,0.10234585489175685,0,0,0
15814940,33,642,0.0,150475.14,9,2,Spain,Female,1,1,0,0,0,0,0,0.10235897439091635,0,0,2
15716357,39,772,122486.11,140709.25,4,2,Spain,Female,1,1,0,0,0,0,0,0.10236992791866228,0,0,0
15596649,39,651,0.0,137452.57,8,1,France,Female,0,1,0,0,0,0,0,0.10237749834586485,0,0,2
15709142,30,608,91057.37,132973.17,2,2,Germany,Female,0,1,0,0,0,0,0,0.10237922851844034,0,0,1
15739803,34,686,0.0,127569.8,9,2,Spain,Male,0,1,0,0,0,0,0,0.10241941477775812,0,0,2
15735687,37,595,157084.99,134767.13,2,1,Spain,Male,0,1,0,0,0,0,0,0.10242541395566862,0,0,0
15754605,39,563,0.0,17603.81,5,2,France,Female,1,1,0,0,0,0,0,0.10244301792293747,0,0,0
15718769,36,557,113110.26,98413.1,1,1,Spain,Male,0,1,0,0,0,0,0,0.10246236541573184,0,0,0
15573086,42,564,99824.45,36721.4,7,1,France,Male,1,1,0,0,0,0,0,0.10247785297137241,0,0,2
15633648,51,696,0.0,55022.43,5,2,Spain,Female,0,1,0,0,0,0,0,0.10248081548199417,0,0,3
15714397,30,621,101014.08,165257.31,2,2,Germany,Female,1,1,0,0,0,0,0,0.10248589686643278,0,0,1
15574947,36,656,97786.08,21478.36,8,2,France,Male,1,0,0,0,0,0,0,0.1025180700336768,0,0,2
15646726,43,672,0.0,63833.09,5,1,France,Male,0,0,0,0,0,0,0,0.10253061197965241,0,0,2
15666200,40,689,0.0,119446.64,1,2,France,Female,1,1,0,0,0,0,0,0.10253229059458469,0,0,0
15696061,34,581,101633.04,110431.51,1,1,Germany,Female,0,1,0,0,0,0,0,0.10253821272741154,0,0,0
15814923,38,606,128578.52,193878.51,7,1,Spain,Male,1,1,0,0,0,0,0,0.10254498646368337,0,0,2
15724145,29,616,149318.55,140746.13,8,1,Germany,Male,0,1,0,0,0,0,0,0.10254864679589126,0,0,1
15733032,47,651,0.0,119808.64,2,2,Spain,Male,1,1,0,0,0,0,0,0.10254898538996315,0,0,0
15734850,36,676,82729.49,113810.12,1,1,Spain,Male,0,1,0,0,0,0,0,0.1025513054634754,0,0,0
15774179,37,487,0.0,126477.41,6,2,France,Male,1,1,0,0,0,0,0,0.10255471068836164,0,0,2
15661036,46,725,0.0,161767.38,6,2,France,Male,0,1,0,0,0,0,0,0.10256578262773386,0,0,2
15572461,29,663,102714.65,21170.81,4,2,Germany,Female,0,0,0,0,0,0,0,0.10257246644244905,0,0,1
15597239,39,548,131468.44,164975.82,7,1,Spain,Male,0,1,0,0,0,0,0,0.10257922013750453,0,0,2
15702462,44,619,52831.13,112649.22,6,1,Spain,Female,1,1,1,0,0,0,0,0.10261506559848427,0,0,2
15761886,36,740,172381.8,86480.29,4,1,France,Male,1,1,0,0,0,0,0,0.10261888748864129,0,0,0
15781347,41,600,0.0,91193.65,1,2,France,Female,1,1,0,0,0,0,0,0.10262100009054803,0,0,0
15805565,30,691,116927.89,21198.39,7,1,Germany,Male,0,1,0,0,0,0,0,0.10267284985811165,0,0,1
15723950,40,684,70291.02,115468.84,2,1,Spain,Male,1,1,1,0,0,0,0,0.10268396574496619,0,0,0
15671590,25,741,0.0,73873.65,4,2,Spain,Male,1,1,0,0,0,0,0,0.10269995957443995,0,0,1
15767954,28,635,81623.67,156791.36,3,2,Germany,Female,1,1,0,0,0,0,0,0.10271835683791608,0,0,1
15594878,41,661,28082.95,69586.27,5,1,Spain,Female,0,1,1,0,0,0,0,0.10272253091419009,0,0,2
15700854,35,595,0.0,100015.79,8,1,Spain,Male,0,1,1,0,0,0,0,0.10272897826435745,0,0,2
15600720,41,652,115144.68,188905.43,8,1,Spain,Male,0,1,0,0,0,0,0,0.10273050086826602,0,0,2
15763218,41,661,0.0,131300.68,1,2,France,Female,1,0,0,0,0,0,0,0.10273344119744504,0,0,0
15707567,50,732,145338.76,91936.1,6,1,Germany,Male,0,0,1,0,0,0,0,0.10273711831896942,0,0,2
15766896,37,750,0.0,16870.2,3,2,France,Male,0,1,0,0,0,0,0,0.10276083347798659,0,0,0
15732987,43,721,88798.34,45610.63,3,1,Spain,Male,0,0,0,0,0,0,0,0.10276884138192194,0,0,0
15725076,27,653,107751.68,33389.42,6,2,Spain,Female,1,1,0,0,0,0,0,0.10278344412786067,0,0,1
15793901,27,639,0.0,125244.18,2,2,France,Female,0,0,0,0,0,0,0,0.1027883710456472,0,0,1
15654292,33,565,130368.31,105642.43,8,2,Germany,Male,0,1,0,0,0,0,0,0.10280546791606998,0,0,2
15736008,46,644,95441.27,108761.05,9,1,France,Female,0,1,1,0,0,0,0,0.10280684472249796,0,0,2
15591766,25,607,121166.89,115288.24,4,1,Spain,Female,1,0,0,0,0,0,0,0.10282020275132192,0,0,1
15655875,33,511,0.0,132436.71,3,2,France,Female,0,1,0,0,0,0,0,0.10286288729900084,0,0,0
15688644,31,603,129743.75,109145.2,1,1,France,Male,0,1,0,0,0,0,0,0.10287182249029941,0,0,0
15568562,40,689,160272.27,49656.24,8,1,France,Male,0,1,0,0,0,0,0,0.10287325016501886,0,0,2
15728693,43,574,141349.43,100187.43,3,1,Germany,Female,1,1,0,0,0,0,0,0.10288001684237974,0,0,0
15733876,36,667,0.0,40062.29,9,2,France,Male,1,1,0,0,0,0,0,0.1028862245606636,0,0,2
15655632,27,655,131691.33,49480.66,2,1,France,Male,0,1,0,0,0,0,0,0.10290324328472267,0,0,1
15799186,38,632,0.0,192505.62,4,2,France,Male,0,0,0,0,0,0,0,0.1029212524408673,0,0,0
15677538,38,569,0.0,108469.2,7,1,France,Male,1,1,0,0,0,0,0,0.10292731651117815,0,0,2
15571917,38,771,137657.71,72985.61,5,2,Germany,Female,0,1,0,0,0,0,0,0.10293891564430441,0,0,2
15581370,38,681,99811.44,23531.5,2,2,Spain,Male,0,1,0,0,0,0,0,0.10294050903410817,0,0,0
15579387,44,635,79064.85,113291.75,2,2,Germany,Female,1,0,0,0,0,0,0,0.10295000256486986,0,0,0
15598838,37,659,151105.68,140934.57,1,1,France,Female,1,1,0,0,0,0,0,0.10295431601052263,0,0,0
15787772,38,759,104091.29,91561.91,1,1,France,Female,0,0,0,0,0,0,0,0.102975920464703,0,0,0
15579166,30,619,70729.17,160948.87,7,1,France,Female,1,1,0,0,0,0,0,0.10298432009564856,0,0,1
15628112,36,771,77846.9,99805.99,5,1,Germany,Female,0,0,0,0,0,0,0,0.1029844747485254,0,0,2
15745012,43,653,0.0,7330.59,6,2,France,Female,1,1,0,0,0,0,0,0.10298829720325547,0,0,2
15654000,35,705,0.0,133991.11,5,1,France,Female,0,1,1,0,0,0,0,0.10299260788483738,0,0,2
15627630,41,599,0.0,96069.82,1,2,France,Female,0,1,0,0,0,0,0,0.10299274671254505,0,0,0
15788215,30,535,122924.75,62390.59,5,1,Spain,Female,0,0,1,0,0,0,0,0.10301015240671096,0,0,1
15586585,51,698,111018.98,86410.28,2,1,Germany,Female,0,1,0,0,0,0,0,0.10302657051025721,0,0,3
15679075,37,701,107798.85,16966.73,8,1,France,Male,0,1,0,0,0,0,0,0.10303511611193211,0,0,2
15711130,45,734,0.0,99593.28,2,2,France,Male,0,1,0,0,0,0,0,0.1030446744935179,0,0,0
15781710,31,558,0.0,166720.28,7,2,Spain,Female,0,1,0,0,0,0,0,0.1030533801260668,0,0,2
15706116,30,659,154159.51,40441.1,8,1,Germany,Female,0,1,0,0,0,0,0,0.10305375377614623,0,0,1
15706217,28,645,117466.03,34490.06,7,2,Germany,Male,1,1,0,0,0,0,0,0.10306014282796228,0,0,1
15627185,29,744,123737.04,141558.04,6,2,Germany,Male,0,1,0,0,0,0,0,0.10306477416644189,0,0,1
15677307,40,684,137326.65,186976.6,6,1,Germany,Female,0,1,0,0,0,0,0,0.10308995994363801,0,0,2
15690079,30,591,124857.69,50485.7,8,2,Spain,Male,0,0,0,0,0,0,0,0.10309743817630268,0,0,1
15778089,37,544,0.0,135067.02,2,2,Spain,Male,0,0,0,0,0,0,0,0.10309926536607367,0,0,0
15716491,51,710,93656.95,141400.51,4,1,Spain,Female,1,0,1,0,0,0,0,0.10311011362651207,0,0,3
15777436,31,710,0.0,9561.73,5,2,Spain,Female,0,1,0,0,0,0,0,0.10312251304318981,0,0,2
15810660,34,774,120875.23,113407.26,4,2,Germany,Male,1,0,0,0,0,0,0,0.10313456742698263,0,0,0
15690188,33,631,0.0,58043.02,7,1,France,Male,1,1,1,0,0,0,0,0.10314119186150394,0,0,2
15666163,43,695,100421.1,101141.28,1,1,France,Male,1,1,0,0,0,0,0,0.10314470057154551,0,0,0
15757188,26,644,153455.72,82696.84,4,2,Spain,Female,1,1,0,0,0,0,0,0.10314589910700306,0,0,1
15613427,49,683,108797.63,140763.18,7,2,Germany,Female,0,0,0,0,0,0,0,0.10317114663289229,0,0,2
15567399,43,633,144164.29,158646.46,3,1,Germany,Male,1,1,0,0,0,0,0,0.10317720745841635,0,0,0
15567893,33,556,124213.36,62627.55,3,2,Germany,Male,0,1,0,0,0,0,0,0.10317920959561355,0,0,0
15604792,38,609,140752.06,171430.16,6,2,Germany,Male,1,0,0,0,0,0,0,0.10318432900405095,0,0,2
15697045,35,726,0.0,100556.98,9,2,Spain,Female,1,0,0,0,0,0,0,0.1031891724131691,0,0,2
15568449,38,661,143006.7,15650.89,7,1,Spain,Male,1,1,0,0,0,0,0,0.10321917348540571,0,0,2
15583090,29,581,0.0,46735.19,8,2,Spain,Female,0,1,0,0,0,0,0,0.10322954718141236,0,0,1
15687218,27,674,79144.34,50743.83,4,1,France,Female,1,0,0,0,0,0,0,0.10326146878675846,0,0,1
15599860,26,647,109958.15,136592.24,8,1,Spain,Female,1,1,1,0,0,0,0,0.1032799152113647,0,0,1
15707505,31,699,125927.51,147661.47,8,2,Spain,Male,0,1,0,0,0,0,0,0.10328077202901853,0,0,2
15803842,45,752,105426.5,89773.45,3,2,Germany,Female,1,0,0,0,0,0,0,0.10329149496177126,0,0,0
15716420,39,612,170288.38,59601.15,5,1,Spain,Male,1,1,0,0,0,0,0,0.10329988135283474,0,0,0
15633922,30,755,123217.66,144183.1,4,2,France,Male,1,0,0,0,0,0,0,0.10330460050990165,0,0,1
15805690,35,694,0.0,133570.43,7,1,Spain,Female,0,1,1,0,0,0,0,0.10331217442359186,0,0,2
15588123,27,677,0.0,114685.92,2,2,France,Female,1,0,0,0,0,0,0,0.10331545399379743,0,0,1
15569098,44,627,153548.12,35300.08,6,1,France,Male,0,0,1,0,0,0,0,0.10331856735351092,0,0,2
15644856,38,556,115463.16,150679.65,2,1,Spain,Male,0,1,0,0,0,0,0,0.10331995962695462,0,0,0
15700964,27,624,104848.68,167387.36,7,1,Germany,Female,1,1,0,0,0,0,0,0.10332901082123169,0,0,1
15680727,49,735,121973.28,148804.36,5,1,France,Male,0,1,0,0,0,0,0,0.1033386996879802,0,0,2
15587573,27,626,115084.53,26907.43,4,2,Germany,Male,1,0,0,0,0,0,0,0.10335145258164669,0,0,1
15727919,29,671,0.0,12048.67,6,2,Spain,Female,0,0,0,0,0,0,0,0.10335752411212024,0,0,1
15686917,40,789,0.0,137402.27,4,2,Spain,Female,0,1,0,0,0,0,0,0.1033686629649862,0,0,0
15632850,37,731,0.0,170338.35,8,2,France,Male,1,1,0,0,0,0,0,0.10338546265676346,0,0,2
15803908,45,628,0.0,96862.56,9,2,France,Male,1,1,0,0,0,0,0,0.10339480641419158,0,0,2
15781598,41,756,149049.92,50422.36,6,1,Germany,Male,1,0,1,0,0,0,0,0.10339583098721422,0,0,2
15782231,38,521,0.0,51454.06,6,2,France,Male,0,1,0,0,0,0,0,0.1034033944287166,0,0,2
15759555,41,569,0.0,134272.57,2,2,Spain,Male,0,1,0,0,0,0,0,0.10340648579673595,0,0,0
15758477,32,547,0.0,132002.83,2,2,France,Female,0,1,0,0,0,0,0,0.10340699898666639,0,0,0
15805884,41,637,0.0,145477.36,9,2,France,Female,0,1,0,0,0,0,0,0.10341160397830701,0,0,2
15697183,43,685,0.0,107811.28,9,2,Spain,Male,0,1,0,0,0,0,0,0.10341964052607278,0,0,2
15768777,34,507,0.0,60688.38,4,2,Spain,Female,1,1,0,0,0,0,0,0.10342459063654341,0,0,0
15800583,43,621,0.0,102806.6,8,1,Spain,Female,0,0,0,0,0,0,0,0.10344375228903524,0,0,2
15665811,33,644,141234.98,95673.05,9,1,France,Male,0,1,0,0,0,0,0,0.10344849036790993,0,0,2
15756471,27,656,118627.16,160835.3,4,2,Germany,Male,1,1,0,0,0,0,0,0.10345356423323854,0,0,1
15700656,32,662,0.0,65089.38,9,2,France,Male,0,0,0,0,0,0,0,0.10347056791224479,0,0,2
15668270,44,587,125584.17,41852.24,5,2,Germany,Female,1,1,1,0,0,0,0,0.10347273112261285,0,0,0
15643916,46,619,62400.48,132498.39,8,1,Spain,Male,1,1,1,0,0,0,0,0.10348163160777563,0,0,2
15579334,45,769,126674.81,124118.71,5,1,Germany,Female,0,1,1,0,0,0,0,0.10349020244990553,0,0,2
15732476,27,600,0.0,125698.97,3,2,France,Female,1,0,0,0,0,0,0,0.10352134115844902,0,0,1
15603378,36,768,141334.95,125870.5,3,1,France,Female,1,0,0,0,0,0,0,0.10353637854659642,0,0,0
15765902,38,706,163034.82,135662.17,5,2,Germany,Male,1,1,0,0,0,0,0,0.10354470067866733,0,0,2
15780359,25,643,115142.9,148098.95,4,1,Germany,Male,1,1,0,0,0,0,0,0.10357750182358394,0,0,1
15744695,39,694,77652.4,25407.59,5,1,France,Male,1,1,0,0,0,0,0,0.10358489138189741,0,0,2
15679394,41,651,38617.2,104876.8,4,1,France,Female,1,1,0,0,0,0,0,0.10359873995096452,0,0,0
15612931,50,722,132088.59,128262.14,4,1,Spain,Female,1,1,0,0,0,0,0,0.1036045941878877,0,0,3
15637644,24,667,0.0,34335.55,4,2,France,Female,1,0,0,0,0,0,0,0.10360562997256306,0,0,1
15712807,46,556,131764.96,108500.66,3,1,Spain,Male,1,1,1,0,0,0,0,0.10360763783673566,0,0,0
15598175,26,592,105082.07,132801.57,4,2,Germany,Female,0,1,0,0,0,0,0,0.10360968892491473,0,0,1
15698294,31,635,0.0,135382.23,1,2,Spain,Male,0,1,0,0,0,0,0,0.10361663281035266,0,0,0
15808582,40,665,0.0,161848.03,6,1,France,Female,1,1,0,0,0,0,0,0.10362407623649034,0,0,2
15675842,26,656,139584.57,36308.93,4,1,Spain,Male,0,1,0,0,0,0,0,0.10364991551682956,0,0,1
15647975,26,651,147037.32,141763.26,5,1,Germany,Male,0,0,0,0,0,0,0,0.10365005338400463,0,0,1
15662203,42,579,137560.38,85424.34,3,2,Germany,Female,1,1,0,0,0,0,0,0.10365036801940436,0,0,0
15684042,34,636,40105.51,53512.16,2,2,Germany,Male,1,0,0,0,0,0,0,0.10365538226613646,0,0,0
15798975,48,606,132403.56,36091.91,4,1,Germany,Male,0,0,1,0,0,0,0,0.1036597439730651,0,0,0
15654409,34,665,67816.72,29641.58,5,1,France,Female,1,1,0,0,0,0,0,0.10366974477950475,0,0,2
15684995,49,690,116622.73,51011.29,8,1,Spain,Male,1,0,0,0,0,0,0,0.10367553561822429,0,0,2
15732202,34,615,83503.11,73124.53,1,2,France,Male,1,1,1,0,0,0,0,0.10368546802031386,0,0,0
15646756,33,682,74963.5,32770.56,8,1,France,Female,1,1,0,0,0,0,0,0.10369281256998814,0,0,2
15633944,32,644,136659.74,14187.78,3,1,Spain,Male,1,1,0,0,0,0,0,0.10369704737838037,0,0,0
15757001,32,624,79368.87,145471.94,2,2,France,Female,1,1,0,0,0,0,0,0.10369734501055827,0,0,0
15811036,46,565,135369.71,140130.22,7,1,France,Male,1,0,0,0,0,0,0,0.10371250672310234,0,0,2
15626042,26,690,0.0,93255.85,2,2,Spain,Female,1,1,0,0,0,0,0,0.10371924641124297,0,0,1
15770498,37,798,111723.08,83478.12,4,1,France,Female,1,1,0,0,0,0,0,0.10372317981410833,0,0,0
15748752,33,608,102772.67,70705.58,1,2,Germany,Male,0,1,0,0,0,0,0,0.10373339995051978,0,0,0
15796313,36,662,166909.2,138871.12,4,2,France,Female,0,1,1,0,0,0,0,0.10373687171929508,0,0,0
15705301,41,683,95696.52,184366.14,6,2,France,Male,1,1,0,0,0,0,0,0.10375059039858558,0,0,2
15632079,37,720,156282.79,45985.52,8,1,Germany,Female,0,1,0,0,0,0,0,0.10377570603482406,0,0,2
15579566,43,616,120867.18,18761.92,3,1,Spain,Female,0,1,1,0,0,0,0,0.10379456813576698,0,0,0
15712068,45,592,84692.5,67214.02,8,1,Spain,Male,1,0,0,0,0,0,0,0.10381753324046,0,0,2
15634968,37,789,110689.07,71121.04,6,1,Germany,Female,1,1,1,0,0,0,0,0.10382852360600103,0,0,2
15684267,39,607,84468.67,121945.42,2,2,Germany,Male,1,1,0,0,0,0,0,0.10383062231954376,0,0,0
15701412,40,739,0.0,173321.65,4,2,France,Male,0,0,0,0,0,0,0,0.10387158236887684,0,0,0
15616240,37,530,0.0,164844.37,4,2,Spain,Male,1,1,0,0,0,0,0,0.10387634808034252,0,0,0
15677184,35,767,115576.44,27922.45,6,1,France,Female,1,0,0,0,0,0,0,0.10387852633050909,0,0,2
15802207,43,769,110182.54,87537.32,4,2,Germany,Male,1,1,0,0,0,0,0,0.10388710838048615,0,0,0
15662067,40,743,68155.59,94876.65,8,1,France,Male,0,1,0,0,0,0,0,0.10389891201485552,0,0,2
15571869,50,669,112650.89,166386.22,4,1,Germany,Female,0,0,1,0,0,0,0,0.10390135421433,0,0,0
15740470,39,725,160652.45,57643.55,4,2,France,Male,0,1,0,0,0,0,0,0.10390280102973198,0,0,0
15750104,43,718,132615.73,32999.1,5,2,Germany,Male,0,1,0,0,0,0,0,0.10390447621199739,0,0,2
15809286,37,631,138292.64,152422.91,8,2,Germany,Male,0,0,1,0,0,0,0,0.10391855565623415,0,0,2
15687527,35,638,0.0,165370.66,1,2,Spain,Male,0,1,0,0,0,0,0,0.10392390367829285,0,0,0
15713632,48,551,95679.29,94978.1,5,1,Spain,Female,0,0,0,0,0,0,0,0.10393518004493296,0,0,0
15665634,38,645,59568.57,167723.25,7,1,France,Female,1,1,0,0,0,0,0,0.10393738838285904,0,0,2
15738063,29,631,0.0,18581.84,2,2,France,Male,1,1,0,0,0,0,0,0.10394414522681361,0,0,1
15725776,24,649,101195.23,133091.32,7,1,Germany,Male,0,0,0,0,0,0,0,0.10394995947301389,0,0,1
15769703,45,550,111257.59,97623.42,8,1,Germany,Female,0,0,1,0,0,0,0,0.10395171587099833,0,0,2
15569571,46,584,87361.02,120376.87,6,2,Germany,Female,0,1,1,0,0,0,0,0.10396328908761843,0,0,2
15782390,40,621,0.0,155155.25,6,1,France,Female,0,1,0,0,0,0,0,0.10397953933717596,0,0,2
15683892,26,677,102395.79,119368.99,3,1,Germany,Female,0,1,0,0,0,0,0,0.10398072440102513,0,0,1
15795690,31,667,99513.91,189657.26,3,1,France,Male,1,1,0,0,0,0,0,0.10399308340860453,0,0,0
15776596,39,730,140094.59,172450.04,6,1,Spain,Female,0,1,1,0,0,0,0,0.10401493493373792,0,0,2
15772329,45,580,103741.14,47428.73,8,1,Germany,Male,0,1,1,0,0,0,0,0.10401721314570594,0,0,2
15569187,35,680,0.0,143774.06,9,2,Spain,Male,0,0,0,0,0,0,0,0.10402054135521438,0,0,2
15774738,44,632,107764.75,185667.72,3,1,France,Male,0,1,0,0,0,0,0,0.10402368422357666,0,0,0
15605072,43,638,145860.98,142763.51,3,1,France,Female,1,1,1,0,0,0,0,0.10404471677612664,0,0,0
15787884,30,692,0.0,18826.34,7,2,France,Female,1,1,0,0,0,0,0,0.10405105990765423,0,0,1
15685320,36,767,139180.2,123880.19,3,1,France,Male,0,0,0,0,0,0,0,0.10406462814766054,0,0,0
15796179,43,683,0.0,96754.8,8,1,France,Male,0,1,0,0,0,0,0,0.1040923236186665,0,0,2
15589698,42,555,107104.5,41304.44,6,1,Germany,Male,1,1,1,0,0,0,0,0.10410012341271258,0,0,2
15715142,45,739,102703.62,147802.94,7,1,Germany,Male,1,0,1,0,0,0,0,0.10410748759908178,0,0,2
15792565,46,745,0.0,67769.94,7,2,France,Female,1,1,0,0,0,0,0,0.10410794848132515,0,0,2
15753754,34,587,0.0,97932.68,1,2,Spain,Female,1,1,0,0,0,0,0,0.10410993187718892,0,0,0
15637774,32,558,73494.21,136301.1,5,1,France,Male,0,0,0,0,0,0,0,0.10411573459383427,0,0,0
15704657,39,601,72647.64,41777.9,3,1,France,Male,0,1,1,0,0,0,0,0.10412444899537993,0,0,0
15742824,42,696,162318.61,121061.89,7,1,Germany,Male,0,1,0,0,0,0,0,0.10413154949696335,0,0,2
15773221,43,577,79757.21,135650.72,8,1,Spain,Male,0,1,1,0,0,0,0,0.10414062811819536,0,0,2
15738954,35,551,129717.3,86937.2,7,2,France,Male,0,0,0,0,0,0,0,0.10416104812712157,0,0,2
15801701,35,653,0.0,45956.05,9,2,Spain,Male,1,1,0,0,0,0,0,0.10416339912681888,0,0,2
15651554,54,618,118449.21,133573.29,4,1,Germany,Female,1,1,1,0,0,0,0,0.10418993409790572,0,0,3
15676958,34,765,86055.17,104220.5,5,2,Germany,Male,1,1,0,0,0,0,0,0.1042029017813349,0,0,2
15640106,40,613,124339.9,193309.58,7,1,France,Male,0,0,0,0,0,0,0,0.10420761456193972,0,0,2
15602647,39,729,127415.85,184977.2,6,1,Germany,Male,1,1,1,0,0,0,0,0.10421141812037793,0,0,2
15631359,38,489,117289.92,85231.88,5,1,France,Female,0,0,0,0,0,0,0,0.10421833484786291,0,0,0
15660980,38,597,115702.67,25059.05,6,2,Spain,Male,1,1,0,0,0,0,0,0.10424330409090504,0,0,2
15669204,23,650,93911.3,69055.45,4,2,Germany,Male,0,1,0,0,0,0,0,0.10425285385538419,0,0,1
15642515,42,620,0.0,65565.92,1,2,France,Female,1,0,0,0,0,0,0,0.10425640404662151,0,0,0
15792489,42,622,0.0,119127.06,9,2,Spain,Male,0,1,0,0,0,0,0,0.10427252844512896,0,0,2
15799128,38,608,102406.76,57600.66,9,1,Spain,Female,1,0,0,0,0,0,0,0.10428262771789737,0,0,2
15661708,41,508,0.0,94170.84,5,2,France,Female,1,1,0,0,0,0,0,0.10430640412142272,0,0,0
15623062,24,660,85089.3,71638.0,5,1,Germany,Male,1,1,0,0,0,0,0,0.10430850165838745,0,0,1
15696373,44,687,0.0,103042.2,9,2,France,Female,0,0,1,0,0,0,0,0.10432992911794925,0,0,2
15680430,49,601,96252.98,104263.82,4,2,Germany,Female,0,1,0,0,0,0,0,0.10433807885285523,0,0,0
15785488,39,701,0.0,110043.88,9,2,Spain,Female,1,1,0,0,0,0,0,0.10437069584185571,0,0,2
15577018,26,684,114035.39,96885.19,2,1,Germany,Female,0,0,0,0,0,0,0,0.10437803445511756,0,0,1
15677317,29,570,153040.03,131363.57,4,1,France,Female,1,1,1,0,0,0,0,0.10438507400640523,0,0,1
15637947,32,668,134446.04,111241.37,1,1,Spain,Male,1,0,0,0,0,0,0,0.10438941159532789,0,0,0
15633283,35,536,0.0,64833.28,8,2,France,Male,0,1,0,0,0,0,0,0.10440022861778803,0,0,2
15598493,50,656,0.0,72143.44,7,2,France,Male,1,0,0,0,0,0,0,0.10442185786321773,0,0,2
15713770,41,586,63873.56,83753.64,3,1,Spain,Male,0,1,0,0,0,0,0,0.10442318085670238,0,0,0
15797149,36,563,143680.47,63531.19,4,2,Spain,Female,1,1,0,0,0,0,0,0.10443251437488743,0,0,0
15683183,45,766,97652.96,127332.33,6,1,Germany,Female,0,1,0,0,0,0,0,0.10443519429988485,0,0,2
15794895,34,581,0.0,81175.25,1,2,Spain,Male,1,0,0,0,0,0,0,0.10444112929211413,0,0,0
15680224,26,687,0.0,32909.13,6,2,France,Female,1,1,0,0,0,0,0,0.10445173277861713,0,0,1
15626412,39,499,0.0,81409.0,6,2,Spain,Male,1,1,0,0,0,0,0,0.1044606354694067,0,0,2
15749068,40,632,139625.34,93702.96,9,1,France,Female,0,1,1,0,0,0,0,0.10449744566536556,0,0,2
15726931,41,715,56214.85,92982.61,8,2,France,Female,0,0,1,0,0,0,0,0.10450249231595854,0,0,2
15679284,45,593,79259.75,55347.28,6,1,Spain,Female,0,1,0,0,0,0,0,0.10450637770316357,0,0,2
15570379,51,669,88827.53,85250.77,3,1,Spain,Male,0,0,1,0,0,0,0,0.10450883346410261,0,0,3
15659651,31,531,117052.82,118508.09,7,1,Germany,Female,0,1,1,0,0,0,0,0.10452983101422547,0,0,2
15624343,50,650,129667.77,42028.16,7,1,Spain,Female,0,0,0,0,0,0,0,0.10453280647492608,0,0,2
15766659,33,525,0.0,161002.29,5,2,Spain,Male,0,1,0,0,0,0,0,0.10454236015445495,0,0,0
15696277,34,651,0.0,138113.71,9,2,France,Female,0,1,0,0,0,0,0,0.10456767547401669,0,0,2
15724428,40,544,0.0,61581.2,8,2,France,Male,0,1,0,0,0,0,0,0.10457489794241054,0,0,2
15605835,37,743,69143.91,105780.18,8,2,France,Male,1,0,0,0,0,0,0,0.10462084126177956,0,0,2
15568360,41,569,139840.36,163524.7,4,1,Spain,Female,1,1,0,0,0,0,0,0.10463568392968031,0,0,0
15781777,33,604,148659.48,42437.75,3,1,France,Male,0,0,0,0,0,0,0,0.10465669932697158,0,0,0
15774224,30,613,131563.88,170638.98,5,2,Germany,Female,0,1,0,0,0,0,0,0.10465736044304308,0,0,1
15802351,33,755,90560.3,42607.69,6,2,Germany,Female,1,1,0,0,0,0,0,0.10467003983250184,0,0,2
15751177,44,685,119657.53,145387.05,2,1,Germany,Female,0,1,1,0,0,0,0,0.10468919598060605,0,0,0
15615029,39,734,0.0,95135.27,6,1,Spain,Male,1,1,0,0,0,0,0,0.10469203416850503,0,0,2
15668444,44,590,139432.37,62222.81,3,1,Spain,Female,0,1,0,0,0,0,0,0.10469661876506864,0,0,0
15611580,33,751,79281.61,117547.76,4,1,Spain,Male,0,1,0,0,0,0,0,0.10471251100462048,0,0,0
15641715,34,599,0.0,174196.68,8,2,France,Male,1,1,0,0,0,0,0,0.10473363202625036,0,0,2
15734005,42,633,0.0,56865.62,1,2,France,Female,0,1,0,0,0,0,0,0.10473413375173157,0,0,0
15750264,30,757,105128.85,62972.13,6,2,Germany,Male,1,1,0,0,0,0,0,0.1047524286052886,0,0,1
15765643,37,725,124348.38,176984.34,6,2,France,Male,1,0,0,0,0,0,0,0.10475713561078659,0,0,2
15736656,49,723,0.0,89972.25,4,2,France,Female,1,0,0,0,0,0,0,0.10476426913844805,0,0,0
15750921,37,521,105843.26,84908.2,5,2,France,Male,1,1,0,0,0,0,0,0.10476811994287283,0,0,0
15793247,34,498,0.0,91711.66,5,2,France,Male,1,1,0,0,0,0,0,0.1047748118694507,0,0,0
15758050,37,622,0.0,4459.5,4,2,Spain,Male,0,1,0,0,0,0,0,0.10477656078306719,0,0,0
15586522,37,608,130461.02,21967.15,2,1,Spain,Male,0,1,0,0,0,0,0,0.10477826574906307,0,0,0
15743709,30,683,66190.33,115186.97,4,1,France,Male,1,1,0,0,0,0,0,0.10478281543296486,0,0,1
15583681,31,616,76665.71,163809.08,7,2,Spain,Male,1,1,0,0,0,0,0,0.10479294707793424,0,0,2
15611287,30,777,0.0,115611.97,4,2,France,Female,1,0,0,0,0,0,0,0.10481684773437955,0,0,1
15588456,40,658,143566.12,189607.71,5,1,France,Female,1,1,0,0,0,0,0,0.10482118252984207,0,0,0
15768530,27,554,0.0,135083.73,4,2,Spain,Female,1,1,0,0,0,0,0,0.10482724418856582,0,0,1
15670492,28,737,0.0,106390.01,8,2,France,Male,0,1,0,0,0,0,0,0.10483724982251008,0,0,1
15797010,31,649,0.0,15200.61,2,2,France,Female,0,1,0,0,0,0,0,0.10483956884908491,0,0,0
15722425,32,639,0.0,111340.36,9,2,France,Male,0,1,0,0,0,0,0,0.10484063819410233,0,0,2
15777576,40,559,139129.44,32635.54,5,1,Spain,Female,1,0,0,0,0,0,0,0.10484611875396066,0,0,0
15614054,36,665,0.0,121505.61,1,2,France,Male,1,0,0,0,0,0,0,0.10484802977662566,0,0,0
15677939,41,584,0.0,160095.48,3,2,France,Female,1,1,0,0,0,0,0,0.10486749896453251,0,0,0
15608387,29,786,0.0,103372.79,4,2,France,Female,0,1,0,0,0,0,0,0.10487313394750797,0,0,1
15706186,33,640,81677.22,34925.56,8,2,Germany,Male,0,0,0,0,0,0,0,0.10487770919993067,0,0,2
15800856,34,643,83132.09,21360.88,3,1,Spain,Male,1,1,0,0,0,0,0,0.10488692901569524,0,0,0
15734674,41,593,0.0,65170.66,6,1,France,Female,0,1,0,0,0,0,0,0.10488734661963911,0,0,2
15643188,47,671,114603.76,153194.32,7,2,Germany,Female,0,1,1,0,0,0,0,0.10489835796191171,0,0,2
15760861,43,619,125211.92,113410.49,1,1,France,Male,1,1,0,0,0,0,0,0.10489890590741974,0,0,0
15628420,33,660,80462.24,150422.35,2,1,Spain,Male,0,0,0,0,0,0,0,0.10490637857441854,0,0,0
15611947,34,557,83074.0,132673.22,3,1,France,Male,0,1,0,0,0,0,0,0.10490731154808769,0,0,0
15623966,35,578,0.0,26389.92,2,2,France,Female,1,0,0,0,0,0,0,0.1049132643091622,0,0,0
15612444,29,549,0.0,146090.38,3,2,France,Male,0,1,0,0,0,0,0,0.10491757118260142,0,0,1
15803352,33,613,155736.42,57751.21,3,2,Germany,Male,1,1,0,0,0,0,0,0.10492363137299127,0,0,0
15720649,36,641,66392.64,31106.67,5,1,France,Female,0,1,0,0,0,0,0,0.10492780577714378,0,0,2
15637678,35,661,0.0,155394.52,5,1,France,Male,0,1,0,0,0,0,0,0.10493336670556336,0,0,2
15605375,35,651,86911.8,174094.24,2,1,France,Male,0,1,0,0,0,0,0,0.10494437442098259,0,0,0
15790267,40,625,141267.67,177397.49,7,1,France,Female,1,0,0,0,0,0,0,0.10494559714779217,0,0,2
15763108,53,600,106261.63,93629.66,7,1,Germany,Male,0,1,1,0,0,0,0,0.10498292423969924,0,0,3
15697020,39,618,91068.56,26578.69,2,1,France,Male,0,1,0,0,0,0,0,0.10498602714512095,0,0,0
15578788,40,786,0.0,41248.8,6,2,Spain,Male,0,0,0,0,0,0,0,0.10499972751821007,0,0,2
15608595,39,748,157371.54,97734.3,3,1,France,Female,1,0,0,0,0,0,0,0.10501876902404317,0,0,0
15591986,46,621,141078.37,34580.8,6,1,Germany,Male,0,0,1,0,0,0,0,0.105025471121524,0,0,2
15678944,32,655,130935.56,9241.83,6,1,Germany,Female,0,1,1,0,0,0,0,0.10504721675265621,0,0,2
15768746,33,561,0.0,173680.39,6,2,France,Male,0,0,0,0,0,0,0,0.105060376562016,0,0,2
15725166,30,707,0.0,33159.37,8,2,France,Male,0,1,0,0,0,0,0,0.10509085073615798,0,0,1
15567980,46,537,100727.5,140857.76,5,1,Germany,Female,1,0,1,0,0,0,0,0.1050935868577258,0,0,0
15624388,50,649,155393.32,87351.42,5,1,Germany,Female,1,1,1,0,0,0,0,0.1051039972554143,0,0,3
15582404,26,572,0.0,119381.41,5,2,Spain,Female,0,1,0,0,0,0,0,0.10511326458912595,0,0,1
15588560,32,569,145330.43,132038.65,8,1,Germany,Female,1,1,0,0,0,0,0,0.10514805448609366,0,0,2
15710456,27,607,0.0,63495.86,2,2,France,Female,0,1,0,0,0,0,0,0.10515074656355838,0,0,1
15686870,36,761,108239.11,99444.02,8,2,Germany,Male,0,0,0,0,0,0,0,0.10515216288277446,0,0,2
15604706,38,581,133105.47,105732.9,1,1,Germany,Male,0,1,1,0,0,0,0,0.10515262056138491,0,0,0
15742879,38,668,147904.31,69370.05,1,1,Spain,Male,1,1,0,0,0,0,0,0.10515522885316753,0,0,0
15658211,39,559,0.0,121151.1,2,2,Spain,Female,1,1,0,0,0,0,0,0.10516444874558928,0,0,0
15737265,39,728,152182.83,161203.6,6,1,Germany,Male,0,0,0,0,0,0,0,0.10518147399356947,0,0,2
15706706,33,648,135310.41,171668.2,7,2,Germany,Male,1,0,0,0,0,0,0,0.10518462039412457,0,0,2
15588622,25,599,108380.72,79005.95,7,1,Germany,Male,1,1,0,0,0,0,0,0.10518651457458433,0,0,1
15725002,37,749,0.0,20306.79,7,2,France,Male,0,1,0,0,0,0,0,0.10519945395680574,0,0,2
15724648,26,725,98684.15,133720.57,6,1,France,Male,0,0,0,0,0,0,0,0.10520008900348349,0,0,1
15680346,40,683,0.0,75848.22,8,1,Spain,Male,0,1,0,0,0,0,0,0.10520494432243899,0,0,2
15775234,24,646,0.0,92612.88,8,2,France,Male,0,0,0,0,0,0,0,0.10523718903776302,0,0,1
15568326,44,637,0.0,149665.65,2,2,France,Female,0,1,0,0,0,0,0,0.10524016022284349,0,0,0
15718406,41,540,0.0,121098.65,3,2,France,Male,0,1,0,0,0,0,0,0.10524235872485377,0,0,0
15616451,47,697,128252.66,168053.4,6,1,France,Female,1,1,0,0,0,0,0,0.10524713887188719,0,0,2
15766163,38,676,0.0,35644.79,1,2,France,Male,1,0,0,0,0,0,0,0.10527638792756577,0,0,0
15680517,34,769,137239.17,71379.92,7,1,Germany,Female,1,1,1,0,0,0,0,0.10527975460508393,0,0,2
15587297,33,507,0.0,85411.01,7,2,France,Male,1,1,0,0,0,0,0,0.10528831301349495,0,0,2
15577598,23,651,115636.05,70400.86,4,2,Spain,Male,0,1,0,0,0,0,0,0.10529741985073343,0,0,1
15600997,32,747,67495.04,77370.37,5,2,Germany,Female,1,0,0,0,0,0,0,0.1053043480980998,0,0,2
15675141,35,569,93934.63,184748.23,4,1,France,Female,0,1,0,0,0,0,0,0.10531126885562953,0,0,0
15584785,37,660,97324.91,23291.83,2,1,France,Male,0,1,0,0,0,0,0,0.10533713567862968,0,0,0
15696514,37,587,104414.03,192026.02,6,1,Germany,Female,0,1,0,0,0,0,0,0.10534172033571249,0,0,2
15648225,38,652,103895.31,159649.44,1,1,Spain,Female,1,0,0,0,0,0,0,0.10534632108561481,0,0,0
15574879,37,631,121801.72,23146.62,2,2,Germany,Female,1,0,0,0,0,0,0,0.10537509678057427,0,0,0
15801462,31,716,109578.04,51503.51,8,2,France,Male,1,1,0,0,0,0,0,0.10538209131102061,0,0,2
15616431,33,608,0.0,130474.03,4,1,France,Male,1,0,0,0,0,0,0,0.10539447212115438,0,0,0
15576269,34,523,0.0,62030.06,7,2,Spain,Male,0,1,0,0,0,0,0,0.10539614156181265,0,0,2
15734202,52,660,86891.84,90877.76,4,1,Germany,Female,0,1,0,0,0,0,0,0.10539856473241377,0,0,3
15627190,51,661,146606.6,68021.9,6,1,France,Male,1,1,0,0,0,0,0,0.10540559907167363,0,0,3
15730433,38,580,128218.47,125953.83,1,1,Germany,Female,0,1,1,0,0,0,0,0.10540595414450565,0,0,0
15775546,29,517,0.0,103402.88,5,2,Spain,Female,0,1,0,0,0,0,0,0.10540626212514898,0,0,1
15615832,35,675,155621.08,35177.31,8,1,Spain,Female,1,0,0,0,0,0,0,0.10540703962542014,0,0,2
15813503,37,606,154712.58,89099.18,8,2,Spain,Male,0,1,0,0,0,0,0,0.10542090661017178,0,0,2
15746564,42,566,108010.78,157486.1,3,1,France,Male,1,1,0,0,0,0,0,0.10545770573335228,0,0,0
15712877,36,724,0.0,52462.25,1,2,Spain,Male,0,1,0,0,0,0,0,0.10546337261182925,0,0,0
15584091,36,742,129748.54,47271.61,2,2,Germany,Female,0,0,1,0,0,0,0,0.10546418102797994,0,0,0
15724955,38,537,0.0,141023.01,3,2,France,Male,0,0,0,0,0,0,0,0.1054654752270901,0,0,0
15752375,33,645,149564.61,149913.84,8,1,Germany,Male,0,0,0,0,0,0,0,0.10548281625530748,0,0,2
15663386,26,597,0.0,110253.2,7,2,Spain,Female,0,1,0,0,0,0,0,0.10550523865763406,0,0,1
15615352,31,588,99607.37,35877.03,4,2,France,Male,1,0,0,0,0,0,0,0.10551203079743243,0,0,0
15613172,27,628,95826.49,155996.96,5,2,Germany,Male,0,1,0,0,0,0,0,0.10552089973202206,0,0,1
15631170,45,695,0.0,30793.61,3,2,France,Male,1,1,0,0,0,0,0,0.10553193987389387,0,0,0
15581700,43,615,86920.86,150048.37,3,1,Germany,Male,1,1,0,0,0,0,0,0.10553611727634282,0,0,0
15766047,41,748,91621.69,71139.31,2,1,France,Female,1,1,0,0,0,0,0,0.10553955758514244,0,0,0
15790497,37,503,0.0,136506.86,6,2,Spain,Male,0,0,0,0,0,0,0,0.10554479731647315,0,0,2
15629511,49,738,106770.82,123499.27,6,1,France,Male,0,1,0,0,0,0,0,0.10555773448608036,0,0,2
15706200,41,637,138014.4,140298.24,2,2,Germany,Male,0,1,0,0,0,0,0,0.10556179596109322,0,0,0
15807432,37,645,136925.09,153400.24,2,2,Germany,Female,1,0,0,0,0,0,0,0.10556590499062918,0,0,0
15695465,36,638,0.0,164247.51,6,1,France,Female,0,1,0,0,0,0,0,0.10557396020312365,0,0,2
15656710,40,613,0.0,151325.24,4,1,France,Male,0,0,0,0,0,0,0,0.10557612230915842,0,0,0
15667392,38,652,123081.84,188657.97,6,2,Spain,Female,1,1,0,0,0,0,0,0.105591426813882,0,0,2
15739692,42,679,0.0,71823.15,1,2,France,Male,0,0,0,0,0,0,0,0.10559845314038568,0,0,0
15612455,45,549,124240.93,146372.51,6,1,Germany,Male,1,1,0,0,0,0,0,0.10561324715959747,0,0,2
15768495,32,700,110923.15,161845.81,8,2,France,Female,1,1,1,0,0,0,0,0.10561971376346907,0,0,2
15766288,36,586,103700.69,194072.56,5,1,Germany,Female,0,1,1,0,0,0,0,0.1056314102591252,0,0,0
15589643,41,684,0.0,138394.37,7,1,Spain,Female,1,1,0,0,0,0,0,0.1056453640459179,0,0,2
15790599,39,756,149363.12,109098.39,5,2,Germany,Female,1,1,0,0,0,0,0,0.10566574798768569,0,0,2
15740160,31,616,0.0,54706.75,1,2,France,Male,1,1,0,0,0,0,0,0.1056902329584164,0,0,0
15750769,35,725,75915.75,150507.43,7,1,France,Male,0,1,0,0,0,0,0,0.10569999469350333,0,0,2
15670823,42,651,116646.76,44731.8,1,1,Germany,Female,0,1,1,0,0,0,0,0.10570255146414542,0,0,0
15754084,35,710,106518.52,127951.81,1,1,Spain,Male,1,1,0,0,0,0,0,0.10575324290604043,0,0,0
15689147,40,652,0.0,126554.96,1,2,France,Female,0,1,0,0,0,0,0,0.10575664639367266,0,0,0
15579207,37,545,91184.01,105476.65,3,1,France,Male,0,1,0,0,0,0,0,0.10575725753164222,0,0,0
15611157,32,709,87814.89,138578.37,2,1,France,Female,0,1,0,0,0,0,0,0.10576327423634635,0,0,0
15756560,46,599,81742.84,83282.21,7,2,Spain,Female,0,1,0,0,0,0,0,0.10576578865490377,0,0,2
15661827,45,693,0.0,26589.56,4,2,Spain,Female,1,1,0,0,0,0,0,0.10577062420614203,0,0,0
15582616,38,520,0.0,56388.63,4,2,France,Female,0,1,0,0,0,0,0,0.10578328471651383,0,0,0
15707025,31,648,0.0,5199.02,5,2,Spain,Female,1,1,0,0,0,0,0,0.10580051370655058,0,0,2
15804150,34,755,0.0,158816.03,3,2,France,Male,1,1,0,0,0,0,0,0.10580945854234147,0,0,0
15721719,42,743,77002.2,80428.42,7,2,France,Male,1,1,0,0,0,0,0,0.1058123061584032,0,0,2
15749365,34,543,0.0,145601.8,8,2,France,Female,1,0,0,0,0,0,0,0.10582358292291832,0,0,2
15677062,38,666,127043.09,8247.0,6,1,France,Female,1,1,0,0,0,0,0,0.10583291517877058,0,0,2
15717629,42,632,59972.26,148172.94,6,2,Germany,Male,1,0,0,0,0,0,0,0.1058341165758826,0,0,2
15656293,35,786,0.0,92712.97,3,2,France,Male,0,1,0,0,0,0,0,0.10585768321214883,0,0,0
15664737,38,779,0.0,138542.87,7,2,Spain,Female,1,1,0,0,0,0,0,0.10586117835890535,0,0,2
15632967,34,520,0.0,104703.96,3,2,France,Male,1,1,0,0,0,0,0,0.10586881844196716,0,0,0
15758856,45,597,0.0,167756.45,7,2,France,Male,0,0,0,0,0,0,0,0.10589845970241435,0,0,2
15709917,46,601,98202.76,137763.93,3,1,France,Female,0,0,0,0,0,0,0,0.10590492273389673,0,0,0
15697678,36,590,92340.69,174667.58,6,2,Germany,Male,1,1,0,0,0,0,0,0.10591466869319133,0,0,2
15775809,26,677,98723.67,151146.67,6,1,Germany,Female,1,0,0,0,0,0,0,0.10592125977236011,0,0,1
15786739,37,669,125529.55,162260.93,1,1,France,Male,1,1,0,0,0,0,0,0.10592154393693848,0,0,0
15622507,40,748,103499.09,38153.19,3,2,Germany,Female,0,0,0,0,0,0,0,0.10592546417571475,0,0,0
15775949,38,612,110615.47,193502.93,7,1,France,Female,1,1,0,0,0,0,0,0.10593041696313488,0,0,2
15707441,26,690,116318.23,83253.05,8,1,Spain,Male,1,1,0,0,0,0,0,0.10593774291163527,0,0,1
15679283,33,694,129731.64,178123.86,4,2,France,Female,0,1,0,0,0,0,0,0.10595677575720641,0,0,0
15711618,39,704,124640.51,116511.12,1,1,Germany,Female,0,1,1,0,0,0,0,0.10595996833682664,0,0,0
15725429,33,623,96759.42,174777.98,8,1,Germany,Male,1,1,0,0,0,0,0,0.10596451511607785,0,0,2
15633834,28,700,99705.69,146723.72,3,2,Germany,Female,0,0,0,0,0,0,0,0.10596577751547626,0,0,1
15622834,35,678,0.0,125518.32,4,1,France,Female,0,1,0,0,0,0,0,0.10597434448013898,0,0,0
15746490,53,648,111201.41,121542.29,6,1,Spain,Female,1,1,0,0,0,0,0,0.10599118672221797,0,0,3
15754599,42,765,123311.39,82868.34,4,2,France,Male,1,1,0,0,0,0,0,0.10599323849157344,0,0,0
15792627,33,765,84557.82,69039.43,5,1,Spain,Female,1,1,0,0,0,0,0,0.1059972799234587,0,0,2
15793842,34,700,76322.69,128136.29,2,1,France,Female,0,1,0,0,0,0,0,0.10600281488450414,0,0,0
15678168,27,648,0.0,163060.43,7,2,Spain,Female,1,1,0,0,0,0,0,0.1060133023985374,0,0,1
15707488,27,560,0.0,131919.48,5,2,France,Female,0,1,0,0,0,0,0,0.10601739726156639,0,0,1
15653455,38,648,0.0,9551.49,2,2,France,Female,1,0,0,0,0,0,0,0.10601763063604708,0,0,0
15699550,34,695,0.0,67502.12,9,2,Spain,Female,1,1,0,0,0,0,0,0.10601852255081107,0,0,2
15675983,36,692,79551.12,178267.07,3,1,France,Female,1,0,0,0,0,0,0,0.10604422931018553,0,0,0
15752694,32,653,83772.95,23920.65,4,1,France,Female,1,0,0,0,0,0,0,0.10604480230897789,0,0,0
15722583,29,636,157576.47,101102.39,6,2,Spain,Female,1,1,0,0,0,0,0,0.10605669998530581,0,0,1
15668032,37,577,0.0,79881.39,4,1,France,Female,1,1,0,0,0,0,0,0.10606912932832763,0,0,0
15720050,28,727,110997.76,101433.76,2,1,France,Female,0,1,0,0,0,0,0,0.10607648957913113,0,0,1
15695103,37,790,0.0,119484.01,6,2,Spain,Male,1,1,0,0,0,0,0,0.10609753067806338,0,0,2
15681342,35,639,103015.12,139094.12,1,2,France,Female,1,1,0,0,0,0,0,0.10609905892763388,0,0,0
15631868,36,744,153804.44,87213.33,2,1,Spain,Male,1,1,0,0,0,0,0,0.10610234248107264,0,0,0
15782735,35,626,0.0,80190.36,3,1,France,Female,0,0,0,0,0,0,0,0.10610556118866882,0,0,0
15764033,43,693,121927.92,87994.95,1,1,Germany,Female,0,1,1,0,0,0,0,0.1061071872436028,0,0,0
15644765,26,689,120727.97,149073.88,4,1,Germany,Male,1,0,0,0,0,0,0,0.1061215920987626,0,0,1
15595047,41,764,0.0,134878.34,7,2,France,Male,0,0,0,0,0,0,0,0.10612476934901499,0,0,2
15610426,39,764,81042.42,109805.17,5,1,France,Female,1,0,0,0,0,0,0,0.10612807790924311,0,0,2
15766787,35,707,0.0,70403.65,9,2,France,Female,1,1,0,0,0,0,0,0.10613327200697914,0,0,2
15719090,34,676,89437.03,189540.95,4,1,Germany,Female,1,1,0,0,0,0,0,0.10613612072246464,0,0,0
15631639,40,704,95452.89,179964.55,6,1,France,Female,1,0,0,0,0,0,0,0.10613951626887691,0,0,2
15599268,32,584,0.0,10956.82,5,2,Spain,Male,0,1,0,0,0,0,0,0.10614119854439835,0,0,0
15768295,34,778,109564.1,113046.81,7,1,France,Female,1,0,0,0,0,0,0,0.10614615951797302,0,0,2
15581440,48,724,110463.25,80552.11,6,2,Germany,Female,1,1,1,0,0,0,0,0.10615939050045065,0,0,2
15792722,43,611,64897.75,114996.33,8,1,France,Female,0,1,0,0,0,0,0,0.10617080868143342,0,0,2
15732265,33,630,0.0,64804.59,9,2,France,Male,0,1,0,0,0,0,0,0.1061826728393499,0,0,2
15745621,32,640,118879.35,19131.71,6,2,Spain,Female,1,1,0,0,0,0,0,0.10620343919174874,0,0,2
15603550,37,588,70258.88,139607.61,7,2,Germany,Female,0,1,0,0,0,0,0,0.10621119335212431,0,0,2
15721007,33,776,115130.34,129525.5,8,1,Germany,Male,0,0,1,0,0,0,0,0.10622739319141622,0,0,2
15588449,27,591,107812.67,162501.83,5,1,Spain,Female,1,0,1,0,0,0,0,0.10625132477346899,0,0,1
15773972,50,614,137104.47,127166.49,4,1,France,Male,0,1,1,0,0,0,0,0.10626235440891313,0,0,0
15708505,37,641,62974.64,39016.43,7,2,Germany,Female,1,0,0,0,0,0,0,0.10626975321143384,0,0,2
15815125,45,668,102486.21,158379.25,4,2,Spain,Male,1,1,0,0,0,0,0,0.10627202053777812,0,0,0
15646091,43,560,95140.44,123181.44,4,2,Spain,Female,0,1,1,0,0,0,0,0.10627339918647372,0,0,0
15694805,35,664,115024.5,169665.79,1,1,Spain,Male,1,0,0,0,0,0,0,0.10627947003199661,0,0,0
15695148,37,614,0.0,62023.1,9,2,Spain,Female,1,1,0,0,0,0,0,0.10628167184977516,0,0,2
15755084,37,531,121854.45,147521.35,7,1,France,Male,0,1,0,0,0,0,0,0.10628232828612816,0,0,2
15708357,38,649,0.0,103760.53,8,1,Spain,Female,0,1,0,0,0,0,0,0.10629441487708352,0,0,2
15676433,36,707,0.0,98810.78,6,1,France,Female,0,0,0,0,0,0,0,0.1063155346884006,0,0,2
15592389,27,684,134603.88,71725.73,2,1,France,Male,1,1,0,0,0,0,0,0.10632137768842376,0,0,1
15622729,46,649,0.0,66602.7,2,2,France,Female,1,1,0,0,0,0,0,0.10632175882685546,0,0,0
15726774,35,563,106250.72,39546.32,3,1,France,Male,0,0,0,0,0,0,0,0.10632374627484437,0,0,0
15788535,44,593,0.0,128046.98,5,1,Spain,Male,0,1,0,0,0,0,0,0.10634349034998913,0,0,0
15600992,36,652,0.0,151314.98,1,2,France,Male,1,1,0,0,0,0,0,0.10634435310524198,0,0,0
15607691,36,658,174060.46,94925.62,8,1,France,Male,1,1,0,0,0,0,0,0.10640303732594358,0,0,2
15703614,48,564,132876.23,79259.77,5,1,Spain,Male,0,1,0,0,0,0,0,0.10640543106085698,0,0,0
15671789,31,616,94263.91,168895.06,3,2,France,Male,0,1,0,0,0,0,0,0.10640692830371667,0,0,0
15772009,41,664,0.0,152054.33,5,1,France,Female,1,1,0,0,0,0,0,0.10640922041965784,0,0,2
15738291,48,671,115713.84,83210.84,8,2,France,Female,0,0,0,0,0,0,0,0.10643444336838875,0,0,2
15589200,34,617,0.0,118749.58,9,2,Spain,Male,0,1,0,0,0,0,0,0.10643798290101458,0,0,2
15740345,42,657,41473.33,112979.6,5,1,Spain,Male,0,1,1,0,0,0,0,0.106447283244344,0,0,2
15748616,27,599,0.0,30546.4,5,2,France,Male,0,1,0,0,0,0,0,0.10647600984333033,0,0,1
15748473,38,801,0.0,66256.27,5,2,France,Male,0,1,0,0,0,0,0,0.10648034633916215,0,0,2
15756625,41,752,0.0,139844.04,8,2,France,Female,0,1,1,0,0,0,0,0.10648945940833443,0,0,2
15804002,33,691,128306.83,113580.79,1,1,France,Female,1,1,0,0,0,0,0,0.10649186611914391,0,0,0
15690731,40,645,131411.24,194656.11,6,1,France,Male,1,1,0,0,0,0,0,0.10649698359276294,0,0,2
15713845,38,688,148045.68,175479.92,7,1,France,Male,0,1,1,0,0,0,0,0.10650543163871007,0,0,2
15692599,34,687,128270.56,191092.62,5,1,France,Male,0,1,0,0,0,0,0,0.10653046541602007,0,0,2
15713426,30,637,122185.53,102566.46,1,1,Germany,Male,0,1,1,0,0,0,0,0.10653161917832726,0,0,1
15584897,31,639,98360.03,20973.8,3,1,France,Female,0,0,0,0,0,0,0,0.10654382345250552,0,0,0
15751333,36,695,0.0,167749.54,2,2,France,Female,1,0,0,0,0,0,0,0.10654601894961496,0,0,0
15806455,27,611,0.0,157474.1,7,2,France,Male,1,1,0,0,0,0,0,0.10654689055428734,0,0,1
15674573,25,713,121172.97,56268.98,4,1,France,Female,1,1,0,0,0,0,0,0.1065491925240945,0,0,1
15573309,48,626,0.0,95794.98,2,2,Spain,Female,1,1,0,0,0,0,0,0.1065730102865377,0,0,0
15756321,52,612,144772.69,98302.57,5,1,Spain,Female,0,0,1,0,0,0,0,0.10658130318209297,0,0,3
15739857,40,785,0.0,96832.82,3,2,France,Female,1,1,0,0,0,0,0,0.10660692952624179,0,0,0
15798429,29,741,0.0,115994.52,8,2,France,Male,1,1,0,0,0,0,0,0.10660717612489917,0,0,1
15671358,44,720,0.0,163471.01,4,2,France,Male,0,1,0,0,0,0,0,0.10661725093150037,0,0,0
15809124,38,750,151532.4,46555.15,5,1,France,Male,1,1,0,0,0,0,0,0.10661857188871754,0,0,2
15627002,38,728,115934.74,139059.05,1,1,France,Male,1,1,0,0,0,0,0,0.1066201306330144,0,0,0
15636562,44,573,0.0,62424.46,8,2,Spain,Male,0,0,0,0,0,0,0,0.10662362882268828,0,0,2
15775192,48,732,102962.62,120852.85,4,1,Germany,Female,0,1,1,0,0,0,0,0.10664573575454295,0,0,0
15583137,48,637,130806.99,132005.85,7,2,France,Female,1,1,1,0,0,0,0,0.1066691758917821,0,0,2
15619016,46,660,109019.65,33680.56,5,2,Germany,Male,1,1,0,0,0,0,0,0.10667241034676667,0,0,0
15567333,31,712,0.0,170333.38,7,2,France,Female,0,1,0,0,0,0,0,0.10668093240151283,0,0,2
15786800,52,723,131694.97,92873.5,5,1,Germany,Male,1,0,1,0,0,0,0,0.10669472206826136,0,0,3
15737910,35,703,140691.08,167810.26,5,2,Germany,Male,0,1,0,0,0,0,0,0.10672059113663163,0,0,2
15689044,37,539,127609.59,98646.22,2,1,France,Male,0,1,0,0,0,0,0,0.10672612669797099,0,0,0
15638028,31,562,127237.25,143317.42,4,2,Germany,Male,1,0,0,0,0,0,0,0.10673231026467617,0,0,0
15615444,28,663,123674.28,87985.2,8,2,Germany,Male,1,1,0,0,0,0,0,0.10674726026624654,0,0,1
15615177,28,561,123692.0,70548.96,6,1,Spain,Male,1,1,0,0,0,0,0,0.10676277039847137,0,0,1
15810732,36,730,148749.29,91830.75,8,2,France,Female,0,1,0,0,0,0,0,0.10677184116101751,0,0,2
15704250,34,506,0.0,115842.1,7,2,France,Male,0,0,0,0,0,0,0,0.10677319787715495,0,0,2
15612103,35,627,137852.96,172269.21,2,1,Germany,Female,1,1,1,0,0,0,0,0.10679234242028196,0,0,0
15592979,34,671,37266.67,156917.12,6,2,Germany,Female,0,0,0,0,0,0,0,0.10679922214813398,0,0,2
15691906,49,664,127421.78,108876.75,5,2,Germany,Female,0,1,1,0,0,0,0,0.10681100684135136,0,0,2
15753955,34,639,149940.04,156648.81,7,2,Spain,Male,0,0,0,0,0,0,0,0.10681971994036227,0,0,2
15597385,41,573,0.0,14479.29,5,2,Spain,Male,1,0,0,0,0,0,0,0.10684673535057815,0,0,0
15684367,27,555,0.0,96398.51,5,2,Spain,Male,0,0,0,0,0,0,0,0.10685686017130941,0,0,1
15782939,42,747,80214.36,115241.96,4,1,France,Male,0,1,1,0,0,0,0,0.1068571138411975,0,0,0
15710853,24,623,0.0,116160.04,5,2,France,Female,0,1,0,0,0,0,0,0.10689379007049954,0,0,1
15681956,34,684,0.0,65257.57,9,2,France,Male,1,1,0,0,0,0,0,0.10691074481685214,0,0,2
15794356,42,641,121765.37,166516.84,3,2,Germany,Male,1,1,0,0,0,0,0,0.10691949383636656,0,0,0
15789924,39,658,0.0,147530.06,4,1,France,Female,1,1,0,0,0,0,0,0.10692656476718204,0,0,0
15778604,47,571,0.0,112366.98,7,2,France,Female,0,0,0,0,0,0,0,0.10694022532142211,0,0,2
15778192,28,628,0.0,176750.81,4,2,Spain,Male,1,1,0,0,0,0,0,0.10695195062461443,0,0,1
15739514,32,659,0.0,93155.75,9,2,France,Female,1,1,0,0,0,0,0,0.10695218764620334,0,0,2
15778515,40,748,95297.11,171515.84,3,1,France,Male,0,0,0,0,0,0,0,0.10695241683065937,0,0,0
15671987,35,567,153137.74,88659.07,8,1,Spain,Male,0,1,0,0,0,0,0,0.10697448557362249,0,0,2
15779904,29,597,0.0,174825.57,5,2,France,Female,1,1,0,0,0,0,0,0.1069822702260168,0,0,1
15642544,34,723,0.0,12092.03,5,2,France,Male,1,0,0,0,0,0,0,0.1070000482091702,0,0,2
15710421,36,774,117152.3,101828.39,8,1,Spain,Female,0,0,0,0,0,0,0,0.10702735609143427,0,0,2
15723620,41,617,0.0,14496.67,7,2,France,Male,1,0,0,0,0,0,0,0.10703713960994043,0,0,2
15690526,31,690,137260.45,55387.28,2,2,Germany,Male,0,1,0,0,0,0,0,0.1070382867928733,0,0,0
15711378,38,677,0.0,187800.63,4,2,France,Male,0,1,0,0,0,0,0,0.10706899672236769,0,0,0
15584536,46,720,97042.6,133516.51,3,1,Germany,Male,1,1,1,0,0,0,0,0.10707413973017871,0,0,0
15645904,33,685,0.0,186785.01,6,2,France,Female,1,0,0,0,0,0,0,0.10708717879076324,0,0,2
15696744,31,705,119794.67,182528.44,3,1,France,Female,0,0,0,0,0,0,0,0.10710565067156658,0,0,0
15729279,25,718,108691.95,63030.97,4,1,France,Female,0,1,0,0,0,0,0,0.10712467307827,0,0,1
15688157,39,683,47685.47,86019.48,2,2,Germany,Female,1,1,0,0,0,0,0,0.10713255762482071,0,0,0
15659501,38,753,142263.45,33730.43,6,1,France,Female,1,0,0,0,0,0,0,0.10713969446599692,0,0,2
15705735,43,577,0.0,135008.92,3,2,Spain,Male,1,1,0,0,0,0,0,0.10714066966226216,0,0,0
15776743,43,647,0.0,78488.39,9,2,France,Male,1,1,0,0,0,0,0,0.10714970044805505,0,0,2
15688713,44,627,0.0,114469.55,6,1,Spain,Male,1,1,0,0,0,0,0,0.10715357880290266,0,0,2
15773520,43,672,92599.55,167336.78,4,2,France,Female,1,1,0,0,0,0,0,0.10716478870383273,0,0,0
15572792,35,535,118989.92,135536.72,8,1,Spain,Male,1,1,0,0,0,0,0,0.10716878305883182,0,0,2
15814750,34,629,0.0,180595.02,8,2,Spain,Male,1,1,0,0,0,0,0,0.10716923695334502,0,0,2
15808557,42,695,0.0,72172.13,5,1,France,Female,1,0,1,0,0,0,0,0.10717159211763216,0,0,2
15645511,43,727,97403.18,107415.02,2,1,Spain,Male,1,1,1,0,0,0,0,0.10717463410531386,0,0,0
15594515,44,568,0.0,62370.67,7,2,France,Female,0,0,1,0,0,0,0,0.1071776085975043,0,0,2
15749669,31,542,0.0,115217.59,3,2,France,Female,1,1,0,0,0,0,0,0.10719302232740574,0,0,0
15719017,34,672,0.0,16245.25,8,2,France,Female,1,1,0,0,0,0,0,0.10720254836418908,0,0,2
15715951,42,562,100238.35,86797.41,2,1,France,Male,0,0,0,0,0,0,0,0.10720397291229122,0,0,0
15800517,32,633,163340.12,74415.2,5,2,Spain,Male,1,1,0,0,0,0,0,0.10723431843485032,0,0,0
15773949,36,692,0.0,8282.22,3,2,France,Female,1,1,0,0,0,0,0,0.10724049389968021,0,0,0
15742809,29,712,77919.78,122547.58,7,1,Spain,Female,0,1,0,0,0,0,0,0.10724465761641949,0,0,1
15672637,30,571,85755.86,145115.95,4,1,France,Female,0,1,0,0,0,0,0,0.10725593427210461,0,0,1
15764419,27,730,0.0,116081.93,5,2,France,Male,1,1,0,0,0,0,0,0.10726314265234937,0,0,1
15720636,50,628,143054.56,109608.81,4,1,France,Female,1,0,1,0,0,0,0,0.10729969777626996,0,0,3
15782630,35,543,137482.19,62389.35,5,1,France,Male,0,0,0,0,0,0,0,0.10730158515440524,0,0,0
15718454,44,712,0.0,45738.94,2,2,Spain,Female,0,0,0,0,0,0,0,0.1073317912506383,0,0,0
15586880,41,594,122545.65,42050.24,2,2,Germany,Male,1,1,0,0,0,0,0,0.10733549484781851,0,0,0
15724924,37,589,138497.84,18988.58,6,1,France,Female,1,0,0,0,0,0,0,0.1073578289481561,0,0,2
15706762,41,597,145809.53,52319.26,4,2,France,Female,1,1,0,0,0,0,0,0.10736223381691584,0,0,0
15787459,40,745,88466.82,116331.42,3,1,Spain,Male,0,0,0,0,0,0,0,0.10738206653237492,0,0,0
15615091,24,691,0.0,92811.2,6,2,France,Male,1,1,0,0,0,0,0,0.10738542767300513,0,0,1
15683157,26,613,100446.57,149653.81,4,1,France,Male,1,0,0,0,0,0,0,0.10742428563865053,0,0,1
15612140,46,721,137933.39,67976.57,7,1,Spain,Female,1,1,0,0,0,0,0,0.10743715281208804,0,0,2
15743478,39,659,52106.33,107964.36,8,2,Germany,Male,1,1,0,0,0,0,0,0.10747507639359272,0,0,2
15574137,35,687,0.0,176450.19,3,2,Spain,Male,1,1,0,0,0,0,0,0.10748246754204172,0,0,0
15750638,33,705,116765.7,190659.17,5,1,Germany,Female,0,0,1,0,0,0,0,0.10749549363012006,0,0,2
15673481,48,726,99906.19,64323.24,6,1,Spain,Female,0,1,0,0,0,0,0,0.10749570851200374,0,0,2
15808223,41,615,126773.43,55551.26,1,1,Spain,Male,1,1,0,0,0,0,0,0.10750461813260681,0,0,0
15596379,39,743,119695.75,26136.13,3,1,Germany,Male,1,0,0,0,0,0,0,0.10751016462985963,0,0,0
15606472,38,585,0.0,87363.56,5,1,France,Female,1,1,0,0,0,0,0,0.10751274529370553,0,0,0
15783526,36,589,100895.54,68075.14,1,1,France,Male,1,1,0,0,0,0,0,0.10753871842468299,0,0,0
15696287,38,682,116520.28,49833.5,1,1,Germany,Female,1,1,1,0,0,0,0,0.10754203844220162,0,0,0
15809999,41,709,150300.65,71672.86,3,2,France,Female,0,1,0,0,0,0,0,0.107543542039439,0,0,0
15751943,43,529,0.0,79476.63,5,2,Spain,Female,0,0,0,0,0,0,0,0.1075601923808373,0,0,0
15776605,36,528,0.0,60536.56,7,2,Spain,Male,0,1,0,0,0,0,0,0.10757767746132074,0,0,2
15733705,30,577,92472.1,126434.61,8,2,France,Female,1,0,0,0,0,0,0,0.10760285306499595,0,0,1
15687852,30,611,104145.65,159629.64,2,1,France,Male,0,0,0,0,0,0,0,0.10760296907466271,0,0,1
15795527,43,699,136487.86,82815.93,2,2,Spain,Male,0,1,0,0,0,0,0,0.10760430140746707,0,0,0
15732293,31,759,0.0,99086.74,8,2,Spain,Male,1,1,0,0,0,0,0,0.10761115908107638,0,0,2
15686999,40,556,0.0,62112.7,8,2,France,Female,0,1,0,0,0,0,0,0.10762119531489356,0,0,2
15589329,30,775,0.0,49337.84,4,2,France,Male,0,1,0,0,0,0,0,0.10763003738621724,0,0,1
15721251,41,554,112152.89,36242.19,4,1,Spain,Female,1,0,0,0,0,0,0,0.1076343036439994,0,0,0
15805463,32,682,105163.88,164170.46,2,2,Germany,Male,1,1,0,0,0,0,0,0.10764737170944416,0,0,0
15738936,29,760,103607.24,86334.64,5,2,Germany,Male,1,0,0,0,0,0,0,0.10765482895892409,0,0,1
15642162,35,603,123407.69,152541.89,1,1,Germany,Male,0,1,1,0,0,0,0,0.10766980996480657,0,0,0
15724251,29,682,101012.77,32589.89,6,1,Germany,Female,0,0,1,0,0,0,0,0.10768626834888467,0,0,1
15687492,32,596,96709.07,41788.37,3,2,Germany,Male,0,0,0,0,0,0,0,0.10768898457349069,0,0,0
15680201,24,627,102773.2,56793.02,5,2,Germany,Male,0,1,1,0,0,0,0,0.1076922118468826,0,0,1
15751336,30,630,0.0,10486.69,3,2,Spain,Male,1,0,0,0,0,0,0,0.10769581697753006,0,0,1
15665629,33,719,0.0,20016.59,7,2,Spain,Female,0,1,0,0,0,0,0,0.10771939415856868,0,0,2
15713890,44,704,0.0,152884.85,3,2,France,Male,1,0,0,0,0,0,0,0.10773854120519294,0,0,0
15696834,29,530,0.0,121451.21,5,2,France,Female,0,0,0,0,0,0,0,0.10775070928585423,0,0,1
15807593,36,546,85660.96,134778.01,7,1,Spain,Female,0,0,0,0,0,0,0,0.10775747902530303,0,0,2
15689322,31,641,153316.14,59927.99,3,1,Spain,Male,0,1,0,0,0,0,0,0.10777681347171136,0,0,0
15678067,45,667,0.0,163655.01,3,2,Spain,Male,0,0,0,0,0,0,0,0.10777684481555988,0,0,0
15750574,34,677,0.0,6175.53,4,2,Spain,Female,1,1,0,0,0,0,0,0.10778153764420945,0,0,0
15676937,32,635,0.0,19367.98,8,2,Spain,Female,1,1,1,0,0,0,0,0.1077816240119896,0,0,2
15813640,40,642,0.0,10712.82,7,2,France,Female,0,1,0,0,0,0,0,0.10779019410592217,0,0,2
15700752,32,545,0.0,52067.37,6,2,France,Female,1,1,0,0,0,0,0,0.1077911748958228,0,0,2
15580623,28,573,0.0,77660.03,8,2,Spain,Male,0,0,0,0,0,0,0,0.10780281477682324,0,0,1
15618171,33,669,0.0,107221.03,9,2,France,Female,1,0,0,0,0,0,0,0.10781030682418619,0,0,2
15747821,31,554,135470.9,107074.81,6,1,Germany,Female,0,1,0,0,0,0,0,0.10781188865197,0,0,2
15795878,45,636,0.0,159463.8,3,2,Spain,Male,1,1,0,0,0,0,0,0.10782215334725764,0,0,0
15575002,29,676,140720.93,36221.18,4,1,France,Male,0,1,0,0,0,0,0,0.10783145222998797,0,0,1
15758013,37,698,98400.61,25017.28,5,2,France,Male,0,0,0,0,0,0,0,0.10783743763998938,0,0,2
15811486,29,634,130036.21,69849.55,8,2,Germany,Female,1,0,0,0,0,0,0,0.10783982564400235,0,0,1
15693864,49,567,134956.02,93953.84,5,1,Germany,Female,0,1,1,0,0,0,0,0.1078421429244471,0,0,0
15812706,49,627,111087.5,146680.25,4,1,Spain,Male,1,0,0,0,0,0,0,0.10784244096136109,0,0,0
15610727,36,605,128829.25,190588.59,7,1,France,Male,0,1,0,0,0,0,0,0.10784961000462684,0,0,2
15722061,41,619,142015.76,114323.66,8,2,Germany,Female,0,1,0,0,0,0,0,0.10785082589481926,0,0,2
15695034,44,757,123322.15,137136.29,4,1,France,Female,0,1,0,0,0,0,0,0.10785153569861011,0,0,0
15689412,32,604,127849.38,15798.7,7,1,France,Female,0,1,0,0,0,0,0,0.10786014839150754,0,0,2
15645045,38,659,0.0,132809.18,9,2,France,Female,1,1,0,0,0,0,0,0.10786147509594957,0,0,2
15673539,26,690,118097.87,61257.83,3,1,France,Female,0,1,0,0,0,0,0,0.10786405252705838,0,0,1
15582090,36,684,0.0,117038.96,4,1,Spain,Female,0,1,0,0,0,0,0,0.10787809083882122,0,0,0
15588928,47,704,0.0,145338.61,5,2,France,Male,1,1,0,0,0,0,0,0.10788119744334906,0,0,2
15779497,43,603,127823.93,19483.35,5,1,France,Male,1,1,0,0,0,0,0,0.10788204336412205,0,0,0
15700714,29,747,0.0,141706.43,7,2,France,Male,1,1,0,0,0,0,0,0.10790203282711991,0,0,1
15623595,28,586,0.0,92067.35,2,2,Spain,Female,1,1,0,0,0,0,0,0.10790647811895399,0,0,1
15792077,28,671,119859.52,125422.66,8,2,Germany,Male,0,1,0,0,0,0,0,0.10791657733527471,0,0,1
15595036,30,726,92847.59,146154.06,7,1,Germany,Male,0,1,0,0,0,0,0,0.10792088017036039,0,0,1
15796343,31,707,82787.93,91423.69,2,2,France,Female,0,0,0,0,0,0,0,0.1079493065299924,0,0,0
15626628,31,631,88161.85,127630.88,2,2,Spain,Female,0,1,0,0,0,0,0,0.10795771960042327,0,0,0
15789563,46,706,111288.18,149170.25,7,1,Germany,Female,1,1,1,0,0,0,0,0.10796452024002934,0,0,2
15655274,29,548,0.0,48673.18,4,2,France,Female,1,0,0,0,0,0,0,0.10796522434098749,0,0,1
15768474,34,744,0.0,27244.35,3,2,Spain,Male,0,1,0,0,0,0,0,0.10797449455967328,0,0,0
15787196,46,692,0.0,105983.09,2,2,Spain,Male,1,1,0,0,0,0,0,0.10798303330538356,0,0,0
15646942,39,786,0.0,100929.59,7,2,Spain,Female,0,0,0,0,0,0,0,0.10799051352284955,0,0,2
15797686,38,558,113000.92,152872.39,8,1,France,Male,1,1,0,0,0,0,0,0.1079969354662097,0,0,2
15700383,35,763,115651.6,104706.29,7,2,France,Female,1,1,0,0,0,0,0,0.10800221529285753,0,0,2
15689152,38,683,126152.84,15378.75,3,1,Spain,Male,0,0,0,0,0,0,0,0.10800851047566878,0,0,0
15655389,41,638,131762.94,47675.29,1,1,France,Male,1,1,0,0,0,0,0,0.10801885761827706,0,0,0
15727021,30,727,119027.28,137903.54,8,2,Germany,Female,1,1,0,0,0,0,0,0.1080223418685971,0,0,1
15594786,34,772,111565.91,121073.23,7,1,Germany,Male,1,1,0,0,0,0,0,0.108048921487369,0,0,2
15695679,39,776,104349.45,79503.05,2,1,Spain,Male,0,0,0,0,0,0,0,0.10806258798995094,0,0,0
15614520,37,682,148580.12,35179.18,8,1,France,Female,0,1,0,0,0,0,0,0.10806790346420408,0,0,2
15757895,30,569,106629.49,44114.88,6,1,Germany,Male,1,0,0,0,0,0,0,0.10807006555786575,0,0,1
15776128,44,716,155114.9,133871.83,6,1,France,Female,0,0,0,0,0,0,0,0.10808350719655407,0,0,2
15792388,48,645,90612.34,149139.13,7,1,France,Female,1,1,0,0,0,0,0,0.10808518998163891,0,0,2
15742848,41,673,0.0,65657.29,5,1,France,Male,1,1,0,0,0,0,0,0.10810926344855015,0,0,2
15614847,45,674,72494.69,140041.78,6,1,France,Female,1,0,0,0,0,0,0,0.10812044720454955,0,0,2
15730868,41,747,0.0,22750.17,5,2,France,Male,1,1,0,0,0,0,0,0.10812220819791113,0,0,2
15787014,28,648,90371.09,146851.73,8,1,Germany,Female,1,1,0,0,0,0,0,0.10812972045002,0,0,1
15705890,45,674,142072.02,37013.29,7,1,France,Male,0,1,0,0,0,0,0,0.10812997403490793,0,0,2
15572408,39,714,149887.49,63846.36,3,2,Germany,Male,0,1,0,0,0,0,0,0.10814281438832957,0,0,0
15694852,29,575,121823.4,50368.87,4,2,France,Male,1,1,0,0,0,0,0,0.10815197423942247,0,0,1
15799042,38,611,0.0,63202.0,7,1,France,Male,1,1,0,0,0,0,0,0.10815382153048658,0,0,2
15783691,35,722,120171.58,125240.8,1,1,Spain,Female,0,1,0,0,0,0,0,0.10816330641605543,0,0,0
15600106,36,631,0.0,133141.34,1,2,France,Male,0,0,0,0,0,0,0,0.10818517345545775,0,0,0
15654964,48,608,75801.74,125762.95,7,1,Spain,Male,0,1,0,0,0,0,0,0.1081905417011178,0,0,2
15618155,45,663,83195.12,48682.1,5,1,France,Male,1,1,0,0,0,0,0,0.10819063124208933,0,0,2
15656717,30,687,0.0,179206.92,6,2,France,Female,0,0,0,0,0,0,0,0.10819155275365172,0,0,1
15573452,42,663,115930.87,19862.78,7,1,Germany,Male,0,1,0,0,0,0,0,0.10819627727413639,0,0,2
15758836,36,675,54098.18,54478.52,3,2,Spain,Male,1,0,0,0,0,0,0,0.10820098607925266,0,0,0
15702145,33,705,68423.89,64872.55,7,1,Spain,Male,1,1,0,0,0,0,0,0.10820503289237199,0,0,2
15685826,30,563,90727.79,122268.75,7,1,France,Male,0,1,0,0,0,0,0,0.10821028189882625,0,0,1
15796617,29,720,0.0,39925.52,2,2,France,Male,0,1,0,0,0,0,0,0.10823283024141683,0,0,1
15624528,26,664,116244.14,95145.14,7,2,Germany,Male,1,1,0,0,0,0,0,0.10824038763975313,0,0,1
15723481,42,728,0.0,41823.22,8,2,Spain,Male,1,0,0,0,0,0,0,0.10825440043128987,0,0,2
15756196,50,682,121818.84,124151.37,6,2,France,Male,1,0,0,0,0,0,0,0.10825922151750367,0,0,2
15603323,33,660,0.0,117834.91,1,2,Spain,Female,0,0,0,0,0,0,0,0.10825959634514842,0,0,0
15777452,46,587,88820.29,70224.34,6,1,France,Female,0,0,0,0,0,0,0,0.10831671365193735,0,0,2
15758513,43,569,0.0,52534.81,7,2,France,Male,0,1,0,0,0,0,0,0.10832318031108867,0,0,2
15705512,37,668,167864.4,115638.29,6,1,Germany,Female,0,1,0,0,0,0,0,0.10832929159773158,0,0,2
15670205,41,518,110624.99,89327.67,5,1,Germany,Female,0,1,0,0,0,0,0,0.10833627265810097,0,0,0
15723216,33,623,80002.33,104079.62,2,1,Germany,Male,1,1,0,0,0,0,0,0.10833749909264817,0,0,0
15692671,36,701,0.0,169161.46,8,2,Spain,Male,0,1,0,0,0,0,0,0.10833827376676947,0,0,2
15623220,45,723,0.0,37214.39,4,2,Spain,Female,0,1,0,0,0,0,0,0.10834112048683642,0,0,0
15783029,34,671,106603.74,26387.71,7,2,France,Male,1,1,0,0,0,0,0,0.1083514820421978,0,0,2
15808760,42,603,0.0,90437.87,6,1,Spain,Female,1,1,0,0,0,0,0,0.10836397187850438,0,0,2
15746569,38,589,0.0,95483.48,4,1,France,Male,0,1,1,0,0,0,0,0.10836948051759798,0,0,0
15605534,51,644,95560.04,72628.84,4,1,Germany,Female,0,0,1,0,0,0,0,0.10837789778149315,0,0,3
15714260,38,646,0.0,178752.73,2,2,France,Female,0,0,0,0,0,0,0,0.10837950470929836,0,0,0
15634267,42,717,0.0,172665.21,5,2,France,Male,0,1,0,0,0,0,0,0.10838223481525178,0,0,2
15636238,40,611,0.0,102547.56,1,2,France,Male,1,1,0,0,0,0,0,0.10838860755635382,0,0,0
15812356,40,722,89175.06,152883.95,6,2,Germany,Female,1,0,0,0,0,0,0,0.10838959340380067,0,0,2
15749671,35,794,0.0,68730.91,6,2,France,Male,1,1,0,0,0,0,0,0.10840202327739823,0,0,2
15660422,28,569,0.0,73977.23,7,2,France,Male,0,1,0,0,0,0,0,0.10841363792139197,0,0,1
15596522,42,692,0.0,145222.93,2,2,France,Female,0,1,0,0,0,0,0,0.10844039251624199,0,0,0
15668943,37,746,0.0,143194.05,2,2,France,Male,0,1,0,0,0,0,0,0.10844788210261058,0,0,0
15721307,37,694,95668.82,100335.55,1,2,Germany,Male,0,1,0,0,0,0,0,0.10844852614134964,0,0,0
15680141,35,759,147936.42,106785.7,7,1,Spain,Female,1,1,0,0,0,0,0,0.10847516375265703,0,0,2
15789313,44,595,96553.52,143952.24,4,2,Germany,Female,0,1,1,0,0,0,0,0.10847827770183133,0,0,0
15752300,47,607,148826.32,79450.61,4,1,Germany,Male,1,1,0,0,0,0,0,0.10848472752762944,0,0,0
15596021,44,598,0.0,148487.9,8,2,Spain,Male,0,1,0,0,0,0,0,0.10848610768880268,0,0,2
15728917,48,598,120682.53,30635.52,6,1,France,Male,0,1,1,0,0,0,0,0.1084916930837665,0,0,2
15583371,37,632,138207.08,60778.11,1,1,Spain,Male,0,1,1,0,0,0,0,0.10849620948158611,0,0,0
15625395,28,585,105795.9,41219.09,6,1,France,Female,1,1,0,0,0,0,0,0.1085058347282194,0,0,1
15657830,43,663,87624.03,149401.33,4,2,France,Male,0,1,0,0,0,0,0,0.1085130996858672,0,0,0
15812917,35,653,116662.96,23864.21,6,2,Spain,Male,1,1,0,0,0,0,0,0.10853828890547362,0,0,2
15794159,26,633,124281.84,60116.57,8,1,France,Female,1,1,0,0,0,0,0,0.10853960004705676,0,0,1
15763414,32,655,113447.01,82084.3,9,1,Germany,Male,0,1,0,0,0,0,0,0.10854740419464709,0,0,2
15809872,32,650,84906.45,163216.48,2,1,France,Male,0,1,0,0,0,0,0,0.10855228908377151,0,0,0
15589257,35,670,103465.02,174627.06,3,2,France,Female,1,1,0,0,0,0,0,0.10855726118646886,0,0,0
15757425,38,716,0.0,99661.46,1,2,France,Female,1,1,0,0,0,0,0,0.10857368841818837,0,0,0
15814664,33,740,126524.11,136869.31,2,1,Germany,Male,0,1,0,0,0,0,0,0.10858153509195573,0,0,0
15729412,38,682,107192.38,15669.17,4,1,France,Male,1,1,0,0,0,0,0,0.10858404538180089,0,0,0
15682728,32,774,0.0,114899.13,4,2,France,Female,0,0,0,0,0,0,0,0.10859064699106635,0,0,0
15740175,42,732,118889.66,87422.15,2,2,Germany,Female,0,0,0,0,0,0,0,0.10859430012239718,0,0,0
15567147,40,802,0.0,81908.09,4,2,Spain,Male,1,1,0,0,0,0,0,0.10859576272742893,0,0,0
15695078,32,699,0.0,170770.44,3,2,France,Male,1,1,0,0,0,0,0,0.10864365893644579,0,0,0
15591724,44,560,143244.97,98661.27,5,1,France,Female,0,1,0,0,0,0,0,0.10865034061899642,0,0,0
15688128,34,542,108653.93,144725.14,8,1,Spain,Male,1,0,0,0,0,0,0,0.10865214450594307,0,0,2
15764195,39,519,111900.14,97577.17,4,1,Spain,Male,1,1,0,0,0,0,0,0.10870939173242605,0,0,0
15793813,36,774,103688.19,118971.74,7,1,France,Male,1,0,0,0,0,0,0,0.10871596483226015,0,0,2
15638159,36,649,86607.39,19825.09,6,1,Spain,Female,0,0,0,0,0,0,0,0.10872731723550982,0,0,2
15721181,46,611,0.0,45886.33,6,2,Spain,Male,0,1,0,0,0,0,0,0.10876501138482159,0,0,2
15633608,33,641,146193.6,55796.83,2,2,France,Male,1,1,1,0,0,0,0,0.10877248247310572,0,0,0
15613216,39,639,141789.15,92455.96,1,1,Spain,Female,0,1,0,0,0,0,0,0.10877503148769402,0,0,0
15645942,40,689,0.0,164768.82,2,2,Spain,Male,1,1,0,0,0,0,0,0.10877920831369092,0,0,0
15732943,36,574,77967.5,167066.95,4,1,Spain,Male,0,1,1,0,0,0,0,0.10879492932555268,0,0,0
15619083,35,502,0.0,80618.47,6,2,France,Female,1,1,0,0,0,0,0,0.1088201940409339,0,0,2
15720838,31,689,139799.63,120663.57,3,1,Spain,Female,1,0,0,0,0,0,0,0.10882925059592108,0,0,0
15590476,28,589,0.0,151645.96,7,2,France,Male,0,1,0,0,0,0,0,0.1088449867456599,0,0,1
15624744,42,622,115766.26,72155.85,9,1,Germany,Male,0,0,1,0,0,0,0,0.10884896526668736,0,0,2
15609704,33,608,0.0,79304.38,4,1,France,Female,0,1,1,0,0,0,0,0.10885930549666228,0,0,0
15572145,34,767,0.0,94767.77,8,2,France,Female,0,1,0,0,0,0,0,0.1088748734282396,0,0,2
15792720,33,676,171490.78,79099.64,6,1,France,Male,0,0,0,0,0,0,0,0.10889186867657574,0,0,2
15669342,35,731,127862.93,139083.7,2,2,Germany,Male,0,1,0,0,0,0,0,0.1089081324911545,0,0,0
15567832,40,550,114354.95,54018.93,7,1,France,Female,0,1,0,0,0,0,0,0.10892970284315429,0,0,2
15602551,39,667,0.0,68873.8,9,2,Spain,Male,0,1,0,0,0,0,0,0.10893227218587537,0,0,2
15653952,38,581,135157.05,32919.42,3,1,Germany,Female,1,1,0,0,0,0,0,0.10894030221221107,0,0,0
15584928,32,594,120074.97,162961.79,4,2,Germany,Female,1,1,0,0,0,0,0,0.10894398146734108,0,0,0
15591091,44,644,73348.56,157166.79,5,1,France,Male,0,1,1,0,0,0,0,0.1089659201152211,0,0,2
15601892,33,563,0.0,68815.05,8,2,France,Male,1,0,0,0,0,0,0,0.10897144967168787,0,0,2
15582016,41,766,99208.46,62402.38,6,2,Spain,Male,0,1,0,0,0,0,0,0.10897473612414521,0,0,2
15662574,37,636,115137.26,52484.01,1,1,Spain,Male,0,1,0,0,0,0,0,0.10897652932877072,0,0,0
15650670,40,567,105222.86,93795.86,2,2,Germany,Female,0,1,0,0,0,0,0,0.1089987361117396,0,0,0
15566988,46,656,141535.52,50595.15,7,1,Germany,Female,0,1,1,0,0,0,0,0.10901329408152427,0,0,2
15747647,27,589,0.0,144181.48,4,2,Spain,Female,0,1,0,0,0,0,0,0.10901350664146225,0,0,1
15743532,27,704,147004.34,64381.33,5,1,Germany,Male,0,1,1,0,0,0,0,0.10902688829104062,0,0,1
15580684,29,706,112564.62,42334.38,5,1,France,Female,0,1,0,0,0,0,0,0.10903062866133478,0,0,1
15811978,46,693,104763.41,62368.33,2,1,Germany,Male,1,1,0,0,0,0,0,0.10904337111101392,0,0,0
15719624,38,669,121858.98,130755.34,9,1,France,Female,0,1,0,0,0,0,0,0.10904881517346038,0,0,2
15652180,30,582,0.0,132029.95,2,2,France,Male,1,1,0,0,0,0,0,0.10905982434311201,0,0,1
15806837,37,669,0.0,132540.33,4,1,France,Male,0,1,0,0,0,0,0,0.10906119009869991,0,0,0
15720814,36,670,84266.44,38614.69,2,2,Germany,Female,0,0,0,0,0,0,0,0.10908309051074405,0,0,0
15685829,37,551,0.0,50578.4,3,2,France,Male,1,1,0,0,0,0,0,0.1091127451858635,0,0,0
15730830,30,752,0.0,104991.28,3,2,France,Female,1,1,0,0,0,0,0,0.1091158062843795,0,0,1
15592578,41,614,146997.64,137791.18,7,2,Spain,Female,0,0,0,0,0,0,0,0.1091200132021945,0,0,2
15766172,34,541,128743.55,134851.12,3,1,France,Male,0,1,0,0,0,0,0,0.10912103832341269,0,0,0
15805261,29,700,0.0,152097.02,8,2,Spain,Male,1,0,0,0,0,0,0,0.10913241675107355,0,0,1
15591512,33,564,115761.51,112350.21,2,1,Germany,Female,1,0,1,0,0,0,0,0.10914625402524902,0,0,0
15602282,45,587,134980.74,123309.57,8,1,Germany,Female,1,1,1,0,0,0,0,0.10916339581631684,0,0,2
15647842,48,601,120782.7,63940.68,8,1,Germany,Female,0,1,1,0,0,0,0,0.10916982616792648,0,0,2
15601550,36,595,85768.42,24802.77,6,1,Spain,Male,1,1,0,0,0,0,0,0.10919083271517455,0,0,2
15746338,40,565,0.0,129956.13,2,2,France,Female,1,1,0,0,0,0,0,0.1091986888356295,0,0,0
15813140,41,543,0.0,143980.29,5,2,Spain,Male,1,0,0,0,0,0,0,0.10922340571654487,0,0,0
15591036,43,577,127940.47,125140.72,3,1,Germany,Female,0,0,1,0,0,0,0,0.10922840108637344,0,0,0
15576676,28,706,124923.35,50299.14,6,2,Germany,Female,1,1,0,0,0,0,0,0.10923593116228164,0,0,1
15690733,45,608,0.0,36697.48,4,2,Spain,Male,0,0,1,0,0,0,0,0.10923968933379652,0,0,0
15648638,34,629,0.0,190347.72,6,2,Spain,Male,0,1,0,0,0,0,0,0.10924923399431863,0,0,2
15754494,33,585,152805.05,63239.65,4,1,France,Female,0,1,0,0,0,0,0,0.10925046965106733,0,0,0
15625623,45,567,0.0,121053.19,4,2,France,Female,1,0,0,0,0,0,0,0.10927766753401252,0,0,0
15815615,36,681,141952.07,185144.08,5,1,France,Male,1,1,0,0,0,0,0,0.10927821772610918,0,0,2
15767908,38,567,127678.8,45422.89,6,2,France,Male,0,0,0,0,0,0,0,0.1092850604288263,0,0,2
15651144,35,632,150561.03,64722.61,2,2,Germany,Female,0,0,0,0,0,0,0,0.10930408334207298,0,0,0
15607509,38,539,0.0,47388.41,5,2,France,Male,0,1,0,0,0,0,0,0.10931703138877819,0,0,0
15624995,31,714,152926.6,50899.91,6,1,Spain,Female,1,1,0,0,0,0,0,0.10931732077771567,0,0,2
15677243,43,538,0.0,126933.73,5,2,Spain,Male,0,1,0,0,0,0,0,0.10934416995923107,0,0,0
15574012,44,645,113755.78,149756.71,8,2,Spain,Male,0,1,1,0,0,0,0,0.10934631564157937,0,0,2
15710689,40,578,63609.92,74965.61,6,1,Spain,Male,0,0,1,0,0,0,0,0.10934846222804018,0,0,2
15648362,45,728,108924.33,84300.4,3,2,Germany,Male,0,1,1,0,0,0,0,0.1093562865123448,0,0,0
15640825,46,695,122549.64,56297.85,3,1,Spain,Male,1,1,0,0,0,0,0,0.1093598648226543,0,0,0
15627854,44,707,0.0,135077.01,3,2,Spain,Male,1,1,0,0,0,0,0,0.10937674752022475,0,0,0
15748854,28,723,91938.31,143481.85,5,1,Germany,Female,0,1,0,0,0,0,0,0.10937865368268657,0,0,1
15625716,33,637,113913.53,65316.5,9,1,France,Female,1,0,0,0,0,0,0,0.10940358982682219,0,0,2
15780256,34,630,0.0,114006.35,9,2,France,Male,1,1,0,0,0,0,0,0.10940552362582184,0,0,2
15618661,30,535,103804.97,125710.53,6,1,France,Male,1,1,0,0,0,0,0,0.10941344826223459,0,0,1
15574283,31,580,0.0,64014.24,2,2,France,Male,1,0,0,0,0,0,0,0.10941521268280824,0,0,0
15746139,33,596,139451.67,63142.12,2,1,France,Male,0,0,0,0,0,0,0,0.1094180884740848,0,0,0
15573730,42,586,126704.49,41682.3,6,2,Germany,Male,0,1,0,0,0,0,0,0.10943776652515946,0,0,2
15709135,30,691,101231.77,156529.44,7,2,Germany,Male,0,0,0,0,0,0,0,0.10943850525296306,0,0,1
15688868,26,684,87098.91,106095.82,5,1,France,Female,0,0,0,0,0,0,0,0.10943986225511632,0,0,1
15680855,33,637,145731.83,109219.43,2,1,France,Male,1,0,0,0,0,0,0,0.10944804346784792,0,0,0
15605918,43,635,78992.75,153265.31,5,2,Germany,Male,0,0,0,0,0,0,0,0.10945480603812013,0,0,0
15578738,32,609,71872.19,151924.9,7,1,France,Male,1,1,0,0,0,0,0,0.10946023067935845,0,0,2
15778395,34,762,88815.56,68562.26,4,2,Germany,Male,0,1,1,0,0,0,0,0.10946043801458871,0,0,0
15722083,39,591,0.0,42392.24,8,2,Spain,Male,0,0,0,0,0,0,0,0.10946094682459195,0,0,2
15645059,28,711,0.0,105159.89,8,2,France,Female,0,0,0,0,0,0,0,0.10946202853118714,0,0,1
15772383,36,613,131307.11,83343.73,9,1,France,Male,0,0,0,0,0,0,0,0.10950866175366719,0,0,2
15709451,35,646,121952.75,142839.82,1,2,Germany,Female,1,1,0,0,0,0,0,0.10951916830764602,0,0,0
15682585,35,593,114193.24,71154.1,9,1,France,Male,0,1,0,0,0,0,0,0.10953203486682755,0,0,2
15709412,30,776,0.0,63908.86,6,2,Spain,Male,1,0,0,0,0,0,0,0.10953979082563425,0,0,1
15601627,33,587,148163.57,122925.4,8,1,France,Male,0,0,0,0,0,0,0,0.10954328205558689,0,0,2
15787161,46,591,129269.27,163504.33,4,1,Germany,Male,0,1,0,0,0,0,0,0.10955699050145462,0,0,0
15791535,28,592,137222.77,39608.58,5,1,France,Male,0,0,0,0,0,0,0,0.10956168869915933,0,0,1
15735106,28,647,149594.02,102325.19,6,2,Spain,Male,0,1,0,0,0,0,0,0.10956290340722136,0,0,1
15620123,39,605,111169.91,9641.4,6,1,France,Male,0,0,0,0,0,0,0,0.10959491218279366,0,0,2
15614778,31,579,0.0,26149.25,6,2,France,Male,0,1,0,0,0,0,0,0.10959575321318771,0,0,2
15588535,39,750,0.0,19264.33,6,2,Spain,Female,0,0,0,0,0,0,0,0.10965402436325788,0,0,2
15746190,28,624,0.0,104353.26,2,2,Spain,Female,1,0,0,0,0,0,0,0.10966597319887134,0,0,1
15751531,41,598,0.0,161954.43,8,2,Spain,Male,1,1,0,0,0,0,0,0.10966989852619613,0,0,2
15725039,32,702,71667.74,126082.18,8,1,Spain,Male,1,1,0,0,0,0,0,0.10967161905293843,0,0,2
15705515,40,587,138241.9,159418.1,5,2,Germany,Male,0,1,0,0,0,0,0,0.10967163469927282,0,0,0
15619674,35,649,108306.44,192486.24,4,1,France,Female,1,1,0,0,0,0,0,0.10967512771914745,0,0,0
15775891,48,634,107247.69,103712.05,2,1,Germany,Male,1,1,1,0,0,0,0,0.10969034411114847,0,0,0
15808386,45,721,138523.2,59604.45,7,1,Germany,Female,0,0,1,0,0,0,0,0.10972191590531138,0,0,2
15753639,37,608,146093.39,160593.41,5,2,France,Male,0,0,0,0,0,0,0,0.10974022931228322,0,0,0
15675431,34,563,0.0,36536.93,6,2,France,Female,0,0,0,0,0,0,0,0.10974939994503052,0,0,2
15715750,44,646,113063.83,53072.49,2,1,Germany,Female,0,0,1,0,0,0,0,0.10975603921939425,0,0,0
15791501,43,590,0.0,143628.31,8,2,France,Male,1,1,0,0,0,0,0,0.10976901277785528,0,0,2
15774192,38,539,105435.74,80575.44,8,1,Germany,Female,0,0,1,0,0,0,0,0.10977448434133263,0,0,2
15773322,44,536,121898.82,131007.18,4,1,Germany,Female,0,0,0,0,0,0,0,0.10977650336883321,0,0,0
15795151,38,705,123894.43,21177.1,3,1,France,Female,0,1,0,0,0,0,0,0.10978033744789539,0,0,0
15715888,38,591,142289.28,119638.85,2,1,France,Female,1,0,0,0,0,0,0,0.10978658824820176,0,0,0
15788126,38,689,121021.05,12182.15,6,1,Spain,Female,1,1,0,0,0,0,0,0.10979788870790852,0,0,2
15710053,44,667,140406.68,57164.19,5,2,Germany,Female,1,0,0,0,0,0,0,0.10980698686446028,0,0,0
15740356,26,660,115021.76,162443.05,4,1,Germany,Male,1,0,0,0,0,0,0,0.10980900171627184,0,0,1
15573152,41,620,0.0,88852.47,9,2,France,Female,0,0,0,0,0,0,0,0.10981509817451085,0,0,2
15627881,30,603,0.0,47536.46,8,2,France,Male,1,1,0,0,0,0,0,0.10981570770444182,0,0,1
15800811,40,702,148556.74,146056.29,3,1,France,Male,1,0,0,0,0,0,0,0.10982076100383442,0,0,0
15722212,41,696,0.0,28276.83,8,2,France,Female,0,0,0,0,0,0,0,0.10982133602888228,0,0,2
15595010,39,694,0.0,99924.04,9,2,Spain,Female,0,0,0,0,0,0,0,0.10982768173442492,0,0,2
15610337,35,666,104832.49,175015.12,2,1,Spain,Male,0,1,0,0,0,0,0,0.10983000093000805,0,0,0
15699486,34,745,132944.53,31802.92,7,1,Spain,Male,1,1,0,0,0,0,0,0.10985445087069018,0,0,2
15799998,30,608,85859.76,142730.27,8,1,France,Female,0,0,0,0,0,0,0,0.10987111243884862,0,0,1
15627305,35,606,0.0,106837.06,7,1,Spain,Male,0,1,1,0,0,0,0,0.10987319136211976,0,0,2
15724181,47,647,105603.21,157360.9,5,2,Spain,Male,1,1,0,0,0,0,0,0.10987492871046672,0,0,2
15641389,48,659,123593.22,82469.06,4,2,Germany,Male,0,1,1,0,0,0,0,0.10988108897674853,0,0,0
15729763,34,655,116114.93,49492.15,1,1,Spain,Male,1,1,0,0,0,0,0,0.10988286516868345,0,0,0
15807837,30,640,107499.7,187632.22,6,1,France,Female,1,1,0,0,0,0,0,0.10988548565065731,0,0,1
15757434,28,599,119706.22,31190.42,7,1,France,Male,0,0,0,0,0,0,0,0.10990485695214375,0,0,1
15764409,37,613,108286.5,114153.44,9,1,France,Male,1,1,0,0,0,0,0,0.10992060728852526,0,0,2
15579914,30,633,109786.82,139712.81,2,2,Germany,Male,1,1,0,0,0,0,0,0.10996459309658335,0,0,1
15767804,44,729,0.0,151733.43,6,2,France,Male,0,1,0,0,0,0,0,0.10996589589513922,0,0,2
15723856,29,602,88814.4,62487.97,3,2,France,Female,1,1,0,0,0,0,0,0.10998993484197084,0,0,1
15620000,34,760,121303.77,59325.21,6,2,Germany,Male,1,1,0,0,0,0,0,0.10999906869221182,0,0,2
15650018,43,681,154100.3,114659.81,8,1,France,Female,0,0,0,0,0,0,0,0.11000266492991617,0,0,2
15805062,38,667,87202.38,77866.91,1,1,Spain,Male,1,1,0,0,0,0,0,0.11001163216032112,0,0,0
15646535,46,578,113226.47,56770.76,5,1,France,Male,0,1,0,0,0,0,0,0.11001739471446309,0,0,0
15780038,38,756,119208.85,169763.89,6,1,Spain,Male,0,1,1,0,0,0,0,0.11003978494565814,0,0,2
15783752,29,752,129514.99,102930.46,4,1,Germany,Male,1,1,0,0,0,0,0,0.11008907747599517,0,0,1
15615828,34,550,122359.5,116495.55,8,1,France,Male,0,0,0,0,0,0,0,0.1101209214746176,0,0,2
15734659,46,640,107978.4,155876.06,5,2,Germany,Female,0,1,0,0,0,0,0,0.11012768876782003,0,0,0
15750258,32,675,155663.31,97658.66,2,1,France,Female,0,1,0,0,0,0,0,0.1101303455058138,0,0,0
15595153,44,644,106022.73,148727.42,8,2,Germany,Female,0,0,0,0,0,0,0,0.1101350588099762,0,0,2
15645772,33,661,0.0,84174.81,9,2,France,Male,1,1,0,0,0,0,0,0.11017847264622099,0,0,2
15809509,29,699,125689.29,151623.71,3,1,France,Male,1,1,0,0,0,0,0,0.11018044922562709,0,0,1
15644977,31,776,0.0,92647.94,5,2,France,Female,0,1,0,0,0,0,0,0.11018910947502852,0,0,2
15572467,37,506,0.0,127543.81,5,2,France,Male,1,1,0,0,0,0,0,0.11019608555820809,0,0,0
15658148,38,657,0.0,185827.74,7,2,France,Male,0,1,0,0,0,0,0,0.11019612859881572,0,0,2
15756167,43,762,134204.67,139971.01,5,1,Spain,Female,1,1,0,0,0,0,0,0.1101970826688436,0,0,2
15742204,31,579,139729.54,135815.38,6,1,Germany,Male,1,0,0,0,0,0,0,0.11020093617382881,0,0,2
15779743,44,633,0.0,29761.29,7,2,France,Female,0,1,0,0,0,0,0,0.11020767111176266,0,0,2
15796071,29,657,83889.03,153059.62,7,1,Spain,Male,0,1,0,0,0,0,0,0.1102227999478847,0,0,1
15626243,30,618,133844.22,31406.93,3,1,France,Male,1,1,0,0,0,0,0,0.1102273747130953,0,0,1
15612524,41,643,127841.52,172363.41,2,1,Germany,Male,0,1,0,0,0,0,0,0.11023562775168455,0,0,0
15645593,41,599,91328.71,115724.78,2,1,France,Female,0,1,0,0,0,0,0,0.11025688480220164,0,0,0
15640260,32,595,131081.66,69428.79,8,2,Germany,Male,1,1,0,0,0,0,0,0.11026120896808161,0,0,2
15803790,37,638,89728.86,37294.88,2,2,Germany,Male,1,1,0,0,0,0,0,0.11027001528728597,0,0,0
15565996,44,653,0.0,154639.72,8,2,France,Male,1,1,0,0,0,0,0,0.11027657616930753,0,0,2
15765650,40,501,114655.58,126535.92,5,1,Germany,Male,0,0,0,0,0,0,0,0.11028225090040089,0,0,0
15749851,26,702,135219.57,59747.63,4,1,Spain,Female,1,0,0,0,0,0,0,0.11028818789711703,0,0,1
15694253,41,686,152105.57,132374.41,7,2,France,Female,1,0,0,0,0,0,0,0.11029041150242003,0,0,2
15756538,37,654,0.0,71492.28,5,1,France,Female,1,0,0,0,0,0,0,0.11029251721034095,0,0,0
15741643,35,777,122917.69,76169.68,7,1,Germany,Male,1,1,0,0,0,0,0,0.11031374756866935,0,0,2
15591577,35,584,146311.58,105443.47,3,1,France,Male,1,1,0,0,0,0,0,0.1103159487868578,0,0,0
15571529,48,650,138232.24,57594.78,7,1,Germany,Female,0,1,0,0,0,0,0,0.11033419812056788,0,0,2
15671917,46,666,123873.19,177844.06,5,1,France,Male,1,1,0,0,0,0,0,0.11034024755239746,0,0,2
15777179,35,687,0.0,73133.82,9,2,France,Male,1,0,0,0,0,0,0,0.11034096422134182,0,0,2
15620323,42,652,83492.07,37914.12,3,2,Spain,Female,0,1,0,0,0,0,0,0.11034158218973544,0,0,0
15606901,43,728,0.0,40023.7,7,2,France,Male,0,1,0,0,0,0,0,0.11035134482078535,0,0,2
15782806,28,718,0.0,146875.86,6,2,Spain,Male,0,1,0,0,0,0,0,0.11035846209741396,0,0,1
15686302,31,745,124328.84,140451.52,3,1,Spain,Female,1,1,0,0,0,0,0,0.11038734052482174,0,0,0
15624391,30,595,100683.54,178361.04,5,1,Spain,Female,1,1,0,0,0,0,0,0.11041091643561002,0,0,1
15660840,30,723,124119.54,162198.32,3,1,France,Male,0,1,0,0,0,0,0,0.11043086625592158,0,0,1
15571666,30,642,134497.27,43250.54,8,1,Germany,Male,0,0,0,0,0,0,0,0.11044875166128909,0,0,1
15764237,33,663,0.0,91514.62,9,2,Spain,Male,0,0,0,0,0,0,0,0.11047937718524264,0,0,2
15801821,38,691,0.0,44653.5,1,2,France,Male,0,0,0,0,0,0,0,0.1104814882836549,0,0,0
15759387,38,598,101487.18,75959.1,1,1,Germany,Male,1,1,1,0,0,0,0,0.11049269692117952,0,0,0
15649060,31,727,82729.47,60212.51,3,2,Germany,Female,0,1,0,0,0,0,0,0.11049671107366221,0,0,0
15725698,35,520,115680.81,90280.7,4,1,Spain,Female,1,1,0,0,0,0,0,0.11051425279468713,0,0,0
15783030,40,685,0.0,72852.74,7,1,France,Female,0,1,1,0,0,0,0,0.11051612949964484,0,0,2
15783589,40,616,0.0,93717.55,9,2,France,Male,0,0,0,0,0,0,0,0.11051990241931353,0,0,2
15799641,39,540,0.0,81995.92,2,2,Spain,Male,0,1,0,0,0,0,0,0.11052253698627329,0,0,0
15703778,33,728,129907.63,36083.96,8,1,France,Male,1,0,0,0,0,0,0,0.11052271717755235,0,0,2
15587712,36,589,114435.47,26955.72,8,1,France,Male,0,1,0,0,0,0,0,0.11053807552155359,0,0,2
15724423,38,571,107193.82,38962.94,6,2,France,Female,0,0,0,0,0,0,0,0.11054709257798656,0,0,2
15629150,37,721,0.0,70810.8,1,2,France,Female,0,1,0,0,0,0,0,0.11056601813256828,0,0,0
15674331,30,576,132174.41,93767.03,7,2,Germany,Male,0,0,0,0,0,0,0,0.11056973903538009,0,0,1
15797822,28,678,109137.12,58814.41,2,1,France,Male,1,1,0,0,0,0,0,0.11058157162188553,0,0,1
15693326,42,641,125437.14,164128.58,7,2,France,Female,0,0,0,0,0,0,0,0.11068220344172647,0,0,2
15758023,47,544,105245.21,99922.08,5,1,Germany,Male,0,0,1,0,0,0,0,0.11068633760249502,0,0,0
15779481,34,628,158741.43,126192.54,4,2,France,Male,1,1,0,0,0,0,0,0.11068954647904733,0,0,0
15591179,30,702,0.0,145537.32,2,2,Spain,Male,1,1,0,0,0,0,0,0.11069911189470544,0,0,1
15679611,37,734,130404.92,34548.74,2,1,Spain,Female,0,0,0,0,0,0,0,0.11074215463127801,0,0,0
15810454,32,709,147307.91,40861.55,4,1,France,Male,1,0,0,0,0,0,0,0.11074485534449141,0,0,0
15615931,37,746,0.0,171039.56,4,2,France,Female,1,0,0,0,0,0,0,0.11074922603003584,0,0,0
15665177,44,613,0.0,136491.72,3,2,France,Male,1,0,0,0,0,0,0,0.1107545265525049,0,0,0
15598840,33,680,123082.08,134960.98,1,1,France,Male,0,1,0,0,0,0,0,0.11077422935373177,0,0,0
15707189,36,667,114391.62,53412.54,1,1,Germany,Female,1,1,0,0,0,0,0,0.11077552702208326,0,0,0
15576000,40,765,138033.55,67972.45,6,1,France,Male,1,1,0,0,0,0,0,0.11079764210210469,0,0,2
15605461,29,594,130830.22,61048.53,3,1,Germany,Female,0,1,0,0,0,0,0,0.11079800048203997,0,0,1
15807524,44,569,0.0,134394.78,4,2,France,Female,0,0,0,0,0,0,0,0.11083341406639996,0,0,0
15595447,39,613,118201.41,23315.59,8,1,Spain,Male,0,1,0,0,0,0,0,0.11084973873859011,0,0,2
15742504,36,593,70181.48,80608.12,2,2,France,Male,0,1,0,0,0,0,0,0.11085007873329872,0,0,0
15653110,42,694,133767.19,36405.21,8,1,France,Male,0,1,0,0,0,0,0,0.11086198082174048,0,0,2
15785485,41,595,138878.81,112269.67,2,1,Germany,Female,1,0,0,0,0,0,0,0.11086425905581132,0,0,0
15610594,37,644,0.0,20968.88,8,2,France,Female,0,1,0,0,0,0,0,0.11088906229673917,0,0,2
15677739,36,562,0.0,32845.32,6,2,France,Male,0,1,0,0,0,0,0,0.11092912532785443,0,0,2
15569572,42,778,0.0,106197.44,6,2,France,Male,1,1,0,0,0,0,0,0.11093541322190537,0,0,2
15713267,34,779,0.0,111676.63,5,2,Spain,Female,1,0,0,0,0,0,0,0.11094448358668685,0,0,2
15812272,44,693,124601.58,46998.13,5,2,Germany,Male,1,1,1,0,0,0,0,0.11096674027634446,0,0,2
15763874,46,635,0.0,60739.16,8,2,Spain,Male,1,1,0,0,0,0,0,0.11097954373315522,0,0,2
15583692,35,591,90194.34,57064.57,2,2,Germany,Female,0,1,0,0,0,0,0,0.11099082264569976,0,0,0
15793046,35,619,90413.12,20555.21,4,1,France,Female,1,1,0,0,0,0,0,0.1109951673525032,0,0,0
15806360,41,609,0.0,112585.19,6,1,France,Male,1,0,0,0,0,0,0,0.11099592453144658,0,0,2
15738150,45,591,0.0,155492.87,5,2,France,Male,1,1,0,0,0,0,0,0.11099787142422168,0,0,0
15570087,44,664,142989.69,115452.51,8,1,France,Female,1,1,1,0,0,0,0,0.11100420825132029,0,0,2
15762902,42,649,0.0,22974.01,7,2,France,Female,1,0,0,0,0,0,0,0.11101155880925101,0,0,2
15709737,36,643,161064.64,84294.82,7,2,France,Male,1,0,0,0,0,0,0,0.11101751369025303,0,0,2
15776223,42,597,64740.12,106841.12,4,1,France,Female,1,1,0,0,0,0,0,0.111053917904329,0,0,0
15575858,40,763,0.0,134281.11,3,2,France,Male,0,1,0,0,0,0,0,0.11105782006404347,0,0,0
15711750,34,711,0.0,175310.38,6,2,France,Female,1,1,0,0,0,0,0,0.11105797076400781,0,0,2
15679968,40,623,118788.57,192867.4,5,1,France,Male,0,1,0,0,0,0,0,0.11106068074655023,0,0,0
15750410,25,680,123816.5,90162.35,4,1,France,Female,1,1,0,0,0,0,0,0.11106208879720653,0,0,1
15770567,32,557,123502.53,69826.8,3,1,France,Female,1,1,0,0,0,0,0,0.11107788666882495,0,0,0
15593773,35,784,0.0,81483.64,3,2,Spain,Male,0,0,0,0,0,0,0,0.11108046451717218,0,0,0
15598070,33,564,135946.26,63170.0,4,1,France,Female,0,1,0,0,0,0,0,0.11108164802774834,0,0,0
15705001,35,587,83286.56,125553.52,3,1,Spain,Female,0,1,0,0,0,0,0,0.1110828704322317,0,0,0
15679048,41,558,124227.14,111184.67,2,1,Germany,Male,1,1,0,0,0,0,0,0.11108535223307764,0,0,0
15754874,26,700,119009.57,141926.43,4,1,France,Male,0,1,0,0,0,0,0,0.11108947092932148,0,0,1
15761453,42,667,0.0,88890.05,6,1,France,Male,0,1,0,0,0,0,0,0.11110662262449833,0,0,2
15788118,33,656,138705.02,37136.15,7,2,France,Male,0,1,0,0,0,0,0,0.11110664028204292,0,0,2
15735203,32,654,114510.85,126143.23,1,1,Germany,Female,1,1,0,0,0,0,0,0.11111912207302077,0,0,0
15664521,31,659,149620.88,104533.51,7,2,Spain,Male,1,1,0,0,0,0,0,0.11112755355226667,0,0,2
15761606,37,617,101707.8,123866.28,9,1,Spain,Female,0,1,0,0,0,0,0,0.11112760301600555,0,0,2
15575581,30,614,131344.52,54776.64,3,2,Germany,Female,0,1,0,0,0,0,0,0.1111295819665794,0,0,1
15720676,37,700,0.0,17040.82,7,2,France,Female,0,1,0,0,0,0,0,0.11113132605177212,0,0,2
15620398,34,635,98683.47,15733.19,5,2,Spain,Female,0,1,0,0,0,0,0,0.11114151237009873,0,0,2
15677586,32,587,125445.04,130514.78,3,2,Germany,Female,1,1,0,0,0,0,0,0.11114283527112317,0,0,0
15625023,40,682,0.0,105352.55,4,1,France,Male,1,0,0,0,0,0,0,0.11115114936296794,0,0,0
15790846,38,634,148430.55,56055.72,2,1,Germany,Male,1,1,0,0,0,0,0,0.11115189946003673,0,0,0
15661734,42,608,131390.75,71178.09,8,2,Germany,Male,0,1,0,0,0,0,0,0.11116648156812953,0,0,2
15778934,49,678,0.0,98090.69,8,2,Spain,Female,1,0,0,0,0,0,0,0.11118017461836971,0,0,2
15715744,39,605,0.0,119348.28,7,1,France,Male,1,0,0,0,0,0,0,0.11118506452058707,0,0,2
15631159,41,705,72252.64,142514.66,4,2,Germany,Male,1,1,0,0,0,0,0,0.11120448483534134,0,0,0
15623072,35,529,0.0,56518.0,5,2,Spain,Female,0,1,0,0,0,0,0,0.11121918800442865,0,0,0
15747043,36,599,0.0,13210.56,4,2,Spain,Male,0,0,0,0,0,0,0,0.11124818182265267,0,0,0
15603216,25,642,0.0,102083.78,7,2,France,Male,0,1,0,0,0,0,0,0.11125041348572556,0,0,1
15743582,27,632,107375.82,62703.38,3,1,France,Female,1,1,0,0,0,0,0,0.11125305395036611,0,0,1
15629475,41,656,0.0,158973.77,2,2,France,Male,0,1,0,0,0,0,0,0.11125834036238907,0,0,0
15661198,34,727,146407.11,72073.72,2,1,Germany,Male,1,1,0,0,0,0,0,0.11126218766118634,0,0,0
15714586,42,646,99836.47,22909.56,3,1,Spain,Female,1,0,0,0,0,0,0,0.11126624459430628,0,0,0
15780909,34,769,115101.5,57841.89,7,1,Germany,Male,0,0,1,0,0,0,0,0.1112731417860458,0,0,2
15594862,36,552,0.0,132547.02,8,2,France,Male,0,0,0,0,0,0,0,0.1112736919799246,0,0,2
15682778,34,680,0.0,95686.6,9,2,France,Male,1,1,0,0,0,0,0,0.11127783938628405,0,0,2
15568429,46,633,0.0,120250.58,3,2,Spain,Female,0,1,0,0,0,0,0,0.11129320095451084,0,0,0
15579808,39,754,129401.87,87684.93,8,1,Germany,Female,1,1,0,0,0,0,0,0.11130599248486234,0,0,2
15586517,32,647,97041.16,23132.73,5,1,France,Male,1,1,0,0,0,0,0,0.11134367843228121,0,0,0
15778947,36,628,0.0,8742.91,3,2,France,Male,1,1,0,0,0,0,0,0.11134545807428903,0,0,0
15722533,40,716,0.0,167636.15,3,2,France,Female,1,0,0,0,0,0,0,0.11135938955308955,0,0,0
15740404,34,758,0.0,124226.16,3,2,France,Female,1,1,0,0,0,0,0,0.1113680772356111,0,0,0
15701354,39,699,0.0,93826.63,1,2,France,Female,0,0,0,0,0,0,0,0.11137289362793401,0,0,0
15608886,33,679,0.0,69608.48,1,2,France,Female,0,0,0,0,0,0,0,0.11137518280874148,0,0,0
15814237,30,627,128770.88,40199.01,3,2,Germany,Male,1,1,0,0,0,0,0,0.11138132577152343,0,0,1
15749103,47,604,118907.6,47777.15,4,1,Germany,Female,1,0,1,0,0,0,0,0.11138320253794759,0,0,0
15671779,39,567,0.0,168521.72,5,2,France,Male,0,0,0,0,0,0,0,0.11140024755591416,0,0,0
15648367,29,600,74430.1,96051.1,6,2,Germany,Female,1,1,0,0,0,0,0,0.11140188584959293,0,0,1
15669987,35,728,125884.95,54359.02,8,2,Germany,Female,0,1,1,0,0,0,0,0.11140562950531435,0,0,2
15712121,34,657,154983.98,27738.01,5,1,Spain,Male,0,1,0,0,0,0,0,0.11141647246547681,0,0,2
15595039,37,545,114754.08,136050.44,8,1,Germany,Female,0,1,1,0,0,0,0,0.11142572900365388,0,0,2
15750874,31,676,78990.15,124777.14,3,1,France,Male,1,1,0,0,0,0,0,0.11142686761747556,0,0,0
15610711,40,678,128644.46,167673.37,8,1,Germany,Female,0,0,0,0,0,0,0,0.11145013821855071,0,0,2
15653753,43,542,113567.94,89543.25,6,1,Spain,Male,0,1,0,0,0,0,0,0.11145774894547616,0,0,2
15637428,35,660,0.0,13218.6,7,2,France,Male,0,1,0,0,0,0,0,0.11146876877975465,0,0,2
15592765,40,637,125470.81,174536.17,8,1,France,Male,1,1,0,0,0,0,0,0.11147851524330754,0,0,2
15598574,31,695,0.0,13998.88,5,2,Spain,Female,1,0,0,0,0,0,0,0.11148395331358318,0,0,2
15569423,41,731,0.0,22299.27,4,2,Spain,Male,0,1,0,0,0,0,0,0.11148725631620643,0,0,0
15682686,38,722,0.0,167984.72,3,2,France,Female,1,0,0,0,0,0,0,0.11149664191995962,0,0,0
15642934,35,669,108269.2,174969.92,4,2,Germany,Female,0,1,0,0,0,0,0,0.11149934492216207,0,0,0
15790658,42,621,68683.68,74157.71,8,1,Spain,Male,1,1,0,0,0,0,0,0.11150139633017553,0,0,2
15592461,26,603,109166.37,92840.67,4,1,Germany,Male,1,1,0,0,0,0,0,0.11150141233073474,0,0,1
15634373,30,764,0.0,105155.66,5,2,France,Male,1,0,0,0,0,0,0,0.11150582548408144,0,0,1
15606133,42,628,0.0,172967.87,7,2,Spain,Male,1,0,0,0,0,0,0,0.11150957253392274,0,0,2
15660871,28,665,137300.23,90174.83,8,1,France,Male,0,1,0,0,0,0,0,0.11151080050590667,0,0,1
15780128,33,705,144427.96,113845.19,3,2,France,Male,0,1,0,0,0,0,0,0.11154328340468272,0,0,0
15729018,33,666,147229.65,56410.17,2,1,France,Female,1,1,0,0,0,0,0,0.1115461057736043,0,0,0
15630857,39,674,0.0,9574.83,6,2,Spain,Female,1,1,0,0,0,0,0,0.11155435995190288,0,0,2
15720919,42,667,0.0,108348.94,7,1,France,Male,1,0,1,0,0,0,0,0.11155490643024507,0,0,2
15569917,30,706,87609.68,137674.55,6,2,Spain,Male,0,0,1,0,0,0,0,0.11156328957981088,0,0,1
15788659,46,695,0.0,137537.22,4,2,France,Male,1,1,0,0,0,0,0,0.11156832282100615,0,0,0
15694890,38,588,124271.26,75969.19,1,1,France,Male,0,1,0,0,0,0,0,0.11157420991992328,0,0,0
15793049,48,680,115115.38,139558.6,8,1,Germany,Female,0,1,1,0,0,0,0,0.11158744341209009,0,0,2
15651336,32,756,0.0,147040.25,4,2,France,Female,0,1,0,0,0,0,0,0.11159355224692685,0,0,0
15604304,34,539,91622.42,136603.42,4,1,Germany,Female,1,1,0,0,0,0,0,0.11160249828303737,0,0,0
15629603,31,607,0.0,43196.5,8,2,France,Male,1,1,0,0,0,0,0,0.11160377705353591,0,0,2
15645820,27,698,0.0,111471.55,7,2,France,Male,0,1,0,0,0,0,0,0.11160437443421811,0,0,1
15762138,42,608,0.0,178504.29,5,2,France,Male,0,1,0,0,0,0,0,0.11160814166852928,0,0,0
15656333,33,574,134348.57,63163.99,3,1,France,Female,0,1,0,0,0,0,0,0.11162862479648317,0,0,0
15809462,30,656,0.0,17104.0,3,2,France,Male,1,0,0,0,0,0,0,0.11162958284873636,0,0,1
15681991,32,542,107871.72,125302.64,7,1,France,Male,0,1,0,0,0,0,0,0.11167407154668052,0,0,2
15641575,37,577,127261.35,56185.05,2,1,France,Male,0,1,0,0,0,0,0,0.11167830692114478,0,0,0
15690153,37,639,116121.84,181850.74,4,2,France,Female,1,0,0,0,0,0,0,0.11167935567192105,0,0,0
15679024,32,553,116324.53,77304.49,3,1,France,Male,0,1,0,0,0,0,0,0.11168044676991379,0,0,0
15779414,40,696,153639.11,138351.68,3,1,Spain,Male,1,1,0,0,0,0,0,0.11169431707189764,0,0,0
15622911,42,759,105420.18,121409.06,4,1,France,Male,1,0,0,0,0,0,0,0.1116992592625562,0,0,0
15580213,43,585,0.0,89402.54,2,2,France,Female,0,1,0,0,0,0,0,0.11171370217854126,0,0,0
15664720,33,714,122017.19,162515.17,8,1,Spain,Male,0,0,0,0,0,0,0,0.11172165404824969,0,0,2
15767231,36,757,144852.06,130861.95,7,1,France,Male,0,0,0,0,0,0,0,0.1117281792059609,0,0,2
15767391,32,565,90322.99,118740.37,4,2,Germany,Female,1,0,0,0,0,0,0,0.11173593418967948,0,0,0
15602354,33,564,109341.87,75632.78,3,1,Germany,Male,0,1,0,0,0,0,0,0.11175695196810781,0,0,0
15664311,28,637,123675.69,166458.41,3,1,Germany,Male,1,1,0,0,0,0,0,0.11176847657668548,0,0,1
15698816,33,721,72535.45,103931.49,4,1,Spain,Female,1,1,0,0,0,0,0,0.11182471390893517,0,0,0
15655574,40,698,150777.1,114732.62,8,1,Germany,Female,0,1,0,0,0,0,0,0.11183097452380675,0,0,2
15590993,37,579,152212.88,120219.14,5,2,Spain,Male,0,0,0,0,0,0,0,0.11185453565176634,0,0,0
15628007,33,653,0.0,53379.52,1,2,France,Male,0,0,0,0,0,0,0,0.1118621968877544,0,0,0
15781234,35,609,147900.43,140000.29,2,1,France,Female,0,1,0,0,0,0,0,0.11187990220133748,0,0,0
15576644,29,687,78939.15,122134.56,4,1,Germany,Female,0,1,1,0,0,0,0,0.11188323007733852,0,0,1
15582259,37,567,0.0,28690.9,7,2,France,Female,1,1,0,0,0,0,0,0.1118856032496694,0,0,2
15726313,50,687,0.0,110230.4,5,2,Spain,Female,0,1,0,0,0,0,0,0.11188638098249426,0,0,2
15666982,38,629,123948.85,76053.07,9,1,Germany,Female,0,1,0,0,0,0,0,0.11188724303594466,0,0,2
15766683,36,549,139422.37,83983.39,6,1,Germany,Male,0,0,1,0,0,0,0,0.11193745050732085,0,0,2
15740900,34,589,0.0,177896.92,6,2,France,Male,1,1,0,0,0,0,0,0.11194968727199761,0,0,2
15728912,44,554,92436.86,126033.9,6,1,France,Female,0,1,0,0,0,0,0,0.1119816794499221,0,0,2
15790067,39,614,151914.93,56459.45,3,1,Spain,Male,0,0,0,0,0,0,0,0.11199001509985052,0,0,0
15766205,38,550,103391.38,90878.13,2,1,Germany,Male,1,0,0,0,0,0,0,0.11201950368736513,0,0,0
15700300,44,674,131593.85,171345.02,4,1,Germany,Female,1,0,1,0,0,0,0,0.11201994408036381,0,0,0
15724944,34,663,0.0,180427.24,7,2,France,Male,1,1,0,0,0,0,0,0.11202885138774066,0,0,2
15636595,37,602,107592.89,153122.73,3,2,Spain,Male,1,0,0,0,0,0,0,0.112034679336589,0,0,0
15791302,32,741,0.0,143598.7,8,2,France,Male,0,1,0,0,0,0,0,0.11206136684855889,0,0,2
15665879,40,768,0.0,69080.46,8,2,France,Female,1,0,0,0,0,0,0,0.11206598798994949,0,0,2
15627697,34,662,0.0,21497.27,2,2,France,Male,1,0,0,0,0,0,0,0.11207268645325291,0,0,0
15685109,39,689,0.0,14917.09,7,2,France,Male,0,0,0,0,0,0,0,0.11208808851281904,0,0,2
15713854,37,513,0.0,110142.34,6,2,France,Female,0,1,0,0,0,0,0,0.1121110263318541,0,0,2
15674149,36,599,128960.21,40318.33,3,2,Germany,Male,1,1,0,0,0,0,0,0.1121163116656092,0,0,0
15603741,40,719,128389.12,176091.31,4,1,Spain,Male,1,1,0,0,0,0,0,0.11212220021174363,0,0,0
15773017,37,763,0.0,149705.25,6,2,Spain,Female,1,1,0,0,0,0,0,0.11212502322764994,0,0,2
15789546,28,639,0.0,126561.07,8,2,Spain,Male,0,1,0,0,0,0,0,0.11213282182098805,0,0,1
15777076,36,651,0.0,13898.31,7,2,France,Male,0,1,0,0,0,0,0,0.11217748269596967,0,0,2
15570060,43,586,132558.26,67046.83,8,1,France,Female,0,1,1,0,0,0,0,0.11219651673729952,0,0,2
15570947,29,615,143330.56,126396.01,7,2,Spain,Female,1,1,0,0,0,0,0,0.11220501796675131,0,0,1
15807239,34,664,93920.47,179913.98,7,1,France,Female,0,0,0,0,0,0,0,0.11220756987572639,0,0,2
15570508,49,600,90218.9,91347.76,7,1,France,Male,0,1,0,0,0,0,0,0.1122138627345659,0,0,2
15647191,36,677,0.0,7824.31,4,2,France,Male,0,1,0,0,0,0,0,0.11221836264914758,0,0,0
15606755,46,597,0.0,58667.16,4,2,Spain,Female,0,1,1,0,0,0,0,0.11224757544482117,0,0,0
15766667,36,717,102989.83,49185.57,2,2,Spain,Male,1,0,0,0,0,0,0,0.11225085977112137,0,0,0
15692226,31,705,142905.51,58134.97,3,1,France,Female,1,1,0,0,0,0,0,0.11225628435796292,0,0,0
15577683,29,539,0.0,100919.19,4,2,France,Female,1,1,0,0,0,0,0,0.11226752799040884,0,0,1
15792922,38,639,130233.14,81861.1,9,1,Spain,Male,1,1,0,0,0,0,0,0.1122677542458741,0,0,2
15703068,41,716,126145.54,138051.19,8,2,Germany,Male,1,1,0,0,0,0,0,0.11227736562594787,0,0,2
15696120,30,701,0.0,115650.63,2,2,Spain,Female,0,1,0,0,0,0,0,0.11229140617492661,0,0,1
15597885,43,772,0.0,57675.88,6,2,France,Male,1,1,0,0,0,0,0,0.11229723912615863,0,0,2
15723827,30,683,114779.35,183171.47,4,1,France,Male,0,0,0,0,0,0,0,0.11231476006015534,0,0,1
15649136,43,650,0.0,16301.91,6,2,France,Female,1,1,0,0,0,0,0,0.11233109070479314,0,0,2
15723488,47,668,106854.21,157959.02,7,1,Germany,Male,1,0,1,0,0,0,0,0.11233434596768282,0,0,2
15615670,36,762,119547.46,42693.65,5,1,France,Male,1,1,0,0,0,0,0,0.11234332359978422,0,0,2
15570299,31,584,152622.34,99298.8,6,1,Germany,Female,0,1,0,0,0,0,0,0.1123506641473282,0,0,2
15733460,36,622,0.0,104852.6,9,2,Spain,Male,1,1,0,0,0,0,0,0.11235917054836386,0,0,2
15788556,42,683,148283.94,44692.63,4,1,France,Female,1,1,1,0,0,0,0,0.11236521722251669,0,0,0
15570943,35,711,133607.75,120586.32,2,1,Germany,Female,1,1,0,0,0,0,0,0.11237160716976874,0,0,0
15701160,43,556,125890.72,74854.97,4,1,Germany,Female,1,1,0,0,0,0,0,0.11241358459894985,0,0,0
15699415,46,618,150213.71,120668.46,6,1,France,Female,0,1,1,0,0,0,0,0.11241536765545068,0,0,2
15694450,42,677,99580.13,21007.96,5,1,France,Male,0,1,0,0,0,0,0,0.11241598094019789,0,0,2
15701206,44,566,0.0,66462.79,5,2,Spain,Male,0,1,0,0,0,0,0,0.11243149602349595,0,0,0
15627385,34,748,84009.47,137001.1,5,1,France,Male,1,1,0,0,0,0,0,0.1124319688503036,0,0,2
15632125,45,606,63832.43,93707.8,5,1,Germany,Male,1,1,0,0,0,0,0,0.11244068278675418,0,0,0
15643819,25,714,0.0,82500.84,4,2,France,Female,0,0,0,0,0,0,0,0.11244944033915577,0,0,1
15771442,40,633,150578.0,34670.62,4,1,France,Male,1,0,1,0,0,0,0,0.11244962562898908,0,0,0
15694860,38,675,68065.8,138777.0,6,1,France,Female,0,0,1,0,0,0,0,0.11245425198128545,0,0,2
15668235,41,614,123475.04,179227.52,3,1,France,Female,1,1,0,0,0,0,0,0.11245506473152306,0,0,0
15675320,40,758,93499.82,123218.81,5,2,Spain,Female,0,0,0,0,0,0,0,0.11250981413814215,0,0,2
15775430,31,651,138008.06,129912.74,7,2,Germany,Male,0,1,0,0,0,0,0,0.11251354927950091,0,0,2
15692317,30,722,0.0,166376.54,5,2,France,Male,0,1,0,0,0,0,0,0.11251941644423397,0,0,1
15702656,33,651,96834.78,108764.69,1,1,France,Female,0,1,0,0,0,0,0,0.11252859720704556,0,0,0
15593454,40,678,113794.22,16618.76,4,1,Spain,Female,0,1,0,0,0,0,0,0.11254511750186108,0,0,0
15799468,34,591,96127.27,30972.06,3,1,France,Female,0,0,0,0,0,0,0,0.11255124702521802,0,0,0
15798943,46,646,0.0,133059.15,8,2,France,Female,0,1,0,0,0,0,0,0.11257656071769478,0,0,2
15813974,37,731,116880.53,172718.35,3,1,Germany,Male,0,0,1,0,0,0,0,0.11260059955654239,0,0,0
15715673,46,651,89743.05,156425.57,4,1,Spain,Female,0,1,1,0,0,0,0,0.11260847251939071,0,0,0
15751120,36,752,119912.46,124354.92,2,1,France,Female,0,1,0,0,0,0,0,0.11261020371691871,0,0,0
15789095,30,775,0.0,57461.13,4,2,Spain,Male,1,0,0,0,0,0,0,0.1126110776981808,0,0,1
15601172,31,672,91125.75,177295.92,6,1,France,Male,0,1,0,0,0,0,0,0.11263772634336322,0,0,2
15801466,39,574,122524.61,88463.63,2,2,France,Female,0,1,0,0,0,0,0,0.1126409869869835,0,0,0
15765283,40,624,149961.99,104610.86,3,2,Germany,Female,0,1,0,0,0,0,0,0.11267218359998171,0,0,0
15599386,28,627,71097.23,130504.49,5,1,Germany,Male,1,1,0,0,0,0,0,0.1126828718482833,0,0,1
15716381,50,666,109062.28,140136.1,7,1,Germany,Female,1,1,1,0,0,0,0,0.11272619937418177,0,0,2
15623450,27,637,135842.89,101418.05,7,1,Germany,Female,1,1,0,0,0,0,0,0.11273021022994861,0,0,1
15708693,33,759,0.0,56583.88,2,2,France,Female,0,1,0,0,0,0,0,0.1127339413743857,0,0,0
15736146,28,608,96679.71,49133.45,4,1,Germany,Male,1,1,0,0,0,0,0,0.11275195718187592,0,0,1
15786469,34,686,0.0,87278.48,1,2,France,Female,0,1,0,0,0,0,0,0.11278840683598668,0,0,0
15630725,45,649,92786.66,173365.9,5,1,France,Female,0,1,1,0,0,0,0,0.11281985149248597,0,0,2
15697480,30,731,0.0,143086.09,7,2,France,Male,1,0,0,0,0,0,0,0.11282970962456018,0,0,1
15583552,44,674,88902.21,73731.32,3,1,Germany,Male,0,1,0,0,0,0,0,0.11283928746460514,0,0,0
15776629,39,650,0.0,186275.7,4,2,France,Female,0,0,0,0,0,0,0,0.11287471702130308,0,0,0
15631217,40,663,156218.19,33607.72,6,1,France,Male,1,0,0,0,0,0,0,0.11288312246969295,0,0,2
15626414,44,703,98862.54,151516.7,6,1,France,Male,0,1,0,0,0,0,0,0.11289672585892485,0,0,2
15741049,29,577,0.0,55473.15,7,2,France,Male,1,1,0,0,0,0,0,0.11290904220638592,0,0,1
15800482,33,586,0.0,168261.4,7,2,Spain,Female,1,1,0,0,0,0,0,0.11295697292632995,0,0,2
15679299,27,726,123826.07,78970.58,7,1,Spain,Female,1,0,0,0,0,0,0,0.11295703998103901,0,0,1
15641733,34,671,164757.56,110748.88,5,1,France,Female,0,1,0,0,0,0,0,0.11296766158171534,0,0,2
15573520,49,692,110540.43,107472.99,6,2,Germany,Male,1,0,0,0,0,0,0,0.1129804416687833,0,0,2
15812007,25,670,0.0,78358.94,6,2,Spain,Male,1,1,0,0,0,0,0,0.11298891381084858,0,0,1
15739189,33,561,0.0,45261.47,6,2,Spain,Female,0,1,0,0,0,0,0,0.11303354716403968,0,0,2
15639552,40,603,148897.02,105052.9,8,1,Germany,Female,0,0,0,0,0,0,0,0.11303397274888355,0,0,2
15614643,39,731,0.0,136737.13,2,2,Spain,Female,0,1,0,0,0,0,0,0.11304559985402385,0,0,0
15736069,35,767,132253.22,115566.57,6,1,Germany,Female,0,1,1,0,0,0,0,0.11304761918345763,0,0,2
15615624,28,605,0.0,159508.52,6,2,France,Female,0,0,0,0,0,0,0,0.11304841487473671,0,0,1
15806929,36,751,73194.99,89222.66,5,1,Germany,Male,1,1,0,0,0,0,0,0.113050569992657,0,0,2
15784320,44,632,133793.89,34607.14,3,1,France,Female,1,1,1,0,0,0,0,0.1130641516657438,0,0,0
15585215,31,763,0.0,50404.72,4,2,France,Female,0,0,0,0,0,0,0,0.11311443455093895,0,0,0
15585907,30,676,0.0,179066.58,5,2,Spain,Female,0,0,0,0,0,0,0,0.11311957254130528,0,0,1
15664083,37,666,158468.76,93266.01,2,1,Germany,Female,1,0,0,0,0,0,0,0.11312400518624532,0,0,0
15656263,29,764,0.0,65868.28,5,2,Spain,Male,0,1,0,0,0,0,0,0.11313468468864857,0,0,1
15621353,37,645,0.0,13589.93,7,2,Spain,Female,0,1,0,0,0,0,0,0.11313567560585552,0,0,2
15738884,41,642,157777.58,67484.6,4,1,Germany,Male,0,1,0,0,0,0,0,0.11314637097946645,0,0,0
15665678,36,607,158261.68,76744.72,8,1,Spain,Male,1,1,0,0,0,0,0,0.11314937813906017,0,0,2
15567063,34,766,106434.94,137995.66,6,1,Germany,Female,1,0,1,0,0,0,0,0.1131607173582872,0,0,2
15684516,34,629,121151.05,119357.93,1,1,Spain,Male,0,0,0,0,0,0,0,0.11316673850831183,0,0,0
15626475,30,685,0.0,140889.32,2,2,France,Male,1,1,0,0,0,0,0,0.11316902643028004,0,0,1
15594041,41,592,138734.94,90020.74,2,1,Spain,Female,0,1,0,0,0,0,0,0.11317264851306014,0,0,0
15770041,43,728,128412.61,139024.31,8,1,Spain,Female,1,0,0,0,0,0,0,0.11317368890579499,0,0,2
15628904,35,733,102918.38,45959.86,8,1,Spain,Male,1,1,0,0,0,0,0,0.11317935759873382,0,0,2
15716041,39,622,0.0,100862.36,9,2,Spain,Male,1,0,0,0,0,0,0,0.11318941962738965,0,0,2
15780514,33,707,136678.52,54290.62,8,1,France,Male,0,1,0,0,0,0,0,0.11318943813552057,0,0,2
15652615,39,742,140004.96,92985.78,8,1,France,Male,1,1,0,0,0,0,0,0.11320773010402974,0,0,2
15647207,26,609,0.0,98463.99,7,2,France,Male,0,1,0,0,0,0,0,0.11323729019239287,0,0,1
15782530,30,681,111093.01,68985.99,2,1,Spain,Male,0,1,0,0,0,0,0,0.11328602278501965,0,0,1
15649211,40,708,83015.71,101089.76,8,1,Spain,Male,0,1,0,0,0,0,0,0.11328705933265815,0,0,2
15671804,36,648,146943.38,130041.45,8,2,Spain,Male,1,1,0,0,0,0,0,0.11329153908725248,0,0,2
15697095,46,705,0.0,117273.35,7,2,Spain,Male,0,1,0,0,0,0,0,0.11332318188005908,0,0,2
15611699,40,641,0.0,126996.67,7,1,France,Female,0,1,0,0,0,0,0,0.11333745068220918,0,0,2
15719541,31,675,90826.27,60270.87,2,2,Spain,Male,0,1,0,0,0,0,0,0.1133737591734893,0,0,0
15742442,46,705,89364.91,139162.15,5,1,Spain,Female,1,0,0,0,0,0,0,0.11338761441587414,0,0,2
15622117,31,625,0.0,151843.54,8,2,Spain,Female,0,1,0,0,0,0,0,0.11339874124416904,0,0,2
15711889,42,668,150461.07,108139.23,3,1,France,Male,0,1,0,0,0,0,0,0.11345475772233488,0,0,0
15583857,43,623,123536.52,154908.52,4,2,Spain,Female,0,0,0,0,0,0,0,0.11345657874750159,0,0,0
15723989,40,646,93680.43,179473.26,5,2,France,Male,1,1,0,0,0,0,0,0.1134749115926717,0,0,0
15601116,32,686,0.0,179093.26,6,2,France,Male,1,1,0,0,0,0,0,0.11349789177794656,0,0,2
15802390,34,724,0.0,118863.38,2,2,France,Female,1,1,0,0,0,0,0,0.11350846918632801,0,0,0
15785358,46,586,106968.96,79366.98,8,1,Germany,Male,1,1,1,0,0,0,0,0.11352214041327519,0,0,2
15756481,39,636,118336.14,184691.77,3,1,France,Female,0,1,0,0,0,0,0,0.11352278433508367,0,0,0
15789014,26,600,108909.12,82547.01,6,1,France,Female,0,1,0,0,0,0,0,0.11352449104777673,0,0,1
15752578,37,626,133968.96,148689.65,2,2,France,Female,0,1,0,0,0,0,0,0.11352479735826437,0,0,0
15617507,36,530,0.0,80619.09,7,2,Spain,Female,0,1,0,0,0,0,0,0.11353510927937427,0,0,2
15642099,39,679,0.0,12266.06,6,2,Spain,Male,0,1,0,0,0,0,0,0.11357040276096747,0,0,2
15800845,33,732,111379.55,45098.62,8,1,Spain,Female,1,1,0,0,0,0,0,0.11357188077029945,0,0,2
15786200,31,564,0.0,53520.03,4,2,France,Male,0,1,0,0,0,0,0,0.11359226346005363,0,0,0
15752588,36,664,0.0,95372.64,1,2,France,Male,1,1,0,0,0,0,0,0.11360509734430707,0,0,0
15787229,34,761,0.0,61251.25,2,2,Spain,Female,0,1,0,0,0,0,0,0.1136117169508582,0,0,0
15802009,33,770,0.0,126131.9,6,2,France,Female,1,1,0,0,0,0,0,0.11362874168598297,0,0,2
15760924,41,575,100062.39,126307.25,2,1,Spain,Male,0,0,0,0,0,0,0,0.1136473581733139,0,0,0
15600708,34,640,77826.8,168544.85,3,1,Spain,Female,1,1,0,0,0,0,0,0.11364923746607464,0,0,0
15782941,31,573,0.0,91957.39,2,2,France,Male,1,1,0,0,0,0,0,0.1136577521112001,0,0,0
15683560,40,642,0.0,183963.34,7,2,France,Female,0,1,0,0,0,0,0,0.11367274531845611,0,0,2
15588446,34,550,0.0,131281.28,3,2,Spain,Male,0,0,0,0,0,0,0,0.11368513618396031,0,0,0
15580701,33,712,153819.58,79176.09,3,1,France,Male,0,1,1,0,0,0,0,0.11368691401886122,0,0,0
15680970,41,611,114206.84,164061.6,2,1,Germany,Female,0,1,0,0,0,0,0,0.1137014902466777,0,0,0
15649430,28,723,0.0,123885.88,4,2,France,Male,1,1,0,0,0,0,0,0.1137155202495253,0,0,1
15581280,29,714,92887.13,69578.49,6,1,Germany,Male,1,1,0,0,0,0,0,0.11372440481696394,0,0,1
15791045,38,568,132951.92,124486.28,3,1,France,Female,1,0,0,0,0,0,0,0.11372987681588209,0,0,0
15799515,48,652,133297.24,77764.37,8,1,France,Female,0,1,0,0,0,0,0,0.11373840044760902,0,0,2
15627162,27,695,125552.96,105291.26,6,1,Germany,Male,0,1,0,0,0,0,0,0.11374202879734452,0,0,1
15804072,42,701,0.0,24210.56,5,2,Spain,Female,0,0,0,0,0,0,0,0.11374224619512813,0,0,2
15609176,32,688,0.0,177607.77,5,2,France,Female,1,0,0,0,0,0,0,0.11374918891216884,0,0,2
15717286,40,675,79035.95,142783.98,8,1,Spain,Female,0,1,1,0,0,0,0,0.11375084254459888,0,0,2
15720284,37,607,135927.06,180890.4,4,1,Germany,Female,0,0,0,0,0,0,0,0.11375572082265445,0,0,0
15574167,33,665,101286.11,159840.51,2,1,France,Male,1,1,0,0,0,0,0,0.11376015267494993,0,0,0
15662698,43,648,81153.82,144532.85,7,1,Spain,Female,1,1,1,0,0,0,0,0.11376416024815056,0,0,2
15784526,44,616,102016.38,178235.37,5,1,France,Male,1,0,1,0,0,0,0,0.11377820133448119,0,0,0
15629323,37,617,116471.43,175324.74,4,2,Germany,Female,0,1,1,0,0,0,0,0.11378451449383092,0,0,0
15754820,35,637,147127.81,84760.7,8,2,Germany,Male,1,1,0,0,0,0,0,0.11382487251429368,0,0,2
15603794,48,623,118469.38,158590.25,5,1,France,Male,1,1,0,0,0,0,0,0.11382530947178104,0,0,0
15779862,31,658,133003.03,146339.27,3,1,Germany,Female,1,0,1,0,0,0,0,0.11383271018792929,0,0,0
15701121,38,521,110641.18,136507.69,5,1,France,Male,1,0,1,0,0,0,0,0.11383487115992863,0,0,0
15780409,40,783,0.0,109742.55,6,2,France,Male,0,1,0,0,0,0,0,0.11384275376190844,0,0,2
15690670,33,720,0.0,141031.08,2,2,France,Male,1,0,0,0,0,0,0,0.11385555116801405,0,0,0
15596914,31,630,112373.49,131167.98,2,2,Germany,Female,1,1,0,0,0,0,0,0.1138658540092416,0,0,0
15757521,35,606,132164.26,164815.59,2,1,France,Male,1,0,0,0,0,0,0,0.11386846344618806,0,0,0
15654025,51,646,101629.3,130541.1,4,1,France,Female,0,0,0,0,0,0,0,0.11388229357366969,0,0,3
15603221,32,696,84421.62,52314.71,4,1,Germany,Male,1,0,0,0,0,0,0,0.11388590627844147,0,0,0
15796480,31,687,0.0,145411.39,2,2,France,Female,1,0,0,0,0,0,0,0.11388726591399645,0,0,0
15672246,43,686,134896.03,97847.05,2,1,Germany,Male,1,1,0,0,0,0,0,0.11388859012667363,0,0,0
15779973,35,684,99967.76,176882.08,3,1,Germany,Male,1,1,0,0,0,0,0,0.11389220430327923,0,0,0
15577064,36,592,104702.65,107948.72,2,2,Germany,Male,0,1,0,0,0,0,0,0.11390046073066745,0,0,0
15659820,34,614,0.0,185561.89,5,2,France,Female,0,1,0,0,0,0,0,0.11390288460637593,0,0,0
15639549,33,718,70541.06,88592.8,4,1,Germany,Female,0,0,0,0,0,0,0,0.11390497311458547,0,0,0
15779267,47,584,0.0,89286.29,5,2,France,Male,0,1,0,0,0,0,0,0.11392373353490526,0,0,0
15624397,43,627,71240.3,127734.16,8,1,France,Male,1,0,0,0,0,0,0,0.11392374456832871,0,0,2
15729019,34,602,98382.72,39542.0,8,1,Spain,Male,0,1,0,0,0,0,0,0.1139292029475682,0,0,2
15797246,34,621,91258.52,44857.4,2,2,Germany,Female,0,1,0,0,0,0,0,0.11393028795809895,0,0,0
15636572,32,760,0.0,105969.05,7,2,France,Female,1,1,0,0,0,0,0,0.11394676197381315,0,0,2
15586557,41,661,0.0,88279.6,5,1,France,Male,1,0,0,0,0,0,0,0.11394999776608522,0,0,0
15586133,44,666,122314.5,68574.88,2,1,Germany,Female,0,0,1,0,0,0,0,0.11397598168379741,0,0,0
15625881,37,634,111432.77,167032.49,3,2,Germany,Male,1,1,0,0,0,0,0,0.11397881780034785,0,0,0
15721585,29,628,113146.98,124749.08,3,2,Germany,Male,1,0,0,0,0,0,0,0.11398387964111106,0,0,1
15601417,32,681,148884.47,90967.37,3,2,France,Male,1,1,0,0,0,0,0,0.11399655772348144,0,0,0
15797905,48,682,0.0,65069.03,7,2,France,Female,0,1,0,0,0,0,0,0.11399861654551136,0,0,2
15764170,44,647,93960.35,36579.53,4,1,Germany,Male,0,1,1,0,0,0,0,0.11399983380749884,0,0,0
15672357,38,631,0.0,181605.85,7,2,Spain,Male,0,1,0,0,0,0,0,0.11400098232790135,0,0,2
15794875,35,691,0.0,178038.17,6,2,Spain,Male,1,0,0,0,0,0,0,0.11404091650087472,0,0,2
15700946,34,574,152992.91,134691.2,7,1,France,Female,1,1,0,0,0,0,0,0.11404940734091495,0,0,2
15626948,42,701,86167.82,153342.38,6,1,France,Female,0,1,0,0,0,0,0,0.11405007090069674,0,0,2
15662571,35,639,0.0,170483.9,8,2,France,Male,0,1,0,0,0,0,0,0.11405052847104424,0,0,2
15574558,32,718,0.0,41399.33,8,2,Spain,Male,1,1,0,0,0,0,0,0.11406716352295454,0,0,2
15682757,30,734,0.0,107640.25,3,2,France,Male,0,1,0,0,0,0,0,0.11407759491131242,0,0,1
15719276,35,741,74371.49,99595.67,6,1,Spain,Male,0,0,0,0,0,0,0,0.11407868585312753,0,0,2
15658890,46,603,98899.76,86190.34,4,2,Germany,Male,1,1,0,0,0,0,0,0.11408482902760131,0,0,0
15643496,34,730,74197.38,96875.52,5,2,France,Female,0,1,0,0,0,0,0,0.11408689061993149,0,0,2
15769955,40,683,0.0,75762.0,1,2,France,Female,0,0,0,0,0,0,0,0.11411731121275026,0,0,0
15644896,32,663,108586.86,182355.21,3,1,Germany,Male,1,1,0,0,0,0,0,0.11412011455189086,0,0,0
15623471,38,607,98205.77,176318.27,3,1,Germany,Male,0,1,0,0,0,0,0,0.11414394594693861,0,0,0
15592937,41,632,81877.38,33642.21,3,1,Germany,Female,1,1,0,0,0,0,0,0.11415747692157235,0,0,0
15778049,29,633,117412.35,30338.94,6,1,Germany,Male,0,0,0,0,0,0,0,0.11417603468681053,0,0,1
15767414,40,591,99886.42,88695.19,2,2,France,Male,1,1,0,0,0,0,0,0.11418696435819453,0,0,0
15618816,40,670,147171.2,69850.04,2,1,Germany,Female,1,0,0,0,0,0,0,0.11419504816142173,0,0,0
15713463,41,645,138881.04,129936.53,2,1,Germany,Female,0,1,1,0,0,0,0,0.11419657488834223,0,0,0
15613712,34,634,0.0,61995.57,1,2,Spain,Male,0,1,0,0,0,0,0,0.114197879084589,0,0,0
15780966,32,709,0.0,109681.29,2,2,France,Female,0,0,0,0,0,0,0,0.11420304859203062,0,0,0
15670668,29,658,75395.53,54914.92,5,2,Germany,Male,1,0,0,0,0,0,0,0.11420636612887253,0,0,1
15721433,38,664,74306.19,154395.56,4,2,France,Female,0,1,0,0,0,0,0,0.11420744899203905,0,0,0
15714087,45,624,151855.33,68794.15,5,1,Germany,Female,0,1,0,0,0,0,0,0.11423472215073954,0,0,0
15801351,40,583,0.0,47728.0,3,2,France,Male,0,1,0,0,0,0,0,0.11424899662651822,0,0,0
15636478,31,621,136658.61,148689.13,7,1,France,Male,1,1,0,0,0,0,0,0.1142576877724455,0,0,2
15632143,31,652,119148.55,149740.22,2,1,France,Male,0,0,0,0,0,0,0,0.11427591092510575,0,0,0
15724296,41,684,119782.72,120284.67,2,2,Spain,Male,0,0,0,0,0,0,0,0.11432885468725584,0,0,0
15610271,42,684,103210.27,31002.03,3,1,Spain,Female,0,1,0,0,0,0,0,0.11433702620754904,0,0,0
15712849,41,632,126550.7,177644.52,3,1,Germany,Male,0,0,1,0,0,0,0,0.11433727847038122,0,0,0
15768887,26,597,0.0,95159.13,5,2,Spain,Male,1,0,0,0,0,0,0,0.11433887576673157,0,0,1
15794870,38,744,73023.17,78770.86,6,2,Germany,Male,0,1,0,0,0,0,0,0.11433992083840683,0,0,2
15750396,33,670,0.0,86413.11,1,2,France,Male,1,1,0,0,0,0,0,0.11434884557259867,0,0,0
15745827,30,617,132005.77,142940.39,3,1,France,Male,0,1,0,0,0,0,0,0.1143573522596707,0,0,1
15800116,28,712,145605.44,93883.53,4,1,Germany,Male,1,0,0,0,0,0,0,0.11436521353980988,0,0,1
15627514,46,688,0.0,104902.68,3,2,Spain,Female,1,0,0,0,0,0,0,0.11437596250531146,0,0,0
15758939,35,540,127801.88,84239.46,7,1,Germany,Male,1,0,0,0,0,0,0,0.11438071602551181,0,0,2
15800515,35,516,128653.59,127558.26,5,1,France,Male,0,1,0,0,0,0,0,0.11439251087184815,0,0,0
15714610,30,575,0.0,82222.86,2,2,Spain,Male,1,1,0,0,0,0,0,0.11439579424464652,0,0,1
15652808,41,774,126670.37,102426.06,5,1,France,Female,0,1,0,0,0,0,0,0.11441348528380013,0,0,2
15682467,36,725,118851.05,102747.02,1,1,France,Female,1,1,0,0,0,0,0,0.11442266834618342,0,0,0
15814004,29,589,0.0,98320.27,2,2,France,Male,1,0,0,0,0,0,0,0.11442846940007806,0,0,1
15685226,29,712,147199.07,84932.4,7,1,Germany,Female,1,1,0,0,0,0,0,0.11444489241671496,0,0,1
15679966,31,661,133964.3,166187.1,3,1,France,Female,1,1,0,0,0,0,0,0.11445693152032277,0,0,0
15807194,34,718,113922.44,30772.22,5,2,Spain,Male,0,1,0,0,0,0,0,0.11447936617683452,0,0,2
15677377,37,543,0.0,78915.68,3,2,Spain,Male,1,1,0,0,0,0,0,0.11448080042113312,0,0,0
15598521,33,580,131647.01,79775.19,7,2,Germany,Female,0,0,0,0,0,0,0,0.1145118661786938,0,0,2
15731744,30,692,0.0,130486.57,2,2,France,Male,1,0,0,0,0,0,0,0.11451354657328539,0,0,1
15673908,42,602,158414.85,131886.46,6,1,Germany,Female,1,1,0,0,0,0,0,0.11451624944627925,0,0,2
15665861,44,733,106070.89,101617.43,3,1,Spain,Male,1,0,0,0,0,0,0,0.11451982080769535,0,0,0
15809722,40,611,100812.33,147358.27,8,2,France,Female,0,1,0,0,0,0,0,0.11452240647496753,0,0,2
15642448,28,656,120047.77,137173.39,8,1,Spain,Male,1,1,0,0,0,0,0,0.11452253869680251,0,0,1
15615032,46,624,0.0,62825.03,3,2,Spain,Male,1,1,0,0,0,0,0,0.11452486343900936,0,0,0
15627395,41,643,154902.66,49667.28,7,1,Germany,Male,1,1,0,0,0,0,0,0.11453225296444591,0,0,2
15586523,29,720,106230.92,69903.93,7,1,Germany,Female,1,1,1,0,0,0,0,0.11453899237305354,0,0,1
15576185,29,653,0.0,41671.81,2,2,France,Male,1,1,0,0,0,0,0,0.1145644791222451,0,0,1
15606273,37,616,144235.73,154957.66,5,2,France,Male,0,0,1,0,0,0,0,0.11458115504014432,0,0,0
15590268,35,529,95772.97,112781.5,5,1,Spain,Male,1,1,0,0,0,0,0,0.11458290979690544,0,0,0
15747222,35,745,0.0,116581.1,8,2,Spain,Female,1,1,0,0,0,0,0,0.11458910368975234,0,0,2
15748327,34,724,118235.7,157137.23,6,2,Germany,Male,0,0,0,0,0,0,0,0.11458947721261636,0,0,2
15785352,37,606,82373.94,172526.9,6,1,France,Male,0,0,1,0,0,0,0,0.114602822127844,0,0,2
15678333,26,683,0.0,86619.77,7,2,France,Female,0,1,0,0,0,0,0,0.11460308482051867,0,0,1
15806438,42,580,123331.36,103516.08,2,1,Germany,Female,0,0,1,0,0,0,0,0.11461365526677242,0,0,0
15685706,40,731,118991.79,156048.64,7,1,France,Female,1,1,0,0,0,0,0,0.11467909705663809,0,0,2
15583840,35,587,121863.61,23481.69,5,1,Germany,Male,1,1,1,0,0,0,0,0.11467944052544604,0,0,0
15794493,32,641,0.0,24267.28,7,2,Spain,Male,1,1,0,0,0,0,0,0.11470746885090582,0,0,2
15799785,30,679,77949.69,121151.46,4,1,Germany,Female,1,1,0,0,0,0,0,0.1147095938908213,0,0,1
15628583,30,709,0.0,161388.22,5,2,France,Female,1,0,0,0,0,0,0,0.11474593402763178,0,0,1
15625632,36,577,121092.47,143783.46,3,2,France,Male,1,0,0,0,0,0,0,0.11475265821295966,0,0,0
15579820,38,704,106687.76,173776.5,6,1,Spain,Male,0,1,0,0,0,0,0,0.11475523179063157,0,0,2
15758692,29,669,146011.4,50249.16,7,1,France,Female,0,0,0,0,0,0,0,0.11477418657600763,0,0,1
15763579,36,702,105264.88,52909.87,2,2,Germany,Female,1,1,0,0,0,0,0,0.11477517147774707,0,0,0
15591980,33,753,122568.05,82820.85,5,2,France,Male,1,1,0,0,0,0,0,0.11478996847312295,0,0,2
15757777,35,636,0.0,23129.46,2,2,France,Female,1,1,0,0,0,0,0,0.11482147260756098,0,0,0
15627859,29,607,102609.0,163257.44,7,1,Germany,Male,0,1,0,0,0,0,0,0.11483638204835783,0,0,1
15663168,35,665,110934.54,169287.99,8,1,France,Male,0,1,0,0,0,0,0,0.1148381323524344,0,0,2
15806926,35,615,97440.02,139816.1,2,2,France,Female,1,1,0,0,0,0,0,0.11485082375844219,0,0,0
15701885,40,647,0.0,92357.21,9,2,France,Female,1,0,0,0,0,0,0,0.11485602198757655,0,0,2
15616525,31,720,141356.47,137985.69,4,1,Spain,Male,0,0,0,0,0,0,0,0.1148734142393264,0,0,0
15724154,49,625,128504.76,126812.63,4,1,Germany,Female,0,1,1,0,0,0,0,0.11488580805406995,0,0,0
15701037,39,578,0.0,70563.9,2,2,France,Male,0,1,0,0,0,0,0,0.1148890364690715,0,0,0
15723604,39,639,150555.83,30414.17,6,1,France,Male,0,1,0,0,0,0,0,0.11488934487098851,0,0,2
15570932,43,666,137780.74,119100.05,7,2,France,Male,1,1,1,0,0,0,0,0.11490450732272267,0,0,2
15651627,39,628,115341.19,107674.3,1,1,Germany,Male,1,1,1,0,0,0,0,0.11493313181767317,0,0,0
15717185,28,711,0.0,64286.39,8,2,France,Male,1,1,0,0,0,0,0,0.11495639451895018,0,0,1
15740072,37,720,120328.88,138470.21,2,2,France,Female,1,1,0,0,0,0,0,0.11495892756256626,0,0,0
15714046,33,720,123783.91,142903.44,3,2,Spain,Male,1,1,0,0,0,0,0,0.11500643363018731,0,0,0
15812920,40,607,90594.55,181598.25,5,1,Germany,Male,1,0,0,0,0,0,0,0.11500912638516719,0,0,0
15670753,35,614,127283.78,31302.35,2,1,Spain,Male,1,1,0,0,0,0,0,0.1150212448025052,0,0,0
15700657,40,641,110086.69,159773.14,2,1,Germany,Female,0,1,0,0,0,0,0,0.11505800912951514,0,0,0
15721917,38,559,95139.41,86575.46,8,1,France,Female,1,1,0,0,0,0,0,0.11508228012120209,0,0,2
15642002,35,554,117707.18,95277.15,6,2,France,Female,0,0,1,0,0,0,0,0.11508881674279664,0,0,2
15735339,39,663,0.0,76884.05,4,1,France,Male,0,1,0,0,0,0,0,0.11509007699147461,0,0,0
15576304,29,698,95167.55,152723.23,5,1,France,Male,1,1,0,0,0,0,0,0.11509591505148853,0,0,1
15672912,39,737,130051.66,55356.39,7,2,Spain,Female,0,0,1,0,0,0,0,0.11510147522716352,0,0,2
15609319,41,711,145754.91,101455.07,3,1,France,Female,1,1,0,0,0,0,0,0.11510934183357274,0,0,0
15571689,37,740,0.0,27528.4,5,2,France,Female,1,1,0,0,0,0,0,0.11514142217269191,0,0,2
15801072,28,654,0.0,151316.37,7,2,France,Female,0,1,0,0,0,0,0,0.11514880219080004,0,0,1
15643865,40,601,92055.36,164652.02,3,1,France,Female,1,0,1,0,0,0,0,0.11515905633719514,0,0,0
15614834,31,619,141751.82,61531.86,3,1,Spain,Female,1,0,0,0,0,0,0,0.11516134856123889,0,0,0
15769582,29,586,0.0,142238.54,3,2,France,Male,1,1,0,0,0,0,0,0.1151762484336738,0,0,1
15633586,39,595,120962.13,23305.01,7,1,France,Female,0,0,0,0,0,0,0,0.1151845670807643,0,0,2
15773503,32,551,0.0,53420.53,4,2,Spain,Male,0,1,0,0,0,0,0,0.1151947880616897,0,0,0
15643229,31,671,0.0,15846.42,6,2,France,Female,1,1,0,0,0,0,0,0.11521714291052781,0,0,2
15624993,36,753,128518.98,44567.83,7,1,France,Female,1,1,1,0,0,0,0,0.11522258862140233,0,0,2
15642833,30,608,0.0,128875.86,8,2,France,Female,0,1,0,0,0,0,0,0.11522930337314852,0,0,1
15603594,24,635,0.0,70668.77,4,2,Spain,Male,1,1,0,0,0,0,0,0.11523596877267134,0,0,1
15617648,44,584,95671.75,106564.88,5,2,France,Female,1,1,0,0,0,0,0,0.11525281117247238,0,0,0
15609299,29,595,150685.79,87771.06,6,1,France,Male,0,1,0,0,0,0,0,0.11525334559523387,0,0,1
15642063,40,692,163505.16,90424.09,6,1,France,Male,0,0,0,0,0,0,0,0.11526238093993546,0,0,2
15740264,38,640,0.0,88827.67,9,2,France,Male,0,1,0,0,0,0,0,0.11528588732993011,0,0,2
15715394,35,613,123557.65,170903.4,4,2,Spain,Male,1,0,0,0,0,0,0,0.11528662890087782,0,0,0
15727688,32,555,0.0,54405.79,4,2,Spain,Male,1,1,0,0,0,0,0,0.11529218122766222,0,0,0
15768566,34,706,0.0,37479.97,8,2,France,Male,1,1,0,0,0,0,0,0.11531352962192637,0,0,2
15595136,37,645,0.0,68987.55,1,2,France,Female,1,1,0,0,0,0,0,0.115321045716685,0,0,0
15602030,28,717,128206.79,54272.12,4,1,France,Male,1,1,0,0,0,0,0,0.11532558834273154,0,0,1
15715031,28,600,0.0,52193.23,6,2,France,Female,1,0,0,0,0,0,0,0.11533333298769638,0,0,1
15718064,29,635,0.0,117173.8,2,2,Spain,Male,0,0,0,0,0,0,0,0.11533562567541034,0,0,1
15572801,34,639,139393.19,33950.08,5,2,Spain,Male,0,0,0,0,0,0,0,0.11533616696231813,0,0,0
15672821,28,591,0.0,48606.92,5,2,France,Male,1,1,0,0,0,0,0,0.1153364759144409,0,0,1
15781129,38,687,69434.4,66580.13,8,2,Spain,Male,1,1,1,0,0,0,0,0.11534601821201224,0,0,2
15623649,32,629,0.0,15404.64,3,2,Spain,Male,1,1,0,0,0,0,0,0.1153520954623628,0,0,0
15664802,42,543,0.0,101905.34,5,2,France,Female,0,0,0,0,0,0,0,0.11536342929748233,0,0,0
15742297,35,715,141005.47,60407.93,2,1,France,Male,1,1,0,0,0,0,0,0.11537981184281748,0,0,0
15626710,39,642,0.0,76821.24,4,1,France,Female,1,1,0,0,0,0,0,0.11539703368961585,0,0,0
15597536,45,576,133618.01,135244.87,5,1,Spain,Male,0,0,0,0,0,0,0,0.11539863587776367,0,0,0
15677087,39,662,138106.75,19596.73,5,1,France,Female,0,0,0,0,0,0,0,0.11539965642077948,0,0,0
15588406,37,574,0.0,32262.28,7,2,Spain,Female,0,1,0,0,0,0,0,0.11542168702054328,0,0,2
15807457,36,641,0.0,102021.39,1,2,Spain,Female,0,1,0,0,0,0,0,0.11543443981074325,0,0,0
15576623,31,584,0.0,31474.27,5,2,France,Male,0,1,0,0,0,0,0,0.11546946346591075,0,0,0
15760568,38,593,142658.04,135337.11,5,2,Germany,Female,1,0,0,0,0,0,0,0.1155176154381905,0,0,0
15757648,35,683,95698.79,182566.76,5,1,Germany,Female,1,0,0,0,0,0,0,0.11552169964094317,0,0,0
15767891,28,619,99152.73,48475.12,6,2,Germany,Female,0,1,0,0,0,0,0,0.1155399276539319,0,0,1
15806901,39,584,112687.69,127749.61,2,1,France,Female,1,1,0,0,0,0,0,0.11554059203484868,0,0,0
15633274,34,679,160515.37,121904.14,7,1,France,Male,0,1,0,0,0,0,0,0.11554337319176394,0,0,2
15798960,33,680,108393.35,39057.67,2,1,France,Male,1,0,0,0,0,0,0,0.11554766650048248,0,0,0
15758031,38,760,91241.85,80682.35,3,1,Spain,Male,1,0,0,0,0,0,0,0.1155598300780667,0,0,0
15751175,44,648,0.0,58652.23,2,2,France,Female,1,1,0,0,0,0,0,0.11556725268750939,0,0,0
15767864,33,628,0.0,184230.23,6,2,France,Male,0,0,0,0,0,0,0,0.11557372499282781,0,0,2
15615896,39,621,0.0,36122.96,8,2,Spain,Male,0,1,0,0,0,0,0,0.11557994689527162,0,0,2
15797787,36,614,118311.76,146134.68,1,1,France,Male,0,1,0,0,0,0,0,0.11558649136823473,0,0,0
15585533,36,679,147733.64,172501.38,6,1,France,Male,1,0,0,0,0,0,0,0.11559083986014412,0,0,2
15682369,47,613,146034.74,77146.14,6,1,France,Male,1,1,0,0,0,0,0,0.11559447377976984,0,0,2
15664214,33,670,141204.65,76257.46,2,2,France,Male,0,1,0,0,0,0,0,0.11560502594603039,0,0,0
15700540,38,557,129893.56,102076.03,2,1,Germany,Female,0,0,0,0,0,0,0,0.11562173240692625,0,0,0
15705885,36,752,0.0,45570.84,2,2,Spain,Male,1,1,0,0,0,0,0,0.11562294091164071,0,0,0
15644551,37,751,99773.85,54865.92,3,2,Spain,Female,0,1,0,0,0,0,0,0.11563391162942305,0,0,0
15783305,46,593,98752.51,145560.38,7,1,France,Female,0,1,0,0,0,0,0,0.11565060500731883,0,0,2
15756655,34,632,0.0,165385.55,2,2,France,Female,0,0,0,0,0,0,0,0.1156534457410569,0,0,0
15610557,35,695,79858.13,127977.66,7,2,Spain,Female,1,1,0,0,0,0,0,0.11565489096316955,0,0,2
15807294,30,653,88243.29,96658.26,2,2,Spain,Female,1,1,0,0,0,0,0,0.11568343697388878,0,0,1
15667871,35,572,152390.26,128123.66,4,1,Spain,Male,0,1,0,0,0,0,0,0.11568449018649363,0,0,0
15728352,27,623,120509.81,142170.44,4,1,France,Male,0,0,0,0,0,0,0,0.11570668290927244,0,0,1
15660611,39,748,0.0,123998.52,3,2,Spain,Male,1,1,0,0,0,0,0,0.11572555539318963,0,0,0
15699839,36,637,152606.82,71692.8,2,1,France,Male,1,1,0,0,0,0,0,0.1157497910954598,0,0,0
15737741,33,607,108431.87,109291.39,2,2,Spain,Female,1,0,1,0,0,0,0,0.1157660386075714,0,0,0
15578098,31,600,0.0,121555.51,8,2,France,Male,1,1,0,0,0,0,0,0.11576612250201834,0,0,2
15785654,45,727,114422.85,104678.78,6,2,Germany,Male,1,1,1,0,0,0,0,0.11579713562571775,0,0,2
15668521,37,693,0.0,82867.55,1,2,France,Male,1,1,0,0,0,0,0,0.11580398126112151,0,0,0
15723671,35,661,100107.99,83949.68,9,1,France,Male,0,1,0,0,0,0,0,0.11580950386233313,0,0,2
15675252,39,734,92636.96,125671.29,3,2,Spain,Female,1,1,0,0,0,0,0,0.11582108834748334,0,0,0
15735688,31,753,106596.29,91305.77,6,1,France,Female,0,0,0,0,0,0,0,0.11582603819562426,0,0,2
15781127,33,663,96769.04,36864.05,8,1,Spain,Female,1,1,0,0,0,0,0,0.1158351472395881,0,0,2
15724684,46,610,91897.8,54394.28,5,1,Spain,Male,0,1,0,0,0,0,0,0.11583539740121163,0,0,0
15701738,44,612,115163.38,97677.52,2,1,Germany,Male,1,1,1,0,0,0,0,0.1158543787691832,0,0,0
15690164,33,627,83199.05,159334.93,4,1,Germany,Female,0,0,0,0,0,0,0,0.11587030132955001,0,0,0
15654274,37,540,0.0,141998.89,6,2,France,Male,0,1,0,0,0,0,0,0.11589046489023891,0,0,2
15595350,31,661,136067.82,65567.91,3,2,France,Female,0,1,0,0,0,0,0,0.11589722794634094,0,0,0
15688395,29,582,0.0,156153.27,4,2,France,Male,0,0,0,0,0,0,0,0.11589953047322771,0,0,1
15608406,26,678,111128.04,60941.27,5,1,France,Male,0,1,1,0,0,0,0,0.11592625193887834,0,0,1
15621140,37,644,0.0,96442.86,9,2,Spain,Male,1,1,0,0,0,0,0,0.11593057548877422,0,0,2
15608916,40,573,147754.68,110454.46,7,1,France,Male,1,1,0,0,0,0,0,0.11596237769422485,0,0,2
15774285,47,649,110783.28,71420.16,8,1,Spain,Female,1,1,0,0,0,0,0,0.1159929541706653,0,0,2
15697686,40,787,0.0,84151.98,6,2,France,Female,1,1,0,0,0,0,0,0.11599320665957852,0,0,2
15784161,39,583,102945.01,52861.89,8,1,Germany,Male,0,0,0,0,0,0,0,0.11600588969705755,0,0,2
15733883,28,604,0.0,58595.64,7,2,France,Male,0,0,0,0,0,0,0,0.11600695517017179,0,0,1
15742854,46,640,0.0,89043.19,8,2,Spain,Female,0,1,0,0,0,0,0,0.11600914622104963,0,0,2
15594340,41,569,120243.49,163150.03,4,1,France,Male,0,1,1,0,0,0,0,0.11602201638647763,0,0,0
15763922,31,608,79962.92,60901.72,7,2,France,Male,0,1,0,0,0,0,0,0.11602435212444157,0,0,2
15584749,39,668,79896.0,38466.39,4,1,Germany,Male,0,1,0,0,0,0,0,0.11604477715407158,0,0,0
15726631,39,758,127357.76,56577.0,6,1,France,Female,1,0,0,0,0,0,0,0.11605952016495791,0,0,2
15588517,38,717,0.0,158580.05,7,2,France,Male,1,1,0,0,0,0,0,0.11609401594179691,0,0,2
15740164,33,715,85227.84,68087.15,3,1,France,Female,1,1,0,0,0,0,0,0.11610321146953184,0,0,0
15790442,33,631,0.0,158268.84,2,2,Spain,Male,1,1,0,0,0,0,0,0.11610340075223524,0,0,0
15626144,40,675,113208.86,34577.36,7,2,France,Male,0,1,0,0,0,0,0,0.11612260954410564,0,0,2
15662865,36,658,0.0,84927.42,1,2,Spain,Male,1,0,0,0,0,0,0,0.11612776825236149,0,0,0
15645815,45,615,0.0,164886.64,5,2,France,Male,1,1,0,0,0,0,0,0.1161410285333615,0,0,0
15737971,30,646,0.0,13935.32,5,2,France,Female,0,1,0,0,0,0,0,0.11615651630120394,0,0,1
15682541,36,616,132311.71,15462.84,6,1,Spain,Female,0,0,0,0,0,0,0,0.1161940669231869,0,0,2
15745232,39,759,0.0,140497.67,6,2,France,Female,1,1,0,0,0,0,0,0.11619558809932684,0,0,2
15580068,35,526,0.0,105618.14,5,2,Spain,Male,1,1,0,0,0,0,0,0.11620419811982918,0,0,0
15569410,33,601,114430.18,153012.13,7,2,Germany,Female,1,1,0,0,0,0,0,0.11621150706332989,0,0,2
15694192,38,598,0.0,173783.38,6,2,Spain,Female,0,0,0,0,0,0,0,0.11621226046348698,0,0,2
15759456,34,609,140694.78,46266.63,7,2,Spain,Male,0,1,0,0,0,0,0,0.11621798428233704,0,0,2
15778526,48,719,0.0,78563.66,5,2,Spain,Female,0,0,0,0,0,0,0,0.11625402193416096,0,0,2
15702298,41,655,125561.97,164040.94,8,1,Germany,Male,0,0,1,0,0,0,0,0.11625856828360631,0,0,2
15734312,43,577,0.0,149457.81,6,2,Spain,Male,1,1,0,0,0,0,0,0.11626470990027626,0,0,2
15598883,37,599,0.0,143739.29,2,2,Spain,Female,1,1,0,0,0,0,0,0.11628307128600723,0,0,0
15664615,30,689,136650.89,41865.72,5,1,Germany,Female,1,1,1,0,0,0,0,0.11630527686536107,0,0,1
15626233,32,593,0.0,151978.36,3,2,France,Female,1,1,0,0,0,0,0,0.11631405380624188,0,0,0
15795228,37,756,132623.6,58974.0,3,1,France,Male,1,1,0,0,0,0,0,0.11634277749855826,0,0,0
15623647,36,655,135515.76,86013.96,1,1,Spain,Female,0,1,0,0,0,0,0,0.11636293415295829,0,0,0
15636982,43,705,79974.55,103108.33,7,1,Germany,Female,1,1,0,0,0,0,0,0.11638323082563812,0,0,2
15790379,28,629,108601.0,119647.7,8,1,Germany,Male,1,1,0,0,0,0,0,0.1163879292997877,0,0,1
15814116,42,583,0.0,144039.05,7,2,France,Female,0,1,0,0,0,0,0,0.11640437565864825,0,0,2
15792607,38,769,0.0,75578.67,2,2,France,Female,0,0,0,0,0,0,0,0.11641995858943133,0,0,0
15695174,29,654,132954.64,146715.07,4,1,France,Male,1,1,0,0,0,0,0,0.11642510037209491,0,0,1
15573971,44,737,0.0,57898.58,7,2,France,Male,0,0,0,0,0,0,0,0.11643617188407057,0,0,2
15690209,32,715,104857.19,114149.8,3,2,Germany,Female,0,1,0,0,0,0,0,0.11644840283550684,0,0,0
15756668,30,706,98415.37,110520.48,3,1,France,Male,1,1,0,0,0,0,0,0.1164583324680738,0,0,1
15608701,29,651,121890.06,54530.51,3,1,Germany,Male,0,1,1,0,0,0,0,0.11645851765358145,0,0,1
15607988,37,663,155303.71,118716.63,8,1,Germany,Female,0,1,0,0,0,0,0,0.11646447876356059,0,0,2
15715709,43,696,114091.38,159888.1,4,1,Germany,Male,1,0,0,0,0,0,0,0.116464677295819,0,0,0
15640442,31,717,129722.57,41176.6,4,1,France,Male,0,0,0,0,0,0,0,0.11646915299082744,0,0,0
15673529,36,645,59893.85,43999.64,4,2,Spain,Male,0,1,0,0,0,0,0,0.11648566681124084,0,0,0
15787035,35,602,0.0,152843.53,8,2,France,Female,1,1,0,0,0,0,0,0.11650685807904371,0,0,2
15589401,30,550,0.0,89216.29,4,2,France,Female,0,1,0,0,0,0,0,0.11654083808055354,0,0,1
15698462,36,532,0.0,132798.78,4,2,France,Male,1,1,0,0,0,0,0,0.11654592801637892,0,0,0
15804814,40,759,0.0,124615.59,4,2,France,Male,0,1,0,0,0,0,0,0.11659345426140721,0,0,0
15652700,39,539,0.0,86767.48,6,2,France,Male,1,1,0,0,0,0,0,0.11659516259055902,0,0,2
15703394,27,633,0.0,44008.91,3,2,Spain,Male,0,1,0,0,0,0,0,0.11661654626112905,0,0,1
15599533,43,569,0.0,77703.19,7,2,France,Female,1,1,0,0,0,0,0,0.11666662553538143,0,0,2
15773804,39,625,0.0,99800.87,5,1,France,Male,0,1,0,0,0,0,0,0.11668314052789036,0,0,2
15761600,43,713,86394.14,130001.13,5,1,France,Male,1,1,0,0,0,0,0,0.11669399999087537,0,0,2
15745355,41,597,153198.23,92090.36,4,1,France,Male,1,1,0,0,0,0,0,0.11669455620078611,0,0,0
15581089,35,744,0.0,43036.6,7,2,Spain,Male,1,1,0,0,0,0,0,0.11674464580818372,0,0,2
15788634,37,750,113817.06,88333.74,2,1,Spain,Female,0,0,0,0,0,0,0,0.11675830388626762,0,0,0
15813439,33,587,100116.82,34215.58,5,1,France,Male,0,1,0,0,0,0,0,0.11677983907808553,0,0,0
15576641,40,733,125725.02,50783.1,5,2,Germany,Male,1,1,0,0,0,0,0,0.11678757955337038,0,0,2
15574608,36,713,133889.35,143265.65,8,1,France,Male,1,1,0,0,0,0,0,0.11678907629654156,0,0,2
15775562,33,538,0.0,126962.41,5,2,France,Female,0,1,0,0,0,0,0,0.11679854679692137,0,0,0
15803804,35,717,103214.71,172172.7,5,1,Germany,Female,0,1,0,0,0,0,0,0.11682667385086765,0,0,2
15692631,44,577,115557.0,127506.76,8,1,Spain,Female,1,0,0,0,0,0,0,0.11686869715362841,0,0,2
15723720,31,591,0.0,48778.46,7,2,France,Female,1,0,0,0,0,0,0,0.11687353680285023,0,0,2
15728474,32,558,108235.91,143783.28,4,1,Germany,Male,1,1,0,0,0,0,0,0.11688290587006445,0,0,0
15656029,37,609,0.0,22030.72,6,2,France,Male,1,0,0,0,0,0,0,0.11688811787271064,0,0,2
15725509,30,662,115286.68,149587.92,5,2,Germany,Male,1,1,0,0,0,0,0,0.1168999334603475,0,0,1
15725997,35,660,100768.77,19199.61,6,1,France,Female,0,1,0,0,0,0,0,0.11691841566676925,0,0,2
15645355,34,677,126729.41,26106.39,3,1,Germany,Male,1,1,1,0,0,0,0,0.1169617358088943,0,0,0
15636541,35,683,144961.97,26796.73,5,1,Germany,Male,1,0,0,0,0,0,0,0.11697729569580123,0,0,0
15697035,31,740,0.0,86657.48,8,2,Spain,Female,0,0,0,0,0,0,0,0.11698030477709592,0,0,2
15595158,31,654,150593.59,105218.45,5,2,Germany,Male,1,1,0,0,0,0,0,0.1169813412198677,0,0,0
15684592,42,557,0.0,86642.38,4,2,Spain,Male,1,0,0,0,0,0,0,0.11699382230837124,0,0,0
15777892,37,721,107720.64,158591.12,3,1,Germany,Male,1,1,0,0,0,0,0,0.11702572325723154,0,0,0
15610903,31,560,125341.69,79547.39,5,1,Spain,Female,0,1,0,0,0,0,0,0.11702950236283655,0,0,0
15763431,36,698,82275.35,93249.26,2,2,France,Male,1,1,0,0,0,0,0,0.11704320492446119,0,0,0
15667265,39,729,121404.64,159618.17,4,1,France,Male,1,1,0,0,0,0,0,0.11705201217921019,0,0,0
15776467,35,702,14262.8,54689.16,8,2,Spain,Female,0,1,0,0,0,0,0,0.11705810020529883,0,0,2
15732563,33,726,99046.31,56053.06,7,2,Germany,Female,1,1,0,0,0,0,0,0.11706803111007641,0,0,2
15625175,43,742,97067.69,60920.03,6,1,Germany,Female,1,0,1,0,0,0,0,0.1170829825375238,0,0,2
15711977,36,695,161533.0,100940.91,4,1,France,Male,0,1,0,0,0,0,0,0.1171062178143531,0,0,0
15675256,33,555,127343.4,121789.3,5,1,Spain,Male,1,0,0,0,0,0,0,0.11711284292161267,0,0,0
15803078,38,635,0.0,90605.05,1,2,Spain,Female,0,1,0,0,0,0,0,0.1171209001498516,0,0,0
15631305,28,599,126833.79,60843.09,4,2,Spain,Female,0,1,1,0,0,0,0,0.11712535060582419,0,0,1
15716276,34,709,111669.68,57029.66,2,1,France,Female,0,1,0,0,0,0,0,0.1171277033558929,0,0,0
15724443,29,703,122084.63,82824.08,3,1,Germany,Female,1,0,0,0,0,0,0,0.11713158048867883,0,0,1
15784923,37,705,109974.22,36320.87,3,1,Germany,Female,1,1,1,0,0,0,0,0.11715307880102066,0,0,0
15775153,32,630,82034.0,146326.45,4,1,Spain,Male,0,0,0,0,0,0,0,0.11715737381564317,0,0,0
15751297,36,732,0.0,161428.25,5,2,France,Male,0,1,0,0,0,0,0,0.11718485690190705,0,0,2
15755649,47,584,130538.77,92915.84,7,1,Germany,Male,0,1,0,0,0,0,0,0.11718505586880501,0,0,2
15745201,43,612,139496.35,77128.23,4,2,France,Female,1,1,0,0,0,0,0,0.11718706769498816,0,0,0
15666270,40,676,147803.48,95181.06,2,1,France,Female,0,1,1,0,0,0,0,0.1171891930309969,0,0,0
15702464,34,549,0.0,139463.57,4,2,France,Female,0,0,0,0,0,0,0,0.1172249936273202,0,0,0
15744873,48,657,143595.87,101314.65,5,1,Germany,Female,0,0,1,0,0,0,0,0.11722763260497654,0,0,0
15743245,42,624,145155.37,72169.95,3,1,France,Male,0,1,1,0,0,0,0,0.1173016255456063,0,0,0
15576085,41,739,0.0,143882.25,5,2,France,Male,0,0,0,0,0,0,0,0.11730252033893629,0,0,2
15747458,43,677,133214.88,95936.84,3,2,Spain,Female,1,1,0,0,0,0,0,0.11730252304827316,0,0,0
15767488,36,680,0.0,20109.21,7,2,Spain,Male,0,1,0,0,0,0,0,0.11730666630469816,0,0,2
15653147,35,594,133853.27,65361.66,2,1,France,Male,1,1,0,0,0,0,0,0.11732451393775445,0,0,0
15663933,35,625,86147.46,163440.8,5,2,Germany,Female,0,1,1,0,0,0,0,0.11732669865411077,0,0,0
15600724,29,567,129750.68,109257.59,5,1,Germany,Male,0,1,0,0,0,0,0,0.11736704734593817,0,0,1
15599090,40,564,108407.34,83681.2,7,1,Germany,Male,1,1,0,0,0,0,0,0.11737595526373407,0,0,2
15814331,43,597,119127.46,55809.92,7,2,Germany,Female,0,1,0,0,0,0,0,0.1173980412587291,0,0,2
15666012,40,603,102833.46,38829.11,4,2,France,Male,1,1,0,0,0,0,0,0.11740104891616071,0,0,0
15780492,42,648,0.0,19283.14,4,2,France,Male,0,1,0,0,0,0,0,0.1174027150609423,0,0,0
15681924,38,747,129728.6,89289.54,2,1,Germany,Male,0,1,0,0,0,0,0,0.1174153150724574,0,0,0
15806983,44,640,137148.68,92381.01,3,1,France,Male,0,1,0,0,0,0,0,0.11745061308461674,0,0,0
15585867,36,596,0.0,125557.95,2,2,Spain,Male,1,0,0,0,0,0,0,0.11745892645455791,0,0,0
15743192,44,623,0.0,167162.43,6,2,France,Female,0,0,0,0,0,0,0,0.11746685133971296,0,0,2
15803526,30,685,90536.81,63082.88,3,1,Germany,Male,1,0,0,0,0,0,0,0.11748263593653863,0,0,1
15703205,46,656,113402.14,138849.06,5,2,France,Female,1,1,0,0,0,0,0,0.11748275799902169,0,0,0
15592412,45,713,131038.14,74005.04,4,1,Germany,Male,0,1,1,0,0,0,0,0.117515735859623,0,0,0
15717065,35,686,105419.73,35356.46,8,1,France,Female,0,1,0,0,0,0,0,0.11751854602317857,0,0,2
15573112,29,602,103907.28,161229.84,5,1,Spain,Male,0,1,0,0,0,0,0,0.11751992607933276,0,0,1
15590434,41,577,89015.61,135227.23,4,1,Spain,Male,1,0,0,0,0,0,0,0.11752114632606386,0,0,0
15676576,43,646,143061.88,61937.6,8,1,France,Female,0,1,0,0,0,0,0,0.11756784556407401,0,0,2
15754267,31,697,108805.42,123825.83,3,2,Germany,Male,1,0,0,0,0,0,0,0.11760202200421882,0,0,0
15720508,31,735,119558.35,72927.68,3,1,France,Male,0,0,0,0,0,0,0,0.11761383440483159,0,0,0
15670080,29,584,105204.01,138490.03,7,1,Germany,Female,1,0,0,0,0,0,0,0.11761561279008043,0,0,1
15571002,44,706,129605.99,69865.49,4,1,France,Female,0,0,0,0,0,0,0,0.11761594152528954,0,0,0
15585198,41,715,94267.9,152821.12,4,1,France,Male,1,0,1,0,0,0,0,0.11761672068725837,0,0,0
15786392,41,765,124182.21,100153.43,4,1,France,Male,0,0,0,0,0,0,0,0.11762555386563339,0,0,0
15610912,41,657,112119.48,17536.82,6,1,Spain,Female,0,1,0,0,0,0,0,0.11763038161613742,0,0,2
15761241,36,578,129745.1,143683.75,8,1,Germany,Female,1,1,0,0,0,0,0,0.11766175175870802,0,0,2
15729970,29,684,127269.75,79495.01,8,1,Germany,Male,1,0,0,0,0,0,0,0.11766235205175163,0,0,1
15670866,31,693,0.0,107759.31,2,2,France,Male,1,1,0,0,0,0,0,0.11767155130037232,0,0,0
15708193,33,707,0.0,130866.95,2,2,France,Male,0,0,0,0,0,0,0,0.11771404257453283,0,0,0
15634815,37,701,0.0,164268.28,3,2,France,Female,1,1,0,0,0,0,0,0.1177147426137064,0,0,0
15689602,38,698,130015.24,41595.3,2,1,France,Male,1,1,0,0,0,0,0,0.11771600498843593,0,0,0
15799156,38,569,0.0,79618.79,8,2,Spain,Male,0,0,0,0,0,0,0,0.1177207305594129,0,0,2
15642570,35,675,0.0,29062.25,8,2,Spain,Male,0,1,0,0,0,0,0,0.11777040566853214,0,0,2
15769110,46,653,0.0,49707.85,5,2,France,Female,0,1,0,0,0,0,0,0.11777098580973888,0,0,2
15641794,33,698,135658.73,39755.0,5,2,France,Male,1,0,0,0,0,0,0,0.11780564012113509,0,0,2
15641158,32,739,102128.27,63981.37,3,1,Germany,Male,0,1,1,0,0,0,0,0.1178198645832908,0,0,0
15701741,39,711,152462.79,90305.97,3,1,France,Female,0,1,0,0,0,0,0,0.11784853065041384,0,0,0
15714256,30,666,109805.3,163625.56,7,1,France,Male,1,0,0,0,0,0,0,0.11784929738972272,0,0,1
15720847,35,601,0.0,118983.18,2,2,France,Male,1,1,0,0,0,0,0,0.11785926030371152,0,0,0
15685576,36,527,0.0,102280.29,6,2,Spain,Female,1,1,0,0,0,0,0,0.11788848640887095,0,0,2
15620579,31,695,0.0,131644.41,8,2,Spain,Female,1,0,0,0,0,0,0,0.1178895341172489,0,0,2
15654495,47,706,120621.89,140803.7,6,1,Germany,Female,1,1,0,0,0,0,0,0.11789184775861383,0,0,2
15770039,39,572,112290.22,49373.97,4,1,Germany,Male,0,1,1,0,0,0,0,0.11789229685933794,0,0,0
15813444,34,590,0.0,171021.44,6,2,Spain,Female,0,1,0,0,0,0,0,0.11789877889474637,0,0,2
15593683,30,668,0.0,138465.7,8,2,Spain,Female,0,1,0,0,0,0,0,0.11791541805467515,0,0,1
15812647,34,691,133936.04,91359.79,8,2,France,Male,0,1,0,0,0,0,0,0.11791651377306683,0,0,2
15702801,29,677,86616.35,91903.9,3,1,France,Female,0,0,1,0,0,0,0,0.11793111459992711,0,0,1
15619130,37,752,113291.05,132467.54,5,2,Germany,Female,1,1,0,0,0,0,0,0.11793266935953622,0,0,2
15591279,37,734,80387.81,77272.62,3,1,France,Male,1,0,0,0,0,0,0,0.11793424993488266,0,0,0
15661626,45,732,98792.4,81491.7,6,1,Germany,Female,0,1,1,0,0,0,0,0.11795066630241319,0,0,2
15568120,37,681,69609.85,72127.83,7,1,France,Female,1,1,0,0,0,0,0,0.11798093421002781,0,0,2
15676526,34,608,88772.87,168822.01,4,1,France,Female,1,1,0,0,0,0,0,0.11800331749780113,0,0,0
15587421,34,687,111388.18,148564.76,7,2,Germany,Female,0,1,0,0,0,0,0,0.11800564771386018,0,0,2
15621466,38,606,99897.53,37054.65,3,1,Germany,Male,0,0,0,0,0,0,0,0.11800587863229317,0,0,0
15811773,36,543,0.0,141210.5,4,2,France,Male,1,1,0,0,0,0,0,0.11800733872920832,0,0,0
15696175,35,602,90602.42,51695.41,7,2,Germany,Male,1,1,0,0,0,0,0,0.11802796115232439,0,0,2
15670427,37,662,155187.3,48930.8,4,1,Spain,Male,0,1,0,0,0,0,0,0.1180281968902337,0,0,0
15612627,29,627,139541.58,80607.33,5,2,Germany,Male,0,1,0,0,0,0,0,0.11803134003012117,0,0,1
15656249,34,720,118307.57,136120.29,3,2,France,Female,1,1,0,0,0,0,0,0.1180603119817692,0,0,0
15807107,32,612,121394.42,164081.42,3,1,France,Male,0,1,0,0,0,0,0,0.11806129956026945,0,0,0
15667651,33,585,0.0,114182.07,8,2,Spain,Female,0,1,0,0,0,0,0,0.11808222879773772,0,0,2
15770719,39,697,151553.19,44946.29,6,1,France,Female,1,1,0,0,0,0,0,0.11808362455681498,0,0,2
15670103,38,565,126645.13,168303.55,5,1,France,Female,1,1,0,0,0,0,0,0.11815424098174881,0,0,0
15640464,41,605,91612.91,28427.84,5,1,France,Male,1,1,0,0,0,0,0,0.1181601616812753,0,0,0
15604146,38,608,103653.51,137079.86,8,2,Germany,Female,1,1,0,0,0,0,0,0.11816274203401661,0,0,2
15696231,29,635,105405.97,149853.89,7,1,France,Male,1,1,0,0,0,0,0,0.11817887426675217,0,0,1
15754261,42,648,98795.61,89123.99,2,2,Spain,Male,0,1,0,0,0,0,0,0.11819013502023912,0,0,0
15665180,31,616,136789.14,59346.4,3,1,France,Female,0,1,1,0,0,0,0,0.11819483545812098,0,0,0
15717290,41,688,112871.19,65520.74,2,2,Germany,Male,1,0,0,0,0,0,0,0.11819490613504902,0,0,0
15580682,40,652,79927.36,33524.6,4,2,France,Female,1,1,0,0,0,0,0,0.11820139160455806,0,0,0
15780498,34,634,145030.92,41820.65,3,1,France,Male,1,1,0,0,0,0,0,0.11820366869197224,0,0,0
15595067,40,637,0.0,181610.6,6,2,Spain,Female,1,1,0,0,0,0,0,0.11827606498491139,0,0,2
15734886,34,686,123971.51,147794.63,3,2,France,Female,0,1,0,0,0,0,0,0.11830043854641409,0,0,0
15595303,46,736,130812.91,77981.54,5,1,Germany,Male,1,1,1,0,0,0,0,0.11830407328641729,0,0,2
15796434,28,724,97612.12,96498.14,5,1,France,Male,1,1,0,0,0,0,0,0.11831686248206458,0,0,1
15746341,40,630,0.0,42495.81,8,2,France,Male,1,1,0,0,0,0,0,0.11834480058404506,0,0,2
15763274,48,661,120320.54,96463.25,3,1,France,Male,0,0,0,0,0,0,0,0.1183497848753266,0,0,0
15704586,42,758,0.0,76209.56,7,2,France,Female,1,0,0,0,0,0,0,0.11839297823042144,0,0,2
15754526,36,699,147137.74,33687.9,6,1,Germany,Male,1,1,0,0,0,0,0,0.11841463738976821,0,0,2
15697391,34,604,0.0,38587.7,3,2,Spain,Female,0,1,0,0,0,0,0,0.11842866298957988,0,0,0
15723658,30,712,0.0,152417.97,6,2,Spain,Female,0,1,0,0,0,0,0,0.11843311934595196,0,0,1
15760090,28,640,0.0,131097.9,7,2,France,Male,1,1,0,0,0,0,0,0.11845127663695076,0,0,1
15777904,45,703,0.0,68831.72,7,2,France,Female,1,1,0,0,0,0,0,0.11850485096447211,0,0,2
15729689,35,754,98585.94,106116.84,6,2,Germany,Male,1,0,0,0,0,0,0,0.11850663354211033,0,0,2
15783629,42,616,117899.95,150266.81,6,2,Germany,Female,0,0,0,0,0,0,0,0.11850925396472606,0,0,2
15718280,39,662,139822.11,146219.9,5,2,Germany,Male,1,1,0,0,0,0,0,0.11850965018056792,0,0,0
15685564,35,748,105492.53,150057.2,5,1,Spain,Male,1,1,0,0,0,0,0,0.11851754683402127,0,0,2
15745543,39,687,0.0,26848.25,7,2,France,Male,0,1,0,0,0,0,0,0.11852205698262125,0,0,2
15660390,33,544,0.0,124113.04,6,2,France,Female,1,1,0,0,0,0,0,0.1185294795998379,0,0,2
15599440,34,748,0.0,53584.03,8,2,France,Female,0,1,0,0,0,0,0,0.11853526754472793,0,0,2
15744770,44,636,0.0,86414.41,2,2,France,Male,0,0,0,0,0,0,0,0.11854628410762968,0,0,0
15752139,36,682,72373.62,36895.99,5,2,Germany,Male,0,1,0,0,0,0,0,0.1185584362957039,0,0,2
15596671,42,603,91611.12,144675.3,8,1,Spain,Female,0,0,1,0,0,0,0,0.11857702848348722,0,0,2
15796074,36,717,99472.76,94274.72,2,2,France,Female,0,1,1,0,0,0,0,0.11857931256527643,0,0,0
15774098,38,701,125385.49,52044.66,3,2,Germany,Male,1,0,0,0,0,0,0,0.11858934210145844,0,0,0
15699515,33,643,98630.31,40250.82,7,2,Germany,Male,1,1,0,0,0,0,0,0.11859154709539077,0,0,2
15607827,34,711,133467.77,42976.64,4,2,Germany,Male,1,1,0,0,0,0,0,0.11861261585567351,0,0,0
15763055,31,572,98108.79,119996.95,5,1,Spain,Male,1,0,0,0,0,0,0,0.11861495300997982,0,0,0
15599535,28,678,138668.18,54144.01,5,1,Spain,Male,1,1,0,0,0,0,0,0.11862033231947999,0,0,1
15702601,30,680,108300.27,44384.57,4,2,Germany,Male,1,0,1,0,0,0,0,0.11862119987941744,0,0,1
15604963,39,661,0.0,181461.46,5,2,France,Male,0,0,0,0,0,0,0,0.11862575922647228,0,0,2
15794661,32,674,0.0,140579.17,2,2,Spain,Male,0,1,0,0,0,0,0,0.11862611274813611,0,0,0
15568904,34,608,106288.54,36639.25,3,1,Germany,Male,1,1,0,0,0,0,0,0.11863760880952551,0,0,0
15728362,29,671,0.0,158043.11,3,2,France,Female,0,1,0,0,0,0,0,0.1186434240081578,0,0,1
15697567,33,752,0.0,39570.78,4,2,France,Male,1,1,0,0,0,0,0,0.11865733571745307,0,0,0
15646859,47,621,107363.29,66799.28,7,1,Germany,Male,1,1,0,0,0,0,0,0.11866541355972304,0,0,2
15783025,37,723,94661.53,121239.65,3,2,Germany,Male,0,1,0,0,0,0,0,0.11866648808453523,0,0,0
15781465,29,675,121326.42,133457.52,8,1,Germany,Female,0,1,0,0,0,0,0,0.11867460116329148,0,0,1
15691823,37,672,153195.59,162763.01,5,1,France,Male,1,1,0,0,0,0,0,0.11868557609626196,0,0,2
15611338,29,714,0.0,37605.9,4,2,Spain,Male,1,1,0,0,0,0,0,0.11868681642054918,0,0,1
15754105,37,650,106967.18,24495.03,5,1,France,Male,0,0,0,0,0,0,0,0.11870137608314774,0,0,0
15573926,38,735,86131.71,93478.96,7,2,Spain,Male,0,0,0,0,0,0,0,0.11872206790069584,0,0,2
15678725,29,658,0.0,130461.09,8,2,France,Female,1,0,0,0,0,0,0,0.11877219337367617,0,0,1
15572728,36,704,127397.34,151335.24,8,1,Spain,Male,0,1,0,0,0,0,0,0.11880983954097812,0,0,2
15795564,31,737,121192.22,74890.58,5,2,Germany,Male,1,1,0,0,0,0,0,0.118818141918,0,0,2
15674398,38,642,0.0,171463.83,3,2,France,Male,0,0,0,0,0,0,0,0.11882237299623022,0,0,0
15762927,36,674,100762.64,182156.86,6,1,Germany,Female,0,1,0,0,0,0,0,0.11882734549771762,0,0,2
15595874,36,666,0.0,176692.87,6,2,Spain,Female,0,1,0,0,0,0,0,0.11885280737379694,0,0,2
15781534,35,536,121520.36,77178.42,4,1,Germany,Female,0,0,0,0,0,0,0,0.11885385991644937,0,0,0
15640648,36,698,0.0,19231.98,6,2,France,Male,1,0,0,0,0,0,0,0.1188655475873231,0,0,2
15789863,39,683,0.0,171716.81,4,2,France,Male,0,1,0,0,0,0,0,0.11888839772910581,0,0,0
15726354,32,688,123157.95,172531.23,6,1,France,Female,0,1,0,0,0,0,0,0.1188952859726713,0,0,2
15710111,33,742,0.0,38550.4,6,2,France,Male,0,0,0,0,0,0,0,0.11890230573331578,0,0,2
15783882,41,771,0.0,92914.67,5,2,Spain,Female,1,0,0,0,0,0,0,0.11891602952607278,0,0,2
15599591,39,600,88477.36,58632.37,7,2,Germany,Female,0,1,0,0,0,0,0,0.1189401539324409,0,0,2
15759741,34,591,150635.3,72274.84,4,1,Germany,Female,1,1,0,0,0,0,0,0.11894084677402395,0,0,0
15599722,43,609,86053.52,113276.46,6,2,Spain,Female,1,1,1,0,0,0,0,0.11894323555539904,0,0,2
15759499,32,598,111156.52,167376.26,4,1,France,Female,1,1,0,0,0,0,0,0.11895993755410272,0,0,0
15797204,28,655,113811.85,76844.23,3,2,Spain,Female,1,0,0,0,0,0,0,0.11897485992718732,0,0,1
15637717,41,704,109026.8,43117.1,4,2,Germany,Male,1,1,0,0,0,0,0,0.11898877844349837,0,0,0
15635285,28,647,0.0,91055.27,8,2,France,Male,1,1,0,0,0,0,0,0.11900055743624649,0,0,1
15781802,41,755,104817.41,126013.58,6,1,France,Male,0,1,1,0,0,0,0,0.11900605615593879,0,0,2
15706904,43,750,113882.31,74564.41,6,1,France,Male,1,1,0,0,0,0,0,0.1190090152963445,0,0,2
15702300,27,671,0.0,120893.07,5,2,France,Male,0,0,0,0,0,0,0,0.11901728033226955,0,0,1
15745107,38,776,112281.7,89893.6,5,1,Germany,Male,1,0,0,0,0,0,0,0.11904027793477656,0,0,2
15662626,40,666,0.0,36371.27,2,2,France,Female,0,0,0,0,0,0,0,0.11904410745366756,0,0,0
15810845,42,636,0.0,55470.78,2,2,France,Male,1,1,0,0,0,0,0,0.11907332340704474,0,0,0
15697948,36,752,0.0,48505.1,3,2,Spain,Female,1,1,0,0,0,0,0,0.11908104287766491,0,0,0
15652169,35,642,133161.95,122254.86,2,1,France,Male,1,0,0,0,0,0,0,0.11908183922016075,0,0,0
15633854,40,654,0.0,167889.1,3,2,France,Female,0,1,0,0,0,0,0,0.11908306360896953,0,0,0
15595282,33,735,0.0,149474.69,4,2,France,Female,0,1,0,0,0,0,0,0.11910039503763137,0,0,0
15790336,36,664,71142.77,122433.09,6,2,Germany,Male,0,1,0,0,0,0,0,0.1191226217380153,0,0,2
15635388,47,640,89047.14,116286.25,6,1,Spain,Male,0,1,0,0,0,0,0,0.11913089590798981,0,0,2
15651450,31,666,123212.08,112157.31,3,2,Germany,Male,1,1,0,0,0,0,0,0.11914121299540237,0,0,0
15700366,39,669,119452.03,171575.54,3,1,France,Male,1,1,0,0,0,0,0,0.11915068003410934,0,0,0
15785519,36,565,106192.1,149575.59,6,1,France,Male,0,1,0,0,0,0,0,0.1191540695109673,0,0,2
15588701,38,592,0.0,35338.96,4,2,France,Female,0,1,0,0,0,0,0,0.11915531696144793,0,0,0
15780432,37,728,122689.51,106977.53,3,2,France,Male,0,0,1,0,0,0,0,0.11916219565568081,0,0,0
15621116,33,648,138664.24,29076.27,5,1,Germany,Male,0,1,0,0,0,0,0,0.11919827736165611,0,0,2
15808849,40,702,145536.9,135334.24,7,1,France,Male,1,0,0,0,0,0,0,0.11920967638135183,0,0,2
15776231,35,626,88109.81,32825.5,4,1,Germany,Male,1,1,0,0,0,0,0,0.11923383559070833,0,0,0
15756301,29,636,97325.15,131924.38,3,1,Germany,Female,1,0,0,0,0,0,0,0.11924347047484096,0,0,1
15585777,38,710,130588.82,154997.64,3,1,France,Male,1,1,0,0,0,0,0,0.11926060701185753,0,0,0
15789936,33,663,0.0,153295.0,2,2,France,Female,0,1,0,0,0,0,0,0.1192660692362229,0,0,0
15776824,28,714,122724.37,67057.27,6,1,France,Male,1,1,0,0,0,0,0,0.11928106912039443,0,0,1
15604130,47,622,142319.03,100183.05,6,1,Spain,Female,0,0,0,0,0,0,0,0.11929168148434932,0,0,2
15632538,32,658,145553.07,31484.76,5,1,Spain,Female,1,1,0,0,0,0,0,0.11930059156796274,0,0,2
15693737,30,627,79871.02,129826.89,4,2,Germany,Female,0,1,0,0,0,0,0,0.11930704078392296,0,0,1
15665385,44,657,76495.04,79071.89,6,1,France,Male,0,1,0,0,0,0,0,0.11930767691215494,0,0,2
15776733,37,638,124513.66,158610.89,7,2,Germany,Female,0,1,0,0,0,0,0,0.1193120479019692,0,0,2
15752409,31,553,0.0,124596.63,6,2,France,Male,0,0,0,0,0,0,0,0.11932658075310032,0,0,2
15641595,43,685,97392.18,43956.83,4,2,Spain,Male,0,1,0,0,0,0,0,0.11932893799348276,0,0,0
15794792,31,612,117989.76,54129.86,8,1,France,Female,1,1,0,0,0,0,0,0.11933329890495825,0,0,2
15645496,43,648,139972.18,143668.58,7,1,France,Female,0,1,0,0,0,0,0,0.11934692457821289,0,0,2
15795963,34,687,129895.19,28698.17,7,1,France,Male,1,0,0,0,0,0,0,0.1193538203372696,0,0,2
15775905,47,612,130024.87,45750.21,6,1,Germany,Female,1,1,1,0,0,0,0,0.11935879287693774,0,0,2
15804394,32,663,130627.66,47161.25,8,1,Germany,Male,0,1,1,0,0,0,0,0.11938588595421662,0,0,2
15734892,37,579,0.0,32246.63,4,2,Spain,Male,1,1,0,0,0,0,0,0.11938611064845739,0,0,0
15706199,36,636,96643.32,182059.28,6,1,Germany,Male,0,0,0,0,0,0,0,0.11940043698712738,0,0,2
15592645,37,704,0.0,25684.93,4,2,Spain,Male,0,0,0,0,0,0,0,0.11944010793170684,0,0,0
15672132,42,695,121453.63,46374.64,7,1,France,Female,0,0,0,0,0,0,0,0.1194450593651778,0,0,2
15728012,40,678,128398.38,168658.3,3,1,Spain,Female,0,1,0,0,0,0,0,0.1194562675917693,0,0,0
15780654,33,619,100488.92,36446.74,3,2,Germany,Female,1,0,0,0,0,0,0,0.11948178301081858,0,0,0
15637876,36,663,77253.5,35817.97,6,1,Germany,Female,0,0,1,0,0,0,0,0.1194943463673821,0,0,2
15701972,35,684,137179.39,37264.11,3,1,France,Male,1,1,0,0,0,0,0,0.11949448484879893,0,0,0
15677105,46,706,105214.58,108699.59,4,1,Germany,Female,0,1,1,0,0,0,0,0.11953287109128619,0,0,0
15682547,38,649,122214.0,88965.46,1,1,France,Male,1,0,0,0,0,0,0,0.11954166770365404,0,0,0
15703979,39,580,119688.81,137041.26,3,1,Germany,Male,0,1,0,0,0,0,0,0.1195451558177722,0,0,0
15626679,33,584,0.0,59103.13,3,2,France,Male,1,0,0,0,0,0,0,0.11955011916150277,0,0,0
15584899,35,617,0.0,13066.3,5,2,France,Female,1,0,0,0,0,0,0,0.11957867868421884,0,0,0
15815236,34,574,0.0,28269.86,5,2,Spain,Male,0,0,0,0,0,0,0,0.11960639746139029,0,0,0
15610140,34,601,0.0,27022.57,5,2,France,Female,0,1,0,0,0,0,0,0.1196090589718089,0,0,0
15569120,30,615,0.0,156346.84,7,2,France,Male,1,1,0,0,0,0,0,0.11961241387409405,0,0,1
15797113,34,552,0.0,140286.69,4,2,Spain,Female,0,1,0,0,0,0,0,0.11961311239521882,0,0,0
15722409,47,693,107604.66,80149.27,8,1,Spain,Male,1,1,0,0,0,0,0,0.11962123201927521,0,0,2
15606861,34,636,0.0,38570.13,8,2,France,Male,0,1,0,0,0,0,0,0.11964460494552892,0,0,2
15711218,39,616,121704.32,55556.3,2,2,Germany,Male,0,1,0,0,0,0,0,0.11964908125193324,0,0,0
15776047,29,620,0.0,153392.28,3,2,France,Female,1,0,0,0,0,0,0,0.11965993080328696,0,0,1
15706899,34,559,0.0,66721.98,4,2,France,Male,1,1,0,0,0,0,0,0.1196622903853955,0,0,0
15777122,31,553,0.0,89087.4,4,2,France,Female,1,1,0,0,0,0,0,0.11971432985581498,0,0,0
15813844,37,703,105961.68,74158.8,8,2,France,Male,1,0,0,0,0,0,0,0.1197470252894044,0,0,2
15614934,37,625,142711.81,35625.41,4,1,Germany,Female,0,1,0,0,0,0,0,0.11975190370973393,0,0,0
15742369,31,667,0.0,20346.69,5,2,Spain,Male,1,1,0,0,0,0,0,0.1197868030788356,0,0,2
15584477,35,655,106405.03,82900.25,1,1,Spain,Female,1,1,0,0,0,0,0,0.11978797441793099,0,0,0
15673820,33,568,0.0,143450.61,7,2,France,Male,0,1,0,0,0,0,0,0.11981099545028034,0,0,2
15783522,37,738,100565.94,128799.86,8,1,Spain,Female,1,1,0,0,0,0,0,0.11982706778453017,0,0,2
15661656,38,633,91902.56,107673.35,2,2,France,Male,1,1,0,0,0,0,0,0.11982919596774927,0,0,0
15742404,38,718,0.0,38308.34,7,2,France,Male,0,1,0,0,0,0,0,0.11982988389635163,0,0,2
15784124,41,645,93925.3,123982.14,2,1,Germany,Male,0,1,1,0,0,0,0,0.119829936508901,0,0,0
15710825,31,592,110071.1,43921.36,7,1,Spain,Male,0,0,0,0,0,0,0,0.11985378756550363,0,0,2
15676242,31,632,136556.44,82152.83,3,1,Spain,Male,0,1,1,0,0,0,0,0.11986011718805595,0,0,0
15768163,46,655,137145.12,115146.4,7,1,Germany,Female,0,1,1,0,0,0,0,0.11988138077624472,0,0,2
15683562,35,646,84026.86,164255.69,6,1,France,Male,1,0,0,0,0,0,0,0.11988253738099935,0,0,2
15610090,40,667,72945.29,98931.5,8,2,France,Male,0,1,0,0,0,0,0,0.11988626678313852,0,0,2
15667424,43,682,111094.05,64679.3,7,2,Germany,Female,1,1,0,0,0,0,0,0.11991532907907354,0,0,2
15746461,35,709,0.0,104982.39,2,2,Spain,Male,0,1,0,0,0,0,0,0.11993245198844554,0,0,0
15751593,35,570,85668.59,105525.36,6,1,Germany,Male,0,1,0,0,0,0,0,0.11993768356429196,0,0,2
15698321,34,648,95039.73,147055.87,3,2,Germany,Male,1,1,0,0,0,0,0,0.11995233367544428,0,0,0
15613141,41,717,135756.96,103706.41,3,1,France,Female,1,1,0,0,0,0,0,0.11998665058375246,0,0,0
15574886,32,706,94486.47,146949.74,6,1,France,Male,1,1,0,0,0,0,0,0.11999208812311907,0,0,2
15777994,39,718,0.0,145355.11,3,2,France,Female,1,1,0,0,0,0,0,0.12001289058629994,0,0,0
15658233,41,724,109798.25,149593.61,5,1,France,Female,1,0,0,0,0,0,0,0.12001494552240644,0,0,2
15613197,40,590,0.0,62933.03,8,2,France,Male,0,1,0,0,0,0,0,0.12001572058835824,0,0,2
15753831,32,642,100433.8,39768.59,7,1,Spain,Male,1,1,0,0,0,0,0,0.12001877866710087,0,0,2
15790829,45,703,0.0,131906.44,5,2,France,Female,0,1,0,0,0,0,0,0.12003004599435835,0,0,2
15698792,48,671,119769.77,66032.65,6,1,France,Female,1,0,0,0,0,0,0,0.12004577655570559,0,0,2
15596979,47,662,0.0,129392.75,6,2,France,Female,1,1,0,0,0,0,0,0.12006381819053324,0,0,2
15694321,28,619,0.0,53394.12,3,2,France,Female,0,1,0,0,0,0,0,0.12007352999273285,0,0,1
15729054,32,744,96106.83,79812.77,4,1,Germany,Male,1,1,0,0,0,0,0,0.12008754633910668,0,0,0
15682421,30,683,0.0,100496.84,2,2,France,Female,1,0,1,0,0,0,0,0.12009027551375545,0,0,1
15723884,40,758,0.0,96097.65,3,2,Spain,Male,0,0,0,0,0,0,0,0.12009263356938865,0,0,0
15680772,36,721,0.0,106977.8,2,2,Spain,Female,1,1,0,0,0,0,0,0.12010080496655812,0,0,0
15581036,40,712,109308.79,120158.72,3,2,Germany,Female,0,1,1,0,0,0,0,0.12010449144166013,0,0,0
15709621,31,662,0.0,27731.05,3,2,France,Male,1,0,0,0,0,0,0,0.12012271730993684,0,0,0
15631460,42,671,0.0,128449.33,3,2,Spain,Female,1,1,0,0,0,0,0,0.12013656060038658,0,0,0
15643042,40,590,117641.43,92198.05,2,2,Germany,Female,0,0,0,0,0,0,0,0.12016716463594573,0,0,0
15740557,43,753,0.0,109881.71,5,2,France,Female,0,1,0,0,0,0,0,0.12016850628972664,0,0,2
15630195,40,745,131184.67,49815.62,6,1,France,Female,1,1,0,0,0,0,0,0.12017704728154166,0,0,2
15740043,32,606,83161.65,116885.59,5,1,France,Male,1,1,0,0,0,0,0,0.12017798622094339,0,0,0
15681554,31,614,120599.38,46163.44,7,2,Germany,Female,1,1,0,0,0,0,0,0.12019376410723515,0,0,2
15650351,38,653,102133.38,166520.96,8,1,France,Female,1,1,0,0,0,0,0,0.12019696227170001,0,0,2
15661528,47,583,102562.23,92708.1,5,1,Spain,Male,0,1,0,0,0,0,0,0.12021681865363004,0,0,0
15655007,33,758,0.0,82996.47,7,2,France,Female,0,0,0,0,0,0,0,0.12022410452810506,0,0,2
15731026,39,683,100062.16,109201.43,2,2,Germany,Female,0,1,0,0,0,0,0,0.12024568358762372,0,0,0
15810711,37,684,138476.41,52367.29,4,2,Germany,Male,1,1,0,0,0,0,0,0.12024892544733207,0,0,0
15595640,37,698,0.0,145004.39,8,2,France,Male,0,0,0,0,0,0,0,0.12025237485781193,0,0,2
15631451,28,604,0.0,69056.26,6,2,Spain,Female,1,1,0,0,0,0,0,0.12025588025463607,0,0,1
15569624,31,671,105864.6,145567.34,6,2,Germany,Female,0,1,0,0,0,0,0,0.1202608219762979,0,0,2
15723894,45,625,137555.44,124607.7,7,1,France,Male,0,0,0,0,0,0,0,0.12026622356053446,0,0,2
15570289,43,697,103409.16,66893.28,8,1,Germany,Male,0,1,1,0,0,0,0,0.12026819211675682,0,0,2
15662662,30,573,0.0,66190.21,6,2,France,Female,0,1,0,0,0,0,0,0.12028206485566079,0,0,1
15742126,38,712,132767.66,59115.77,7,2,Germany,Male,1,1,0,0,0,0,0,0.12029672299120997,0,0,2
15616168,35,610,81905.95,61623.19,7,1,France,Female,1,1,0,0,0,0,0,0.12030930528117656,0,0,2
15679642,44,695,0.0,70974.13,8,2,Spain,Male,1,1,0,0,0,0,0,0.12032377569680175,0,0,2
15605673,29,716,0.0,78616.92,8,2,Spain,Female,0,0,0,0,0,0,0,0.12032663122628295,0,0,1
15742358,32,696,101160.99,115916.55,8,1,Germany,Male,1,1,0,0,0,0,0,0.12032870544986518,0,0,2
15617790,29,626,105767.28,41104.82,4,2,France,Female,0,0,0,0,0,0,0,0.12035450246075674,0,0,1
15738605,46,634,123642.36,49725.16,5,1,Germany,Female,1,1,1,0,0,0,0,0.12037382210274677,0,0,0
15569079,48,632,126066.26,64345.61,6,1,Germany,Male,0,1,1,0,0,0,0,0.12038354477567897,0,0,2
15650237,32,754,0.0,89520.75,7,2,Spain,Female,0,1,0,0,0,0,0,0.12038418321584443,0,0,2
15714750,42,690,92578.14,70810.6,3,2,France,Female,0,0,0,0,0,0,0,0.1203863545674132,0,0,0
15633877,42,706,95386.82,75732.25,8,1,Spain,Female,1,1,0,0,0,0,0,0.12040048023984234,0,0,2
15790717,35,695,0.0,160387.98,7,2,Spain,Male,0,1,0,0,0,0,0,0.120403938192443,0,0,2
15615575,34,722,0.0,133447.49,8,2,France,Male,1,1,0,0,0,0,0,0.12040619620354792,0,0,2
15812191,33,553,118082.89,94440.45,4,1,France,Male,0,0,0,0,0,0,0,0.12043346644827058,0,0,0
15704819,39,734,92126.26,112973.34,6,2,Spain,Female,0,0,0,0,0,0,0,0.1204334748367516,0,0,2
15632263,30,574,120355.0,137793.35,5,1,Spain,Male,0,1,0,0,0,0,0,0.12047482024648637,0,0,1
15635597,33,644,0.0,155294.17,8,2,France,Male,1,1,0,0,0,0,0,0.120480377455777,0,0,2
15802617,43,697,115371.94,64139.1,7,2,Germany,Male,0,1,0,0,0,0,0,0.12049479339298746,0,0,2
15775116,31,581,0.0,89040.61,3,2,France,Male,0,0,0,0,0,0,0,0.12050044887442907,0,0,0
15730345,35,617,104508.1,147636.46,2,1,France,Female,1,1,0,0,0,0,0,0.12053162377298537,0,0,0
15761132,46,682,128029.72,62615.35,7,1,Spain,Male,1,1,0,0,0,0,0,0.12053180992417961,0,0,2
15759991,36,748,141573.55,82158.14,4,1,Spain,Male,0,1,0,0,0,0,0,0.12054155655676557,0,0,0
15567437,30,734,123040.38,76503.06,7,1,Germany,Female,1,1,0,0,0,0,0,0.12056745962321336,0,0,1
15671969,36,649,0.0,161668.15,8,2,Spain,Male,0,1,0,0,0,0,0,0.12057019051043066,0,0,2
15576680,29,736,0.0,51705.01,4,2,France,Male,0,0,0,0,0,0,0,0.12058504434907913,0,0,1
15605327,35,607,0.0,114190.3,2,2,France,Male,1,1,0,0,0,0,0,0.12061028009445113,0,0,0
15648461,37,688,138162.41,113926.31,7,2,Spain,Male,1,1,0,0,0,0,0,0.12062710070578198,0,0,2
15682435,35,600,143744.77,104076.51,4,2,France,Male,0,1,0,0,0,0,0,0.12062737411384522,0,0,0
15659355,32,671,123912.78,146636.44,6,2,Spain,Male,1,1,0,0,0,0,0,0.12062954732254189,0,0,2
15597909,33,652,128135.99,158437.73,7,1,Germany,Male,0,1,0,0,0,0,0,0.1206336769412788,0,0,2
15810891,34,662,117731.79,55120.79,2,2,France,Male,1,0,0,0,0,0,0,0.12065365808767753,0,0,0
15772798,28,711,0.0,93959.96,5,2,Spain,Female,1,1,0,0,0,0,0,0.12065823179493496,0,0,1
15673971,44,655,146498.76,64853.51,6,1,Germany,Female,0,1,1,0,0,0,0,0.12065852846201935,0,0,2
15639303,48,589,126111.61,133961.19,5,1,Germany,Male,1,0,0,0,0,0,0,0.12074212569311227,0,0,0
15722758,40,585,0.0,146156.98,7,2,France,Male,0,0,0,0,0,0,0,0.1207593909935662,0,0,2
15637829,34,691,0.0,161559.12,7,2,France,Female,1,0,0,0,0,0,0,0.12076165702968261,0,0,2
15640627,34,611,0.0,170950.58,4,2,Spain,Male,0,1,0,0,0,0,0,0.1207834214079363,0,0,0
15736371,34,633,123034.43,38315.04,3,2,France,Female,1,1,0,0,0,0,0,0.12078438485121962,0,0,0
15773456,36,678,145747.67,89566.74,3,2,Germany,Male,1,0,0,0,0,0,0,0.12080242937835894,0,0,0
15617078,44,658,148481.09,130529.13,6,1,France,Female,0,1,0,0,0,0,0,0.12081018063715132,0,0,2
15763683,32,678,139626.01,118235.52,4,1,Germany,Male,1,1,1,0,0,0,0,0.12081128782526346,0,0,0
15752508,32,614,99462.8,51117.06,7,2,Germany,Male,1,1,0,0,0,0,0,0.12081694989330938,0,0,2
15608246,36,736,103914.17,110035.88,8,1,Germany,Female,1,1,1,0,0,0,0,0.12084278153860889,0,0,2
15668580,33,716,0.0,92916.53,2,2,Spain,Male,1,1,0,0,0,0,0,0.12084485564580089,0,0,0
15625522,31,700,0.0,145151.96,7,2,Spain,Male,1,0,0,0,0,0,0,0.12085389217793313,0,0,2
15575605,38,725,0.0,158697.28,6,2,France,Male,1,1,0,0,0,0,0,0.12085916487961978,0,0,2
15702061,29,654,0.0,149184.15,7,2,France,Male,1,1,0,0,0,0,0,0.12091227019369549,0,0,1
15600280,32,703,0.0,33606.52,6,2,France,Female,0,0,0,0,0,0,0,0.12091708293138614,0,0,2
15794345,38,706,0.0,46635.11,8,2,Spain,Male,1,0,0,0,0,0,0,0.12092234347023734,0,0,2
15761102,32,707,132835.56,136877.24,4,1,Spain,Female,0,0,0,0,0,0,0,0.12092623187296264,0,0,0
15700965,32,724,0.0,150026.79,6,2,France,Female,1,1,0,0,0,0,0,0.12093180687145927,0,0,2
15689294,44,705,105934.96,82463.69,3,1,Germany,Male,0,1,0,0,0,0,0,0.12093738116947556,0,0,0
15627298,37,589,85146.48,86490.09,7,2,France,Male,0,1,1,0,0,0,0,0.12094195445367478,0,0,2
15667002,43,666,0.0,29346.1,5,2,Spain,Male,0,1,0,0,0,0,0,0.12094942568570133,0,0,2
15810075,39,648,130694.89,153955.38,6,2,France,Female,1,1,1,0,0,0,0,0.12095084166742343,0,0,2
15570908,29,687,93617.07,113050.92,7,1,Spain,Female,1,0,0,0,0,0,0,0.12095487573572006,0,0,1
15777826,30,643,94443.77,165614.4,5,1,France,Male,1,1,0,0,0,0,0,0.12097249153394513,0,0,1
15601848,35,594,0.0,103480.69,2,2,France,Male,0,1,0,0,0,0,0,0.12105210202531241,0,0,0
15626806,32,668,0.0,40652.33,2,2,France,Female,1,1,0,0,0,0,0,0.12105250285123992,0,0,0
15773273,38,730,118866.36,163317.5,5,1,Spain,Male,1,1,0,0,0,0,0,0.1210592664597484,0,0,2
15794566,28,678,0.0,144423.17,4,2,France,Female,1,1,1,0,0,0,0,0.12106219508822169,0,0,1
15636626,35,718,97560.16,53511.74,3,1,France,Male,1,1,0,0,0,0,0,0.12106301838846889,0,0,0
15801062,40,557,0.0,105433.53,4,2,Spain,Female,1,0,0,0,0,0,0,0.1210771980872552,0,0,0
15617982,42,661,0.0,35989.41,3,2,Spain,Female,0,1,0,0,0,0,0,0.12109727049819347,0,0,0
15601857,46,705,115518.07,76544.9,4,1,Germany,Female,0,0,1,0,0,0,0,0.12111438055712082,0,0,0
15711759,29,576,108541.04,126469.09,5,1,France,Female,1,1,0,0,0,0,0,0.1211179547489849,0,0,1
15745196,35,571,0.0,84569.13,8,2,France,Female,0,0,0,0,0,0,0,0.12112005414209465,0,0,2
15768193,36,585,146050.97,86424.57,5,2,Germany,Male,0,0,0,0,0,0,0,0.12112690983135593,0,0,0
15610042,33,574,100267.03,103006.27,8,1,France,Male,0,1,0,0,0,0,0,0.12113398436292461,0,0,2
15629448,38,632,120599.21,92816.86,1,1,Spain,Male,0,1,0,0,0,0,0,0.12116446972740613,0,0,0
15574584,33,670,126679.69,39451.09,8,1,France,Male,1,1,0,0,0,0,0,0.12118637223953527,0,0,2
15657139,40,652,84390.8,107876.2,8,2,France,Female,1,0,0,0,0,0,0,0.12120761079821896,0,0,2
15606229,39,771,0.0,96270.64,5,2,France,Male,0,1,0,0,0,0,0,0.12122178238525588,0,0,2
15592230,41,620,0.0,137309.06,3,2,France,Male,1,1,0,0,0,0,0,0.1212410485566221,0,0,0
15705403,46,617,106521.49,86587.37,3,1,Spain,Female,1,0,0,0,0,0,0,0.12125089462338812,0,0,0
15730469,31,663,103430.11,36479.27,4,2,Spain,Male,1,0,0,0,0,0,0,0.12126730181745121,0,0,0
15777830,42,639,0.0,167682.37,4,2,France,Female,0,0,0,0,0,0,0,0.12127218499313241,0,0,0
15725772,36,654,0.0,146652.11,2,2,Spain,Female,1,1,0,0,0,0,0,0.12130809569345324,0,0,0
15577913,32,651,144581.96,87609.5,8,1,France,Female,1,1,0,0,0,0,0,0.12132990274876398,0,0,2
15775294,31,692,0.0,91829.17,2,2,France,Female,0,1,1,0,0,0,0,0.12136907355191306,0,0,0
15727421,38,586,0.0,37935.83,6,2,France,Female,1,1,0,0,0,0,0,0.12138602646489716,0,0,2
15805025,45,636,139859.23,108402.54,7,1,France,Female,1,1,0,0,0,0,0,0.12139165131536783,0,0,2
15734311,27,661,0.0,76889.79,3,2,France,Female,1,1,0,0,0,0,0,0.12141576515516844,0,0,1
15621093,31,681,97338.19,48226.76,4,2,Germany,Male,0,0,0,0,0,0,0,0.12141586264307025,0,0,0
15655175,40,740,114318.78,129333.69,4,2,Germany,Male,0,1,1,0,0,0,0,0.12141598772008627,0,0,0
15749114,35,634,0.0,19515.48,3,2,Spain,Male,1,1,0,0,0,0,0,0.12143629324720273,0,0,0
15689351,41,742,92805.72,73743.95,4,1,Germany,Female,1,0,1,0,0,0,0,0.12144018550952085,0,0,0
15637315,41,601,0.0,54342.83,3,2,Spain,Female,0,1,0,0,0,0,0,0.12145797222137211,0,0,0
15782608,43,743,0.0,113079.19,5,2,France,Male,0,0,1,0,0,0,0,0.1215112515229756,0,0,2
15587174,29,726,0.0,91844.14,7,2,France,Male,1,1,1,0,0,0,0,0.12151610185848882,0,0,1
15586183,35,561,0.0,59981.62,5,2,France,Female,0,1,0,0,0,0,0,0.12153179008594228,0,0,0
15592761,40,710,0.0,162878.96,5,2,France,Male,0,0,0,0,0,0,0,0.12153418203284821,0,0,2
15659031,36,630,126598.99,134407.93,8,2,France,Female,1,1,0,0,0,0,0,0.12153983205173785,0,0,2
15589019,33,633,92855.02,159813.18,4,1,Spain,Female,1,1,0,0,0,0,0,0.1215406660417972,0,0,0
15605737,36,541,0.0,124795.84,5,2,France,Male,0,1,0,0,0,0,0,0.12155393310875023,0,0,0
15813590,42,610,0.0,158302.59,6,2,Spain,Male,0,1,1,0,0,0,0,0.1215540374108997,0,0,2
15648766,35,569,116969.35,94488.82,3,1,Spain,Male,0,0,0,0,0,0,0,0.12157172551592166,0,0,0
15686936,37,676,89634.69,169583.18,5,1,France,Female,1,1,1,0,0,0,0,0.1215999984905895,0,0,2
15732903,39,673,82255.51,109545.56,7,2,France,Male,0,1,0,0,0,0,0,0.12161351540948534,0,0,2
15635728,41,693,0.0,156381.47,4,2,France,Male,0,0,0,0,0,0,0,0.12163283929036228,0,0,0
15600912,32,706,88348.43,104181.78,5,2,Germany,Male,1,1,0,0,0,0,0,0.12163394461970117,0,0,2
15673342,36,703,0.0,108790.95,2,2,France,Male,0,1,0,0,0,0,0,0.12164152374462556,0,0,0
15727499,36,666,129118.5,139435.12,3,2,Germany,Female,0,0,0,0,0,0,0,0.12164297695021803,0,0,0
15793197,34,676,100359.54,46038.28,8,1,France,Female,0,0,0,0,0,0,0,0.1216462412834084,0,0,2
15617518,36,675,89409.95,149399.7,7,1,Germany,Male,1,1,0,0,0,0,0,0.12165371639681472,0,0,2
15628279,38,624,0.0,163666.85,3,2,France,Female,1,1,0,0,0,0,0,0.12165878578247086,0,0,0
15732917,46,729,117837.43,104016.61,5,1,Germany,Male,0,1,1,0,0,0,0,0.12168878766942709,0,0,2
15803457,32,750,0.0,95611.47,5,2,France,Female,0,1,0,0,0,0,0,0.1216922977463718,0,0,2
15672216,40,584,82441.75,80852.11,4,1,France,Female,0,0,0,0,0,0,0,0.12173820591138751,0,0,0
15642997,36,655,147149.59,87816.86,2,1,France,Female,1,1,0,0,0,0,0,0.12174053675466617,0,0,0
15646810,44,603,108122.39,108488.33,6,2,Germany,Male,0,1,1,0,0,0,0,0.12176032063557773,0,0,2
15812040,36,594,153880.15,135431.72,6,1,France,Male,0,0,0,0,0,0,0,0.12176731731876139,0,0,2
15650751,30,585,0.0,137757.69,6,2,France,Female,1,1,0,0,0,0,0,0.12177197373962595,0,0,1
15678886,38,679,110555.37,46522.68,7,2,Germany,Male,0,1,0,0,0,0,0,0.1217752945893793,0,0,2
15777743,39,705,92224.56,54517.25,3,1,France,Female,1,1,0,0,0,0,0,0.12178762054726777,0,0,0
15574692,39,667,0.0,40721.24,2,2,Spain,Female,0,1,1,0,0,0,0,0.121789198775412,0,0,0
15728605,40,697,0.0,26543.28,4,2,France,Male,1,0,0,0,0,0,0,0.12179313408766601,0,0,0
15742272,44,669,96418.09,131609.48,8,1,France,Female,0,0,1,0,0,0,0,0.12180503391203529,0,0,2
15812279,37,634,115345.86,168781.8,5,2,France,Male,0,0,0,0,0,0,0,0.12182234023038413,0,0,0
15723613,28,623,0.0,41227.67,4,2,France,Female,0,1,0,0,0,0,0,0.12186293025634065,0,0,1
15728043,37,648,138503.51,57215.85,7,2,Germany,Female,0,1,0,0,0,0,0,0.1218641735556098,0,0,2
15797190,40,608,96202.32,161154.85,7,1,Germany,Female,0,0,0,0,0,0,0,0.1218763463112017,0,0,2
15597945,32,636,0.0,138555.46,8,2,Spain,Female,0,1,0,0,0,0,0,0.1218857709260549,0,0,2
15787825,37,585,152496.82,99907.29,6,1,Germany,Male,1,1,0,0,0,0,0,0.12189967078306208,0,0,2
15756425,30,660,146301.31,96847.91,7,1,France,Male,0,0,0,0,0,0,0,0.12191669057735471,0,0,1
15701166,40,660,131754.11,38761.61,5,2,France,Male,1,1,0,0,0,0,0,0.12192198592732989,0,0,2
15655794,36,620,0.0,145937.99,8,2,France,Male,1,1,0,0,0,0,0,0.12193171381685236,0,0,2
15653448,34,754,0.0,65219.85,7,2,France,Male,1,1,0,0,0,0,0,0.1219336569378332,0,0,2
15749799,34,577,0.0,84033.35,2,2,France,Female,1,1,0,0,0,0,0,0.1219564319985445,0,0,0
15571261,35,714,126077.43,53954.24,6,2,Germany,Female,1,1,0,0,0,0,0,0.12198476030150018,0,0,2
15749119,31,710,0.0,112289.06,3,2,France,Female,1,1,0,0,0,0,0,0.12198557096873519,0,0,0
15716186,38,586,0.0,87168.46,2,2,France,Female,0,1,0,0,0,0,0,0.1219883584664877,0,0,0
15585036,37,694,0.0,147012.22,3,2,Spain,Female,1,1,0,0,0,0,0,0.12200405706920853,0,0,0
15802118,41,664,123428.69,164924.11,7,1,Spain,Male,1,1,0,0,0,0,0,0.12200738856770627,0,0,2
15574115,41,656,101179.23,35230.61,6,2,Spain,Female,1,1,0,0,0,0,0,0.12200739165485325,0,0,2
15705918,31,725,0.0,59650.42,8,2,France,Male,1,1,0,0,0,0,0,0.12202937626901972,0,0,2
15607040,38,593,88736.44,67020.03,4,2,Spain,Female,0,1,0,0,0,0,0,0.12205026041447475,0,0,0
15780805,35,585,0.0,98621.04,2,2,France,Female,0,1,1,0,0,0,0,0.12206127983706988,0,0,0
15636016,34,588,120777.88,131729.52,3,1,France,Female,1,1,0,0,0,0,0,0.12208350187820466,0,0,0
15658548,36,646,144773.29,53217.3,6,2,Germany,Female,0,1,0,0,0,0,0,0.12209377336358662,0,0,2
15758081,39,673,138160.0,110468.51,8,1,Spain,Male,1,1,0,0,0,0,0,0.12210851643452614,0,0,2
15624892,37,712,93978.96,60651.77,7,2,Germany,Male,0,1,0,0,0,0,0,0.12212402661508098,0,0,2
15590337,29,659,123192.12,56971.41,6,1,France,Male,1,1,1,0,0,0,0,0.12213325122342417,0,0,1
15623644,29,626,0.0,49361.84,7,2,Spain,Male,0,1,0,0,0,0,0,0.12213438812824412,0,0,1
15646082,34,676,82909.14,91817.38,8,1,France,Female,0,1,1,0,0,0,0,0.12216855257545794,0,0,2
15781210,34,711,0.0,48260.19,8,2,France,Male,0,0,0,0,0,0,0,0.12216947231650943,0,0,2
15705620,34,730,122453.37,138882.98,5,2,France,Male,0,1,0,0,0,0,0,0.12217047142996373,0,0,2
15610936,33,562,0.0,111590.35,6,2,France,Male,0,1,0,0,0,0,0,0.12218035825774248,0,0,2
15727251,30,642,117494.27,61977.82,8,1,France,Male,0,0,0,0,0,0,0,0.12219039280173954,0,0,1
15669281,38,711,128718.78,114793.45,3,1,Spain,Male,0,0,0,0,0,0,0,0.12219921592986133,0,0,0
15656454,37,654,83568.55,47046.72,6,1,France,Male,0,1,0,0,0,0,0,0.12221385430720699,0,0,2
15772148,37,639,151242.48,49637.65,5,1,Germany,Female,1,0,0,0,0,0,0,0.12223299173873786,0,0,0
15756070,44,585,0.0,101728.46,4,2,Spain,Female,1,0,0,0,0,0,0,0.1222367426638657,0,0,0
15567246,32,684,102630.13,127433.47,3,2,Germany,Male,1,1,0,0,0,0,0,0.12225181511639799,0,0,0
15627484,47,686,113328.93,124170.9,5,1,France,Female,0,1,0,0,0,0,0,0.1222772667334287,0,0,2
15578435,40,640,110340.68,157886.6,8,1,France,Male,1,1,0,0,0,0,0,0.12228699550701899,0,0,2
15618258,37,640,158024.38,81298.09,5,1,Spain,Male,0,1,0,0,0,0,0,0.12230330067479989,0,0,2
15697789,43,647,122717.53,87000.39,3,2,Germany,Female,1,1,0,0,0,0,0,0.12230481484559902,0,0,0
15764708,30,572,117696.67,100843.82,6,1,France,Male,0,1,0,0,0,0,0,0.122357244390852,0,0,1
15750803,30,693,127992.25,50457.2,6,1,France,Female,1,1,0,0,0,0,0,0.1223651418211597,0,0,1
15788291,38,713,144606.22,56594.36,7,1,Germany,Female,1,1,1,0,0,0,0,0.12237462221589546,0,0,2
15744273,30,637,122641.56,65618.01,6,2,Germany,Male,0,1,0,0,0,0,0,0.12238215317351431,0,0,1
15799357,35,727,136364.46,142754.71,5,1,France,Male,0,0,0,0,0,0,0,0.1223896434838358,0,0,2
15679743,33,607,91301.72,130824.57,8,1,France,Female,1,0,0,0,0,0,0,0.12240585979543273,0,0,2
15614740,41,684,135203.81,121967.88,6,2,France,Female,1,1,0,0,0,0,0,0.12243764826556103,0,0,2
15588854,31,715,110581.29,94715.24,3,1,France,Female,1,1,0,0,0,0,0,0.1224437466764024,0,0,0
15682860,38,769,0.0,104393.78,6,2,Spain,Male,0,0,0,0,0,0,0,0.12246754846236735,0,0,2
15721730,44,601,0.0,58561.31,4,2,Spain,Female,0,1,0,0,0,0,0,0.1224699277127807,0,0,0
15627999,30,590,0.0,83090.35,3,2,Spain,Male,0,1,0,0,0,0,0,0.12247274264667829,0,0,1
15640686,46,700,95872.86,98273.01,5,1,France,Male,0,1,1,0,0,0,0,0.12248536110043351,0,0,2
15748608,42,612,141927.1,43018.98,5,1,Germany,Male,1,1,0,0,0,0,0,0.12249489097601551,0,0,0
15657565,44,629,125512.98,79082.76,6,2,Spain,Female,0,0,0,0,0,0,0,0.12249824837593426,0,0,2
15734365,39,579,0.0,39891.84,5,2,France,Male,1,0,0,0,0,0,0,0.1225123322058112,0,0,0
15782899,28,661,95357.49,102297.15,7,1,Spain,Female,0,0,0,0,0,0,0,0.12251445755773027,0,0,1
15702741,32,601,93012.89,86957.42,8,1,France,Male,0,1,0,0,0,0,0,0.12252295382655704,0,0,2
15770984,40,697,130334.35,116951.1,7,2,Spain,Female,1,0,0,0,0,0,0,0.1225296444400058,0,0,2
15673367,33,587,132603.36,55775.72,6,1,Germany,Male,0,1,0,0,0,0,0,0.12253731515502075,0,0,2
15773731,35,758,0.0,100365.51,5,2,Spain,Female,0,0,0,0,0,0,0,0.12255576347210351,0,0,2
15685476,31,658,100082.14,49809.88,5,1,France,Male,1,0,0,0,0,0,0,0.1225702977735238,0,0,0
15667215,31,678,0.0,58803.28,2,2,France,Male,1,1,0,0,0,0,0,0.12259663393476167,0,0,0
15806230,40,629,121647.54,64849.74,2,2,Germany,Male,1,1,1,0,0,0,0,0.12259666228496285,0,0,0
15628123,28,632,118890.81,145157.97,5,1,France,Female,1,0,0,0,0,0,0,0.12260685121250964,0,0,1
15632345,35,754,0.0,44830.71,4,2,France,Female,0,1,0,0,0,0,0,0.12261432921188609,0,0,0
15723153,33,708,0.0,138613.21,3,2,Spain,Male,0,1,0,0,0,0,0,0.12268531715180059,0,0,0
15636024,34,692,109699.08,37898.91,4,1,Spain,Female,1,1,0,0,0,0,0,0.12269608077258759,0,0,0
15730673,40,567,122265.24,138552.74,7,1,Germany,Male,0,1,0,0,0,0,0,0.12269624906705007,0,0,2
15673599,32,618,133476.09,154843.4,5,1,Spain,Male,1,0,0,0,0,0,0,0.12270015514883337,0,0,0
15620577,45,715,0.0,55043.93,4,2,France,Male,1,1,0,0,0,0,0,0.12271716189007587,0,0,0
15665340,37,584,0.0,100835.19,8,2,Spain,Female,1,0,0,0,0,0,0,0.12271873215353385,0,0,2
15734438,29,590,0.0,121846.81,4,2,France,Female,0,1,0,0,0,0,0,0.12272498639148571,0,0,1
15787051,39,750,119565.92,87067.73,7,1,Spain,Female,0,1,0,0,0,0,0,0.1227266150980455,0,0,2
15687884,37,677,88363.03,117946.3,3,1,France,Male,1,0,0,0,0,0,0,0.1227488915432915,0,0,0
15693162,29,694,99713.87,112317.89,5,1,France,Female,0,0,0,0,0,0,0,0.12279545387612795,0,0,1
15793042,39,629,129669.32,82774.07,2,2,France,Male,0,1,0,0,0,0,0,0.12280428631470042,0,0,0
15774744,33,664,97286.16,143433.33,7,2,Germany,Male,0,1,0,0,0,0,0,0.12283043348430883,0,0,2
15800746,45,674,144889.18,102591.9,7,1,France,Male,1,1,1,0,0,0,0,0.12283048619800413,0,0,2
15679029,33,718,102874.28,117841.06,7,1,France,Male,0,0,0,0,0,0,0,0.12283124422149122,0,0,2
15572415,34,580,0.0,160095.31,6,2,France,Male,1,1,0,0,0,0,0,0.12287511119921685,0,0,2
15692430,36,699,123601.56,103557.85,2,2,Germany,Male,0,1,0,0,0,0,0,0.12288931661782276,0,0,0
15683758,44,640,111833.47,67202.74,7,1,France,Male,0,1,0,0,0,0,0,0.12289936310083904,0,0,2
15740458,36,703,135095.47,143859.66,7,1,Spain,Male,0,1,0,0,0,0,0,0.1229004239795734,0,0,2
15726960,36,741,0.0,89804.83,3,2,France,Female,1,1,0,0,0,0,0,0.12295137850745363,0,0,0
15718780,32,650,79450.09,118324.75,4,1,Spain,Female,1,1,0,0,0,0,0,0.12295233116291976,0,0,0
15581840,33,626,0.0,138504.28,8,2,France,Male,0,1,0,0,0,0,0,0.12295724712041795,0,0,2
15782591,35,690,112689.95,176962.31,6,1,France,Male,0,1,0,0,0,0,0,0.12299868365107969,0,0,2
15601383,44,744,120654.68,82290.81,5,1,Spain,Male,0,1,0,0,0,0,0,0.12299910864447522,0,0,2
15652948,33,738,92676.3,105817.63,4,1,France,Male,0,1,0,0,0,0,0,0.12301269749133131,0,0,0
15608328,41,760,0.0,101491.23,6,2,Spain,Female,0,0,0,0,0,0,0,0.12302045768560055,0,0,2
15627212,36,630,110414.48,48984.95,2,1,France,Female,1,1,0,0,0,0,0,0.12302554928602133,0,0,0
15591747,32,705,0.0,129576.99,3,2,France,Male,0,0,0,0,0,0,0,0.12303088251379751,0,0,0
15567422,42,630,0.0,162697.93,6,2,France,Male,0,1,0,0,0,0,0,0.1230493227868768,0,0,2
15773868,37,653,125734.2,134625.09,3,2,Germany,Female,0,1,1,0,0,0,0,0.12307855377121313,0,0,0
15602479,37,609,129312.79,26793.82,5,1,Spain,Male,1,1,0,0,0,0,0,0.12308767518381902,0,0,0
15582903,39,643,0.0,170392.59,7,2,France,Male,1,1,0,0,0,0,0,0.12310149273011106,0,0,2
15651315,41,627,0.0,132719.8,3,2,France,Male,0,1,0,0,0,0,0,0.12312124765382382,0,0,0
15736299,36,729,109106.8,121311.12,8,1,France,Female,0,0,0,0,0,0,0,0.12312336680818764,0,0,2
15658258,43,693,128760.32,36342.79,6,1,France,Male,0,1,0,0,0,0,0,0.12314049108649544,0,0,2
15628034,37,629,129101.3,23971.33,6,1,France,Female,1,1,0,0,0,0,0,0.12314230911386781,0,0,2
15650098,40,630,0.0,34453.17,7,2,France,Female,1,1,0,0,0,0,0,0.12320583281106923,0,0,2
15666430,38,579,0.0,91763.67,8,2,France,Male,0,0,0,0,0,0,0,0.12321292020015823,0,0,2
15672499,34,635,134692.4,83773.02,3,2,France,Male,1,1,0,0,0,0,0,0.12322850819131714,0,0,0
15600379,34,608,86656.13,59890.29,7,1,Spain,Male,1,0,0,0,0,0,0,0.1232290599758884,0,0,2
15641480,32,571,131354.25,125256.53,5,1,France,Male,0,1,0,0,0,0,0,0.1232306011376545,0,0,0
15809309,40,689,154251.67,118319.5,5,1,Spain,Female,1,0,0,0,0,0,0,0.12324128585950711,0,0,0
15744423,32,561,0.0,84871.99,5,2,France,Male,0,1,0,0,0,0,0,0.12326481297092379,0,0,0
15669656,32,632,111589.33,170382.99,6,1,France,Male,1,1,0,0,0,0,0,0.12331736806735477,0,0,2
15693233,38,666,99812.88,158357.97,6,2,Germany,Male,1,1,0,0,0,0,0,0.1233270610423507,0,0,2
15584320,39,686,111695.62,136643.84,3,1,France,Female,0,0,0,0,0,0,0,0.123357659075506,0,0,0
15654074,38,653,119315.75,150468.35,8,1,France,Male,0,1,0,0,0,0,0,0.12338971987429087,0,0,2
15642093,30,646,0.0,153566.97,7,2,France,Male,0,1,0,0,0,0,0,0.123392399224862,0,0,1
15683522,37,678,113383.07,135123.96,2,1,Germany,Female,1,1,0,0,0,0,0,0.12340701820955174,0,0,0
15792250,45,616,122793.96,62002.04,4,1,Germany,Female,1,1,0,0,0,0,0,0.12341131457101823,0,0,0
15631457,37,639,98186.7,173386.95,5,1,France,Male,1,0,0,0,0,0,0,0.12341715805669712,0,0,0
15733361,45,651,86714.06,85869.89,6,1,Germany,Female,0,1,1,0,0,0,0,0.12341900379585774,0,0,2
15641122,30,684,0.0,83473.82,2,2,France,Male,0,1,0,0,0,0,0,0.12344086405195603,0,0,1
15742238,35,705,136496.12,116672.02,4,2,Germany,Male,0,1,0,0,0,0,0,0.12344997378403144,0,0,0
15782475,42,700,0.0,105305.72,8,2,France,Female,1,1,0,0,0,0,0,0.12346649873894683,0,0,2
15644453,41,606,132670.53,156476.36,4,1,Germany,Female,0,1,1,0,0,0,0,0.12347085658632412,0,0,0
15802501,33,724,103564.83,121085.72,5,2,Germany,Male,0,1,0,0,0,0,0,0.12347135685411492,0,0,2
15644179,39,606,0.0,50560.45,3,2,France,Female,0,1,1,0,0,0,0,0.12347471953465816,0,0,0
15797329,43,626,137638.69,130442.08,4,1,France,Male,0,1,1,0,0,0,0,0.12348434433070804,0,0,0
15636820,40,725,104149.66,62027.9,8,1,Germany,Male,0,1,0,0,0,0,0,0.12348718159541111,0,0,2
15736601,35,716,144428.87,134132.65,4,1,France,Male,0,1,0,0,0,0,0,0.123488252061906,0,0,0
15759966,36,612,119799.27,159416.58,5,2,Spain,Female,0,1,0,0,0,0,0,0.12351467159175478,0,0,0
15808831,29,669,0.0,138145.62,7,2,France,Male,1,1,0,0,0,0,0,0.12352733845667385,0,0,1
15682540,33,602,0.0,112928.74,8,2,France,Female,1,1,0,0,0,0,0,0.12352843884114723,0,0,2
15762762,45,648,118886.55,51636.7,5,1,Germany,Female,0,0,0,0,0,0,0,0.12355317560791118,0,0,0
15697546,36,570,0.0,92118.75,3,2,France,Female,0,1,0,0,0,0,0,0.12355971271513266,0,0,0
15808662,44,624,0.0,88407.51,3,2,France,Male,0,1,0,0,0,0,0,0.12357630480225945,0,0,0
15815295,38,662,96479.81,120259.41,2,1,France,Female,0,1,0,0,0,0,0,0.12361432835101316,0,0,0
15644295,39,731,126816.18,74850.93,2,1,Spain,Female,1,1,0,0,0,0,0,0.12364217686973894,0,0,0
15775293,34,680,143292.95,66526.01,3,1,France,Male,0,1,0,0,0,0,0,0.12365440829073215,0,0,0
15730418,32,652,0.0,54628.11,2,2,France,Female,0,1,0,0,0,0,0,0.123674387691947,0,0,0
15781689,35,758,0.0,95009.6,5,2,Spain,Male,0,1,0,0,0,0,0,0.1236752712171596,0,0,2
15711386,29,724,0.0,64729.51,6,2,France,Female,1,0,0,0,0,0,0,0.12373000886477431,0,0,1
15672905,40,679,0.0,163757.29,7,2,Spain,Female,1,1,0,0,0,0,0,0.12374555720614089,0,0,2
15731989,36,666,120165.4,33701.5,4,2,France,Male,0,1,0,0,0,0,0,0.12374750303363602,0,0,0
15649086,42,596,0.0,121568.37,7,2,France,Male,1,1,0,0,0,0,0,0.12377575697819776,0,0,2
15801817,38,688,123544.21,157664.02,7,1,France,Female,1,1,0,0,0,0,0,0.12378754308215184,0,0,2
15709487,34,668,80242.37,56780.97,5,2,Germany,Male,0,0,0,0,0,0,0,0.12381096287565874,0,0,2
15659475,33,597,135703.59,74850.84,6,2,France,Female,0,0,0,0,0,0,0,0.12383271539902657,0,0,2
15721582,40,644,77270.08,115800.1,4,2,Germany,Female,1,1,1,0,0,0,0,0.12383396844753886,0,0,0
15726186,29,639,133434.57,97983.44,4,2,Spain,Male,0,1,0,0,0,0,0,0.12384041208076041,0,0,1
15782181,35,592,80285.16,72678.75,6,1,Spain,Male,0,1,1,0,0,0,0,0.1238669214982831,0,0,2
15786170,31,659,118342.26,161574.19,4,1,France,Male,0,0,0,0,0,0,0,0.12387292003876171,0,0,0
15607112,32,606,0.0,36540.63,6,2,France,Male,1,0,0,0,0,0,0,0.12388262658732879,0,0,2
15569641,41,692,130701.29,59354.24,8,1,Germany,Female,0,1,1,0,0,0,0,0.12390251946874503,0,0,2
15602312,33,605,150092.8,71862.79,5,1,Spain,Male,0,0,0,0,0,0,0,0.12392116737977116,0,0,0
15643330,37,594,0.0,95864.5,2,2,France,Male,1,0,0,0,0,0,0,0.12399871493996195,0,0,0
15729110,42,729,0.0,58268.2,7,2,Spain,Female,0,1,1,0,0,0,0,0.12399947125135985,0,0,2
15687828,31,644,86006.3,73922.95,5,1,Spain,Female,1,1,0,0,0,0,0,0.12400061606161894,0,0,0
15802483,34,686,146178.13,88837.11,6,2,France,Male,1,1,0,0,0,0,0,0.12400110530429848,0,0,2
15641114,37,701,130091.5,120031.29,8,1,France,Male,1,1,0,0,0,0,0,0.12400291818161019,0,0,2
15794323,32,673,121240.76,116969.73,8,1,France,Male,0,1,0,0,0,0,0,0.12401571532951206,0,0,2
15640078,39,660,135134.99,173683.0,5,1,Germany,Female,0,1,1,0,0,0,0,0.12402457943520273,0,0,2
15727539,31,618,0.0,29176.04,4,2,France,Female,0,1,0,0,0,0,0,0.12403711769920933,0,0,0
15773639,35,745,98270.34,133617.43,4,1,Germany,Male,0,1,0,0,0,0,0,0.12404059180084148,0,0,0
15724890,36,584,82696.09,83058.14,4,2,Spain,Male,0,0,0,0,0,0,0,0.12405634668440624,0,0,0
15796370,40,604,155455.43,113581.85,5,1,Spain,Male,1,0,0,0,0,0,0,0.12405779259947136,0,0,0
15721292,39,719,0.0,145759.7,5,2,Spain,Male,0,1,0,0,0,0,0,0.12406106245391679,0,0,2
15710390,39,655,94631.26,148948.52,6,2,France,Female,1,1,0,0,0,0,0,0.12406280833872951,0,0,2
15769980,40,705,92889.91,109496.69,3,1,Germany,Female,1,1,0,0,0,0,0,0.12406345372246702,0,0,0
15731412,37,693,95900.04,38196.24,6,1,Germany,Female,1,1,0,0,0,0,0,0.12407509295721164,0,0,2
15805312,45,607,123859.6,113051.57,7,1,France,Male,1,0,0,0,0,0,0,0.12410377346791901,0,0,2
15779529,32,620,0.0,34665.79,7,2,France,Male,1,1,0,0,0,0,0,0.12413116257061274,0,0,2
15630617,36,727,140418.81,113033.73,6,1,Germany,Male,1,1,1,0,0,0,0,0.12420952365070198,0,0,2
15753550,43,684,0.0,131093.99,7,2,France,Female,0,1,0,0,0,0,0,0.12422071830326964,0,0,2
15576774,38,729,0.0,45779.9,7,2,France,Female,0,0,0,0,0,0,0,0.1242263490784487,0,0,2
15754068,32,578,0.0,141822.8,4,2,France,Male,1,1,0,0,0,0,0,0.12425670524386895,0,0,0
15626452,32,711,0.0,147720.27,5,2,Spain,Male,1,1,0,0,0,0,0,0.12427290971704574,0,0,2
15579915,29,707,0.0,139953.94,4,2,France,Male,0,1,0,0,0,0,0,0.12427729942244875,0,0,1
15789371,41,593,119703.1,109783.29,4,2,Germany,Female,1,1,0,0,0,0,0,0.1242782862238514,0,0,0
15686670,36,588,0.0,92536.0,2,2,France,Female,0,1,1,0,0,0,0,0.12428723111281176,0,0,0
15608209,33,622,96926.12,48553.77,3,2,Germany,Male,0,1,0,0,0,0,0,0.12429556336737968,0,0,0
15721504,41,731,0.0,101371.72,3,2,Spain,Male,0,1,0,0,0,0,0,0.12433402319449544,0,0,0
15586174,30,700,116377.48,134417.31,4,1,Germany,Female,1,1,0,0,0,0,0,0.12434414648198061,0,0,1
15598700,30,676,0.0,157888.5,5,2,Spain,Female,1,0,0,0,0,0,0,0.12444317133262617,0,0,1
15630321,44,680,0.0,86935.08,3,2,France,Male,0,1,0,0,0,0,0,0.12446331948463685,0,0,0
15626612,40,741,104784.23,135163.76,4,1,Spain,Male,0,1,1,0,0,0,0,0.12446429221853506,0,0,0
15598046,39,662,139562.05,61636.22,5,2,France,Female,0,1,0,0,0,0,0,0.12451676419068597,0,0,2
15584452,41,667,0.0,167181.77,6,2,France,Male,0,0,0,0,0,0,0,0.12455646220139244,0,0,2
15737814,41,622,127087.06,102402.91,2,1,France,Male,0,1,1,0,0,0,0,0.12457642436859906,0,0,0
15717893,36,607,143421.74,97879.02,8,1,Germany,Male,0,1,0,0,0,0,0,0.12458182338159679,0,0,2
15679909,41,665,0.0,132152.32,8,2,Spain,Male,0,1,0,0,0,0,0,0.12460822347837047,0,0,2
15645571,32,596,0.0,146504.35,4,2,Spain,Male,1,0,0,0,0,0,0,0.12461087667091236,0,0,0
15576126,41,649,125785.23,70523.92,2,1,France,Female,1,1,0,0,0,0,0,0.12463624583743449,0,0,0
15784280,35,686,109342.82,86043.27,2,2,Germany,Male,1,0,0,0,0,0,0,0.1246459185945189,0,0,0
15631063,33,710,0.0,72945.32,2,2,France,Female,0,1,0,0,0,0,0,0.12465541965546206,0,0,0
15774510,31,714,125169.26,106636.89,4,1,France,Female,1,1,0,0,0,0,0,0.12468614736938649,0,0,0
15749947,44,665,0.0,66548.58,7,2,France,Female,1,1,0,0,0,0,0,0.12473782020679508,0,0,2
15609475,39,604,98544.11,52327.57,7,1,Spain,Female,1,1,0,0,0,0,0,0.12476010222561879,0,0,2
15575498,39,705,149379.66,96075.55,5,2,France,Female,0,1,0,0,0,0,0,0.12476287126926178,0,0,2
15587913,40,748,0.0,132368.47,4,2,Spain,Female,0,1,0,0,0,0,0,0.12481798504703445,0,0,0
15663478,32,729,93694.42,79919.13,6,1,France,Male,1,1,0,0,0,0,0,0.12481904877427824,0,0,2
15685640,41,649,130931.83,144808.37,3,1,France,Female,1,1,0,0,0,0,0,0.1248444329266119,0,0,0
15742028,35,602,0.0,31050.02,5,2,France,Female,0,1,0,0,0,0,0,0.12485723010449767,0,0,0
15747795,38,593,129499.42,154071.27,4,1,Germany,Female,1,1,0,0,0,0,0,0.12486484579218521,0,0,0
15630167,39,684,139723.9,120612.11,4,1,Spain,Female,1,1,0,0,0,0,0,0.12487775850937399,0,0,0
15775888,38,593,85626.6,125079.65,5,1,Germany,Female,1,1,0,0,0,0,0,0.12488015751085435,0,0,0
15652527,44,680,108724.98,72330.46,7,1,France,Male,1,0,0,0,0,0,0,0.12495838966569578,0,0,2
15660528,27,659,0.0,99341.87,4,2,Spain,Male,0,1,0,0,0,0,0,0.12499407448577177,0,0,1
15797710,29,619,98955.87,131712.51,4,1,Germany,Male,1,0,0,0,0,0,0,0.1250016273193485,0,0,1
15765345,35,753,0.0,106303.4,4,2,France,Male,1,1,0,0,0,0,0,0.1250026747834037,0,0,0
15567630,40,721,100275.88,138564.48,6,1,Germany,Male,0,1,1,0,0,0,0,0.12501247879231953,0,0,2
15618566,38,572,0.0,133122.62,7,2,France,Female,1,1,0,0,0,0,0,0.1250411162900263,0,0,2
15573278,39,743,0.0,44265.28,6,2,France,Male,0,1,0,0,0,0,0,0.12504998378796678,0,0,2
15589380,40,713,114446.84,87308.18,3,2,Germany,Male,1,1,0,0,0,0,0,0.12513040542492698,0,0,0
15794178,34,657,107136.6,153895.46,3,1,France,Male,0,1,0,0,0,0,0,0.12513825367899645,0,0,0
15687431,41,642,115171.71,37674.47,7,1,France,Female,1,1,0,0,0,0,0,0.12516045712849655,0,0,2
15806922,41,674,126605.14,166694.93,4,1,Spain,Female,1,1,0,0,0,0,0,0.12517538421152136,0,0,0
15613734,33,640,84719.13,113048.79,6,2,France,Female,1,1,0,0,0,0,0,0.1251790094972985,0,0,2
15618213,32,674,85757.93,95481.0,7,1,France,Female,1,1,0,0,0,0,0,0.1251851722708917,0,0,2
15575409,31,581,116891.72,107137.3,6,1,Germany,Male,0,1,0,0,0,0,0,0.1251998372564056,0,0,2
15773876,34,655,0.0,159638.77,3,2,France,Female,0,1,0,0,0,0,0,0.12520722187202554,0,0,0
15739054,29,654,96974.97,141404.07,4,1,France,Female,1,0,0,0,0,0,0,0.12523016305304135,0,0,1
15578515,38,659,0.0,158553.1,3,2,France,Female,0,1,0,0,0,0,0,0.12523532231535617,0,0,0
15696812,42,586,0.0,123410.23,6,2,Spain,Male,1,1,0,0,0,0,0,0.1252410012900126,0,0,2
15618182,38,678,0.0,115068.99,2,2,France,Female,0,0,0,0,0,0,0,0.12525546033548385,0,0,0
15780628,30,633,0.0,41642.29,6,2,France,Female,0,0,0,0,0,0,0,0.12528363267590792,0,0,1
15637461,35,758,0.0,77951.84,7,2,France,Male,0,1,0,0,0,0,0,0.1253080409222544,0,0,2
15699830,40,721,0.0,122580.48,7,2,France,Female,1,1,0,0,0,0,0,0.12531253567007572,0,0,2
15718507,37,647,116509.99,149517.71,3,1,Germany,Male,1,1,1,0,0,0,0,0.12531660134652922,0,0,0
15602034,34,697,126558.92,73334.43,2,1,France,Female,0,1,0,0,0,0,0,0.12531936881772654,0,0,0
15589224,41,596,0.0,141053.85,5,2,Spain,Male,1,0,0,0,0,0,0,0.12533051072729406,0,0,0
15775238,41,651,133432.59,151303.48,4,1,Germany,Female,1,0,0,0,0,0,0,0.12533900810290705,0,0,0
15744046,33,606,0.0,63176.77,8,2,Spain,Male,1,1,0,0,0,0,0,0.12535822982201716,0,0,2
15696361,31,648,125681.51,129980.93,7,1,Germany,Male,1,0,0,0,0,0,0,0.12543871610259133,0,0,2
15652540,31,683,0.0,77326.78,2,2,France,Male,1,0,0,0,0,0,0,0.12544147200797057,0,0,0
15723411,36,607,98266.3,46416.36,4,1,Spain,Female,1,1,0,0,0,0,0,0.1254453787576229,0,0,0
15620372,31,687,0.0,48228.1,3,2,Spain,Male,0,0,0,0,0,0,0,0.12547726988258162,0,0,0
15752809,43,702,116121.67,61602.42,6,1,Spain,Male,0,1,0,0,0,0,0,0.1254781826844812,0,0,2
15604551,35,732,0.0,90876.95,3,2,France,Female,0,1,0,0,0,0,0,0.12548456530551466,0,0,0
15772941,30,666,110153.27,74849.46,3,1,Germany,Male,1,0,0,0,0,0,0,0.12550331768785794,0,0,1
15787258,29,596,0.0,116696.77,6,2,Spain,Female,0,1,0,0,0,0,0,0.12554862383699072,0,0,1
15720529,29,591,0.0,108684.65,6,2,France,Male,1,1,0,0,0,0,0,0.12562320481744288,0,0,1
15638803,32,733,0.0,131625.14,5,2,Spain,Female,0,1,0,0,0,0,0,0.12563739470151092,0,0,2
15759805,32,582,0.0,59668.81,4,2,France,Female,0,1,0,0,0,0,0,0.12563960092919102,0,0,0
15610156,40,637,133463.1,93165.34,2,1,France,Male,1,0,0,0,0,0,0,0.12564713233863983,0,0,0
15693771,45,651,95922.9,84782.42,8,1,Spain,Female,0,1,1,0,0,0,0,0.12564874559951983,0,0,2
15686463,38,626,141074.59,52795.56,7,1,France,Male,0,1,1,0,0,0,0,0.12567784252735786,0,0,2
15685628,35,670,124268.64,84321.03,2,2,Spain,Male,1,0,0,0,0,0,0,0.1257136529269987,0,0,0
15620557,37,561,101470.29,88838.14,4,1,Spain,Male,1,0,0,0,0,0,0,0.12573459435911538,0,0,0
15740846,40,556,125909.85,95124.4,5,1,France,Male,1,1,0,0,0,0,0,0.12574198761138144,0,0,0
15591552,32,600,98877.95,132973.21,7,1,France,Female,0,1,0,0,0,0,0,0.12575784698762166,0,0,2
15794916,41,725,113980.21,116704.25,7,1,France,Male,1,1,0,0,0,0,0,0.1257585532355187,0,0,2
15647807,40,642,109219.83,52827.51,8,1,France,Male,0,1,0,0,0,0,0,0.12576534404255268,0,0,2
15723400,28,663,0.0,123969.64,4,2,France,Male,1,1,0,0,0,0,0,0.12579186947335969,0,0,1
15777855,45,649,0.0,75204.21,7,2,France,Male,1,0,0,0,0,0,0,0.12579357097080085,0,0,2
15703177,35,654,90865.8,86764.46,2,1,France,Female,1,1,0,0,0,0,0,0.12579672821527377,0,0,0
15585823,31,627,128131.73,96131.47,8,1,France,Male,0,1,0,0,0,0,0,0.12582099740634084,0,0,2
15589589,34,613,144094.2,44510.26,5,1,France,Male,0,1,0,0,0,0,0,0.12582751921230362,0,0,0
15600103,29,633,104944.1,97684.46,8,1,Germany,Female,1,1,0,0,0,0,0,0.12583533386056134,0,0,1
15692977,36,612,130700.92,77592.8,2,2,Germany,Female,0,0,0,0,0,0,0,0.12587685540220434,0,0,0
15588923,33,591,113743.37,124625.08,4,1,France,Female,0,1,0,0,0,0,0,0.12588787108037752,0,0,0
15677785,32,656,136963.12,133814.28,5,1,Spain,Male,0,1,0,0,0,0,0,0.12592543530874645,0,0,2
15591509,36,690,101583.11,123775.15,7,2,France,Male,0,1,0,0,0,0,0,0.12593652081586626,0,0,2
15668057,31,669,113000.66,40467.82,6,1,France,Female,0,1,0,0,0,0,0,0.125939807814475,0,0,2
15586243,44,667,122277.87,91810.71,8,1,France,Male,1,1,0,0,0,0,0,0.12595626617438377,0,0,2
15698927,39,675,0.0,36267.21,7,2,France,Male,1,0,0,0,0,0,0,0.12598359851073093,0,0,2
15723437,35,701,0.0,65765.22,2,2,France,Female,1,1,0,0,0,0,0,0.12601142690272404,0,0,0
15594651,38,748,115221.36,70956.75,4,1,France,Male,1,0,0,0,0,0,0,0.12601517947391516,0,0,0
15635244,29,716,0.0,98998.61,6,2,France,Female,1,1,0,0,0,0,0,0.1260504978037298,0,0,1
15630511,33,691,0.0,164074.89,6,2,France,Female,0,1,0,0,0,0,0,0.12606166285795656,0,0,2
15570141,34,724,132352.69,80320.3,3,1,France,Female,0,1,0,0,0,0,0,0.12610368385558762,0,0,0
15772503,33,737,0.0,115115.32,4,2,France,Female,0,1,0,0,0,0,0,0.1261255574405909,0,0,0
15701333,37,646,96558.66,163427.18,7,1,France,Female,0,0,0,0,0,0,0,0.12613933409105899,0,0,2
15565891,39,709,0.0,56214.09,8,2,France,Male,0,1,0,0,0,0,0,0.12615888946107418,0,0,2
15780386,40,654,105683.63,173617.09,5,1,Spain,Male,0,1,0,0,0,0,0,0.12619285876368763,0,0,2
15671930,36,717,0.0,145551.6,5,2,France,Female,1,1,0,0,0,0,0,0.12621036656142887,0,0,2
15585284,35,604,147285.52,57807.05,7,1,Spain,Female,1,1,0,0,0,0,0,0.1262345112591466,0,0,2
15812422,41,637,0.0,102515.42,2,2,France,Male,1,0,0,0,0,0,0,0.1262404605396104,0,0,0
15616931,41,653,102768.42,55663.85,8,1,France,Male,0,1,0,0,0,0,0,0.12624989011450272,0,0,2
15643635,32,664,133705.74,134455.84,5,1,Spain,Male,0,0,0,0,0,0,0,0.12626663301875168,0,0,2
15722037,36,610,115462.02,42581.04,7,1,Germany,Male,1,0,0,0,0,0,0,0.12629230788984142,0,0,2
15643828,29,592,0.0,91196.67,7,2,France,Male,1,1,0,0,0,0,0,0.12632256163041555,0,0,1
15575410,39,667,83765.35,118358.54,4,2,Germany,Female,0,1,0,0,0,0,0,0.1263226921128655,0,0,0
15633525,29,631,0.0,125877.22,7,2,France,Male,1,0,0,0,0,0,0,0.12634028664996755,0,0,1
15590286,40,611,125879.29,93203.43,2,1,France,Female,0,1,0,0,0,0,0,0.12635381520240258,0,0,0
15667620,43,732,0.0,65731.53,6,2,France,Female,0,1,0,0,0,0,0,0.12635571736297851,0,0,2
15709511,43,622,0.0,100618.17,8,2,France,Male,0,1,0,0,0,0,0,0.12636754991587423,0,0,2
15578156,32,615,138521.83,56897.1,5,1,Spain,Male,1,1,0,0,0,0,0,0.12637256725104917,0,0,0
15680001,38,602,111835.94,124389.61,7,2,France,Male,0,1,0,0,0,0,0,0.12637294203694005,0,0,2
15677783,38,764,113607.47,91094.46,4,1,Spain,Male,0,1,0,0,0,0,0,0.126392239168237,0,0,0
15654067,29,584,0.0,88866.92,4,2,Spain,Female,0,1,0,0,0,0,0,0.1264358179642857,0,0,1
15799710,37,739,104960.46,80883.82,7,1,France,Male,1,0,0,0,0,0,0,0.1264455146320323,0,0,2
15691863,39,751,0.0,84175.34,3,2,France,Female,1,1,0,0,0,0,0,0.12647323911366054,0,0,0
15656005,31,592,124593.23,86079.67,7,1,Germany,Male,0,1,0,0,0,0,0,0.1265024663666912,0,0,2
15567486,41,634,0.0,164549.74,4,2,Spain,Female,1,1,0,0,0,0,0,0.12655579855986682,0,0,0
15582276,34,638,133501.36,155643.04,5,1,France,Male,1,0,0,0,0,0,0,0.126607189545676,0,0,0
15788189,41,665,96147.55,137037.97,8,1,France,Female,0,1,0,0,0,0,0,0.126607593751622,0,0,2
15591344,42,715,0.0,128745.69,6,2,Spain,Male,1,1,0,0,0,0,0,0.12663146173429785,0,0,2
15638424,35,661,150725.53,113656.85,5,2,Germany,Female,1,0,0,0,0,0,0,0.12664302976144431,0,0,0
15658852,38,676,0.0,133692.88,8,2,France,Male,1,1,0,0,0,0,0,0.1266789646017546,0,0,2
15572398,39,614,0.0,164018.98,6,2,Spain,Female,1,1,0,0,0,0,0,0.12668025012658513,0,0,2
15624170,38,639,81550.94,118974.77,4,2,France,Female,1,0,0,0,0,0,0,0.12673099254569825,0,0,0
15585835,34,655,109783.69,134034.32,4,2,Spain,Female,0,1,0,0,0,0,0,0.12674787751124833,0,0,0
15792660,38,614,116248.88,105140.92,2,1,France,Male,0,1,0,0,0,0,0,0.1267486257593427,0,0,0
15698442,35,719,122964.88,138231.7,3,1,Spain,Male,1,1,0,0,0,0,0,0.12674897598948465,0,0,0
15738588,37,660,133200.09,71433.88,2,1,Germany,Female,0,0,0,0,0,0,0,0.12678825171145247,0,0,0
15640855,40,729,113574.61,103396.08,5,2,Germany,Male,0,1,0,0,0,0,0,0.12679505120755624,0,0,2
15797692,33,659,89939.62,136540.09,7,1,France,Female,0,1,0,0,0,0,0,0.12680178637889278,0,0,2
15773792,32,662,133950.37,48725.68,4,1,France,Female,1,1,1,0,0,0,0,0.12680954139897826,0,0,0
15679531,34,618,134954.53,151954.39,5,1,France,Male,1,1,0,0,0,0,0,0.12681479664896056,0,0,0
15605684,31,664,104158.84,134169.85,7,1,France,Female,0,1,0,0,0,0,0,0.1268354714430281,0,0,2
15614923,41,630,107511.52,46156.87,7,1,Spain,Male,1,0,0,0,0,0,0,0.12683913046710882,0,0,2
15656829,33,577,0.0,57975.8,6,2,Spain,Female,0,1,0,0,0,0,0,0.1268963421406628,0,0,2
15599078,41,619,92467.58,38270.47,5,1,Germany,Female,0,1,0,0,0,0,0,0.12689730751754608,0,0,0
15801417,37,657,82500.28,115260.72,4,1,France,Male,1,1,0,0,0,0,0,0.12690602068144158,0,0,0
15756535,39,733,91538.51,93783.0,5,1,Germany,Male,1,1,0,0,0,0,0,0.1269411488976009,0,0,2
15715707,32,657,118829.03,73127.61,3,2,France,Male,1,1,0,0,0,0,0,0.12697638715676335,0,0,0
15732832,40,707,0.0,41052.82,5,2,France,Female,0,1,0,0,0,0,0,0.12698917263647636,0,0,2
15626742,36,694,97530.25,117140.41,3,1,France,Male,1,1,0,0,0,0,0,0.127010488540791,0,0,0
15659420,32,659,107594.11,102416.84,3,2,Spain,Male,1,1,0,0,0,0,0,0.12701928102036925,0,0,0
15704771,35,593,133489.12,78101.29,6,2,France,Female,1,1,0,0,0,0,0,0.12705470475365405,0,0,2
15685300,35,603,128993.76,130483.56,6,2,France,Male,0,1,0,0,0,0,0,0.12708744854456444,0,0,2
15710257,39,625,130786.92,121316.07,3,1,France,Female,1,0,0,0,0,0,0,0.12710347709162528,0,0,0
15656613,34,646,131283.11,130500.65,3,1,France,Female,0,0,0,0,0,0,0,0.1271092107914369,0,0,0
15637118,33,684,140700.61,103557.93,4,1,France,Male,0,1,0,0,0,0,0,0.12713711289946805,0,0,0
15772381,38,589,92219.21,99106.97,8,1,Germany,Male,0,1,0,0,0,0,0,0.12713811118178997,0,0,2
15662901,37,656,0.0,67840.81,2,2,France,Male,1,0,0,0,0,0,0,0.12716430483603447,0,0,0
15682454,34,626,0.0,37870.29,3,2,France,Female,1,1,0,0,0,0,0,0.12717344813927206,0,0,0
15780716,39,686,129626.19,103220.56,3,2,Germany,Male,1,1,0,0,0,0,0,0.12720069331803552,0,0,0
15614187,39,648,126935.98,57995.74,3,2,Germany,Female,1,0,0,0,0,0,0,0.12725892926408766,0,0,0
15663964,37,561,0.0,83093.25,5,2,France,Male,0,1,0,0,0,0,0,0.12728088396600135,0,0,0
15814675,39,642,128264.03,61792.76,8,1,Germany,Female,0,1,1,0,0,0,0,0.12729625267125183,0,0,2
15580149,41,638,0.0,43889.41,7,2,Spain,Male,0,1,0,0,0,0,0,0.12730273758592375,0,0,2
15670619,33,631,0.0,117374.22,8,2,France,Female,0,0,0,0,0,0,0,0.12732781041974822,0,0,2
15709994,40,658,140596.95,135459.02,7,1,France,Female,1,0,1,0,0,0,0,0.1273424786748531,0,0,2
15784010,33,666,124125.26,81884.8,2,1,Germany,Male,0,1,0,0,0,0,0,0.12734782018431656,0,0,0
15780779,40,583,0.0,114093.73,4,2,Spain,Female,0,1,0,0,0,0,0,0.1273494224766336,0,0,0
15750248,35,619,132292.63,65682.93,8,1,France,Female,0,1,0,0,0,0,0,0.12736966895124807,0,0,2
15576111,33,734,121898.58,61829.89,5,1,Germany,Male,0,1,0,0,0,0,0,0.12737587292842822,0,0,2
15733119,35,718,0.0,94820.85,8,2,France,Male,0,1,0,0,0,0,0,0.1274363663308401,0,0,2
15701319,37,614,96340.81,139377.24,6,2,Germany,Female,1,1,1,0,0,0,0,0.12744174973649502,0,0,2
15773934,33,670,88294.6,66979.06,6,1,France,Male,0,1,0,0,0,0,0,0.1274586440884527,0,0,2
15748432,32,746,0.0,72909.75,4,2,France,Female,1,1,0,0,0,0,0,0.12746712918604286,0,0,0
15627232,44,608,114203.47,77830.36,7,1,Germany,Male,1,1,1,0,0,0,0,0.127495430112671,0,0,2
15580956,43,683,115888.04,117349.19,4,1,Germany,Female,1,1,1,0,0,0,0,0.12749704307064863,0,0,0
15805627,37,670,0.0,54229.74,2,2,France,Male,1,1,0,0,0,0,0,0.1274985170212654,0,0,0
15584190,36,704,120026.98,100601.73,7,2,France,Male,1,0,0,0,0,0,0,0.12749956538577623,0,0,2
15658675,37,710,135795.63,46523.6,6,1,Germany,Male,1,0,0,0,0,0,0,0.1275338064152905,0,0,2
15701200,36,576,0.0,48314.0,6,2,France,Male,1,1,0,0,0,0,0,0.12754115413559008,0,0,2
15679810,39,690,0.0,160532.88,6,2,France,Male,0,1,0,0,0,0,0,0.12754844401189463,0,0,2
15641136,32,629,0.0,77965.44,2,2,France,Male,1,0,0,0,0,0,0,0.1275687311572355,0,0,0
15698349,35,686,0.0,159676.55,4,2,Spain,Female,1,1,0,0,0,0,0,0.1275878263266238,0,0,0
15737408,41,703,109941.51,116267.28,6,1,France,Female,0,1,0,0,0,0,0,0.12759373274450414,0,0,2
15748649,40,644,93183.19,73882.49,8,1,France,Male,0,1,0,0,0,0,0,0.12760784418966042,0,0,2
15671915,46,649,0.0,76946.6,5,2,France,Male,1,1,0,0,0,0,0,0.1276145662909538,0,0,2
15725028,29,679,0.0,63687.06,3,2,France,Male,1,1,0,0,0,0,0,0.12765445146477544,0,0,1
15741181,41,721,135071.12,64477.25,6,1,France,Male,1,1,0,0,0,0,0,0.1276792712175836,0,0,2
15764916,43,616,95984.21,115262.54,7,1,Germany,Female,1,0,1,0,0,0,0,0.12768446637790576,0,0,2
15705860,40,631,107949.45,52449.62,3,1,Germany,Male,0,1,1,0,0,0,0,0.12770491025623099,0,0,0
15637979,36,664,127160.78,78140.75,2,2,Germany,Female,0,1,0,0,0,0,0,0.12771862068955664,0,0,0
15607485,29,692,0.0,138880.24,4,2,Spain,Female,0,0,0,0,0,0,0,0.12772120098473072,0,0,1
15570192,40,608,121729.42,61164.45,8,1,Germany,Female,0,0,0,0,0,0,0,0.1277290168312934,0,0,2
15723873,31,657,125167.02,98820.39,3,1,Spain,Male,0,0,0,0,0,0,0,0.1277334588588464,0,0,0
15596811,36,667,139753.35,79871.16,8,1,France,Male,0,1,0,0,0,0,0,0.12773819524875124,0,0,2
15681755,32,605,0.0,42135.28,5,2,France,Female,1,1,0,0,0,0,0,0.1277467777219118,0,0,0
15778287,35,622,0.0,131772.51,8,2,France,Male,1,1,0,0,0,0,0,0.12775650738429573,0,0,2
15629390,37,653,135847.47,144880.81,7,1,France,Male,0,1,0,0,0,0,0,0.1277873230706169,0,0,2
15672610,40,567,118628.8,91973.63,4,1,Spain,Male,0,0,0,0,0,0,0,0.12780164514793407,0,0,0
15711521,39,609,121778.71,138399.67,3,1,France,Male,1,1,0,0,0,0,0,0.12780407813237588,0,0,0
15670163,27,666,0.0,88751.45,4,2,France,Female,0,0,0,0,0,0,0,0.127804639718621,0,0,1
15669219,35,588,104356.38,94498.82,3,1,Germany,Male,0,1,0,0,0,0,0,0.12782452148504786,0,0,0
15575391,37,677,0.0,38252.25,3,2,France,Female,1,1,0,0,0,0,0,0.12786206573184689,0,0,0
15707962,40,606,119501.88,46774.94,6,2,France,Male,0,1,0,0,0,0,0,0.12787030420769796,0,0,2
15623791,40,632,109740.62,141896.74,3,1,Spain,Female,0,1,0,0,0,0,0,0.12788283356809532,0,0,0
15582797,35,685,137948.51,113639.64,4,1,Spain,Male,0,1,0,0,0,0,0,0.12788461343208501,0,0,0
15733111,32,688,124179.3,138759.15,6,1,Spain,Male,1,1,0,0,0,0,0,0.12788879547630133,0,0,2
15680046,36,711,0.0,55207.41,8,2,Spain,Male,0,1,0,0,0,0,0,0.12795903970092304,0,0,2
15762821,33,721,0.0,117626.9,5,2,Spain,Male,1,0,0,0,0,0,0,0.12799374263651675,0,0,2
15759690,42,751,0.0,81442.6,4,2,France,Male,1,1,0,0,0,0,0,0.12800397732437507,0,0,0
15785326,35,639,136526.26,59653.03,5,2,Spain,Female,0,1,0,0,0,0,0,0.1280045050800468,0,0,2
15629739,31,621,100375.39,90384.26,8,1,Germany,Female,1,1,0,0,0,0,0,0.12800531425887512,0,0,2
15580487,38,627,106922.92,84270.09,8,2,Germany,Male,1,0,0,0,0,0,0,0.12807509234221137,0,0,2
15671514,33,669,0.0,128538.05,8,2,Spain,Female,1,0,0,0,0,0,0,0.12809271011850498,0,0,2
15632669,32,722,0.0,113666.48,4,2,Spain,Female,1,1,0,0,0,0,0,0.1280932266800916,0,0,0
15785980,34,588,121132.26,86460.28,6,2,Spain,Male,0,1,0,0,0,0,0,0.12810337520320397,0,0,2
15711062,40,633,86172.81,117279.49,5,2,Germany,Male,1,1,0,0,0,0,0,0.1281385143276496,0,0,0
15800228,42,652,0.0,38152.01,4,2,Spain,Female,1,1,0,0,0,0,0,0.12815450343411433,0,0,0
15653997,31,699,114493.68,138396.32,6,1,Spain,Male,0,0,0,0,0,0,0,0.12817443334812606,0,0,2
15735909,39,607,105103.33,104721.5,8,1,Germany,Female,0,1,1,0,0,0,0,0.12821268922690143,0,0,2
15681928,35,577,108155.49,105407.79,4,1,France,Female,0,1,0,0,0,0,0,0.12821590900274388,0,0,0
15659843,46,643,0.0,106781.59,6,2,France,Female,0,0,0,0,0,0,0,0.1282193469143314,0,0,2
15626882,37,662,94901.09,48233.75,5,1,Spain,Male,1,1,0,0,0,0,0,0.12822369473952283,0,0,2
15622192,39,724,0.0,95562.81,3,2,Spain,Male,1,0,0,0,0,0,0,0.12825027461711874,0,0,0
15771417,43,640,132412.38,69584.3,7,1,France,Male,0,0,1,0,0,0,0,0.12826345444353604,0,0,2
15778589,34,626,113014.7,56646.28,7,2,France,Male,1,1,0,0,0,0,0,0.12827717102909403,0,0,2
15651280,35,742,136857.0,84509.57,5,1,Germany,Male,0,0,0,0,0,0,0,0.12830376459817233,0,0,2
15667632,42,703,0.0,72500.68,7,2,France,Female,1,0,0,0,0,0,0,0.12830681507867037,0,0,2
15708713,35,633,0.0,36249.76,3,2,France,Male,1,1,0,0,0,0,0,0.12831518397885633,0,0,0
15641007,38,614,72594.0,76042.48,4,1,France,Female,1,1,0,0,0,0,0,0.12831840598443278,0,0,0
15626143,37,695,0.0,99692.65,2,2,France,Male,1,1,0,0,0,0,0,0.12836104242040636,0,0,0
15658972,40,699,122038.34,102085.35,8,1,France,Female,0,1,0,0,0,0,0,0.12836415720610278,0,0,2
15708714,33,675,0.0,34045.61,6,2,France,Female,0,1,0,0,0,0,0,0.128375035324383,0,0,2
15607598,31,575,0.0,95686.42,6,2,Spain,Female,1,1,0,0,0,0,0,0.12837649428654196,0,0,2
15649536,38,741,128015.83,58440.43,4,1,Germany,Male,0,1,0,0,0,0,0,0.1283768406998409,0,0,0
15787602,39,568,0.0,129569.92,5,2,Spain,Male,1,1,0,0,0,0,0,0.12841169605560576,0,0,0
15676869,36,657,0.0,123866.43,8,2,Spain,Male,1,0,0,0,0,0,0,0.12841998501527685,0,0,2
15654156,32,722,106807.64,76998.69,5,1,Germany,Female,1,1,0,0,0,0,0,0.12843450974983472,0,0,2
15597309,36,749,0.0,80134.65,7,2,Spain,Male,0,0,0,0,0,0,0,0.1284642755396863,0,0,2
15734161,43,636,0.0,43128.95,6,2,France,Male,0,1,0,0,0,0,0,0.12847584999948902,0,0,2
15623478,32,670,102954.68,134942.45,4,2,Germany,Female,1,0,0,0,0,0,0,0.12849092854733435,0,0,0
15659807,41,657,109402.13,66463.62,8,1,Spain,Male,1,1,0,0,0,0,0,0.12851242121237816,0,0,2
15803886,31,629,132876.55,130862.11,6,1,Spain,Male,1,1,0,0,0,0,0,0.1285512273795824,0,0,2
15791316,35,714,0.0,95623.28,3,2,France,Male,1,1,0,0,0,0,0,0.12856698420780954,0,0,0
15796834,35,652,104015.54,55207.88,7,2,Germany,Male,1,1,0,0,0,0,0,0.12858089855792892,0,0,2
15588580,36,584,109646.83,70240.79,4,1,Germany,Female,1,1,0,0,0,0,0,0.12860947298473724,0,0,0
15596575,39,615,113193.51,52166.25,5,2,Germany,Male,1,1,0,0,0,0,0,0.12861063795595923,0,0,0
15810010,36,678,118448.15,53172.02,6,2,Germany,Male,0,1,0,0,0,0,0,0.12863667652290334,0,0,2
15684296,34,714,141173.03,98896.06,5,1,France,Male,1,0,0,0,0,0,0,0.12864937456428416,0,0,2
15810944,35,586,0.0,70760.69,7,2,France,Female,0,1,0,0,0,0,0,0.12865117909642315,0,0,2
15752137,33,648,134944.0,117036.38,7,1,France,Male,1,1,0,0,0,0,0,0.12871883014439434,0,0,2
15659937,40,703,0.0,122518.5,7,2,France,Female,1,0,0,0,0,0,0,0.1287295884691283,0,0,2
15691150,32,699,110559.46,127429.56,4,1,France,Female,1,1,0,0,0,0,0,0.12878129551328987,0,0,0
15611961,35,615,0.0,150784.29,7,2,France,Male,0,1,0,0,0,0,0,0.12878215409692112,0,0,2
15741728,36,591,135216.8,122022.89,7,1,Spain,Male,1,1,0,0,0,0,0,0.12884868803449884,0,0,2
15648725,41,660,0.0,108665.89,3,2,France,Male,1,1,0,0,0,0,0,0.12886497073607706,0,0,0
15650322,34,701,105588.66,74694.41,3,1,France,Female,1,0,0,0,0,0,0,0.12888659109498785,0,0,0
15627027,39,738,0.0,114388.98,5,2,France,Male,1,1,0,0,0,0,0,0.12889609504184485,0,0,2
15619953,42,662,105021.28,48242.38,6,1,Spain,Female,0,1,0,0,0,0,0,0.1289665451368867,0,0,2
15603846,37,711,0.0,83978.86,2,2,Spain,Male,0,1,1,0,0,0,0,0.12897755365093483,0,0,0
15606177,39,672,0.0,87372.49,2,2,France,Male,0,1,0,0,0,0,0,0.12898184200326052,0,0,0
15792668,37,661,109908.06,115037.67,7,2,Germany,Male,0,1,1,0,0,0,0,0.1290503138218132,0,0,2
15679453,39,614,125997.22,128049.34,8,1,Germany,Female,1,1,1,0,0,0,0,0.12908053963681138,0,0,2
15636912,38,678,124483.53,126253.31,3,1,Spain,Male,0,1,0,0,0,0,0,0.12910082876781054,0,0,0
15591932,32,680,92961.61,116957.6,5,1,France,Male,0,1,0,0,0,0,0,0.12911699858606157,0,0,2
15695168,39,625,0.0,100403.05,2,2,France,Male,0,1,0,0,0,0,0,0.12916024956137462,0,0,0
15690492,41,625,97663.16,57128.78,6,2,France,Male,0,1,0,0,0,0,0,0.12918259704598695,0,0,2
15579787,39,686,0.0,155023.93,4,2,France,Male,0,1,0,0,0,0,0,0.1291918681397119,0,0,0
15784092,36,732,126195.81,133172.48,7,1,France,Male,1,1,0,0,0,0,0,0.1292123542198837,0,0,2
15568748,45,671,99564.22,108872.45,6,1,Germany,Male,1,1,1,0,0,0,0,0.1292137443113251,0,0,2
15718921,32,625,106957.28,134794.02,7,1,Spain,Male,1,1,0,0,0,0,0,0.1292151038575129,0,0,2
15722473,41,713,0.0,55772.04,3,2,France,Male,0,1,0,0,0,0,0,0.12924708553927367,0,0,0
15675926,34,655,118028.35,51226.32,7,1,Germany,Male,0,1,1,0,0,0,0,0.1292487298493727,0,0,2
15750929,39,702,0.0,99654.13,8,2,Spain,Male,0,1,0,0,0,0,0,0.12930088892909375,0,0,2
15705506,38,751,0.0,90839.61,7,2,Spain,Male,0,0,0,0,0,0,0,0.12932589674819983,0,0,2
15696355,37,724,125489.4,118570.53,6,1,Germany,Male,0,1,0,0,0,0,0,0.12939705078544733,0,0,2
15656426,42,713,0.0,82565.01,3,2,France,Female,0,0,0,0,0,0,0,0.12941136654760238,0,0,0
15702293,35,588,0.0,108739.15,7,2,Spain,Female,1,1,0,0,0,0,0,0.12943911414699444,0,0,2
15752601,40,578,0.0,102233.73,7,2,France,Female,0,0,0,0,0,0,0,0.12948694090345653,0,0,2
15569670,30,627,112372.96,118029.09,6,1,Germany,Male,1,1,0,0,0,0,0,0.1295049429319735,0,0,1
15569364,36,666,0.0,35156.54,3,2,France,Male,0,1,0,0,0,0,0,0.1295180665286994,0,0,0
15634375,36,710,0.0,83206.19,8,2,Spain,Female,0,0,0,0,0,0,0,0.12953193729414214,0,0,2
15618314,40,676,114005.78,67998.45,8,1,France,Male,1,1,0,0,0,0,0,0.12959275657773767,0,0,2
15648320,31,658,123974.96,102153.75,7,1,France,Female,0,1,0,0,0,0,0,0.1296043812465244,0,0,2
15591360,33,642,84607.34,60059.47,4,2,France,Female,1,0,0,0,0,0,0,0.1296082939466674,0,0,0
15593969,39,630,135483.17,140881.2,7,1,Spain,Female,0,1,1,0,0,0,0,0.12961275276809198,0,0,2
15625311,41,589,92618.62,101178.85,7,1,Germany,Female,1,1,0,0,0,0,0,0.12962014347531753,0,0,2
15767921,41,613,0.0,60297.72,7,2,France,Male,0,1,0,0,0,0,0,0.12962382247906196,0,0,2
15804075,36,628,91286.51,63085.94,3,1,Germany,Female,0,1,0,0,0,0,0,0.12966192176526764,0,0,0
15772479,37,673,0.0,163563.07,4,2,France,Male,0,0,0,0,0,0,0,0.1296647428741896,0,0,0
15752912,30,661,0.0,72196.57,7,2,France,Female,0,1,0,0,0,0,0,0.12967873534513025,0,0,1
15751412,36,704,114370.41,66810.48,3,1,France,Male,1,0,0,0,0,0,0,0.12968300642933978,0,0,0
15590637,41,721,0.0,61018.85,7,2,France,Male,1,0,0,0,0,0,0,0.12969300591513355,0,0,2
15755798,33,610,111582.11,113943.17,4,1,France,Male,0,0,0,0,0,0,0,0.12972678201684767,0,0,0
15722350,37,627,147361.57,133031.96,7,1,Germany,Female,1,1,0,0,0,0,0,0.1297863505667574,0,0,2
15736495,34,712,114088.32,92794.61,8,1,France,Male,0,1,0,0,0,0,0,0.12978923331194087,0,0,2
15732774,37,656,112291.34,153157.97,7,1,France,Male,0,1,0,0,0,0,0,0.12980498089647874,0,0,2
15760570,32,590,0.0,59249.83,5,2,France,Male,0,1,0,0,0,0,0,0.12982366470916296,0,0,0
15773605,32,670,0.0,46175.7,3,2,Spain,Female,0,1,0,0,0,0,0,0.12984804090876922,0,0,0
15668886,38,684,0.0,44255.65,3,2,Spain,Female,0,1,0,0,0,0,0,0.12986170498879707,0,0,0
15749540,36,585,0.0,94283.09,7,2,France,Male,0,1,0,0,0,0,0,0.12987451911914566,0,0,2
15651001,39,725,116803.8,124052.97,5,1,Germany,Female,0,1,0,0,0,0,0,0.12988973491615763,0,0,2
15632551,31,625,77743.01,75335.68,4,2,Germany,Male,0,1,0,0,0,0,0,0.12996985380184245,0,0,0
15587311,33,582,0.0,72970.93,6,2,Spain,Male,1,0,0,0,0,0,0,0.12997276845140426,0,0,2
15738224,32,593,99162.29,128384.11,6,1,France,Male,0,1,0,0,0,0,0,0.12997618460902388,0,0,2
15737275,39,649,113096.41,60335.24,3,1,France,Male,1,1,0,0,0,0,0,0.12998271545219442,0,0,0
15680918,34,613,117300.02,139410.08,8,1,Spain,Male,0,1,0,0,0,0,0,0.12999261141089646,0,0,2
15769974,35,679,119182.73,121210.09,8,1,Spain,Female,0,0,0,0,0,0,0,0.1300077539680311,0,0,2
15658032,39,701,0.0,82526.92,2,2,France,Male,1,1,0,0,0,0,0,0.13003021105269508,0,0,0
15612092,32,646,105397.8,78111.84,8,1,Germany,Male,0,1,1,0,0,0,0,0.13005772812999317,0,0,2
15738018,40,571,0.0,72849.29,5,2,France,Male,0,0,0,0,0,0,0,0.1300845174623146,0,0,0
15702337,37,581,0.0,74320.75,7,2,France,Male,1,1,0,0,0,0,0,0.13010107877549737,0,0,2
15676353,35,598,114212.6,74322.85,8,1,France,Male,1,1,0,0,0,0,0,0.13010526850324478,0,0,2
15638272,32,609,99883.16,120594.85,4,1,Spain,Male,1,1,0,0,0,0,0,0.13013984447514976,0,0,0
15641091,31,695,106089.2,99537.68,5,1,France,Female,0,0,0,0,0,0,0,0.13015549573967256,0,0,2
15675316,38,619,0.0,116467.35,3,2,France,Female,1,0,0,0,0,0,0,0.1301584229815278,0,0,0
15756743,37,625,115895.42,48486.25,7,1,France,Female,0,1,0,0,0,0,0,0.13016164043372647,0,0,2
15610056,34,631,125227.82,128247.03,6,2,Germany,Female,1,0,0,0,0,0,0,0.13016203780553337,0,0,2
15804709,35,688,111578.18,166165.93,5,1,Germany,Male,0,0,1,0,0,0,0,0.13021158462103882,0,0,2
15594039,42,599,0.0,113868.4,6,2,Spain,Male,0,1,0,0,0,0,0,0.13022933651220947,0,0,2
15628715,36,709,0.0,69676.55,8,2,France,Female,1,1,0,0,0,0,0,0.1302332356849188,0,0,2
15745843,31,689,0.0,136610.02,4,2,Spain,Female,1,1,0,0,0,0,0,0.130250467736318,0,0,0
15815628,37,711,113899.92,80215.2,8,1,France,Female,0,0,0,0,0,0,0,0.13025746652285125,0,0,2
15606232,36,621,116338.68,155743.48,7,1,Spain,Female,1,1,0,0,0,0,0,0.13027441754798852,0,0,2
15738889,42,658,102870.93,103764.55,8,1,France,Male,1,0,1,0,0,0,0,0.1302831738052524,0,0,2
15736533,37,730,124053.03,118591.67,5,1,Germany,Female,0,1,0,0,0,0,0,0.13028425447907382,0,0,2
15791836,29,690,0.0,108577.97,5,2,France,Male,0,1,0,0,0,0,0,0.13032307900274137,0,0,1
15628219,37,665,111911.63,110359.68,3,1,Germany,Female,1,1,1,0,0,0,0,0.13032964312882478,0,0,0
15579548,36,735,0.0,105152.17,5,2,Spain,Male,0,1,0,0,0,0,0,0.1303862099156608,0,0,2
15589881,41,634,0.0,131284.93,7,2,France,Female,1,1,0,0,0,0,0,0.13044940409113903,0,0,2
15633666,33,701,123870.07,97794.71,7,1,Spain,Female,0,1,0,0,0,0,0,0.1304699303539002,0,0,2
15668894,41,661,122552.48,120646.4,5,2,Germany,Male,1,0,0,0,0,0,0,0.13055061913287397,0,0,0
15728564,41,682,0.0,134158.09,6,2,France,Male,1,0,1,0,0,0,0,0.1305816063524946,0,0,2
15726358,34,681,0.0,130686.59,7,2,France,Male,0,0,0,0,0,0,0,0.13058351877490343,0,0,2
15686255,35,738,101744.84,85185.44,6,1,Germany,Male,0,0,0,0,0,0,0,0.1306017416653944,0,0,2
15667971,34,592,102143.93,102628.98,6,2,Germany,Female,1,1,0,0,0,0,0,0.13062914452340219,0,0,2
15640917,43,633,0.0,48249.88,5,2,France,Male,1,1,0,0,0,0,0,0.1306560023166088,0,0,0
15576022,38,565,0.0,80630.32,5,2,France,Male,1,0,0,0,0,0,0,0.1306592424050117,0,0,0
15792232,43,595,0.0,105149.8,5,2,Spain,Female,0,0,0,0,0,0,0,0.13065963245744955,0,0,0
15593636,39,657,80293.81,97192.76,4,1,France,Female,0,1,0,0,0,0,0,0.13067043574737885,0,0,0
15671351,35,624,0.0,87310.59,2,2,Spain,Male,0,1,0,0,0,0,0,0.1306888143138219,0,0,0
15597265,38,660,0.0,146585.53,7,2,France,Male,1,0,0,0,0,0,0,0.13072211584573745,0,0,2
15628203,38,637,104339.56,119882.86,3,1,France,Female,0,0,0,0,0,0,0,0.13072623449309217,0,0,0
15633461,38,639,130170.82,149599.62,5,1,Germany,Male,1,1,0,0,0,0,0,0.1307264285910812,0,0,0
15579189,42,690,0.0,120512.08,5,2,France,Female,1,0,0,0,0,0,0,0.1307404480235349,0,0,2
15568915,38,681,153722.47,101319.76,6,1,France,Male,0,1,0,0,0,0,0,0.13077189589485283,0,0,2
15773421,42,673,0.0,121440.8,4,2,France,Female,0,1,0,0,0,0,0,0.13077981521763482,0,0,0
15757537,31,610,107784.65,141137.53,6,1,France,Female,1,1,0,0,0,0,0,0.13081427779185562,0,0,2
15647259,35,643,0.0,67979.35,2,2,Spain,Male,0,0,0,0,0,0,0,0.13082432557550772,0,0,0
15667451,36,733,0.0,109127.54,5,2,France,Male,1,1,0,0,0,0,0,0.13082937490625685,0,0,2
15808960,40,620,108197.11,49722.34,5,2,Germany,Male,0,1,0,0,0,0,0,0.13086340732166535,0,0,0
15639322,33,633,137847.41,98349.13,4,2,Spain,Male,0,1,0,0,0,0,0,0.1308816639841997,0,0,0
15815552,42,670,112333.63,65706.86,6,1,France,Female,1,1,0,0,0,0,0,0.1308833822039332,0,0,2
15644878,43,685,117302.62,68701.73,6,1,Spain,Female,0,0,0,0,0,0,0,0.13092710172488964,0,0,2
15576256,39,582,0.0,129892.93,5,2,France,Male,1,1,0,0,0,0,0,0.13093487464071796,0,0,0
15655903,34,701,107980.37,119374.74,6,1,Spain,Female,1,1,0,0,0,0,0,0.13096302988770692,0,0,2
15697214,36,686,0.0,152979.14,5,2,Spain,Female,1,1,0,0,0,0,0,0.1309840726952407,0,0,2
15645896,39,646,121681.91,61793.47,6,2,Germany,Male,1,0,0,0,0,0,0,0.13100998200360342,0,0,2
15615991,42,654,99263.09,67607.9,7,1,France,Male,1,1,0,0,0,0,0,0.13103358426380574,0,0,2
15762615,40,597,101993.12,94774.12,8,1,Spain,Female,1,0,0,0,0,0,0,0.13103696888993294,0,0,2
15757661,39,589,0.0,95985.64,7,2,France,Female,0,0,0,0,0,0,0,0.13105886852090104,0,0,2
15587596,39,628,107553.33,117523.41,8,1,Spain,Female,0,1,0,0,0,0,0,0.13107473950171517,0,0,2
15676966,42,730,0.0,85982.47,4,2,Spain,Male,1,0,0,0,0,0,0,0.131078350793364,0,0,0
15732281,34,680,146422.22,67142.97,6,1,Germany,Male,0,1,1,0,0,0,0,0.13110415632362776,0,0,2
15743759,39,619,0.0,158444.61,5,2,France,Male,1,1,0,0,0,0,0,0.13111255470079552,0,0,0
15789055,35,635,113635.16,90883.12,2,1,Spain,Male,0,1,0,0,0,0,0,0.13112742944653077,0,0,0
15667602,33,704,0.0,73018.74,3,2,Spain,Male,0,1,0,0,0,0,0,0.13112896403607166,0,0,0
15778861,33,720,97188.62,91881.29,6,1,Spain,Male,0,0,0,0,0,0,0,0.13113032078831194,0,0,2
15653784,37,627,125190.86,84584.69,2,1,France,Male,1,0,0,0,0,0,0,0.13114523249977106,0,0,0
15699238,40,618,0.0,80204.38,8,2,Spain,Female,0,1,0,0,0,0,0,0.13115084400781246,0,0,2
15726484,37,633,141546.35,124830.11,7,1,France,Male,1,1,0,0,0,0,0,0.13125682302768032,0,0,2
15712536,36,625,0.0,41295.1,3,2,France,Female,0,1,1,0,0,0,0,0.13126171999457992,0,0,0
15754574,36,738,0.0,96881.32,5,2,Spain,Male,1,1,0,0,0,0,0,0.1313221372019766,0,0,2
15758039,44,614,0.0,104930.46,6,2,France,Male,1,0,0,0,0,0,0,0.1313459844583249,0,0,2
15637690,34,622,98675.74,138906.85,7,1,Germany,Female,0,1,1,0,0,0,0,0.1313555270056418,0,0,2
15593250,29,640,0.0,44904.26,4,2,France,Female,0,1,0,0,0,0,0,0.13136131862814898,0,0,1
15789548,37,592,0.0,126726.33,7,2,France,Female,1,1,0,0,0,0,0,0.13138310335280884,0,0,2
15635905,32,616,0.0,43001.46,6,2,Spain,Female,1,1,0,0,0,0,0,0.13139038808403186,0,0,2
15793896,40,677,95312.8,62944.75,7,1,Spain,Male,1,1,0,0,0,0,0,0.13140394314140802,0,0,2
15661830,36,750,0.0,59816.41,6,2,Spain,Female,1,1,0,0,0,0,0,0.13142915916854847,0,0,2
15623102,38,713,116980.78,76038.38,6,2,Spain,Male,1,0,0,0,0,0,0,0.1314499301351969,0,0,2
15703106,40,575,0.0,122488.59,5,2,France,Male,1,1,0,0,0,0,0,0.13148332505449223,0,0,0
15768476,31,703,0.0,67667.19,6,2,Spain,Male,1,1,0,0,0,0,0,0.1314847859853528,0,0,2
15797197,29,678,0.0,64443.75,6,2,Spain,Male,0,1,0,0,0,0,0,0.13150100059929765,0,0,1
15623560,35,668,102482.76,53994.64,6,1,France,Female,1,1,0,0,0,0,0,0.13151907961796355,0,0,2
15773789,38,594,96858.35,77511.45,7,1,Spain,Female,0,1,0,0,0,0,0,0.13153270792547106,0,0,2
15574206,37,718,0.0,55100.09,7,2,France,Female,1,1,0,0,0,0,0,0.13153490207601426,0,0,2
15593510,33,638,129335.65,56585.2,5,1,Germany,Female,1,1,1,0,0,0,0,0.1315453256469838,0,0,0
15813532,39,625,0.0,32615.21,5,2,France,Female,0,1,0,0,0,0,0,0.13155161336376325,0,0,2
15692718,38,738,0.0,69227.42,7,2,France,Female,0,0,0,0,0,0,0,0.131554824477793,0,0,2
15568885,34,620,102251.57,120672.09,8,1,Germany,Female,0,1,0,0,0,0,0,0.13155618084442416,0,0,2
15758685,37,706,0.0,110899.3,7,2,Spain,Female,1,1,0,0,0,0,0,0.1315762561242727,0,0,2
15636860,43,625,122351.29,71216.6,4,1,France,Male,0,1,0,0,0,0,0,0.13161907292624975,0,0,0
15735788,31,709,0.0,71009.84,6,2,France,Male,1,1,0,0,0,0,0,0.13166279174082696,0,0,2
15798521,33,675,0.0,45348.08,3,2,Spain,Male,0,1,0,0,0,0,0,0.13167628116020302,0,0,0
15762588,31,644,0.0,41872.17,5,2,France,Male,1,1,0,0,0,0,0,0.13170465313455126,0,0,2
15609653,44,614,118715.86,133591.11,6,1,Germany,Female,0,1,1,0,0,0,0,0.13171264030320623,0,0,2
15640789,38,711,123345.85,141827.83,4,1,France,Male,0,1,0,0,0,0,0,0.13172535810409824,0,0,0
15746749,32,681,0.0,59679.9,3,2,Spain,Female,1,1,0,0,0,0,0,0.13172891711283108,0,0,0
15603830,36,600,0.0,143635.36,4,2,Spain,Male,0,1,0,0,0,0,0,0.1317383626481598,0,0,0
15656484,40,682,0.0,140745.91,4,2,France,Male,1,1,0,0,0,0,0,0.13174953653721644,0,0,0
15752650,37,681,121231.39,146366.08,6,1,Spain,Female,1,1,0,0,0,0,0,0.131772086758347,0,0,2
15790782,39,661,132628.98,38812.67,6,1,Spain,Male,0,0,0,0,0,0,0,0.13184077126262872,0,0,2
15723373,34,643,117451.47,65374.86,8,1,Spain,Female,0,1,0,0,0,0,0,0.13187307637447515,0,0,2
15763747,36,732,0.0,60830.24,7,2,France,Male,1,1,0,0,0,0,0,0.13190104892965065,0,0,2
15568487,35,712,124616.23,69320.97,7,1,France,Male,1,1,0,0,0,0,0,0.13190501207807614,0,0,2
15791513,41,647,138937.35,101617.64,4,1,France,Male,1,1,1,0,0,0,0,0.13194961263002902,0,0,0
15796958,39,658,0.0,48378.4,7,2,France,Male,0,1,0,0,0,0,0,0.13196216729629867,0,0,2
15693267,34,679,121063.85,56984.58,7,1,Germany,Female,0,1,0,0,0,0,0,0.13199045795136732,0,0,2
15718789,30,604,0.0,75786.55,5,2,France,Male,0,1,0,0,0,0,0,0.1320338462055603,0,0,1
15676909,34,667,0.0,163830.64,5,2,Spain,Female,0,1,0,0,0,0,0,0.1320427841900787,0,0,2
15632010,33,647,121260.19,77216.48,7,2,Spain,Male,0,1,0,0,0,0,0,0.1320546242358529,0,0,2
15598157,34,728,106328.08,88680.65,4,1,France,Male,0,1,0,0,0,0,0,0.1320828469926334,0,0,0
15647402,38,628,0.0,48924.73,3,2,France,Female,1,1,0,0,0,0,0,0.13212797716070934,0,0,0
15715414,38,658,102895.1,155665.76,6,1,France,Female,0,0,0,0,0,0,0,0.13212908256185385,0,0,2
15594915,36,649,0.0,109179.89,8,2,France,Female,1,0,0,0,0,0,0,0.13219996863132494,0,0,2
15737489,46,610,116886.59,107973.44,5,1,Spain,Female,0,0,0,0,0,0,0,0.13221202526041081,0,0,0
15750458,39,693,0.0,142331.39,4,2,France,Female,1,0,0,0,0,0,0,0.1322360739629142,0,0,0
15707479,40,664,125608.72,122073.48,7,1,France,Male,0,1,0,0,0,0,0,0.13225985064161738,0,0,2
15793585,35,675,0.0,56642.97,8,2,France,Male,1,1,0,0,0,0,0,0.13228016601887133,0,0,2
15574305,36,680,116275.12,63795.8,3,1,France,Male,1,1,0,0,0,0,0,0.13228526934124646,0,0,0
15624451,38,641,0.0,116466.19,3,2,France,Female,0,1,0,0,0,0,0,0.13231110097198068,0,0,0
15782236,34,735,0.0,71095.41,5,2,Spain,Male,0,0,0,0,0,0,0,0.1323598367768326,0,0,2
15794187,36,695,114007.5,118120.88,6,2,France,Male,0,1,0,0,0,0,0,0.13239213160997126,0,0,2
15718912,44,608,126147.84,132424.69,5,1,Germany,Female,1,0,1,0,0,0,0,0.1324423701889102,0,0,0
15752467,34,720,0.0,77047.78,3,2,Spain,Male,1,1,0,0,0,0,0,0.1324468105499027,0,0,0
15579583,40,641,101090.27,51703.09,4,1,Spain,Female,1,1,0,0,0,0,0,0.13246308306584748,0,0,0
15664881,34,702,100054.77,109496.45,4,1,France,Male,0,1,0,0,0,0,0,0.13251050013550153,0,0,0
15620758,30,660,0.0,129149.06,4,2,Spain,Male,0,1,0,0,0,0,0,0.1325982267346465,0,0,1
15645543,34,636,0.0,44756.25,3,2,France,Female,1,1,0,0,0,0,0,0.1326145274193668,0,0,0
15622230,35,705,0.0,66331.01,3,2,France,Female,1,0,0,0,0,0,0,0.13261517505315512,0,0,0
15667046,38,694,121527.4,113481.02,7,1,Spain,Male,0,1,0,0,0,0,0,0.1326176088500421,0,0,2
15780572,30,653,0.0,120736.04,4,2,Spain,Male,0,1,0,0,0,0,0,0.13269343909963427,0,0,1
15617331,39,637,109698.41,88391.29,3,1,Germany,Female,1,1,1,0,0,0,0,0.13270171424513583,0,0,0
15692991,38,710,0.0,136390.88,4,2,Spain,Female,1,1,0,0,0,0,0,0.13273459809159455,0,0,0
15751057,32,701,102500.34,106287.77,5,1,Germany,Male,0,0,0,0,0,0,0,0.13274275214781606,0,0,2
15675949,43,696,0.0,66406.37,4,2,Spain,Female,1,1,0,0,0,0,0,0.13275867010567283,0,0,0
15815690,40,614,113348.5,77789.01,3,1,Spain,Female,1,1,0,0,0,0,0,0.13280374173653997,0,0,0
15672144,38,667,144432.04,73963.17,6,1,France,Female,1,1,1,0,0,0,0,0.13285111008541145,0,0,2
15569626,35,577,110080.3,109794.31,5,1,Spain,Male,1,1,0,0,0,0,0,0.1328612745010868,0,0,0
15669606,33,690,0.0,138017.68,5,2,France,Male,0,1,0,0,0,0,0,0.13288541030034978,0,0,2
15761043,38,632,86569.76,98090.91,6,2,Germany,Female,0,1,0,0,0,0,0,0.13291884278749638,0,0,2
15726588,36,653,0.0,110525.6,3,2,Spain,Female,0,0,0,0,0,0,0,0.13292037843121657,0,0,0
15790958,38,685,0.0,35884.91,4,2,Spain,Male,1,1,0,0,0,0,0,0.13293205493103533,0,0,0
15709368,43,614,0.0,109041.53,6,2,France,Female,1,1,0,0,0,0,0,0.1329500741351174,0,0,2
15737735,40,683,95053.1,116816.54,4,1,Spain,Male,1,1,1,0,0,0,0,0.13295483232469868,0,0,0
15733138,42,663,90248.79,79169.73,5,1,Germany,Male,1,1,0,0,0,0,0,0.13299249542674935,0,0,2
15687171,34,638,146679.77,102179.86,5,1,Spain,Male,0,1,0,0,0,0,0,0.13303847926165213,0,0,2
15604891,38,624,0.0,95403.41,8,2,Spain,Female,0,1,0,0,0,0,0,0.1330402960570205,0,0,2
15632439,39,698,0.0,47455.82,4,2,France,Female,1,0,0,0,0,0,0,0.13304133031346643,0,0,0
15627848,38,683,109346.13,102665.92,7,2,France,Male,0,1,0,0,0,0,0,0.13305154595668617,0,0,2
15797276,41,662,90350.77,75884.65,4,1,Spain,Female,0,1,1,0,0,0,0,0.13305614637016638,0,0,0
15736228,40,645,129596.77,103232.6,3,1,France,Female,1,1,0,0,0,0,0,0.13306112714293322,0,0,0
15660385,39,592,0.0,83084.33,7,2,France,Male,0,1,0,0,0,0,0,0.1331114328013001,0,0,2
15745844,40,642,129502.49,86099.23,6,2,Germany,Female,1,0,1,0,0,0,0,0.13313678246074417,0,0,2
15634632,38,711,0.0,68487.51,3,2,France,Male,0,1,0,0,0,0,0,0.13314895732527782,0,0,0
15667554,35,605,0.0,45206.57,6,2,France,Male,1,1,0,0,0,0,0,0.1331510096451634,0,0,2
15753215,36,651,0.0,91652.43,8,2,Spain,Female,0,1,0,0,0,0,0,0.13316458724262104,0,0,2
15745527,37,655,93147.0,66214.13,5,2,France,Male,0,1,0,0,0,0,0,0.13316833842099113,0,0,2
15688210,39,670,101928.51,89205.54,8,1,France,Female,0,0,0,0,0,0,0,0.1333542216685087,0,0,2
15630053,45,656,127864.4,87107.57,5,1,France,Male,0,1,0,0,0,0,0,0.1333729027736063,0,0,2
15596939,36,659,132578.92,84320.94,4,2,Germany,Male,0,1,0,0,0,0,0,0.13337749378027558,0,0,0
15729224,37,710,0.0,115403.31,5,2,France,Female,0,1,0,0,0,0,0,0.133377512423411,0,0,2
15758306,32,654,0.0,137898.57,6,2,France,Male,1,1,0,0,0,0,0,0.13339618619263405,0,0,2
15623196,38,686,149238.97,97825.23,6,1,France,Male,1,1,0,0,0,0,0,0.1334136033057608,0,0,2
15624936,35,631,129205.49,79146.36,8,1,France,Male,1,1,0,0,0,0,0,0.13342634122065622,0,0,2
15616270,42,620,106920.91,119747.08,4,1,Spain,Male,1,0,0,0,0,0,0,0.13342848586578482,0,0,0
15629750,35,697,133087.76,64771.61,5,1,France,Male,0,1,0,0,0,0,0,0.13347834711282053,0,0,2
15684147,43,678,102338.19,79649.62,5,1,France,Male,1,1,0,0,0,0,0,0.1335269454367985,0,0,2
15785819,38,681,0.0,112491.96,3,2,France,Male,1,1,0,0,0,0,0,0.13353100131482154,0,0,0
15676707,39,577,0.0,91366.42,4,2,Spain,Female,0,1,0,0,0,0,0,0.13354719401089532,0,0,0
15700650,34,681,0.0,55816.2,3,2,France,Male,0,0,0,0,0,0,0,0.13355142468527564,0,0,0
15624347,40,651,0.0,147715.83,4,2,France,Male,1,1,0,0,0,0,0,0.13358043557799787,0,0,0
15779059,38,670,119624.54,110472.12,4,2,France,Female,1,1,0,0,0,0,0,0.1336011154303075,0,0,0
15682639,32,642,0.0,88698.83,3,2,France,Male,1,1,0,0,0,0,0,0.13360296595888438,0,0,0
15711602,36,676,91711.59,95393.43,3,1,France,Female,1,1,0,0,0,0,0,0.13362185453644604,0,0,0
15570205,36,682,0.0,147758.51,5,2,Spain,Male,1,1,0,0,0,0,0,0.13365583658293662,0,0,2
15620735,33,667,127076.68,69011.66,4,2,Germany,Female,0,1,0,0,0,0,0,0.1336607110301471,0,0,0
15671582,38,660,109869.32,154641.91,6,1,Spain,Male,1,1,0,0,0,0,0,0.13367445258488775,0,0,2
15651585,35,661,117212.18,83052.03,2,1,Germany,Male,1,1,0,0,0,0,0,0.1337235942850173,0,0,0
15607884,39,663,0.0,101168.9,8,2,France,Female,1,1,0,0,0,0,0,0.13373282733264852,0,0,2
15711455,36,740,109044.6,94554.74,4,1,Germany,Female,0,0,1,0,0,0,0,0.13379889933834493,0,0,0
15677828,34,598,0.0,60894.26,4,2,France,Female,0,0,0,0,0,0,0,0.13379907942949326,0,0,0
15623744,34,634,105302.66,123164.97,8,1,France,Male,1,1,0,0,0,0,0,0.13381491811205365,0,0,2
15784099,38,726,126875.62,128052.29,5,1,France,Female,0,1,0,0,0,0,0,0.13381597782283605,0,0,2
15600688,39,600,0.0,118272.07,5,2,France,Female,0,0,0,0,0,0,0,0.13387178225642626,0,0,0
15589296,40,724,110054.45,86950.72,6,1,France,Female,1,1,0,0,0,0,0,0.1338953847142199,0,0,2
15772030,33,662,0.0,68064.83,3,2,Spain,Male,1,0,0,0,0,0,0,0.13391001977687694,0,0,0
15599660,36,604,116229.85,79633.38,6,2,France,Male,1,1,0,0,0,0,0,0.13392010155616624,0,0,2
15717231,37,721,98459.6,90821.66,4,1,Germany,Male,0,0,0,0,0,0,0,0.1339306838525517,0,0,0
15638983,38,684,133189.4,127388.06,5,1,France,Female,0,0,0,0,0,0,0,0.13395305634607102,0,0,2
15617304,40,722,0.0,111893.09,6,2,France,Male,1,1,0,0,0,0,0,0.13401488775280396,0,0,2
15752956,29,629,0.0,88842.8,6,2,Spain,Male,1,1,0,0,0,0,0,0.1340798586783849,0,0,1
15585280,36,649,0.0,75035.48,2,2,France,Female,1,0,0,0,0,0,0,0.13408274496647066,0,0,0
15802220,35,599,137102.65,76870.81,6,1,Spain,Male,0,0,0,0,0,0,0,0.13411044932935723,0,0,2
15804017,33,631,123246.7,112687.57,4,1,Germany,Female,0,0,0,0,0,0,0,0.1341114846715547,0,0,0
15640667,41,662,0.0,126551.48,4,2,France,Female,0,1,0,0,0,0,0,0.13413004560571917,0,0,0
15675791,36,610,129440.3,102638.35,4,2,France,Male,0,1,0,0,0,0,0,0.13417424411836248,0,0,0
15721592,38,665,0.0,156439.56,5,2,France,Female,0,1,0,0,0,0,0,0.1341781902928219,0,0,2
15666975,36,710,116085.06,58601.61,4,1,France,Female,0,1,0,0,0,0,0,0.1342131946690247,0,0,0
15680901,34,652,97435.85,104331.76,6,2,France,Female,1,1,0,0,0,0,0,0.13421672385221756,0,0,2
15568878,34,654,0.0,159311.46,5,2,Spain,Male,0,1,0,0,0,0,0,0.13422464665445238,0,0,2
15798737,38,654,0.0,88659.44,8,2,France,Male,0,1,0,0,0,0,0,0.13425432417175426,0,0,2
15738219,36,632,0.0,52526.65,7,2,France,Female,1,1,0,0,0,0,0,0.13426321517597123,0,0,2
15603035,34,651,0.0,105599.65,3,2,France,Male,1,1,0,0,0,0,0,0.1342678902296494,0,0,0
15583067,36,687,97157.96,63185.05,4,1,France,Female,1,0,0,0,0,0,0,0.1342685680004218,0,0,0
15627377,41,593,0.0,99136.49,6,2,France,Male,1,1,0,0,0,0,0,0.1343111984142457,0,0,2
15724663,36,654,0.0,157238.05,5,2,Spain,Female,0,0,0,0,0,0,0,0.13434054065643464,0,0,2
15794468,42,641,0.0,121138.77,6,2,France,Female,0,0,0,0,0,0,0,0.13438237273828202,0,0,2
15774507,39,574,119013.86,103421.91,5,1,France,Female,0,1,0,0,0,0,0,0.13440369726549284,0,0,0
15751167,43,680,0.0,58761.33,4,2,France,Female,1,1,0,0,0,0,0,0.13441988359738766,0,0,0
15675896,42,680,105722.69,90558.24,7,1,Germany,Female,1,1,1,0,0,0,0,0.13446619471924787,0,0,2
15702190,43,672,0.0,64515.5,5,2,Spain,Male,1,1,0,0,0,0,0,0.1344695962012979,0,0,2
15625126,40,629,0.0,139356.3,6,2,France,Female,1,1,0,0,0,0,0,0.13451734555894945,0,0,2
15605827,39,645,0.0,96864.36,8,2,France,Male,0,0,0,0,0,0,0,0.134537860066952,0,0,2
15656062,33,637,103377.81,84419.78,7,1,France,Female,0,1,0,0,0,0,0,0.13459667947327297,0,0,2
15623063,35,651,110067.71,127678.95,8,1,Germany,Male,0,1,1,0,0,0,0,0.1346512121605578,0,0,2
15705379,38,678,0.0,66561.6,3,2,France,Male,0,1,0,0,0,0,0,0.13467811490606946,0,0,0
15801336,37,649,114737.26,106655.88,8,1,Germany,Female,1,1,1,0,0,0,0,0.13469343001778744,0,0,2
15605424,38,624,123906.55,135096.78,7,1,Spain,Male,0,1,0,0,0,0,0,0.1347218721812466,0,0,2
15751193,33,621,0.0,40299.23,4,2,Spain,Male,1,1,0,0,0,0,0,0.13472537554316666,0,0,0
15756610,38,657,123770.46,47019.66,5,1,Germany,Female,0,0,1,0,0,0,0,0.13473100190950632,0,0,0
15652320,40,588,0.0,100727.68,5,2,France,Male,0,0,0,0,0,0,0,0.13481318200685716,0,0,0
15658195,34,653,118838.75,52820.13,5,1,France,Male,1,1,0,0,0,0,0,0.1348638314290604,0,0,2
15690673,39,656,0.0,141069.88,6,2,France,Female,0,1,0,0,0,0,0,0.13492152608155022,0,0,2
15706464,35,667,97585.32,57213.46,4,2,Spain,Male,0,0,0,0,0,0,0,0.13494505210066793,0,0,0
15578375,39,628,0.0,134441.6,6,2,France,Male,0,0,0,0,0,0,0,0.13497354969892789,0,0,2
15611329,35,608,0.0,143463.28,6,2,Spain,Female,1,1,0,0,0,0,0,0.1349758980071133,0,0,2
15811236,39,705,133261.13,78065.9,6,1,Spain,Male,1,1,0,0,0,0,0,0.13501101050460845,0,0,2
15640418,41,649,115897.73,143544.48,4,1,Germany,Female,0,1,0,0,0,0,0,0.13507579861419067,0,0,0
15586629,33,637,0.0,139947.17,5,2,France,Male,0,1,0,0,0,0,0,0.13509892538055351,0,0,2
15665374,31,610,0.0,63736.36,5,2,Spain,Female,0,0,0,0,0,0,0,0.13511557044105427,0,0,0
15570414,41,618,115251.64,136435.75,4,1,Spain,Male,0,0,0,0,0,0,0,0.13512347770673372,0,0,0
15705352,38,686,111484.88,76076.2,7,1,Spain,Male,1,1,0,0,0,0,0,0.13516587454866974,0,0,2
15701946,34,715,124314.45,97782.92,4,1,France,Male,0,0,0,0,0,0,0,0.13519601127466457,0,0,0
15584090,40,621,0.0,131283.6,7,2,Spain,Female,1,0,1,0,0,0,0,0.13519829160676616,0,0,2
15796969,33,731,0.0,74945.11,4,2,France,Male,1,1,0,0,0,0,0,0.13520205035449434,0,0,0
15682273,38,683,127616.56,123846.07,5,1,France,Female,0,1,0,0,0,0,0,0.13521560044770298,0,0,2
15619407,39,615,133707.09,108152.75,4,1,France,Male,1,1,0,0,0,0,0,0.13525253108029922,0,0,0
15748947,41,657,95858.37,68255.88,5,1,France,Female,1,1,0,0,0,0,0,0.13525658428224602,0,0,0
15703199,38,619,96143.47,98994.92,3,1,Spain,Male,0,0,0,0,0,0,0,0.13530423704574746,0,0,0
15668058,35,661,124098.54,86678.48,8,1,Germany,Male,0,1,0,0,0,0,0,0.13532203527689135,0,0,2
15776985,36,652,112518.71,110421.31,6,2,France,Female,1,0,0,0,0,0,0,0.1353486134240831,0,0,2
15689980,36,725,118520.26,131173.9,4,1,Spain,Female,0,0,1,0,0,0,0,0.13535773385969507,0,0,0
15576131,40,666,0.0,147878.05,5,2,France,Male,0,1,0,0,0,0,0,0.13540458262443583,0,0,2
15704483,40,724,0.0,106149.48,6,2,France,Male,0,0,0,0,0,0,0,0.13550082821088577,0,0,2
15745001,36,683,0.0,104786.59,7,2,Spain,Female,0,1,0,0,0,0,0,0.1356214296126257,0,0,2
15620746,42,632,126115.6,100998.5,4,1,France,Male,0,1,0,0,0,0,0,0.13562249501621032,0,0,0
15738248,37,662,0.0,151871.84,5,2,France,Female,0,1,0,0,0,0,0,0.13562468753931184,0,0,2
15745354,37,611,0.0,125696.26,4,2,Spain,Female,0,1,0,0,0,0,0,0.1356465364851459,0,0,0
15794257,34,651,91562.99,123954.15,4,1,France,Male,1,1,0,0,0,0,0,0.13571094720382887,0,0,0
15579287,35,581,0.0,86383.82,4,2,France,Male,1,0,0,0,0,0,0,0.13579847081573426,0,0,0
15638355,35,658,126397.66,156361.58,5,1,France,Female,0,0,1,0,0,0,0,0.13585645970350485,0,0,0
15732307,33,694,124067.32,77906.87,4,1,Germany,Male,1,1,0,0,0,0,0,0.1358812120607224,0,0,0
15651802,39,632,97854.37,93536.38,5,2,Spain,Female,0,1,0,0,0,0,0,0.13592176354062935,0,0,2
15658670,38,669,0.0,84049.16,8,2,France,Female,0,1,0,0,0,0,0,0.13594115652278416,0,0,2
15773277,35,676,106836.67,84199.78,5,2,France,Male,0,1,0,0,0,0,0,0.13594299386045405,0,0,2
15679804,36,636,117559.05,111573.3,5,2,France,Male,1,1,0,0,0,0,0,0.13599352769878142,0,0,0
15734177,33,643,0.0,152992.04,4,2,France,Male,1,1,0,0,0,0,0,0.1360008887381856,0,0,0
15811877,36,700,0.0,130789.15,4,2,France,Female,0,1,0,0,0,0,0,0.1360560473709833,0,0,0
15701074,35,629,112330.83,91001.02,8,1,Germany,Male,1,1,0,0,0,0,0,0.136083951602,0,0,2
15665524,41,605,103154.66,143203.78,5,1,Spain,Male,0,0,0,0,0,0,0,0.1361444903264596,0,0,0
15711287,35,661,128415.45,142626.49,5,1,Spain,Female,0,1,0,0,0,0,0,0.13618606284870616,0,0,2
15716024,42,660,0.0,115509.59,5,2,Spain,Male,0,1,0,0,0,0,0,0.13622720008600187,0,0,2
15762984,35,648,0.0,122899.01,7,2,Spain,Male,0,0,0,0,0,0,0,0.1362322668887272,0,0,2
15575438,42,613,115076.06,79323.61,7,1,France,Male,1,1,0,0,0,0,0,0.13625859019639713,0,0,2
15695846,34,684,0.0,130928.22,6,2,France,Female,1,1,0,0,0,0,0,0.1364299354355064,0,0,2
15654238,40,673,137494.28,81753.92,5,1,France,Female,0,1,0,0,0,0,0,0.1365224107206628,0,0,2
15752388,35,643,0.0,41549.64,6,2,Spain,Female,1,1,0,0,0,0,0,0.1365369880299156,0,0,2
15807312,33,602,0.0,64038.34,5,2,Spain,Male,1,0,0,0,0,0,0,0.13655662694524412,0,0,0
15752502,41,615,130385.82,130661.95,4,1,France,Male,1,0,0,0,0,0,0,0.13655780389389954,0,0,0
15806709,33,609,94126.67,93718.16,6,1,Germany,Male,0,0,0,0,0,0,0,0.13657728528166585,0,0,2
15731330,40,652,100471.34,124550.88,7,1,Spain,Female,1,1,0,0,0,0,0,0.13663399707666468,0,0,2
15760851,31,629,0.0,93881.75,6,2,France,Male,0,1,0,0,0,0,0,0.1367841349464794,0,0,2
15586914,36,659,123841.49,96833.0,6,2,France,Male,0,1,0,0,0,0,0,0.13679473939991343,0,0,2
15702277,34,650,106005.54,142995.32,4,1,France,Male,1,0,0,0,0,0,0,0.13682710171503465,0,0,0
15792151,37,635,0.0,91086.73,3,2,Spain,Female,0,1,0,0,0,0,0,0.13698584756339494,0,0,0
15703119,38,652,0.0,145700.22,6,2,France,Male,1,1,0,0,0,0,0,0.13708341656396705,0,0,2
15721207,42,625,100047.33,93429.95,6,1,Germany,Male,0,1,0,0,0,0,0,0.13713744397348387,0,0,2
15725094,37,623,140211.88,93832.33,4,1,France,Female,1,1,0,0,0,0,0,0.13723424453770738,0,0,0
15672447,40,657,99165.84,119333.95,7,1,Germany,Male,1,0,1,0,0,0,0,0.1372518918179802,0,0,2
15595657,40,649,95001.33,123202.99,4,1,Germany,Male,1,0,0,0,0,0,0,0.13726120992184326,0,0,0
15593834,36,691,129934.64,75664.56,7,1,Spain,Male,0,0,1,0,0,0,0,0.13729900600767908,0,0,2
15698285,41,676,101457.14,79101.67,4,1,France,Female,1,1,0,0,0,0,0,0.1373313766576904,0,0,0
15667742,41,627,100880.76,134665.25,5,1,Spain,Male,1,0,0,0,0,0,0,0.1373798555127706,0,0,0
15805769,33,656,0.0,116706.0,4,2,Spain,Male,0,1,0,0,0,0,0,0.13742357602651645,0,0,0
15600510,37,680,124140.57,92826.35,6,2,Spain,Female,0,1,0,0,0,0,0,0.13747498393253405,0,0,2
15792029,32,620,0.0,56139.09,6,2,France,Male,0,1,0,0,0,0,0,0.13753665867283676,0,0,2
15741693,40,693,130661.96,101918.96,4,1,France,Male,1,1,0,0,0,0,0,0.13757421870158365,0,0,0
15771749,38,653,114268.22,89524.83,5,2,Germany,Female,1,1,0,0,0,0,0,0.13758205877842433,0,0,0
15630413,41,608,0.0,72462.25,5,2,France,Female,1,1,0,0,0,0,0,0.13767476323122307,0,0,0
15812611,30,690,0.0,78700.03,5,2,Spain,Female,1,0,0,0,0,0,0,0.13778176744817505,0,0,1
15766552,37,643,0.0,142454.77,6,2,France,Male,0,0,0,0,0,0,0,0.13784616672053773,0,0,2
15743193,37,644,117271.8,104217.96,6,2,France,Male,0,1,1,0,0,0,0,0.1378774508557532,0,0,2
15635752,38,685,111798.06,102184.66,4,2,Germany,Male,1,1,0,0,0,0,0,0.13791797973200803,0,0,0
15815131,36,617,115617.24,71519.4,7,1,Spain,Female,1,1,0,0,0,0,0,0.1379876389902649,0,0,2
15708048,34,631,124379.14,106892.91,4,1,France,Female,0,1,0,0,0,0,0,0.13798880852629253,0,0,0
15710138,39,718,0.0,63889.1,6,2,Spain,Male,1,0,0,0,0,0,0,0.1379996168289378,0,0,2
15806407,37,652,0.0,143393.24,4,2,France,Female,0,1,0,0,0,0,0,0.13805958793231765,0,0,0
15732791,32,641,122947.92,99154.86,5,1,Germany,Male,1,1,0,0,0,0,0,0.13808998658379618,0,0,0
15572956,36,683,115350.63,122305.91,5,1,France,Male,1,1,0,0,0,0,0,0.13812428927645354,0,0,2
15776211,34,678,0.0,124592.84,6,2,France,Female,1,1,0,0,0,0,0,0.13814026401090934,0,0,2
15588197,36,670,0.0,59571.5,7,2,France,Male,0,0,0,0,0,0,0,0.1381628845919819,0,0,2
15583724,29,645,0.0,74346.11,4,2,Spain,Female,1,1,0,0,0,0,0,0.13823569384904705,0,0,1
15726167,37,655,0.0,142415.97,4,2,France,Male,1,1,0,0,0,0,0,0.1382479840688285,0,0,0
15672945,37,661,136425.18,81102.81,5,1,France,Female,0,1,0,0,0,0,0,0.138296179667371,0,0,2
15624667,35,684,135871.5,87219.41,6,1,France,Male,1,1,0,0,0,0,0,0.13837380962431228,0,0,2
15752838,38,723,0.0,94415.6,6,2,Spain,Male,1,1,0,0,0,0,0,0.13837734061854112,0,0,2
15800326,39,717,0.0,93275.61,6,2,Spain,Female,0,1,0,0,0,0,0,0.13839254627446462,0,0,2
15812009,38,662,0.0,136259.65,4,2,Spain,Male,0,1,0,0,0,0,0,0.13862004747357237,0,0,0
15602084,42,663,124626.07,78004.5,5,1,France,Female,1,1,0,0,0,0,0,0.1386667969953268,0,0,0
15662488,44,627,0.0,82969.61,5,2,France,Female,0,1,1,0,0,0,0,0.1387024906985827,0,0,2
15640059,40,606,0.0,70899.27,5,2,France,Male,1,1,0,0,0,0,0,0.1387179706268427,0,0,0
15700353,37,662,0.0,51229.17,6,2,France,Female,0,1,0,0,0,0,0,0.13877355920743667,0,0,2
15713043,33,691,0.0,100408.31,6,2,France,Female,1,1,0,0,0,0,0,0.13884835889131353,0,0,2
15670615,37,652,0.0,68789.93,7,2,Spain,Male,0,1,0,0,0,0,0,0.13889825357196905,0,0,2
15762573,34,680,0.0,98949.85,7,2,Spain,Female,0,1,0,0,0,0,0,0.138964588899829,0,0,2
15606267,38,622,98640.74,110457.99,4,1,France,Female,1,1,0,0,0,0,0,0.13899417142974124,0,0,0
15807008,35,614,128100.28,69454.24,6,1,Germany,Female,0,0,1,0,0,0,0,0.13899889885508782,0,0,2
15600882,35,635,0.0,65951.65,7,2,Spain,Female,1,1,0,0,0,0,0,0.13908074193541475,0,0,2
15778463,37,657,95845.6,122218.23,6,1,France,Female,0,1,0,0,0,0,0,0.13910580486948648,0,0,2
15705309,39,629,0.0,116748.14,5,2,Spain,Male,0,0,0,0,0,0,0,0.13926565649553668,0,0,0
15631693,36,697,0.0,74760.32,7,2,France,Male,1,1,0,0,0,0,0,0.13940138099496485,0,0,2
15763194,34,643,0.0,100304.13,7,2,France,Male,1,0,0,0,0,0,0,0.1394415977421245,0,0,2
15756932,36,696,0.0,82298.59,7,2,Spain,Female,1,1,0,0,0,0,0,0.13944715594544177,0,0,2
15614137,40,685,0.0,103898.59,7,2,France,Female,0,1,0,0,0,0,0,0.13955477567127916,0,0,2
15712584,33,670,0.0,88187.81,7,2,France,Female,1,1,0,0,0,0,0,0.13956816794532384,0,0,2
15715519,36,614,0.0,130610.78,5,2,Spain,Male,0,1,0,0,0,0,0,0.13963251213976663,0,0,2
15660541,34,694,127900.03,101737.8,5,1,France,Male,0,1,0,0,0,0,0,0.13976694080362012,0,0,2
15667085,33,667,0.0,131834.75,4,2,France,Male,1,1,0,0,0,0,0,0.1398147272949496,0,0,0
15737194,33,635,0.0,122949.71,5,2,France,Female,0,1,0,0,0,0,0,0.13987457743125087,0,0,2
15812497,37,654,112146.12,75927.35,5,1,Germany,Male,0,1,0,0,0,0,0,0.13997876203555148,0,0,2
15672481,37,641,0.0,45309.24,6,2,France,Male,0,1,0,0,0,0,0,0.14004573367221018,0,0,2
15674720,37,691,123067.63,98162.44,7,1,Germany,Female,1,1,1,0,0,0,0,0.14007440463084075,0,0,2
15710375,41,641,0.0,65396.79,6,2,France,Male,0,1,0,0,0,0,0,0.14009789285817353,0,0,2
15613097,33,605,0.0,83700.66,4,2,France,Female,1,0,0,0,0,0,0,0.14015094374666026,0,0,0
15656627,34,602,0.0,77414.45,5,2,France,Male,1,1,0,0,0,0,0,0.14018136865105663,0,0,0
15628947,38,693,0.0,78133.48,3,2,France,Female,0,0,1,0,0,0,0,0.14032854367620207,0,0,0
15570360,35,641,0.0,125986.18,4,2,France,Female,0,0,0,0,0,0,0,0.14038595416429667,0,0,0
15753370,38,691,114753.76,107665.02,5,1,Germany,Female,0,1,0,0,0,0,0,0.14040120049712546,0,0,2
15591386,35,622,0.0,51112.8,5,2,France,Female,0,1,0,0,0,0,0,0.14041711730694534,0,0,0
15750772,38,671,132129.72,76068.95,6,1,France,Female,1,0,0,0,0,0,0,0.14047905174319814,0,0,2
15692583,32,678,0.0,90284.47,5,2,France,Female,0,1,0,0,0,0,0,0.14053943599329238,0,0,2
15687413,38,619,0.0,117616.29,6,2,Spain,Female,1,1,0,0,0,0,0,0.14054716423926122,0,0,2
15773394,38,644,0.0,79928.41,3,2,France,Male,1,1,0,0,0,0,0,0.14064414330746494,0,0,0
15758639,37,641,0.0,75248.3,7,2,France,Male,0,1,0,0,0,0,0,0.14075906632098606,0,0,2
15584288,33,629,0.0,59129.72,6,2,France,Female,1,1,0,0,0,0,0,0.1407608039920265,0,0,2
15667889,37,611,0.0,110782.88,6,2,France,Female,0,1,0,0,0,0,0,0.14078279986077785,0,0,2
15769548,37,668,128645.67,92149.64,7,1,France,Female,0,1,0,0,0,0,0,0.14086097207364234,0,0,2
15771483,40,609,0.0,97416.34,6,2,France,Male,1,1,0,0,0,0,0,0.14089594850708398,0,0,2
15683471,38,691,0.0,81617.4,7,2,France,Male,0,0,0,0,0,0,0,0.14106515255134705,0,0,2
15613518,35,647,112668.7,122584.29,6,1,France,Female,1,0,0,0,0,0,0,0.14126949159694896,0,0,2
15729435,40,623,0.0,66119.07,6,2,France,Male,1,1,0,0,0,0,0,0.14132465775536263,0,0,2
15640266,41,621,104631.67,95551.22,5,1,Spain,Male,1,1,0,0,0,0,0,0.14134378024519667,0,0,0
15771855,37,682,0.0,112554.68,5,2,France,Male,1,0,0,0,0,0,0,0.14134885895547838,0,0,2
15806249,31,671,0.0,79270.02,4,2,Spain,Female,1,0,0,0,0,0,0,0.14135846509036248,0,0,0
15784286,40,641,102145.13,100637.07,5,1,Spain,Male,1,1,0,0,0,0,0,0.14137938663712635,0,0,0
15670066,34,643,0.0,116046.22,6,2,Spain,Male,1,1,0,0,0,0,0,0.1416550396065156,0,0,2
15715532,38,687,117633.28,88396.6,4,1,Germany,Male,1,0,0,0,0,0,0,0.14167769287625853,0,0,0
15775235,36,690,110480.48,81292.33,6,1,France,Female,0,0,0,0,0,0,0,0.1417133152685558,0,0,2
15693347,32,676,0.0,75465.41,5,2,France,Female,1,1,0,0,0,0,0,0.1417849467632869,0,0,2
15650288,35,634,116269.01,129964.94,6,1,Germany,Male,0,1,0,0,0,0,0,0.14188214454055553,0,0,2
15566251,37,618,96652.86,98686.4,5,1,France,Female,0,1,1,0,0,0,0,0.14190553523481986,0,0,0
15688973,39,598,0.0,83103.46,5,2,Spain,Female,1,1,0,0,0,0,0,0.14196584572199772,0,0,0
15714658,33,696,0.0,73371.65,4,2,France,Female,1,1,0,0,0,0,0,0.14211449192780973,0,0,0
15705383,35,642,125476.31,91775.51,4,1,France,Male,1,1,0,0,0,0,0,0.14219155011105933,0,0,0
15789941,36,633,125130.28,125961.48,6,1,France,Female,0,0,0,0,0,0,0,0.14227963057746518,0,0,2
15641043,35,648,0.0,78436.36,7,2,Spain,Male,1,1,0,0,0,0,0,0.14228525257966185,0,0,2
15631813,39,621,0.0,58883.91,6,2,France,Male,1,1,0,0,0,0,0,0.14245118743777352,0,0,2
15773906,38,655,0.0,110527.71,4,2,France,Male,0,0,0,0,0,0,0,0.14246923002819084,0,0,0
15570855,38,670,0.0,77864.41,7,2,France,Male,1,1,0,0,0,0,0,0.14254936929513257,0,0,2
15669501,35,706,0.0,81718.37,5,2,France,Male,1,1,0,0,0,0,0,0.14255288719955422,0,0,2
15769902,33,679,0.0,98015.85,6,2,France,Female,1,1,0,0,0,0,0,0.14278162341717343,0,0,2
15580203,39,674,120193.42,100130.95,6,1,Spain,Male,0,0,0,0,0,0,0,0.1428746131776028,0,0,2
15642137,39,695,0.0,102763.69,5,2,Spain,Female,0,0,0,0,0,0,0,0.14299763657929526,0,0,2
15582741,35,693,124151.09,88705.14,5,1,France,Female,0,1,1,0,0,0,0,0.1430947932045627,0,0,2
15795370,37,648,131753.41,86894.67,6,1,Germany,Male,0,1,0,0,0,0,0,0.1432223873755873,0,0,2
15651272,38,709,0.0,81452.29,5,2,France,Male,1,1,0,0,0,0,0,0.14324829043763093,0,0,2
15811490,33,627,0.0,103737.82,5,2,France,Male,1,1,0,0,0,0,0,0.1433959072740944,0,0,0
15756155,32,645,0.0,97628.08,4,2,France,Male,1,0,0,0,0,0,0,0.1434692633151043,0,0,0
15707138,39,679,0.0,100060.54,5,2,Spain,Male,1,1,0,0,0,0,0,0.14361583288737517,0,0,2
15688172,40,677,0.0,88947.56,5,2,Spain,Male,0,1,0,0,0,0,0,0.1436309640384229,0,0,2
15736043,34,638,114543.27,97755.29,6,1,France,Male,1,1,0,0,0,0,0,0.14370105032267622,0,0,2
15782574,33,624,0.0,76551.7,6,2,Spain,Male,0,0,0,0,0,0,0,0.14372900009511924,0,0,2
15682563,38,618,126473.99,91972.49,5,1,Spain,Male,0,1,0,0,0,0,0,0.14373890942265644,0,0,2
15743075,35,659,0.0,58879.11,6,2,France,Male,1,1,0,0,0,0,0,0.14379872703384672,0,0,2
15806184,33,618,0.0,77550.18,4,2,Spain,Male,1,1,0,0,0,0,0,0.14382553086599403,0,0,0
15576216,37,655,108862.76,79555.08,4,1,Germany,Female,0,1,1,0,0,0,0,0.14425559341422495,0,0,0
15612615,37,616,0.0,86242.18,6,2,France,Female,0,1,0,0,0,0,0,0.14444138478927626,0,0,2
15755642,34,667,0.0,102908.63,5,2,France,Male,1,1,0,0,0,0,0,0.14461561910285964,0,0,2
15734628,35,623,0.0,101192.08,5,2,France,Female,0,1,0,0,0,0,0,0.1446730846011265,0,0,0
15607170,35,699,0.0,78397.24,5,2,France,Male,1,1,0,0,0,0,0,0.14494873184522872,0,0,2
15737414,35,647,123761.68,83910.4,4,1,France,Male,0,1,0,0,0,0,0,0.1449520450495997,0,0,0
15685805,35,673,0.0,98618.79,6,2,Spain,Female,0,1,0,0,0,0,0,0.14517352898306707,0,0,2
15587177,36,646,124445.52,88481.32,6,1,France,Male,0,1,0,0,0,0,0,0.1452078691312127,0,0,2
15699340,37,680,0.0,61240.87,4,2,France,Male,0,1,0,0,0,0,0,0.14527410160217574,0,0,0
15674851,38,622,0.0,105295.77,5,2,France,Male,0,0,0,0,0,0,0,0.14532280882647425,0,0,0
15570326,34,621,0.0,99128.13,6,2,France,Male,1,1,0,0,0,0,0,0.14536598047547528,0,0,2
15690182,37,635,113488.68,95611.74,5,1,Germany,Male,0,1,1,0,0,0,0,0.14536817715100808,0,0,2
15577423,39,627,124586.93,93132.61,5,1,Germany,Female,0,1,1,0,0,0,0,0.1458074635145858,0,0,0
15572073,35,663,0.0,62634.94,5,2,Spain,Male,1,1,0,0,0,0,0,0.146059618827173,0,0,2
15581505,35,641,0.0,93148.93,5,2,France,Male,0,1,0,0,0,0,0,0.146076022363898,0,0,2
15663942,38,639,0.0,93716.38,5,2,France,Female,0,0,0,0,0,0,0,0.14637447924689584,0,0,0
15665802,36,642,0.0,97938.59,6,2,Spain,Female,1,1,0,0,0,0,0,0.1465128742230698,0,0,2
15742019,39,675,0.0,83419.15,6,2,France,Female,0,0,0,0,0,0,0,0.14678628897967405,0,0,2
15774316,37,630,0.0,82647.65,6,2,France,Male,1,1,0,0,0,0,0,0.14688801228906984,0,0,2
15660144,38,660,0.0,88080.43,4,2,France,Male,0,0,0,0,0,0,0,0.14705078679102462,0,0,0
15668347,36,624,0.0,84635.64,6,2,France,Male,0,0,0,0,0,0,0,0.14723712387417887,0,0,2
15810826,36,624,0.0,84749.96,6,2,France,Male,0,0,0,0,0,0,0,0.14723712387417887,0,0,2
