antecedents,consequents,antecedent support,consequent support,support,confidence,lift,leverage,conviction,zhangs_metric
"Prod=1, Senior",Churned,0.05,0.2037,0.0319,0.6379999999999999,3.1320569464899357,0.021714999999999998,2.1997237569060766,0.7165484243524172
Senior,Churned,0.0797,0.2037,0.0448,0.5621079046424091,2.7594889771350473,0.02856511,1.8184845272206307,0.6928328398348365
"HasCard, Senior",Churned,0.0546,0.2037,0.03,0.5494505494505494,2.6973517400616074,0.01887798,1.7673975609756096,0.6656082081658558
"Churned, Germany","High, Inactive",0.0814,0.1872,0.0411,0.5049140049140048,2.6971901971901966,0.025861919999999997,1.6417349875930518,0.6850030433490506
"Churned, High, Prod=1",Germany,0.0698,0.2509,0.0467,0.669054441260745,2.6666179404573334,0.029187179999999997,2.263514285714286,0.6718911500232272
"Inactive, Middle, Prod=1",Churned,0.0696,0.2037,0.0374,0.5373563218390806,2.6379789977372634,0.023222480000000004,1.721195031055901,0.6673709427490219
"Churned, HasCard, High",Germany,0.0712,0.2509,0.0468,0.6573033707865169,2.6197822669849216,0.02893592,2.185898360655738,0.6656857115513446
"Churned, High, Inactive",Germany,0.0627,0.2509,0.0411,0.6555023923444975,2.6126041942785867,0.025368569999999997,2.1744708333333325,0.6585299754458566
"Churned, High",Germany,0.0987,0.2509,0.0646,0.6545086119554205,2.6086433318271043,0.039836170000000004,2.1682161290322584,0.6841883704961427
"Germany, Inactive, Prod=1",Churned,0.072,0.2037,0.0375,0.5208333333333334,2.5568646702667324,0.022833600000000003,1.6618434782608698,0.6561379310344829
"Germany, High, Prod=1",Churned,0.0927,0.2037,0.0467,0.5037756202804746,2.47312528365476,0.02781701,1.604717608695652,0.6565119795633372
"Youth, Zero","France, Prod=2",0.077,0.2367,0.0427,0.5545454545454546,2.34281983331413,0.024474100000000002,1.7135306122448979,0.6209793439070742
"HasCard, High, Prod=2",Germany,0.0823,0.2509,0.0477,0.5795868772782503,2.3100313960870875,0.027050929999999997,1.7818187861271677,0.6179638778835704
"France, Prod=2","Retained, Zero",0.2367,0.3117,0.1679,0.7093367131389945,2.275703282447849,0.09412061000000001,2.368032122093023,0.7344103262478907
"Retained, Zero","France, Prod=2",0.3117,0.2367,0.1679,0.5386589669554058,2.275703282447849,0.09412061000000001,1.6545244089012516,0.8144346971161047
"Prod=2, Spain","Retained, Zero",0.1183,0.3117,0.0835,0.705832628909552,2.264461433781046,0.04662589000000001,2.3398244252873566,0.6333150643252455
"Churned, Germany","High, Prod=1",0.0814,0.2537,0.0467,0.5737100737100737,2.261371989397216,0.02604882,1.7506864553314119,0.6072181342896346
"Active, High, Prod=2",Germany,0.0631,0.2509,0.0358,0.5673534072900158,2.261273046193766,0.019968209999999997,1.7314362637362637,0.595336993329362
"High, Prod=2",Germany,0.1157,0.2509,0.0641,0.554019014693172,2.2081268022844642,0.035070870000000004,1.679668023255814,0.6187124924779871
"High, Prod=2, Retained",Germany,0.0998,0.2509,0.054,0.5410821643286573,2.1565650232309976,0.02896018,1.6323183406113537,0.5957560871246719
"Adult, High, Prod=2",Germany,0.0563,0.2509,0.0302,0.536412078152753,2.13795168653947,0.016074329999999998,1.6158747126436779,0.5640167243630994
"Churned, Germany","HasCard, High",0.0814,0.2699,0.0468,0.5749385749385749,2.130191089064746,0.024830140000000004,1.7176341040462426,0.577572988252283
"France, LowSal, Prod=2",Zero,0.0583,0.3617,0.0448,0.7684391080617496,2.124520619468481,0.02371289,2.7565103703703713,0.5620745251748358
"France, Prod=2, Youth",Zero,0.0556,0.3617,0.0427,0.7679856115107915,2.1232668275111735,0.022589480000000002,2.751122480620156,0.5601732683824879
"Adult, Zero","France, Prod=2",0.1647,0.2367,0.0827,0.5021250758955677,2.121356467661883,0.04371550999999999,1.5331159756097559,0.6328307274638383
"Churned, Germany, HasCard",High,0.0577,0.383,0.0468,0.8110918544194108,2.117733301356164,0.0247009,3.2661376146789,0.5601156834840375
"Churned, Germany, Prod=1",High,0.0578,0.383,0.0467,0.8079584775086506,2.1095521605969987,0.0245626,3.2128468468468476,0.5582315206516981
"Prod=2, Retained, Spain",Zero,0.1096,0.3617,0.0835,0.7618613138686131,2.1063348461946725,0.04385768,2.6803708812260534,0.5898940663148098
"France, Prod=2, Retained",Zero,0.2232,0.3617,0.1679,0.7522401433691756,2.0797349830499736,0.08716855999999999,2.576284990958408,0.6683438538338438
"France, HasCard, Prod=2",Zero,0.1663,0.3617,0.1249,0.751052315093205,2.0764509679104366,0.06474928999999999,2.563992512077294,0.6218172570922276
"France, Good, Prod=2",Zero,0.0576,0.3617,0.0432,0.7500000000000001,2.0735416090682888,0.02236608,2.5532000000000012,0.5493774759479344
"Churned, Germany",High,0.0814,0.383,0.0646,0.7936117936117937,2.0720934559054665,0.033423800000000004,2.9895119047619056,0.5632443771279353
"Churned, Germany, Inactive",High,0.0518,0.383,0.0411,0.7934362934362934,2.0716352309041604,0.021260599999999998,2.986971962616822,0.545548974597021
"Active, Prod=2, Spain",Zero,0.0609,0.3617,0.0453,0.7438423645320197,2.0565174579265126,0.023272469999999996,2.4918249999999995,0.5470568199368001
"Fair, France, Prod=2",Zero,0.0786,0.3617,0.0582,0.7404580152671756,2.0471606725661475,0.02977038,2.4593323529411766,0.5551536321912642
"France, HighSal, Prod=2",Zero,0.0587,0.3617,0.0434,0.7393526405451448,2.0441046185931566,0.02216821,2.448902614379085,0.5426412927312507
"France, Prod=2","HasCard, Zero",0.2367,0.2592,0.1249,0.527672158850866,2.035772217788835,0.06354736,1.5684021466905187,0.6665608656189985
"France, Inactive, Prod=2",Zero,0.1098,0.3617,0.0807,0.7349726775956283,2.03199523803049,0.040985339999999995,2.4084309278350506,0.5705154599567868
"France, Prod=2",Zero,0.2367,0.3617,0.1739,0.7346852555978032,2.031200596068021,0.08828561,2.4058218152866244,0.6651124505764632
"Active, France, Prod=2",Zero,0.1269,0.3617,0.0932,0.7344365642237982,2.0305130335189334,0.04730027,2.4035688427299697,0.5812777764396312
"HasCard, High, Middle",Germany,0.0636,0.2509,0.0324,0.5094339622641508,2.030426314325033,0.016442759999999997,1.5270115384615381,0.5419613333966173
"Adult, Prod=2, Spain",Zero,0.056,0.3617,0.0411,0.7339285714285714,2.0291085745882538,0.020844799999999997,2.3989798657718113,0.5372592684234401
"France, Middle, Prod=2",Zero,0.0458,0.3617,0.0336,0.7336244541484715,2.0282677748091555,0.017034139999999996,2.396240983606557,0.5313020880118972
"France, Poor, Prod=2",Zero,0.0563,0.3617,0.0412,0.7317939609236234,2.0232069696533683,0.020836289999999997,2.3798867549668867,0.5359067438537217
"HasCard, Prod=2, Spain",Zero,0.0834,0.3617,0.0609,0.7302158273381295,2.0188438687811154,0.03073422,2.3659653333333335,0.5505858554155484
"Prod=2, Spain",Zero,0.1183,0.3617,0.0861,0.7278106508875739,2.0121942241846114,0.04331088999999999,2.3450586956521735,0.5705229457874708
"Adult, France, Prod=2",Zero,0.114,0.3617,0.0827,0.725438596491228,2.0056361528648825,0.041466199999999995,2.324798722044728,0.5659199532701351
"High, Middle",Germany,0.091,0.2509,0.0455,0.5,1.9928258270227182,0.022668099999999997,1.4982,0.548074807480748
"France, Prod=2, VeryHighSal",Zero,0.0601,0.3617,0.0433,0.7204658901830282,1.991888001611911,0.021561829999999997,2.283442261904761,0.5298050232359739
"Prod=2, Spain","HasCard, Zero",0.1183,0.2592,0.0609,0.514792899408284,1.9860837168529475,0.030236640000000002,1.526770731707317,0.5631127954226357
"France, MedSal, Prod=2",Zero,0.0596,0.3617,0.0424,0.7114093959731543,1.9668493115099648,0.02084268,2.2117837209302325,0.5227271815285346
"Inactive, Prod=2, Spain",Zero,0.0574,0.3617,0.0408,0.710801393728223,1.9651683542389355,0.02003842,2.2071337349397595,0.5210457724358574
"France, NoCard, Prod=2",Zero,0.0704,0.3617,0.049,0.6960227272727273,1.924309447809586,0.02353632,2.0998280373831775,0.5167094032105097
"Prod=2, Youth","Retained, Zero",0.1025,0.3117,0.0612,0.5970731707317073,1.9155379234254326,0.02925075,1.7082506053268764,0.5325386421978262
"Youth, Zero","Prod=2, Retained",0.077,0.4242,0.0612,0.7948051948051947,1.873656753430445,0.028536599999999995,2.806113924050632,0.505183438489155
"Elderly, Retained",Active,0.0349,0.5151,0.0333,0.9541547277936964,1.8523679436880147,0.015323010000000001,10.57688125000002,0.4767904366909652
"Germany, Inactive, Prod=1",High,0.072,0.383,0.0508,0.7055555555555556,1.8421816071946622,0.023223999999999998,2.095471698113208,0.49263508009774637
"LowSal, Prod=2","Retained, Zero",0.1127,0.3117,0.0646,0.5732031943212068,1.8389579541905898,0.02947141000000001,1.612711226611227,0.5141595594385027
"Germany, Prod=2","High, Retained",0.104,0.2843,0.054,0.5192307692307693,1.826348115479315,0.0244328,1.4886560000000002,0.5049768518518518
"Retained, VeryHighSal, Zero",Prod=2,0.0745,0.459,0.0619,0.8308724832214766,1.810179702007574,0.0277045,3.1987698412698418,0.48359660629673173
"Fair, Germany, Prod=1",High,0.0458,0.383,0.0317,0.6921397379912664,1.8071533629014787,0.014158599999999997,2.0041560283687945,0.4680816737822556
"Germany, Poor",High,0.059,0.383,0.0408,0.6915254237288136,1.8055494092136126,0.018203000000000004,2.000164835164836,0.47412535683774043
"Retained, Youth, Zero",Prod=2,0.0739,0.459,0.0612,0.8281461434370772,1.8042399639152007,0.027279899999999996,3.148023622047244,0.48131951193175676
"Poor, Prod=2","Retained, Zero",0.1058,0.3117,0.0593,0.5604914933837428,1.7981761096687292,0.02632214,1.5660675268817201,0.49640007196461516
"Germany, HasCard, MedSal",High,0.0439,0.383,0.0302,0.6879271070615034,1.7961543265313404,0.0133863,1.9771021897810217,0.4636073286135522
"Germany, Prod=1",High,0.1349,0.383,0.0927,0.687175685693106,1.7941923908436188,0.04103330000000001,1.9723530805687206,0.511670524150141
"Good, Prod=2","Retained, Zero",0.1116,0.3117,0.0624,0.5591397849462365,1.7938395410530528,0.027614279999999998,1.5612658536585364,0.49812757593599555
"Germany, HasCard, Prod=1",High,0.0952,0.383,0.0654,0.6869747899159664,1.793667858788424,0.028938399999999996,1.9710872483221475,0.48903976616725736
"Germany, MedSal",High,0.0616,0.383,0.0421,0.6834415584415584,1.7844427113356616,0.018507199999999998,1.9490871794871791,0.4684579604846172
"Adult, Prod=2","Retained, Zero",0.2182,0.3117,0.1213,0.5559120073327223,1.7834841428704598,0.05328706000000001,1.5499180598555213,0.5619081001270242
"HasCard, Prod=2","Retained, Zero",0.3246,0.3117,0.1799,0.5542205791743685,1.7780576810213942,0.07872218000000002,1.544037180373186,0.6478953941279193
"Retained, Zero","HasCard, Prod=2",0.3117,0.3246,0.1799,0.5771575232595445,1.778057681021394,0.07872218000000002,1.5972851289833083,0.6357526502891133
"NoCard, Retained, Zero",Prod=2,0.0877,0.459,0.0715,0.8152793614595211,1.7762077591710699,0.031245699999999994,2.928746913580246,0.4790121639842126
"Active, Prod=2","Retained, Zero",0.2446,0.3117,0.1354,0.5535568274734259,1.7759282241688354,0.05915817999999999,1.5417415750915748,0.5783878477717694
"Inactive, Retained, Zero",Prod=2,0.1424,0.459,0.116,0.8146067415730338,1.7747423563682654,0.0506384,2.9181212121212132,0.5090227740607308
"Fair, Retained, Zero",Prod=2,0.1026,0.459,0.0835,0.8138401559454191,1.773072235175205,0.036406600000000004,2.906104712041885,0.48585601251252797
"France, Youth, Zero",Prod=2,0.0525,0.459,0.0427,0.8133333333333334,1.7719680464778504,0.0186025,2.8982142857142854,0.45979497383104806
"Active, Youth, Zero",Prod=2,0.0383,0.459,0.0311,0.8120104438642297,1.769085934344727,0.013520299999999999,2.877819444444443,0.45204984340765797
"Adult, Germany, Prod=1",High,0.0502,0.383,0.034,0.6772908366533865,1.7683833855179805,0.014773400000000003,1.9119382716049387,0.4574771159253342
"Middle, Retained, Zero",Prod=2,0.0593,0.459,0.0481,0.8111298482293423,1.7671674253362577,0.020881299999999995,2.864401785714285,0.46148895622691727
"LowSal, Retained, Zero",Prod=2,0.0797,0.459,0.0646,0.8105395232120453,1.7658813141874623,0.028017700000000006,2.855476821192054,0.47127080986177283
"Youth, Zero","HasCard, Prod=2",0.077,0.3246,0.044,0.5714285714285714,1.7604084147522223,0.019005799999999996,1.5759333333333332,0.467984832069339
"Germany, HasCard, Middle",High,0.0481,0.383,0.0324,0.6735966735966736,1.7587380511662496,0.0139777,1.890299363057325,0.45320988951272245
"France, Retained, Zero",Prod=2,0.2081,0.459,0.1679,0.806823642479577,1.7577857134631307,0.07238209999999999,2.80054975124378,0.5443900011740372
Prod=2,"Retained, Zero",0.459,0.3117,0.2514,0.5477124183006536,1.7571781145353023,0.10832970000000003,1.52181936416185,0.7964985728717704
"Retained, Zero",Prod=2,0.3117,0.459,0.2514,0.8065447545717037,1.757178114535302,0.10832970000000003,2.796512437810947,0.6260434809292863
"Youth, Zero",Prod=2,0.077,0.459,0.0621,0.8064935064935065,1.7570664629488157,0.026757000000000003,2.7957718120805364,0.46681426350746624
"Retained, Spain, Zero",Prod=2,0.1036,0.459,0.0835,0.8059845559845561,1.7559576383105797,0.0359476,2.788437810945275,0.48026570687273384
"Germany, HasCard, Inactive",High,0.0918,0.383,0.0617,0.6721132897603486,1.7548649863194479,0.026540599999999998,1.8817475083056476,0.47363531333640513
"Germany, Middle",High,0.0678,0.383,0.0455,0.6710914454277286,1.7521969854509885,0.019532599999999997,1.8759013452914797,0.46051052573258106
"HasCard, Retained, Zero",Prod=2,0.224,0.459,0.1799,0.803125,1.7497276688453158,0.077084,2.7479365079365072,0.5521681575674916
"Adult, Germany, HasCard",High,0.0733,0.383,0.0491,0.6698499317871759,1.7489554354756551,0.021026099999999995,1.868847107438016,0.46210223650177124
"Adult, Retained, Zero",Prod=2,0.1513,0.459,0.1213,0.8017184401850629,1.7466632683770433,0.051853300000000005,2.728443333333334,0.5036877602727066
"HasCard, Youth, Zero",Prod=2,0.0549,0.459,0.044,0.8014571948998178,1.7460941065355506,0.0188009,2.7248532110091737,0.45211425438385544
"HighSal, Retained, Zero",Prod=2,0.078,0.459,0.0625,0.8012820512820513,1.7457125300262555,0.026698,2.722451612903226,0.46330585683297176
"Inactive, Youth, Zero",Prod=2,0.0387,0.459,0.031,0.8010335917312662,1.7451712238153947,0.0132367,2.7190519480519484,0.4441800921467233
"High, Spain","Prod=1, Retained",0.0702,0.3675,0.045,0.641025641025641,1.7442874585731727,0.0192015,1.7619642857142856,0.45891589589158965
"Germany, HasCard",High,0.1791,0.383,0.1196,0.6677833612506979,1.7435596899496029,0.0510047,1.8572218487394958,0.519503840103712
"Germany, Inactive",High,0.1261,0.383,0.0842,0.6677240285487709,1.743404774278775,0.0359037,1.8568902147971365,0.4879388244848834
"Good, Retained, Zero",Prod=2,0.078,0.459,0.0624,0.7999999999999999,1.7429193899782134,0.026597999999999997,2.7049999999999987,0.4623101952277657
"Active, Retained, Zero",Prod=2,0.1693,0.459,0.1354,0.7997637330183106,1.7424046470987158,0.05769129999999999,2.701808259587019,0.5129174217113966
"MedSal, Prod=2","Retained, Zero",0.115,0.3117,0.0624,0.5426086956521738,1.7408042850567016,0.026554499999999995,1.504838403041825,0.4808507170795306
"Active, Germany, Prod=1",High,0.0629,0.383,0.0419,0.6661367249602544,1.739260378486304,0.0178093,1.8480619047619051,0.45357268106627646
"Germany, HasCard, HighSal",High,0.0463,0.383,0.0308,0.6652267818574514,1.7368845479306825,0.013067100000000002,1.8430387096774195,0.44485319650465927
"Adult, Zero","Prod=2, Retained",0.1647,0.4242,0.1213,0.7364905889496053,1.736187149810479,0.051434259999999996,2.1851211981566814,0.507632259919352
"Inactive, Prod=2","Retained, Zero",0.2144,0.3117,0.116,0.541044776119403,1.735786898041075,0.04917152000000001,1.4997105691056913,0.5395779197977387
"Active, Germany, HasCard",High,0.0873,0.383,0.0579,0.6632302405498282,1.7316716463441988,0.024464099999999996,1.832112244897959,0.4629377846632805
"Fair, Prod=2","Retained, Zero",0.1548,0.3117,0.0835,0.539405684754522,1.7305283437745334,0.03524884000000001,1.4943736325385695,0.4994578755409202
"Prod=2, VeryHighSal","Retained, Zero",0.115,0.3117,0.0619,0.5382608695652173,1.7268555327725934,0.026054499999999994,1.4906685499058379,0.4756076412657557
"HighSal, Prod=2","Retained, Zero",0.1163,0.3117,0.0625,0.5374032674118658,1.7241041623736473,0.02624929,1.4879050185873606,0.4752615593527215
Germany,High,0.2509,0.383,0.1652,0.6584296532483062,1.7191374758441413,0.06910530000000001,1.8063628938156362,0.5584207101790915
"Fair, Germany, HasCard",High,0.0623,0.383,0.041,0.6581059390048154,1.7182922689420768,0.0171391,1.8046525821596244,0.44580018051433584
"Poor, Retained, Zero",Prod=2,0.0754,0.459,0.0593,0.7864721485411141,1.713446946712667,0.024691400000000002,2.533627329192547,0.4503364838685085
"France, High","Prod=1, Retained",0.1476,0.3675,0.0929,0.6294037940379403,1.7126633851372526,0.038657,1.706709323583181,0.48816764568755144
"MedSal, Retained, Zero",Prod=2,0.0795,0.459,0.0624,0.7849056603773584,1.7100341184691905,0.025909499999999995,2.51517543859649,0.45107696486023474
"LowSal, Prod=2, Retained",Zero,0.1045,0.3617,0.0646,0.6181818181818183,1.7091009626259834,0.026802350000000003,1.6717380952380956,0.46331329851873754
"Active, Adult, Germany",High,0.0515,0.383,0.0337,0.654368932038835,1.7085350705974802,0.013975500000000002,1.7851404494382022,0.4372200992039595
"Fair, Germany",High,0.0856,0.383,0.056,0.6542056074766356,1.7081086357092312,0.023215200000000005,1.7842972972972977,0.45336520434945643
"NoCard, Prod=2","Retained, Zero",0.1344,0.3117,0.0715,0.5319940476190476,1.7067502329773745,0.02960752,1.470707790143084,0.4783863087005416
"Germany, HighSal",High,0.064,0.383,0.0418,0.653125,1.7052872062663185,0.017287999999999994,1.7787387387387386,0.4418680734470207
"Active, Zero","Prod=2, Retained",0.1873,0.4242,0.1354,0.7229044313934864,1.7041594327993548,0.055947339999999984,2.0779834296724466,0.5084292397335576
"Germany, LowSal",High,0.0616,0.383,0.0402,0.6525974025974026,1.7039096673561427,0.0166072,1.7760373831775702,0.44023276626246427
"Adult, LowSal, Prod=2",Zero,0.0546,0.3617,0.0336,0.6153846153846153,1.7013674741073135,0.013851179999999994,1.6595799999999996,0.4360455891686057
"Adult, Germany",High,0.1022,0.383,0.0665,0.6506849315068494,1.6989162702528704,0.027357400000000004,1.7663137254901964,0.45821950733371636
"Prod=2, Retained, Youth",Zero,0.0997,0.3617,0.0612,0.6138415245737212,1.6971012567700337,0.025138509999999996,1.652948311688312,0.4562478810621586
"Active, Germany",High,0.1248,0.383,0.081,0.6490384615384616,1.6946173930508135,0.033201600000000005,1.758027397260274,0.4683458595707225
"HasCard, Prod=2, Youth",Zero,0.0719,0.3617,0.044,0.6119610570236439,1.691902286490583,0.017993769999999992,1.6449379928315409,0.44063066284001506
"Adult, Germany, Inactive",High,0.0507,0.383,0.0328,0.6469428007889547,1.6891456939659393,0.013381900000000002,1.74759217877095,0.4297743138076066
"Poor, Prod=2, Retained",Zero,0.0973,0.3617,0.0593,0.6094552929085303,1.6849745449503186,0.024106589999999997,1.634383947368421,0.4503370159336493
"Germany, VeryHighSal",High,0.0637,0.383,0.0411,0.6452119309262165,1.6846264515044818,0.016702899999999996,1.7390663716814154,0.43404527787457636
"Adult, Zero","HasCard, Prod=2",0.1647,0.3246,0.0899,0.5458409228901031,1.681580169100749,0.03643837999999999,1.4871441176470586,0.48524032782078114
"Inactive, Prod=2, Youth",Zero,0.051,0.3617,0.031,0.607843137254902,1.6805173825128614,0.0125533,1.6276650000000001,0.42670723002141475
"Good, Prod=2, Retained",Zero,0.1028,0.3617,0.0624,0.6070038910505836,1.678197099946319,0.025217239999999995,1.6241891089108909,0.45042625490128824
"Active, LowSal, Zero",Prod=2,0.0468,0.459,0.036,0.7692307692307692,1.675884028825205,0.014518799999999995,2.3443333333333323,0.4231011330255979
"Active, LowSal, Prod=2",Zero,0.0594,0.3617,0.036,0.606060606060606,1.6755891790450814,0.014515019999999997,1.6202999999999996,0.42865724005953637
"Prod=2, Youth",Zero,0.1025,0.3617,0.0621,0.6058536585365855,1.675017026642481,0.02502575,1.6194492574257429,0.44901520146766605
"Retained, Senior",Active,0.0349,0.5151,0.0301,0.8624641833810888,1.674362615766043,0.012123009999999997,3.525627083333332,0.41732235758881986
"VeryHighSal, Zero","Prod=2, Retained",0.0873,0.4242,0.0619,0.7090492554410079,1.6714975375789909,0.024867339999999995,1.979029133858267,0.4401600605209596
"HasCard, LowSal, Prod=2",Zero,0.0809,0.3617,0.0489,0.6044499381953028,1.6711361299289542,0.019638469999999998,1.6137021874999997,0.4369543069051056
"Active, Prod=2, Youth",Zero,0.0515,0.3617,0.0311,0.6038834951456311,1.6695700722854052,0.01247245,1.6113946078431374,0.4228185644281799
"Adult, LowSal, Zero",Prod=2,0.0439,0.459,0.0336,0.7653758542141229,1.6674855211636663,0.013449899999999997,2.305815533980581,0.41867445126779923
"Adult, Good, Zero",Prod=2,0.0399,0.459,0.0305,0.7644110275689223,1.6653835023288068,0.0121859,2.2963723404255316,0.4161417611894936
"LowSal, Zero","Prod=2, Retained",0.0915,0.4242,0.0646,0.7060109289617487,1.664335051772156,0.0257857,1.9585762081784388,0.43936097162846255
"Germany, HasCard, Prod=2",High,0.0749,0.383,0.0477,0.6368491321762351,1.662791467823068,0.0190133,1.6990183823529417,0.43087415106350335
"Inactive, Prod=2, Retained",Zero,0.1932,0.3617,0.116,0.6004140786749482,1.6599780997372082,0.046119560000000004,1.597403626943005,0.49278930812233945
"Germany, NoCard",High,0.0718,0.383,0.0456,0.6350974930362117,1.6582179974835813,0.0181006,1.690862595419847,0.42764811727660024
"Germany, Good",High,0.0566,0.383,0.0359,0.6342756183745584,1.6560721106385337,0.0142222,1.6870628019323675,0.41992957376359913
"Active, Good, Zero",Prod=2,0.047,0.459,0.0357,0.7595744680851064,1.6548463356973995,0.014127,2.2501769911504423,0.4152301004347175
"HasCard, Prod=2, Retained",Zero,0.301,0.3617,0.1799,0.5976744186046512,1.652403700869923,0.0710283,1.5865260115606938,0.5648369265710326
"LowSal, Prod=2",Zero,0.1127,0.3617,0.0673,0.5971606033717836,1.6509831445169576,0.026536409999999996,1.584502422907489,0.44438216744823644
"LowSal, Zero","HasCard, Prod=2",0.0915,0.3246,0.0489,0.5344262295081967,1.6464147551084312,0.0191991,1.4506830985915493,0.43216250071749096
"Active, Germany, Prod=2",High,0.0568,0.383,0.0358,0.630281690140845,1.6456440995844517,0.014045599999999998,1.668838095238095,0.4159618273226529
"Adult, Poor, Prod=2",Zero,0.0506,0.3617,0.0301,0.5948616600790514,1.644627205084466,0.011797979999999996,1.5755112195121952,0.41284966130033507
"France, Medium","Prod=1, Retained",0.0647,0.3675,0.0391,0.6043276661514684,1.6444290235414105,0.015322750000000007,1.5985449218750005,0.4189951772247537
"NoCard, Zero","Prod=2, Retained",0.1025,0.4242,0.0715,0.697560975609756,1.6444153126114003,0.028019499999999996,1.903854838709677,0.43663634415723557
"Fair, Zero","Prod=2, Retained",0.1198,0.4242,0.0835,0.6969949916527546,1.6430810741460504,0.03268084,1.9002986225895315,0.44465724311431676
"Good, Zero","Prod=2, Retained",0.0896,0.4242,0.0624,0.6964285714285714,1.6417458072337845,0.02439168,1.8967529411764703,0.42936325537380016
"Spain, Zero","Prod=2, Retained",0.1199,0.4242,0.0835,0.6964136780650542,1.6417106979374214,0.03263842,1.8966598901098897,0.4441305322544321
"Adult, France, Zero",Prod=2,0.1098,0.459,0.0827,0.7531876138433515,1.6409316205737505,0.0323018,2.1919483394833943,0.43876666439371936
"Active, Zero","HasCard, Prod=2",0.1873,0.3246,0.0997,0.5323011211959423,1.639867902636914,0.03890242,1.4440915525114155,0.48012155082202435
"Active, Good, Prod=2",Zero,0.0602,0.3617,0.0357,0.5930232558139535,1.6395445281005074,0.013925660000000003,1.5683942857142859,0.41506119366239796
"Adult, Inactive, Zero",Prod=2,0.0844,0.459,0.0635,0.7523696682464455,1.639149604022757,0.024760399999999995,2.1847081339712915,0.4258710780418502
"Prod=2, Retained",Zero,0.4242,0.3617,0.2514,0.5926449787835927,1.6384986972175632,0.09796685999999999,1.5669378472222224,0.6767718007363005
Zero,"Prod=2, Retained",0.3617,0.4242,0.2514,0.6950511473596903,1.638498697217563,0.09796685999999999,1.8881854941069807,0.6105047828042641
"Adult, HasCard, Zero",Prod=2,0.1196,0.459,0.0899,0.7516722408026756,1.6376301542541951,0.035003599999999996,2.1785723905723904,0.4422552394275228
"Adult, Zero",Prod=2,0.1647,0.459,0.1238,0.7516697024893745,1.637624624159857,0.04820269999999999,2.178550122249387,0.4661312710726433
"Adult, NoCard, Zero",Prod=2,0.0451,0.459,0.0339,0.7516629711751662,1.6376099589872901,0.013199099999999998,2.1784910714285703,0.4077432006502093
"France, Zero","Prod=2, Retained",0.2418,0.4242,0.1679,0.6943755169561622,1.636905980566153,0.06532843999999999,1.884011366711773,0.5131777418980314
"HasCard, Zero","Prod=2, Retained",0.2592,0.4242,0.1799,0.6940586419753086,1.6361589862689971,0.06994736,1.882060025220681,0.5248548209528451
"Active, Adult, Zero",Prod=2,0.0803,0.459,0.0603,0.75093399750934,1.6360217810661002,0.0234423,2.172115,0.42270435362602016
"Adult, Germany, Prod=2",High,0.0482,0.383,0.0302,0.6265560165975104,1.635916492421698,0.0117394,1.652188888888889,0.40840707533582243
"Adult, Spain, Zero",Prod=2,0.0549,0.459,0.0411,0.7486338797814207,1.6310106313320711,0.0159009,2.152239130434782,0.40935690580767337
"Active, Fair, Zero",Prod=2,0.0623,0.459,0.0466,0.7479935794542536,1.629615641512535,0.0180043,2.1467707006369423,0.41202769446380766
Elderly,"Active, Retained",0.0464,0.4416,0.0333,0.7176724137931035,1.6251639805097453,0.012809760000000003,1.977844274809161,0.40339500574399906
"Middle, Prod=2","Retained, Zero",0.095,0.3117,0.0481,0.5063157894736842,1.6243689107272512,0.018488499999999998,1.3942110874200426,0.42472519268099374
"Inactive, LowSal, Prod=2",Zero,0.0533,0.3617,0.0313,0.5872420262664165,1.62356103474265,0.01202139,1.5464268181818182,0.40569342775020406
"MedSal, Prod=2, Retained",Zero,0.1063,0.3617,0.0624,0.5870178739416745,1.6229413158464874,0.023951289999999993,1.5455874715261957,0.42948951061992346
"Active, VeryHighSal, Zero",Prod=2,0.0443,0.459,0.033,0.744920993227991,1.6229215538736186,0.012666300000000002,2.120911504424779,0.40161899416895763
"HighSal, Zero","Prod=2, Retained",0.0908,0.4242,0.0625,0.6883259911894273,1.622644958013737,0.023982639999999993,1.8474431095406358,0.42204381874175084
"Good, HasCard, Prod=2",Zero,0.0793,0.3617,0.0465,0.5863808322824716,1.6211800726637313,0.01781719,1.5432070121951218,0.4161674555708548
"Active, Prod=2, Retained",Zero,0.231,0.3617,0.1354,0.5861471861471861,1.6205341060193146,0.051847299999999985,1.542335774058577,0.497944730538807
"Fair, Prod=2, Retained",Zero,0.1426,0.3617,0.0835,0.5855539971949509,1.6188941033866489,0.03192158,1.5401282571912014,0.4458763368993294
"Adult, Fair, Zero",Prod=2,0.0541,0.459,0.0402,0.7430683918669131,1.6188853853309653,0.015368099999999999,2.1056187050359707,0.4041558777631033
"Active, HasCard, Zero",Prod=2,0.1342,0.459,0.0997,0.7429210134128166,1.6185642993743279,0.03810219999999999,2.1044115942028974,0.44140506527668
"Inactive, Poor, Prod=2",Zero,0.0523,0.3617,0.0306,0.5850860420650096,1.617600337475835,0.011683089999999997,1.5383912442396315,0.40287045140591493
"Fair, Zero","HasCard, Prod=2",0.1198,0.3246,0.0629,0.5250417362270451,1.6175038084628623,0.024012919999999993,1.422019683655536,0.43372351059106734
"Adult, HighSal, Zero",Prod=2,0.041,0.459,0.0304,0.7414634146341463,1.6153887029066367,0.011580999999999998,2.0925471698113203,0.3972408210306788
"Prod=2, Retained, VeryHighSal",Zero,0.106,0.3617,0.0619,0.5839622641509434,1.6144934037902776,0.0235598,1.5342358276643993,0.42573899592689374
"Adult, Inactive, Prod=2",Zero,0.1088,0.3617,0.0635,0.583639705882353,1.6136016198019159,0.02414704,1.533047240618102,0.42669248929162135
"VeryHighSal, Zero","HasCard, Prod=2",0.0873,0.3246,0.0457,0.5234822451317296,1.6126994612807442,0.017362419999999996,1.417365865384615,0.416261272071539
"Adult, Prod=2, Retained",Zero,0.208,0.3617,0.1213,0.583173076923077,1.612311520384509,0.04606640000000001,1.5313310265282585,0.47951068808447217
"High, Youth","Prod=1, Retained",0.0704,0.3675,0.0417,0.5923295454545454,1.6117810760667903,0.015828,1.5514982578397212,0.40831362448767317
"Active, France, Zero",Prod=2,0.126,0.459,0.0932,0.7396825396825397,1.6115088010512848,0.035366,2.078231707317073,0.4341687863996621
"Active, Zero",Prod=2,0.1873,0.459,0.1385,0.7394554191137214,1.6110139849972143,0.052529300000000015,2.076420081967213,0.4666825694447222
"Adult, MedSal, Zero",Prod=2,0.0449,0.459,0.0332,0.7394209354120267,1.610938857106812,0.012590899999999999,2.0761452991452987,0.39707253261817027
"France, LowSal, Zero",Prod=2,0.0606,0.459,0.0448,0.7392739273927392,1.610618578197689,0.0169846,2.074974683544303,0.40357732139055325
"Active, Spain, Zero",Prod=2,0.0613,0.459,0.0453,0.7389885807504079,1.6099969079529581,0.0171633,2.07270625,0.40362287706614125
"France, VeryHighSal, Zero",Prod=2,0.0586,0.459,0.0433,0.7389078498293515,1.6098210235933583,0.016402599999999996,2.072065359477124,0.4023931729609136
"Germany, Prod=2",High,0.104,0.383,0.0641,0.6163461538461539,1.6092588873267726,0.024268000000000005,1.6082205513784462,0.4225401158903499
"HighSal, Prod=2, Retained",Zero,0.1074,0.3617,0.0625,0.5819366852886406,1.6088932410523655,0.02365342,1.5268022271714923,0.42399139592202556
"Middle, Prod=2, Retained",Zero,0.0827,0.3617,0.0481,0.5816203143893591,1.608018563420954,0.018187409999999998,1.5256476878612717,0.4122060743667633
"Good, Prod=2",Zero,0.1116,0.3617,0.0648,0.5806451612903225,1.6053225360528682,0.024434279999999996,1.5220999999999998,0.4244396918305068
"NoCard, Prod=2, Retained",Zero,0.1232,0.3617,0.0715,0.5803571428571428,1.6045262451123659,0.026938559999999993,1.521055319148936,0.4297024143739471
"LowSal, Zero",Prod=2,0.0915,0.459,0.0673,0.7355191256830601,1.602438182316035,0.025301499999999998,2.0455165289256194,0.4138150421845522
"Poor, Prod=2",Zero,0.1058,0.3617,0.0613,0.5793950850661626,1.6018664226324648,0.02303214,1.5175761797752807,0.4201836522698572
"Active, HighSal, Zero",Prod=2,0.0464,0.459,0.0341,0.7349137931034483,1.6011193749530463,0.012802399999999999,2.0408455284552844,0.39370485543899697
"HasCard, VeryHighSal, Zero",Prod=2,0.0622,0.459,0.0457,0.7347266881028939,1.600711738786261,0.017150199999999997,2.0394060606060602,0.4001683720873799
"Adult, Poor, Zero",Prod=2,0.041,0.459,0.0301,0.7341463414634145,1.5994473670226894,0.011280999999999996,2.034954128440366,0.39080714614822326
"Good, Zero","HasCard, Prod=2",0.0896,0.3246,0.0465,0.5189732142857143,1.5988084235542646,0.01741584,1.404079814385151,0.41139520380973976
"MedSal, Zero","Prod=2, Retained",0.0921,0.4242,0.0624,0.6775244299674267,1.5971815887963854,0.023331179999999993,1.785561616161616,0.4118263194014927
"VeryHighSal, Zero",Prod=2,0.0873,0.459,0.064,0.7331042382588774,1.5971769896707568,0.0239293,2.0270085836909866,0.4096584995069574
"France, Good, Zero",Prod=2,0.059,0.459,0.0432,0.7322033898305086,1.5952143569292125,0.016119,2.020189873417722,0.396519659936238
"Adult, Good, Prod=2",Zero,0.0529,0.3617,0.0305,0.5765595463137996,1.594026945849598,0.011366069999999999,1.5074138392857142,0.3934727407738203
"Active, NoCard, Zero",Prod=2,0.0531,0.459,0.0388,0.7306967984934086,1.5919320228614566,0.014427099999999998,2.0088881118881114,0.3926839943254875
"France, Zero","HasCard, Prod=2",0.2418,0.3246,0.1249,0.5165425971877585,1.5913203856677711,0.046411720000000004,1.3970207014542346,0.4900963239597218
"Poor, Zero","Prod=2, Retained",0.0879,0.4242,0.0593,0.6746302616609783,1.5903589383804295,0.022012819999999995,1.7696790209790203,0.4069851220789708
"Fair, France, Zero",Prod=2,0.0798,0.459,0.0582,0.7293233082706767,1.5889396694350255,0.021571800000000002,1.9986944444444443,0.40279231094988316
"Active, HasCard, Prod=2",Zero,0.1735,0.3617,0.0997,0.5746397694524495,1.58871929624675,0.03694504999999999,1.500610433604336,0.448351102915522
"Adult, MedSal, Prod=2",Zero,0.0578,0.3617,0.0332,0.5743944636678201,1.5880410939115843,0.012293740000000001,1.4997455284552845,0.39300931171086384
"HighSal, Inactive, Prod=2",Zero,0.0533,0.3617,0.0306,0.574108818011257,1.58725136303914,0.011321389999999997,1.4987396475770924,0.3908102517793145
"Active, Poor, Prod=2",Zero,0.0535,0.3617,0.0307,0.5738317757009346,1.5864854180285721,0.01134905,1.4977653508771929,0.3905714693771498
"Active, MedSal, Prod=2",Zero,0.0617,0.3617,0.0354,0.573743922204214,1.5862425275206358,0.013083110000000002,1.4974566539923957,0.3938818912193046
"HasCard, LowSal, Zero",Prod=2,0.0672,0.459,0.0489,0.7276785714285715,1.5853563647681297,0.0180552,1.9866229508196724,0.39582653716233995
"Adult, HasCard, Prod=2",Zero,0.1568,0.3617,0.0899,0.5733418367346939,1.5851308729187001,0.03318543999999999,1.4960454409566515,0.4377813847559907
"Adult, Germany, Retained",High,0.0808,0.383,0.049,0.6064356435643565,1.5833828813690771,0.018053600000000003,1.567723270440252,0.40082769400188273
"HasCard, Prod=2",Zero,0.3246,0.3617,0.1858,0.5723967960566851,1.5825180980278826,0.06839217999999998,1.4927390489913543,0.5450039891840994
Zero,"HasCard, Prod=2",0.3617,0.3246,0.1858,0.5136853746198506,1.5825180980278823,0.06839217999999998,1.3888128482092097,0.5766813321243001
"NoCard, Zero",Prod=2,0.1025,0.459,0.0742,0.7239024390243903,1.5771294967851641,0.027152500000000003,1.9594522968197883,0.4077288664979841
"Active, Germany, Retained",High,0.0952,0.383,0.0575,0.6039915966386554,1.5770015578032779,0.0210384,1.55804774535809,0.40438242417252906
"Good, Zero",Prod=2,0.0896,0.459,0.0648,0.7232142857142857,1.5756302521008403,0.023673599999999996,1.95458064516129,0.40128881077914463
"HasCard, Inactive, Prod=2",Zero,0.1511,0.3617,0.0861,0.5698213103904698,1.5753975957712738,0.03144712999999999,1.4838019999999996,0.430250447768096
"France, NoCard, Zero",Prod=2,0.0678,0.459,0.049,0.7227138643067847,1.5745400093829733,0.0178798,1.951053191489362,0.39143303749304914
"Fair, HasCard, Zero",Prod=2,0.0871,0.459,0.0629,0.722158438576349,1.5733299315388867,0.0229211,1.947152892561983,0.39917340936072454
"Fair, Zero",Prod=2,0.1198,0.459,0.0865,0.7220367278797996,1.573064766622657,0.03151179999999999,1.9463003003002992,0.4138812382367118
"Inactive, Prod=2, VeryHighSal",Zero,0.0545,0.3617,0.031,0.5688073394495413,1.5725942478560722,0.011287349999999998,1.4803127659574469,0.38509578478702167
"VeryGood, Zero",Prod=2,0.0416,0.459,0.03,0.7211538461538461,1.57114127702363,0.010905599999999998,1.9401379310344824,0.3792988313856427
"Inactive, VeryHighSal, Zero",Prod=2,0.043,0.459,0.031,0.7209302325581396,1.5706541014338553,0.011263000000000002,1.9385833333333335,0.3796474196919137
"HasCard, Prod=2, VeryHighSal",Zero,0.0805,0.3617,0.0457,0.5677018633540373,1.5695379136135947,0.016583149999999994,1.4765272988505747,0.3946381762517207
Elderly,Active,0.0464,0.5151,0.0375,0.8081896551724138,1.568995641957705,0.013599360000000001,2.52801797752809,0.3802953020134229
"Adult, Prod=2",Zero,0.2182,0.3617,0.1238,0.5673693858845096,1.568618705790737,0.04487705999999998,1.4753925847457625,0.46366902773145585
"Good, HasCard, Zero",Prod=2,0.0646,0.459,0.0465,0.7198142414860681,1.5682227483356603,0.016848599999999995,1.9308618784530382,0.38735886665701047
"Inactive, Zero","Prod=2, Retained",0.1744,0.4242,0.116,0.6651376146788991,1.5679811755749624,0.042019520000000005,1.7195123287671232,0.4387563485699011
"France, Zero",Prod=2,0.2418,0.459,0.1739,0.7191894127377999,1.5668614656596946,0.0629138,1.9265655375552284,0.4771583798618714
"Inactive, Prod=2",Zero,0.2144,0.3617,0.1215,0.5666977611940298,1.5667618501355538,0.043951519999999994,1.4731057050592034,0.4604644925532004
"HasCard, MedSal, Prod=2",Zero,0.0812,0.3617,0.046,0.5665024630541872,1.5662219050433706,0.01662996,1.4724420454545453,0.39347068955726744
Prod=2,Zero,0.459,0.3617,0.26,0.5664488017429193,1.566073546427756,0.0939797,1.4722597989949746,0.6681337978103229
Zero,Prod=2,0.3617,0.459,0.26,0.71882775781034,1.566073546427756,0.0939797,1.9240875122910517,0.566286048277275
"Germany, HasCard, Retained",High,0.1214,0.383,0.0728,0.599670510708402,1.5657193491080994,0.026303800000000002,1.5412304526748974,0.4112405350169976
"Active, Prod=2",Zero,0.2446,0.3617,0.1385,0.5662305805396566,1.565470225434494,0.050028180000000005,1.4715191328934967,0.47817619278379786
"HasCard, Poor, Prod=2",Zero,0.074,0.3617,0.0419,0.5662162162162162,1.5654305120713745,0.0151342,1.4714704049844236,0.3900627329288597
"Spain, Zero","HasCard, Prod=2",0.1199,0.3246,0.0609,0.5079232693911593,1.5647666955981494,0.02198046,1.3725501694915254,0.4100978225156904
"Spain, Zero",Prod=2,0.1199,0.459,0.0861,0.7180984153461217,1.5644845650242303,0.031065899999999994,1.9191094674556208,0.4099668750027218
"France, HasCard, Zero",Prod=2,0.174,0.459,0.1249,0.7178160919540231,1.5638694813813139,0.045034000000000005,1.9171894093686357,0.43651385999841036
"HasCard, Zero",Prod=2,0.2592,0.459,0.1858,0.716820987654321,1.561701498157562,0.06682719999999999,1.910452316076294,0.48551939310947684
"Inactive, NoCard, Zero",Prod=2,0.0494,0.459,0.0354,0.7165991902834008,1.5612182794845333,0.012725400000000001,1.9089571428571426,0.3781554557870676
"France, HighSal, Zero",Prod=2,0.0606,0.459,0.0434,0.7161716171617162,1.5602867476290112,0.0155846,1.906081395348837,0.3822569362344236
"Youth, Zero","France, Retained",0.077,0.4204,0.0505,0.6558441558441559,1.560047944443758,0.018129200000000005,1.6841207547169814,0.3889426429100115
"Fair, HasCard, Prod=2",Zero,0.1115,0.3617,0.0629,0.5641255605381166,1.5596504300196752,0.022570449999999992,1.4644125514403292,0.4038612083565573
"Germany, Prod=1, Retained",High,0.0771,0.383,0.046,0.5966277561608301,1.557774820263264,0.016470699999999998,1.5296045016077169,0.38797128145213333
"HasCard, Spain, Zero",Prod=2,0.0852,0.459,0.0609,0.7147887323943662,1.5572739267851117,0.0217932,1.8968395061728396,0.3911808228561089
"Active, Fair, Prod=2",Zero,0.0829,0.3617,0.0466,0.5621230398069964,1.554114016607676,0.01661507,1.4577154269972452,0.3887761056848818
"HighSal, Zero",Prod=2,0.0908,0.459,0.0647,0.7125550660792951,1.5524075513710132,0.02302279999999999,1.882099616858237,0.39137621877955775
"Germany, Retained",High,0.1695,0.383,0.1006,0.5935103244837757,1.5496353119680828,0.03568149999999999,1.517873730043541,0.4270763139405589
"Active, MedSal, Zero",Prod=2,0.0498,0.459,0.0354,0.710843373493976,1.5486783736252199,0.012541800000000002,1.8709583333333335,0.37285638349107597
"Active, Medium","Prod=1, Retained",0.0795,0.3675,0.0452,0.5685534591194968,1.5470842425020321,0.015983749999999998,1.4659985422740525,0.3841638105492879
"Inactive, NoCard, Prod=2",Zero,0.0633,0.3617,0.0354,0.5592417061611376,1.5461479296686136,0.01250439,1.4481860215053766,0.3771019066213338
"Fair, Prod=2",Zero,0.1548,0.3617,0.0865,0.5587855297157622,1.5448867285478634,0.030508839999999995,1.446688726207906,0.417301647658727
"HasCard, HighSal, Zero",Prod=2,0.0638,0.459,0.0452,0.7084639498432602,1.5434944441029634,0.015915799999999997,1.8556881720430107,0.3761156473259438
"Germany, Prod=2, Retained",High,0.0914,0.383,0.054,0.5908096280087528,1.5425838851403468,0.018993799999999998,1.5078556149732623,0.3871197854248702
"Fair, Germany, Retained",High,0.0585,0.383,0.0345,0.5897435897435898,1.5398004954140725,0.012094500000000001,1.5039375,0.37234754900828926
"MedSal, Prod=2",Zero,0.115,0.3617,0.064,0.5565217391304348,1.5386279765840054,0.022404499999999994,1.4393039215686274,0.3955596751412428
"Prod=2, VeryHighSal",Zero,0.115,0.3617,0.064,0.5565217391304348,1.5386279765840054,0.022404499999999994,1.4393039215686274,0.3955596751412428
"HighSal, Prod=2",Zero,0.1163,0.3617,0.0647,0.5563198624247635,1.5380698435851907,0.022634289999999987,1.4386490310077518,0.3958746936400432
"Prod=2, Zero","France, Retained",0.26,0.4204,0.1679,0.6457692307692308,1.536082851496743,0.058595999999999995,1.6362214983713355,0.4716127682178903
"Fair, Inactive, Prod=2",Zero,0.0719,0.3617,0.0399,0.5549374130737135,1.5342477552494151,0.013893769999999993,1.4341803124999999,0.37519102140654925
"Adult, Medium","Prod=1, Retained",0.0655,0.3675,0.0369,0.5633587786259542,1.5329490574855897,0.012828750000000003,1.4485576923076924,0.3720306063413765
"Inactive, Poor, Zero",Prod=2,0.0435,0.459,0.0306,0.703448275862069,1.5325670498084292,0.0106335,1.8243023255813955,0.36330371144798745
"Adult, Fair, Prod=2",Zero,0.0727,0.3617,0.0402,0.5529573590096286,1.528773455929302,0.013904409999999999,1.4278279999999999,0.37299778472031087
"Adult, HighSal, Prod=2",Zero,0.055,0.3617,0.0304,0.5527272727272727,1.5281373312891144,0.010506499999999998,1.4270934959349593,0.3657233361180729
"Adult, NoCard, Prod=2",Zero,0.0614,0.3617,0.0339,0.5521172638436481,1.526450826219652,0.011691619999999996,1.4251498181818179,0.36744677788484315
"NoCard, Prod=2",Zero,0.1344,0.3617,0.0742,0.5520833333333334,1.5263570177863792,0.025587520000000002,1.4250418604651163,0.39838872807170506
"Inactive, LowSal, Zero",Prod=2,0.0447,0.459,0.0313,0.7002237136465326,1.5255418597963673,0.010782700000000003,1.8046791044776125,0.3606146840445218
"HasCard, HighSal, Prod=2",Zero,0.082,0.3617,0.0452,0.5512195121951219,1.5239687923558802,0.015540599999999995,1.422298913043478,0.3745300480074034
"Active, Adult, Prod=2",Zero,0.1094,0.3617,0.0603,0.5511882998171846,1.5238824988033857,0.020730019999999995,1.4222,0.38601103323862745
"Poor, Zero",Prod=2,0.0879,0.459,0.0613,0.6973833902161547,1.5193537913205983,0.020953899999999998,1.787740601503759,0.37476751300666244
"HasCard, MedSal, Zero",Prod=2,0.066,0.459,0.046,0.6969696969696969,1.5184524988446555,0.015705999999999998,1.7852999999999994,0.36556186574806815
"France, Inactive, Zero",Prod=2,0.1158,0.459,0.0807,0.6968911917098445,1.5182814634201405,0.02754779999999999,1.7848376068376062,0.3860671734851153
"Inactive, Zero",Prod=2,0.1744,0.459,0.1215,0.6966743119266054,1.5178089584457635,0.0414504,1.7835614366729673,0.4132213608957795
"Inactive, Spain, Zero",Prod=2,0.0586,0.459,0.0408,0.6962457337883959,1.5168752370117558,0.013902600000000001,1.7810449438202247,0.361960909284045
"Germany, Inactive, Retained",High,0.0743,0.383,0.0431,0.5800807537012113,1.5145711584888022,0.014643099999999996,1.469330128205128,0.3670164197558403
"MedSal, Zero",Prod=2,0.0921,0.459,0.064,0.6948968512486428,1.5139364950950822,0.021726099999999998,1.7731708185053376,0.37390716213239333
"Fair, Inactive, Zero",Prod=2,0.0575,0.459,0.0399,0.6939130434782608,1.5117931230463197,0.013507499999999995,1.7674715909090901,0.35918709239943347
"Active, NoCard, Prod=2",Zero,0.0711,0.3617,0.0388,0.5457102672292546,1.5087372607941791,0.013083130000000002,1.405050464396285,0.3630036302776924
"Active, Prod=2, VeryHighSal",Zero,0.0605,0.3617,0.033,0.5454545454545455,1.5080302611405736,0.01111715,1.40426,0.3585772574064218
"Active, Poor, Zero",Prod=2,0.0444,0.459,0.0307,0.6914414414414415,1.5064083691534673,0.0103204,1.7533138686131386,0.3517888040053284
"HasCard, Middle, Prod=2",Zero,0.0654,0.3617,0.0356,0.5443425076452599,1.5049557855826925,0.011944819999999998,1.4008328859060402,0.35900775913266986
"HighSal, Inactive, Zero",Prod=2,0.0444,0.459,0.0306,0.6891891891891891,1.5015015015015014,0.010220399999999998,1.7406086956521734,0.3495186270406027
"HasCard, Poor, Zero",Prod=2,0.0608,0.459,0.0419,0.6891447368421053,1.5014046554294234,0.0139928,1.7403597883597883,0.3555760653458181
"France, Poor, Zero",Prod=2,0.0598,0.459,0.0412,0.6889632107023411,1.5010091736434445,0.013751800000000002,1.739344086021505,0.35501122463099155
"HasCard, Inactive, Zero",Prod=2,0.125,0.459,0.0861,0.6888,1.5006535947712416,0.028724999999999994,1.7384318766066833,0.38128422100547527
"Active, HighSal, Prod=2",Zero,0.063,0.3617,0.0341,0.5412698412698412,1.4964607168090716,0.011312899999999997,1.3914498269896192,0.3540625381435103
"France, MedSal, Zero",Prod=2,0.062,0.459,0.0424,0.6838709677419355,1.4899149624007308,0.013942,1.7113265306122445,0.3505551756044575
"Middle, Prod=2",Zero,0.095,0.3617,0.051,0.5368421052631579,1.4842192570173012,0.016638499999999994,1.3781477272727272,0.36049182103780725
"France, HasCard, High",Prod=1,0.1023,0.5084,0.0771,0.7536656891495601,1.4824266112304487,0.025090680000000004,1.9956619047619049,0.36251570702300606
"Prod=2, VeryGood",Zero,0.056,0.3617,0.03,0.5357142857142857,1.4811011493344917,0.009744799999999998,1.3747999999999998,0.34409604519774006
"High, Retained, Spain",Prod=1,0.0599,0.5084,0.045,0.7512520868113522,1.4776791636729982,0.014546839999999998,1.9762979865771813,0.3438603458260941
"France, High, Retained",Prod=1,0.1238,0.5084,0.0929,0.7504038772213247,1.4760107734487111,0.02996008,1.969581877022654,0.36806456297118223
"France, HasCard, Medium",Prod=1,0.0442,0.5084,0.0331,0.7488687782805429,1.472991302676127,0.010628719999999998,1.9575423423423417,0.3359587419532458
"Inactive, Retained, Spain",Zero,0.0893,0.3617,0.0475,0.5319148936170213,1.4705968858640344,0.015200189999999995,1.363640909090909,0.3513824530580871
"Adult, High","Prod=1, Retained",0.1697,0.3675,0.0915,0.5391868002357101,1.4671749666277825,0.02913525,1.372573529411765,0.38349757050088557
"France, High, Inactive",Prod=1,0.0724,0.5084,0.054,0.7458563535911602,1.4670659984090486,0.01719184,1.9343391304347826,0.34321626499289287
"France, High",Prod=1,0.1476,0.5084,0.1098,0.7439024390243901,1.463222736082593,0.03476016,1.9195809523809517,0.3713949427268041
"Fair, France, High",Prod=1,0.0478,0.5084,0.0355,0.7426778242677823,1.4608139737761257,0.011198479999999997,1.9104455284552837,0.3312855921498324
"Adult, Zero","France, Retained",0.1647,0.4204,0.1011,0.6138433515482695,1.4601411787542091,0.03186011999999999,1.5009452830188676,0.37727130144964705
"France, High","HasCard, Prod=1",0.1476,0.3578,0.0771,0.5223577235772358,1.4599153817139066,0.02428872,1.3445208510638298,0.36957859429178674
"Active, France, High",Prod=1,0.0752,0.5084,0.0558,0.7420212765957447,1.4595225739491438,0.017568320000000005,1.9055835051546393,0.3404459823144945
"Adult, France, LowSal",Zero,0.0571,0.3617,0.03,0.5253940455341506,1.4525685527623737,0.00934693,1.3449051660516604,0.3304320005656309
"Churned, Inactive","HasCard, Prod=1",0.1302,0.3578,0.0676,0.5192012288786482,1.4510934289509452,0.02101443999999999,1.33569392971246,0.35739767422559204
"Adult, France, High",Prod=1,0.0718,0.5084,0.0528,0.7353760445682451,1.4464517005669653,0.01629688,1.8577305263157895,0.3325285825285825
"Middle, Zero","Prod=2, Retained",0.0786,0.4242,0.0481,0.6119592875318065,1.4426197254403736,0.014757879999999994,1.4838649180327863,0.33298961582009107
"Churned, Inactive, Middle",Prod=1,0.051,0.5084,0.0374,0.7333333333333334,1.4424337791765016,0.011471600000000005,1.8435000000000006,0.32321103553980285
"Active, Zero","France, Retained",0.1873,0.4204,0.1132,0.604378003203417,1.4376260780290604,0.03445908,1.465034817813765,0.37456482579335737
"Active, High","Prod=1, Retained",0.1958,0.3675,0.1034,0.5280898876404495,1.4369792860964612,0.03144350000000001,1.3402976190476195,0.3781344748580591
"High, Spain",Prod=1,0.0702,0.5084,0.0512,0.7293447293447294,1.4345883740061554,0.015510320000000008,1.8163326315789476,0.3258076333620135
"HasCard, High, Spain",Prod=1,0.048,0.5084,0.035,0.7291666666666667,1.434238132703908,0.010596800000000003,1.8151384615384623,0.31803121248499405
"Churned, High, Inactive",Prod=1,0.0627,0.5084,0.0457,0.7288676236044656,1.433649928411616,0.01382332,1.8131364705882345,0.3227138054951358
"France, Medium, Retained",Prod=1,0.0537,0.5084,0.0391,0.7281191806331472,1.4321777746521385,0.011798920000000004,1.8081452054794527,0.3188868856034528
"France, Medium","HasCard, Prod=1",0.0647,0.3578,0.0331,0.5115919629057187,1.4298266151641104,0.009950339999999998,1.31488417721519,0.32140970973011224
"HasCard, Inactive, Spain",Zero,0.0813,0.3617,0.042,0.5166051660516605,1.4282697430236673,0.01259379,1.3204526717557252,0.32638744188216273
"HasCard, Middle, Zero",Prod=2,0.0544,0.459,0.0356,0.6544117647058824,1.4257336921696784,0.010630400000000002,1.565446808510638,0.315785471206677
"HasCard, Medium","Prod=1, Retained",0.1029,0.3675,0.0539,0.5238095238095238,1.4253320375769356,0.01608425,1.3282500000000002,0.3326374884729583
"Churned, France, Inactive",Prod=1,0.0512,0.5084,0.0371,0.724609375,1.4252741443745083,0.01106992,1.7851007092198583,0.3144820752444285
"Churned, Germany, Inactive",Prod=1,0.0518,0.5084,0.0375,0.7239382239382239,1.4239540203348229,0.011164880000000002,1.7807608391608394,0.31399507839415036
"Churned, LowSal",Prod=1,0.0489,0.5084,0.0354,0.7239263803680982,1.4239307245635293,0.010539240000000002,1.7806844444444447,0.31302559569739946
"France, HasCard, Youth",Zero,0.0732,0.3617,0.0377,0.5150273224043715,1.4239074437499903,0.011223559999999997,1.3161566197183097,0.3212205025935622
"Churned, Germany, High",Prod=1,0.0646,0.5084,0.0467,0.7229102167182662,1.4219319762357714,0.013857359999999999,1.7741541899441335,0.3172241581313448
"France, High, NoCard",Prod=1,0.0453,0.5084,0.0327,0.7218543046357616,1.419855044523528,0.009669480000000001,1.767419047619048,0.3097336883770588
"France, Medium",Prod=1,0.0647,0.5084,0.0467,0.7217928902627512,1.4197342452060409,0.013806520000000003,1.7670288888888892,0.3160941158478163
"France, Retained, Youth",Zero,0.0987,0.3617,0.0505,0.5116514690982776,1.4145741473549285,0.014800210000000001,1.3070582987551866,0.3251674973333348
"HasCard, Retained, Spain",Zero,0.1443,0.3617,0.0738,0.5114345114345115,1.4139743196972945,0.021606689999999998,1.3064778723404256,0.3421451177232351
"Middle, Zero",Prod=2,0.0786,0.459,0.051,0.648854961832061,1.413627367825841,0.014922599999999994,1.540673913043478,0.31756023442587356
"Churned, High","HasCard, Prod=1",0.0987,0.3578,0.0499,0.5055724417426545,1.4130029115222316,0.014585140000000003,1.298875819672131,0.3242953231437913
"Churned, HasCard, Middle",Inactive,0.0546,0.4849,0.0374,0.684981684981685,1.4126246339073727,0.01092446,1.635143023255814,0.30896748568073495
"Churned, HasCard, Inactive",Prod=1,0.0942,0.5084,0.0676,0.7176220806794054,1.411530449802135,0.019708719999999992,1.7409293233082699,0.3218691901369347
"France, Middle, Zero",Prod=2,0.0519,0.459,0.0336,0.6473988439306357,1.4104549976702303,0.009777899999999996,1.5343114754098355,0.306939066102129
"France, LowSal, Retained",Zero,0.1045,0.3617,0.0533,0.5100478468899522,1.4101405775226767,0.015502349999999998,1.3027802734375,0.32479156256579955
"France, HasCard, LowSal",Zero,0.0864,0.3617,0.044,0.5092592592592592,1.407960351836492,0.012749119999999996,1.30068679245283,0.3171549116382741
"Churned, HasCard, Prod=1",Inactive,0.0991,0.4849,0.0676,0.6821392532795156,1.4067627413477328,0.01954641,1.6205209523809523,0.32095468633930174
"Adult, HasCard, Spain",Zero,0.0791,0.3617,0.0402,0.5082174462705435,1.4050800283951992,0.011589529999999997,1.2979313624678661,0.31305979603556755
"Churned, Middle, Prod=1",Inactive,0.0549,0.4849,0.0374,0.6812386156648452,1.404905373612797,0.010778990000000006,1.615942285714286,0.30495004631261624
"France, VeryHigh",Prod=1,0.0432,0.5084,0.0308,0.7129629629629629,1.4023661741993765,0.00883712,1.7126709677419354,0.2998740390044738
"France, Middle, Retained",Zero,0.0767,0.3617,0.0389,0.5071707953063884,1.4021863292960697,0.011157609999999995,1.2951748677248673,0.31065528058654024
"Churned, Senior",Prod=1,0.0448,0.5084,0.0319,0.7120535714285714,1.4005774418343262,0.009123679999999999,1.707262015503876,0.29942292444458446
"Churned, France, HasCard",Prod=1,0.0569,0.5084,0.0405,0.7117750439367312,1.4000295907488813,0.011572040000000002,1.7056121951219518,0.3029682777182159
"France, Youth",Zero,0.1038,0.3617,0.0525,0.5057803468208092,1.398342125575917,0.014955539999999996,1.2915309941520465,0.3178614467433927
"Churned, France","HasCard, Prod=1",0.081,0.3578,0.0405,0.5,1.397428731134712,0.0115182,1.2844,0.3094668117519042
"Churned, Germany",Prod=1,0.0814,0.5084,0.0578,0.71007371007371,1.3966831433393196,0.01641624,1.6956033898305083,0.30918570986238275
"France, HasCard, Retained",Zero,0.2974,0.3617,0.1502,0.5050437121721587,1.396305535449706,0.04263041999999999,1.289608831521739,0.4039629483489704
"Churned, Inactive",Prod=1,0.1302,0.5084,0.0924,0.7096774193548386,1.395903657267582,0.02620631999999999,1.6932888888888886,0.32607286941616664
"Churned, Poor",Prod=1,0.053,0.5084,0.0376,0.709433962264151,1.3954247880884167,0.010654800000000002,1.6918701298701304,0.2992316160776473
"Active, HighSal, Zero",France,0.0464,0.5014,0.0324,0.6982758620689655,1.392652297704359,0.00913504,1.6525028571428573,0.2956645123871075
"Good, Spain",Zero,0.0608,0.3617,0.0306,0.5032894736842105,1.3914555534537199,0.008608639999999997,1.2850543046357614,0.2995401454164856
"Churned, High",Prod=1,0.0987,0.5084,0.0698,0.707193515704154,1.3910179301812629,0.019620920000000007,1.6789245674740485,0.31188506127888505
"Inactive, Spain",Zero,0.1165,0.3617,0.0586,0.5030042918454936,1.3906671049087462,0.016461949999999996,1.2843169257340241,0.3179633825287649
"LowSal, Spain",Zero,0.0615,0.3617,0.0309,0.5024390243902439,1.38910429745713,0.008655449999999999,1.2828578431372548,0.2984673952961501
"Retained, Spain",Zero,0.2064,0.3617,0.1036,0.501937984496124,1.3877190613661157,0.02894511999999999,1.2815673151750973,0.3520577749408394
"Active, France, Poor",Zero,0.0608,0.3617,0.0305,0.5016447368421052,1.386908313082956,0.008508639999999998,1.2808132013201319,0.2970313067277347
"Active, High, LowSal",Prod=1,0.0478,0.5084,0.0337,0.7050209205020921,1.3867445328522663,0.00939848,1.6665588652482273,0.2928866276877473
Medium,"Prod=1, Retained",0.1509,0.3675,0.0769,0.5096090125911199,1.3866911907241357,0.021444249999999998,1.2897871621621622,0.32841703883205947
"LowSal, Zero","France, Retained",0.0915,0.4204,0.0533,0.5825136612021858,1.3856176527169026,0.014833400000000004,1.3883089005235605,0.3063293204372711
"France, Poor, Retained",Zero,0.1011,0.3617,0.0506,0.5004945598417408,1.3837283932588909,0.014032129999999997,1.2778639603960396,0.3085046413776697
"Churned, HasCard, High",Prod=1,0.0712,0.5084,0.0499,0.7008426966292135,1.3785261538733546,0.01370192,1.6432826291079814,0.2956369241497638
"HasCard, Zero","France, Retained",0.2592,0.4204,0.1502,0.5794753086419754,1.3783903630874772,0.04123232,1.378278165137615,0.37056710563021805
"HasCard, Poor, Zero",France,0.0608,0.5014,0.042,0.6907894736842106,1.3777213276509985,0.011514880000000005,1.6124936170212771,0.29191206295124533
"MedSal, Zero","France, Retained",0.0921,0.4204,0.0533,0.5787187839305103,1.3765908276177696,0.014581160000000003,1.3758030927835052,0.30131923100687796
"HasCard, VeryHighSal, Zero",France,0.0622,0.5014,0.0429,0.6897106109324759,1.375569626909605,0.011712920000000005,1.6068870466321243,0.2911371702158652
"HasCard, Prod=1, Youth",High,0.0654,0.383,0.0344,0.5259938837920489,1.3733521770027386,0.0093518,1.3016709677419354,0.2908780774264827
"Good, High","Prod=1, Retained",0.0888,0.3675,0.0448,0.5045045045045045,1.3728013728013726,0.012165999999999996,1.2765,0.29802732660228265
"Churned, HasCard, Middle",Prod=1,0.0546,0.5084,0.0381,0.6978021978021978,1.3725456290365812,0.010341360000000004,1.626749090909091,0.28710257208963763
"Prod=2, Youth, Zero",France,0.0621,0.5014,0.0427,0.6876006441223833,1.3713614761116542,0.011563060000000003,1.596034020618557,0.2887276448231425
"Churned, Germany, HasCard",Prod=1,0.0577,0.5084,0.0402,0.6967071057192374,1.37039163202053,0.010865320000000001,1.6208754285714286,0.28683178609763454
"Churned, Middle",Prod=1,0.0788,0.5084,0.0549,0.6967005076142132,1.3703786538438498,0.014838080000000003,1.620840167364017,0.2933941394253319
"Active, Poor, Zero",France,0.0444,0.5014,0.0305,0.6869369369369369,1.3700377681231293,0.00823784,1.5926503597122303,0.28264243904782166
"Active, MedSal, Zero",France,0.0498,0.5014,0.0342,0.6867469879518073,1.369658930897103,0.009230280000000004,1.591684615384616,0.2840362324459856
"Churned, France",Prod=1,0.081,0.5084,0.0564,0.6962962962962963,1.3695835883090015,0.0152196,1.6186829268292684,0.29363554279628645
"HasCard, Youth, Zero",France,0.0549,0.5014,0.0377,0.6867030965391621,1.3695713931774274,0.01017314,1.5914616279069767,0.2855195876988864
"Poor, Zero","France, Retained",0.0879,0.4204,0.0506,0.5756541524459613,1.3693010286535712,0.01364684,1.3658670241286863,0.2956916952712608
"Churned, HasCard",Prod=1,0.1424,0.5084,0.0991,0.6959269662921348,1.3688571327540024,0.026703839999999993,1.6167168591224017,0.31420659065921647
Zero,"France, Retained",0.3617,0.4204,0.2081,0.5753386784628145,1.3685506148021278,0.056041320000000006,1.36485234375,0.4219018517095093
"Churned, HasCard",Inactive,0.1424,0.4849,0.0942,0.6615168539325843,1.3642335614200543,0.025150240000000004,1.5217892116182574,0.3113195962860855
"Adult, LowSal, Zero",France,0.0439,0.5014,0.03,0.683371298405467,1.362926402882862,0.007988539999999999,1.5747151079136692,0.2785113133214796
"Retained, Youth, Zero",France,0.0739,0.5014,0.0505,0.6833558863328824,1.3628956648043127,0.013446540000000007,1.574638461538462,0.2875155153999366
"VeryHighSal, Zero","France, Retained",0.0873,0.4204,0.05,0.572737686139748,1.3623636682677163,0.013299080000000005,1.3565436997319034,0.2914228114385889
"Fair, Zero","France, Retained",0.1198,0.4204,0.0686,0.5726210350584306,1.3620861918611575,0.018236079999999995,1.3561734374999999,0.30201325831725223
"Good, Zero","France, Retained",0.0896,0.4204,0.0513,0.5725446428571428,1.3619044787277421,0.013632159999999997,1.3559310704960834,0.29188720678869595
Churned,Prod=1,0.2037,0.5084,0.1409,0.6917034855179185,1.3605497354797769,0.03733892000000001,1.5945687898089171,0.3327928931777891
"High, Inactive, Poor",Prod=1,0.0483,0.5084,0.0334,0.691511387163561,1.3601718866317094,0.00884428,1.593575838926174,0.27823768245792746
"Prod=1, Youth",High,0.091,0.383,0.0474,0.5208791208791209,1.3599977046452243,0.012546999999999996,1.2877752293577982,0.29120422590782274
"Youth, Zero",France,0.077,0.5014,0.0525,0.6818181818181818,1.35982884287631,0.0138922,1.5670285714285712,0.28668833513903935
"HasCard, MedSal, Zero",France,0.066,0.5014,0.045,0.6818181818181818,1.35982884287631,0.011907599999999997,1.5670285714285712,0.28331192005710204
"Poor, Zero",France,0.0879,0.5014,0.0598,0.6803185437997724,1.3568379413637266,0.015726940000000002,1.5596775800711742,0.288337142519798
"Churned, France, Prod=1",Inactive,0.0564,0.4849,0.0371,0.6578014184397163,1.35657128983237,0.009751640000000002,1.5052663212435233,0.278558117160979
"Churned, France, HasCard",Inactive,0.0569,0.4849,0.0374,0.6572934973637962,1.355523813907602,0.009809190000000002,1.5030353846153848,0.27810179990099787
"Prod=1, Retained, VeryHighSal",High,0.086,0.383,0.0446,0.5186046511627908,1.3540591414172083,0.011662000000000006,1.2816908212560387,0.28608295473501405
"Inactive, MedSal, Prod=1",High,0.0646,0.383,0.0335,0.5185758513931888,1.3539839461963155,0.0087582,1.2816141479099679,0.27949412654495326
"Active, Good, Zero",France,0.047,0.5014,0.0319,0.6787234042553191,1.3536565701143182,0.0083342,1.5519337748344368,0.27414500324005703
"Churned, Prod=1",Inactive,0.1409,0.4849,0.0924,0.6557842441447835,1.3524113098469448,0.024077589999999996,1.4964451546391753,0.3033174000174349
"Active, HasCard, Zero",France,0.1342,0.5014,0.091,0.6780923994038748,1.352398084172068,0.023712120000000003,1.5488916666666666,0.30096182403874716
"NoCard, Prod=1, Retained",High,0.1088,0.383,0.0563,0.5174632352941178,1.351078943326678,0.014629600000000006,1.2786590476190478,0.29157405665341174
"Churned, Germany, HasCard",Inactive,0.0577,0.4849,0.0378,0.6551126516464472,1.3510262974766905,0.00982127,1.4935311557788946,0.27573167533901904
"Churned, High, Prod=1",Inactive,0.0698,0.4849,0.0457,0.654727793696275,1.350232612283512,0.01185398,1.4918663900414935,0.27885064598705156
"Churned, Poor",Inactive,0.053,0.4849,0.0347,0.6547169811320755,1.350210313739071,0.009000300000000003,1.4918196721311479,0.27389085508917904
"Inactive, Poor, Prod=1",High,0.0646,0.383,0.0334,0.5170278637770898,1.3499422030733415,0.008658199999999998,1.2775064102564102,0.2771301527797515
"Prod=2, VeryHighSal, Zero",France,0.064,0.5014,0.0433,0.6765625,1.3493468288791384,0.011210400000000002,1.5415652173913044,0.27660330431693025
"Adult, Fair, Zero",France,0.0541,0.5014,0.0366,0.6765249537892791,1.349271946129396,0.009474260000000002,1.541386285714286,0.27366483015279636
"HighSal, Zero","France, Retained",0.0908,0.4204,0.0515,0.567180616740088,1.3491451397242817,0.013327679999999995,1.3391267175572517,0.2846347370354391
"Inactive, NoCard, Prod=1",High,0.0718,0.383,0.0371,0.5167130919220055,1.3491203444438786,0.0096006,1.2766743515850143,0.2787936655068413
"Churned, VeryHighSal",Prod=1,0.0527,0.5084,0.0361,0.6850094876660342,1.3473829419080139,0.009307320000000004,1.5606819277108437,0.2721635159030492
"High, LowSal",Prod=1,0.0917,0.5084,0.0628,0.6848418756815703,1.3470532566513973,0.016179719999999995,1.5598519031141866,0.28364951393062277
"High, Inactive, Middle",Prod=1,0.0479,0.5084,0.0328,0.6847599164926932,1.346892046602465,0.008447640000000006,1.5594463576158946,0.2705072996533979
"Churned, MedSal",Inactive,0.0504,0.4849,0.0329,0.6527777777777778,1.34621113173392,0.00846104,1.4834880000000001,0.27082399756224346
"High, Inactive, MedSal",Prod=1,0.049,0.5084,0.0335,0.6836734693877551,1.344755053870486,0.008588400000000003,1.5540903225806453,0.26957954705965453
"Adult, NoCard, Zero",France,0.0451,0.5014,0.0304,0.6740576496674058,1.3443511162094253,0.00778686,1.529718367346939,0.268244539246325
"Prod=1, Zero",France,0.0905,0.5014,0.061,0.6740331491712708,1.3443022520368386,0.015623300000000007,1.5296033898305088,0.2816049171315532
"Churned, Zero",France,0.05,0.5014,0.0337,0.6739999999999999,1.3442361388113282,0.008630000000000002,1.529447852760736,0.26956114321411845
"Adult, Fair, Prod=1",High,0.0713,0.383,0.0367,0.5147265077138851,1.3439334405062273,0.0093921,1.2714479768786129,0.2755631865351027
"NoCard, Zero","France, Retained",0.1025,0.4204,0.0579,0.5648780487804879,1.343668051333225,0.014809000000000003,1.3320403587443947,0.28497890417153776
"MedSal, Zero",France,0.0921,0.5014,0.062,0.6731813246471227,1.342603359886563,0.015821060000000005,1.525616611295681,0.28106442019690964
"Prod=1, Retained, Youth",High,0.0811,0.383,0.0417,0.5141800246609124,1.3425065918039487,0.010638699999999997,1.2700177664974617,0.277641419349013
"Active, Prod=2, Zero",France,0.1385,0.5014,0.0932,0.6729241877256318,1.3420905219896926,0.023756100000000002,1.5244172185430465,0.29587205667328426
"High, Poor",Prod=1,0.0938,0.5084,0.064,0.6823027718550108,1.3420589532946712,0.016312080000000007,1.5473852348993296,0.28125827631869355
"Churned, Fair, HasCard",Prod=1,0.0491,0.5084,0.0335,0.6822810590631365,1.342016245206799,0.008537560000000007,1.5472794871794877,0.26801192271893265
"Fair, Prod=2, Zero",France,0.0865,0.5014,0.0582,0.6728323699421966,1.3419073991667265,0.014828900000000006,1.523989399293287,0.278918550870204
"Adult, Churned",Prod=1,0.0538,0.5084,0.0367,0.6821561338289963,1.3417705228737142,0.009348080000000005,1.54667134502924,0.2691989814989199
"HasCard, Prod=1, Zero",France,0.0657,0.5014,0.0442,0.6727549467275495,1.3417529850968282,0.011258020000000007,1.5236288372093028,0.27261729085050745
"Active, Zero",France,0.1873,0.5014,0.126,0.6727175654030967,1.3416784311988368,0.03208778000000001,1.5234548123980427,0.31335661453786234
"Inactive, Prod=1, VeryHighSal",High,0.0615,0.383,0.0316,0.5138211382113822,1.3415695514657497,0.008045500000000004,1.2690802675585287,0.2712886844749568
"Active, LowSal, Prod=1",High,0.0656,0.383,0.0337,0.5137195121951219,1.3413042093867413,0.008575199999999998,1.2688150470219435,0.2723212471037762
"Churned, NoCard",Prod=1,0.0613,0.5084,0.0418,0.6818923327895595,1.341251638059716,0.010635079999999998,1.545388717948718,0.27104266666258897
"Inactive, Prod=1, Zero",France,0.0473,0.5014,0.0318,0.6723044397463003,1.340854486929199,0.008083780000000002,1.5215341935483875,0.2668278768122114
"HasCard, Prod=2, Zero",France,0.1858,0.5014,0.1249,0.6722282023681377,1.3407024379101273,0.03173988000000001,1.5211802955665024,0.312112918042614
"Poor, Prod=2, Zero",France,0.0613,0.5014,0.0412,0.6721044045676998,1.3404555336412043,0.010464180000000003,1.5206059701492538,0.2705709507364555
"HasCard, High, Youth",Prod=1,0.0505,0.5084,0.0344,0.6811881188118811,1.3398664807472092,0.008725799999999999,1.541975155279503,0.26714794812447185
"Churned, Fair, HasCard",Inactive,0.0491,0.4849,0.0319,0.6496945010183299,1.3398525490169724,0.00809141,1.4704308139534883,0.26674646787353085
"HasCard, Zero",France,0.2592,0.5014,0.174,0.6712962962962963,1.3388438298689596,0.04403712000000001,1.5168676056338029,0.34163997914649596
"VeryHighSal, Zero",France,0.0873,0.5014,0.0586,0.6712485681557846,1.3387486401192354,0.014827779999999999,1.5166473867595818,0.2772365381789245
"Churned, MedSal",Prod=1,0.0504,0.5084,0.0343,0.6805555555555555,1.3386222571903137,0.00867664,1.5389217391304344,0.2663892852844592
"Retained, VeryHighSal, Zero",France,0.0745,0.5014,0.05,0.6711409395973155,1.338533984039321,0.01264570000000001,1.5161510204081636,0.2732728254997301
"Poor, Retained, Zero",France,0.0754,0.5014,0.0506,0.6710875331564987,1.3384274693986813,0.012794440000000004,1.5159048387096778,0.2734745246101509
"HasCard, Middle, Zero",France,0.0544,0.5014,0.0365,0.6709558823529411,1.3381649029775453,0.00922384,1.5152983240223463,0.267246134946573
"Churned, Germany, Prod=1",Inactive,0.0578,0.4849,0.0375,0.6487889273356402,1.3379850017233248,0.00947278,1.4666394088669954,0.2681038703743013
"HighSal, Prod=2, Zero",France,0.0647,0.5014,0.0434,0.670788253477589,1.3378305813274611,0.010959420000000004,1.5145267605633808,0.2699895201076469
"Adult, Inactive, Prod=1",High,0.1099,0.383,0.0563,0.5122838944494996,1.3375558601814612,0.0142083,1.2650802238805972,0.283527326344676
"HasCard, Retained, Zero",France,0.224,0.5014,0.1502,0.6705357142857142,1.337326913214428,0.0378864,1.5133658536585364,0.32505113456971463
"MedSal, Retained, Zero",France,0.0795,0.5014,0.0533,0.670440251572327,1.3371365208861727,0.013438700000000005,1.5129274809160305,0.2739089714884949
"Prod=1, Retained, Zero",France,0.0567,0.5014,0.038,0.6701940035273368,1.3366453999348562,0.009570620000000002,1.5117978609625669,0.2669971600261122
"Adult, NoCard, Prod=1",High,0.0641,0.383,0.0328,0.5117004680187207,1.3360325535736832,0.008249700000000002,1.2635686900958465,0.2687415791243072
"Churned, HighSal",Prod=1,0.0517,0.5084,0.0351,0.678916827852998,1.3353989532907122,0.008815719999999999,1.531067469879518,0.2648530148266518
"Churned, Middle",Inactive,0.0788,0.4849,0.051,0.6472081218274112,1.3347249367445064,0.012789879999999997,1.4600676258992806,0.2722339999829718
"Churned, VeryHighSal",Inactive,0.0527,0.4849,0.0341,0.6470588235294118,1.3344170417187293,0.008545770000000001,1.4594500000000001,0.2645509246374865
"High, Inactive, NoCard",Prod=1,0.0547,0.5084,0.0371,0.6782449725776966,1.334077444094604,0.009290520000000003,1.527870454545455,0.2649088425272087
"Prod=2, Zero",France,0.26,0.5014,0.1739,0.6688461538461539,1.3339572274554325,0.04353600000000002,1.5056445993031362,0.33831185987597734
"LowSal, Retained, Zero",France,0.0797,0.5014,0.0533,0.6687578419071519,1.3337810967434225,0.013338420000000004,1.5052431818181824,0.2719241360034527
"Active, Adult, Zero",France,0.0803,0.5014,0.0537,0.6687422166874222,1.333749933560874,0.013437580000000005,1.505172180451128,0.27208248823750125
"Active, Retained, Zero",France,0.1693,0.5014,0.1132,0.6686355581807442,1.3335372121674196,0.02831298,1.5046877005347592,0.30108903853491525
"Active, HasCard, Medium",Prod=1,0.0531,0.5084,0.036,0.6779661016949152,1.3335289175745777,0.009003959999999998,1.5265473684210527,0.26413560038018796
"Fair, Retained, Zero",France,0.1026,0.5014,0.0686,0.6686159844054581,1.3334981739239293,0.017156360000000002,1.5045988235294119,0.2786858829621824
Zero,France,0.3617,0.5014,0.2418,0.6685098147636162,1.333286427530148,0.06044362,1.5041169307756461,0.39162402405998054
"Adult, Retained, Zero",France,0.1513,0.5014,0.1011,0.6682088565763384,1.3326861918155932,0.025238180000000013,1.5027525896414347,0.29413904339877717
"Churned, HasCard, High",Inactive,0.0712,0.4849,0.046,0.6460674157303371,1.3323724803677812,0.011475119999999998,1.4553619047619049,0.26858218177732834
"Adult, Prod=2, Zero",France,0.1238,0.5014,0.0827,0.6680129240710824,1.3322954209634672,0.02062668,1.501865693430657,0.284656150956353
"Prod=1, VeryHighSal",High,0.1221,0.383,0.0623,0.5102375102375103,1.3322128204634733,0.0155357,1.259794314381271,0.2840519209254099
"Active, Good, High",Prod=1,0.0474,0.5084,0.0321,0.6772151898734177,1.3320519076975172,0.00800184,1.5229960784313723,0.26168224299065423
"Prod=2, Retained, Zero",France,0.2514,0.5014,0.1679,0.667859984089101,1.3319903950720005,0.04184804,1.5011741317365268,0.3329466145023222
"Fair, Inactive, Zero",France,0.0575,0.5014,0.0384,0.6678260869565217,1.3319227901007613,0.009569499999999998,1.501020942408377,0.26440926171529616
"Retained, Zero",France,0.3117,0.5014,0.2081,0.6676291305742702,1.331529977212346,0.05181362000000003,1.5001314671814676,0.36173796069584296
"HighSal, Zero",France,0.0908,0.5014,0.0606,0.6674008810572687,1.3310747528066789,0.015072880000000004,1.4991019867549669,0.27356730393672896
"Churned, Fair",Prod=1,0.0683,0.5084,0.0462,0.6764275256222547,1.3305026074395254,0.011476279999999998,1.5192886877828053,0.26661406998425347
"Churned, Zero",Prod=1,0.05,0.5084,0.0338,0.6759999999999999,1.3296616837136113,0.008379999999999999,1.5172839506172837,0.2609778885082529
"Good, Prod=2, Zero",France,0.0648,0.5014,0.0432,0.6666666666666667,1.3296104241457256,0.010709280000000009,1.4958000000000005,0.2650769888793843
"Adult, Zero",France,0.1647,0.5014,0.1098,0.6666666666666666,1.3296104241457254,0.027219419999999994,1.4958,0.29677960014366095
"Inactive, Retained, Zero",France,0.1424,0.5014,0.0949,0.6664325842696629,1.3291435665529776,0.023500640000000003,1.4947503157894737,0.2887544626708397
"Fair, Zero",France,0.1198,0.5014,0.0798,0.6661101836393989,1.3285005656948523,0.019732279999999998,1.4933069999999997,0.2809266975664565
"HasCard, Prod=1, VeryHighSal",High,0.0853,0.383,0.0434,0.5087924970691676,1.328439940128375,0.0107301,1.25608830548926,0.27029334993871224
"High, Inactive, VeryHighSal",Prod=1,0.0468,0.5084,0.0316,0.6752136752136753,1.328115018122886,0.007806880000000006,1.5136105263157897,0.25918292546890703
"LowSal, Prod=2, Zero",France,0.0673,0.5014,0.0448,0.6656760772659732,1.32763477715591,0.011055780000000001,1.491368,0.2645875453751781
"High, Inactive",Prod=1,0.1872,0.5084,0.1262,0.6741452991452992,1.3260135703094005,0.031027520000000017,1.5086478688524594,0.3024851192333131
"Fair, HasCard, Zero",France,0.0871,0.5014,0.0579,0.6647531572904708,1.3257940911257895,0.014228060000000008,1.4872623287671238,0.26918069936362166
"Adult, Inactive, Zero",France,0.0844,0.5014,0.0561,0.664691943127962,1.3256720046429238,0.013781839999999997,1.4869908127208478,0.2683110497465597
"HasCard, High, LowSal",Prod=1,0.0653,0.5084,0.044,0.6738131699846861,1.3253602871453307,0.010801480000000002,1.5071117370892022,0.2626384741822851
"Active, Fair, Zero",France,0.0623,0.5014,0.0414,0.6645264847512038,1.325342011869174,0.01016278,1.4862574162679425,0.26178711504508667
"High, NoCard",Prod=1,0.1131,0.5084,0.0762,0.6737400530503979,1.32521646941463,0.01869996,1.5067739837398375,0.2767012055616173
"High, HighSal, Inactive",Prod=1,0.0475,0.5084,0.032,0.6736842105263158,1.3251066296741068,0.007851000000000004,1.5065161290322582,0.25757874015748045
"Inactive, Prod=2, Zero",France,0.1215,0.5014,0.0807,0.6641975308641975,1.3246859410933338,0.019779900000000003,1.4848014705882353,0.2790029473185326
"High, Youth",Prod=1,0.0704,0.5084,0.0474,0.6732954545454545,1.3243419640941276,0.011608639999999996,1.5047234782608694,0.2634552677255132
"HasCard, Inactive, Zero",France,0.125,0.5014,0.083,0.664,1.3242919824491426,0.02032500000000001,1.4839285714285717,0.27986230636833054
"Inactive, Zero",France,0.1744,0.5014,0.1158,0.6639908256880734,1.3242736850579846,0.028355840000000007,1.4838880546075088,0.2965953059940288
"Inactive, NoCard, Zero",France,0.0494,0.5014,0.0328,0.6639676113360324,1.3242273859912894,0.008030840000000004,1.483785542168675,0.2575664663652739
"Adult, HasCard, Zero",France,0.1196,0.5014,0.0794,0.6638795986622074,1.3240518521384272,0.01943256,1.4833970149253732,0.2779901968077254
"Active, Good, Prod=1",High,0.0633,0.383,0.0321,0.5071090047393365,1.3240443987972232,0.007856099999999998,1.251798076923077,0.2612771621191516
"Poor, Prod=1",High,0.1263,0.383,0.064,0.5067300079176564,1.3230548509599385,0.015627100000000005,1.2508362760834673,0.2794705705619779
"Active, High, Poor",Prod=1,0.0455,0.5084,0.0306,0.6725274725274725,1.3228313779061223,0.0074678,1.501194630872483,0.2556791531000387
"Active, Prod=1, VeryHighSal",High,0.0606,0.383,0.0307,0.5066006600660066,1.3227171281096777,0.007490200000000002,1.2505083612040133,0.25971945499899796
"HasCard, High, Inactive",Prod=1,0.1325,0.5084,0.0891,0.6724528301886792,1.3226845597731691,0.021737000000000006,1.500852534562212,0.28122402377925926
"Fair, Inactive, Prod=1",High,0.0839,0.383,0.0425,0.5065554231227652,1.3225990159863321,0.010366300000000002,1.2503937198067634,0.2662514367170294
"MedSal, Prod=2, Zero",France,0.064,0.5014,0.0424,0.6625,1.3213003589948147,0.010310400000000004,1.4773333333333334,0.25979680696661844
"NoCard, Prod=1",High,0.1506,0.383,0.0762,0.5059760956175299,1.3210864115340206,0.0185202,1.2489274193548388,0.28613991534552413
"LowSal, Zero",France,0.0915,0.5014,0.0606,0.6622950819672131,1.3208916672660813,0.014721900000000003,1.4764368932038836,0.26740301988371656
"Fair, High, Inactive",Prod=1,0.0633,0.5084,0.0425,0.6714060031595578,1.3206254979534968,0.010318280000000006,1.4960711538461544,0.2591897713499835
"Churned, Zero",Inactive,0.05,0.4849,0.032,0.64,1.3198597648999795,0.007754999999999998,1.4308333333333334,0.2550986842105262
"NoCard, Zero",France,0.1025,0.5014,0.0678,0.6614634146341464,1.3192329769328808,0.016406500000000004,1.4728097982708936,0.2696198059177822
"Adult, Prod=1, Retained",High,0.1811,0.383,0.0915,0.5052457205963555,1.3191794271445314,0.022138699999999997,1.2470837053571426,0.2954609909201134
Churned,Inactive,0.2037,0.4849,0.1302,0.6391752577319588,1.3181589146874795,0.03142587000000001,1.4275628571428574,0.30310954292635706
"MedSal, Prod=1, Retained",High,0.0951,0.383,0.048,0.5047318611987381,1.3178377576990552,0.011576700000000002,1.2457898089171973,0.26652806939993373
"Churned, Good",Prod=1,0.0451,0.5084,0.0302,0.6696230598669624,1.3171185284558662,0.007271160000000002,1.487997315436242,0.25213832591603164
"NoCard, Prod=2, Zero",France,0.0742,0.5014,0.049,0.660377358490566,1.3170669295783128,0.011796120000000007,1.4681,0.26003147856679953
"Middle, Zero",France,0.0786,0.5014,0.0519,0.6603053435114504,1.3169233017779227,0.012489960000000001,1.467788764044944,0.2611833462775294
"Active, High, NoCard",Prod=1,0.0584,0.5084,0.0391,0.6695205479452055,1.3169168921030794,0.009409440000000005,1.487535751295337,0.2555762950150694
"HighSal, Retained, Zero",France,0.078,0.5014,0.0515,0.6602564102564102,1.3168257085289397,0.0123908,1.467577358490566,0.2609523408377735
"NoCard, Retained, Zero",France,0.0877,0.5014,0.0579,0.6602052451539339,1.316723664048532,0.013927220000000004,1.4673563758389263,0.2636623978151599
"Inactive, Prod=1, Retained",High,0.1597,0.383,0.0805,0.504070131496556,1.316110003907457,0.019334899999999995,1.244127525252525,0.28583255166928695
"HasCard, HighSal, Zero",France,0.0638,0.5014,0.0421,0.6598746081504703,1.3160642364389117,0.010110680000000004,1.4659299539170512,0.2565249624372242
"Churned, HasCard, Prod=1",High,0.0991,0.383,0.0499,0.5035317860746721,1.314704402283739,0.011944700000000003,1.2427784552845529,0.2657040131990032
"Active, NoCard, Zero",France,0.0531,0.5014,0.035,0.6591337099811676,1.3145865775452088,0.008375660000000004,1.46274364640884,0.25272422793174726
"Fair, HasCard, Prod=1",High,0.1206,0.383,0.0607,0.5033167495854063,1.3141429493091548,0.014510199999999994,1.2422404006677796,0.2718305389439182
"Middle, Prod=2, Zero",France,0.051,0.5014,0.0336,0.6588235294117647,1.3139679485675404,0.0080286,1.4614137931034483,0.2517875959656782
"Adult, Prod=1",High,0.2178,0.383,0.1096,0.5032139577594124,1.3138745633405022,0.0261826,1.2419833641404807,0.30541081023577515
"Good, Zero",France,0.0896,0.5014,0.059,0.6584821428571428,1.3132870818850078,0.01407456,1.4599529411764705,0.26202972803908137
"Churned, Germany",Inactive,0.0814,0.4849,0.0518,0.6363636363636364,1.3123605616903204,0.012329140000000002,1.416525,0.25910547105844306
"HasCard, High, MedSal",Prod=1,0.0691,0.5084,0.0461,0.6671490593342982,1.3122522803585726,0.01096956000000001,1.4769373913043484,0.2556143624216438
"Churned, Germany, High",Inactive,0.0646,0.4849,0.0411,0.6362229102167182,1.3120703448478412,0.009775459999999993,1.4159770212765954,0.25427169349204326
"Good, Retained, Zero",France,0.078,0.5014,0.0513,0.6576923076923077,1.3117118222822253,0.012190800000000002,1.4565842696629214,0.2577412439268816
"Churned, High",Inactive,0.0987,0.4849,0.0627,0.635258358662614,1.3100811686174758,0.014840370000000006,1.4122325000000002,0.26260791828071844
"Middle, Retained, Zero",France,0.0593,0.5014,0.0389,0.6559865092748735,1.3083097512462576,0.009166980000000002,1.449361764705882,0.2505102719820033
"Active, LowSal, Zero",France,0.0468,0.5014,0.0307,0.655982905982906,1.3083025647844158,0.0072344800000000015,1.4493465838509318,0.2472207452079811
"HighSal, Prod=1, Retained",High,0.0954,0.383,0.0478,0.5010482180293502,1.3082198904160578,0.011261800000000002,1.23659243697479,0.2604493814506424
"High, Retained, Youth",Prod=1,0.0627,0.5084,0.0417,0.6650717703349281,1.3081663460561137,0.009823320000000003,1.4677771428571427,0.25132958820183804
"Adult, High, Inactive",Prod=1,0.0847,0.5084,0.0563,0.6646989374262102,1.3074330004449455,0.01323852000000001,1.4661450704225356,0.2569020552327428
"Inactive, Prod=1",High,0.2521,0.383,0.1262,0.50059500198334,1.3070365587032375,0.02964570000000001,1.2354702144559173,0.3140934076587187
"Prod=1, Retained",High,0.3675,0.383,0.1839,0.5004081632653061,1.3065487291522353,0.043147500000000005,1.2350081699346405,0.3709482942052628
"Fair, HasCard, High",Prod=1,0.0914,0.5084,0.0607,0.6641137855579868,1.3062820329622087,0.01423224,1.4635908794788273,0.2580547367077398
"Adult, High, NoCard",Prod=1,0.0494,0.5084,0.0328,0.6639676113360324,1.3059945148230379,0.007685040000000004,1.4629542168674703,0.24647590995160962
"Good, HasCard, Zero",France,0.0646,0.5014,0.0423,0.654798761609907,1.3059408887313664,0.009909559999999998,1.4443748878923763,0.250447464100515
"HasCard, LowSal, Zero",France,0.0672,0.5014,0.044,0.6547619047619048,1.3058673808574088,0.010305920000000003,1.4442206896551726,0.25109932948697966
"MedSal, Prod=1",High,0.1294,0.383,0.0647,0.5,1.3054830287206267,0.015139799999999995,1.234,0.26878015161957264
"Churned, HasCard",High,0.1424,0.383,0.0712,0.5,1.3054830287206267,0.016660799999999996,1.234,0.2728544776119402
"HasCard, MedSal, Prod=1",High,0.0922,0.383,0.0461,0.5,1.3054830287206267,0.010787400000000003,1.234,0.2577660277594184
"Churned, France",Inactive,0.081,0.4849,0.0512,0.6320987654320988,1.3035651999012141,0.011923099999999999,1.4001040268456375,0.25339830998367785
High,Prod=1,0.383,0.5084,0.2537,0.6624020887728459,1.302915202149579,0.0589828,1.4561701469450887,0.3768076870740912
"High, MedSal",Prod=1,0.0978,0.5084,0.0647,0.6615541922290388,1.3012474276731685,0.014978479999999995,1.4525220543806645,0.2566023565270811
"High, Middle",Prod=1,0.091,0.5084,0.0602,0.6615384615384615,1.3012164861102706,0.0139356,1.4524545454545454,0.25466267556988254
"Good, High",Prod=1,0.0888,0.5084,0.0587,0.661036036036036,1.300228237679064,0.013554080000000003,1.450301661129568,0.2534067811059943
"Active, Churned",Prod=1,0.0735,0.5084,0.0485,0.6598639455782314,1.2979227883128077,0.011132600000000006,1.4453040000000004,0.24774759236902
"Good, High, Retained",Prod=1,0.0679,0.5084,0.0448,0.6597938144329897,1.297784843495259,0.01027964,1.4450060606060606,0.2461712799055895
"Active, Medium",Prod=1,0.0795,0.5084,0.0524,0.6591194968553459,1.2964584910608692,0.011982200000000005,1.4421476014760146,0.24841709824149683
"Churned, HighSal",Inactive,0.0517,0.4849,0.0325,0.6286266924564797,1.2964048101804078,0.00743067,1.3870140625000003,0.24110091743119264
"HasCard, High, Poor",Prod=1,0.0654,0.5084,0.0431,0.6590214067278287,1.2962655521790496,0.00985064,1.441732735426009,0.24454647148574798
"Churned, LowSal",Inactive,0.0489,0.4849,0.0307,0.6278118609406953,1.2947243987228199,0.006988390000000001,1.3839774725274725,0.2393385063822894
"High, Poor, Retained",Prod=1,0.067,0.5084,0.0441,0.6582089552238806,1.2946674965064529,0.010037200000000003,1.4383056768558953,0.2439452379737176
"Inactive, Zero","France, Retained",0.1744,0.4204,0.0949,0.544151376146789,1.2943657853158634,0.021582240000000003,1.271474716981132,0.27546131791114276
"Fair, High",Prod=1,0.1275,0.5084,0.0839,0.6580392156862745,1.294333626448219,0.019079000000000013,1.4375917431192664,0.2606322849892936
"Active, Medium, Retained",Prod=1,0.0687,0.5084,0.0452,0.6579330422125181,1.2941247879868572,0.010272919999999998,1.4371455319148936,0.24404272645811495
"High, NoCard, Retained",Prod=1,0.0856,0.5084,0.0563,0.6577102803738318,1.2936866254402672,0.012780960000000008,1.4362102389078502,0.248266924005725
"Adult, Fair, High",Prod=1,0.0558,0.5084,0.0367,0.6577060931899642,1.2936783894373804,0.008331280000000003,1.4361926701570684,0.24042613241202426
"HasCard, High",Prod=1,0.2699,0.5084,0.1775,0.6576509818451278,1.2935699878936426,0.040282840000000014,1.435961471861472,0.31084177162688514
"High, LowSal, Retained",Prod=1,0.0662,0.5084,0.0435,0.6570996978851964,1.2924856370676563,0.009843919999999999,1.4336528634361236,0.24233991378694889
"Inactive, MedSal, Retained",Adult,0.0896,0.4451,0.0514,0.5736607142857143,1.2888355746702187,0.011519040000000001,1.3015455497382198,0.24616194702974023
"HasCard, Medium",Prod=1,0.1029,0.5084,0.0674,0.6550048590864918,1.2883651830969547,0.015085640000000004,1.424947605633803,0.24949565480858704
"HasCard, High, Middle",Prod=1,0.0636,0.5084,0.0416,0.6540880503144654,1.2865618613581145,0.009265759999999998,1.421170909090909,0.237862681957086
"Active, Churned, HasCard",Prod=1,0.0482,0.5084,0.0315,0.6535269709543569,1.28545824341927,0.0069951200000000005,1.4188694610778445,0.23331298758909602
"High, HighSal",Prod=1,0.0979,0.5084,0.0639,0.6527068437180796,1.2838450899254124,0.014127640000000004,1.4155188235294116,0.24508350277799038
"HasCard, High, VeryHighSal",Prod=1,0.0665,0.5084,0.0434,0.6526315789473685,1.2836970474967908,0.0095914,1.4152121212121214,0.23674343867166578
"High, MedSal, Retained",Prod=1,0.0736,0.5084,0.048,0.6521739130434783,1.2827968391885884,0.010581760000000003,1.41335,0.23796776050662066
"High, VeryHighSal",Prod=1,0.0956,0.5084,0.0623,0.651673640167364,1.2818128248767977,0.013696960000000001,1.41132012012012,0.24309475416423226
"Active, High",Prod=1,0.1958,0.5084,0.1275,0.6511746680286006,1.280831369057043,0.027955280000000013,1.409301317715959,0.27264001248348146
"Adult, Churned",Inactive,0.0538,0.4849,0.0334,0.620817843866171,1.280300771017057,0.00731238,1.35845,0.23138187796885623
"Inactive, VeryHigh",Prod=1,0.0484,0.5084,0.0315,0.6508264462809917,1.2801464324960499,0.006893440000000004,1.4078958579881657,0.2299699086584334
"Good, HasCard, High",Prod=1,0.0627,0.5084,0.0408,0.6507177033492823,1.2799325400261257,0.008923320000000005,1.4074575342465752,0.23333919079207496
"Churned, Fair",Inactive,0.0683,0.4849,0.0423,0.6193265007320644,1.2772252025821085,0.009181329999999994,1.353128076923077,0.23296417159613914
"High, HighSal, Retained",Prod=1,0.0737,0.5084,0.0478,0.6485753052917232,1.2757185391261276,0.010330920000000007,1.3988772200772204,0.23332401324927507
"Active, High, Retained",Prod=1,0.1598,0.5084,0.1034,0.6470588235294118,1.272735687508678,0.022157680000000013,1.392866666666667,0.25504749951310307
"HasCard, Medium, Retained",Prod=1,0.0833,0.5084,0.0539,0.6470588235294118,1.272735687508678,0.01155028000000001,1.392866666666667,0.2337634003391614
"High, Retained",Prod=1,0.2843,0.5084,0.1839,0.646851916989096,1.272328711622927,0.039361880000000016,1.392050597609562,0.2990632761379343
"High, Inactive, Retained",Prod=1,0.1245,0.5084,0.0805,0.6465863453815262,1.2718063441808147,0.017204200000000003,1.3910045454545457,0.24410824692899538
"Adult, High",Prod=1,0.1697,0.5084,0.1096,0.6458456098998233,1.2703493507077563,0.023324520000000015,1.388095174708819,0.25631092798223504
"Active, Fair, High",Prod=1,0.0642,0.5084,0.0414,0.6448598130841122,1.268410332580866,0.008760720000000007,1.3842421052631584,0.22612908121703218
Medium,Prod=1,0.1509,0.5084,0.0973,0.6447978793903246,1.2682885117827,0.020582439999999994,1.3840007462686565,0.24912951177493653
"Active, HasCard, High",Prod=1,0.1374,0.5084,0.0884,0.6433770014556042,1.2654937086066174,0.018545840000000008,1.3784865306122454,0.24321188283763817
"Prod=2, Youth","France, Retained",0.1025,0.4204,0.0545,0.5317073170731708,1.2647652642083034,0.011409000000000002,1.2376875,0.23324729753903561
"HasCard, High, Retained",Prod=1,0.1987,0.5084,0.1276,0.642174131857071,1.263127718050887,0.026580920000000008,1.3738526019690578,0.2599705728974117
"Inactive, Retained, Spain",Prod=2,0.0893,0.459,0.0517,0.5789473684210527,1.2613232427473913,0.0107113,1.284875,0.2274973297263843
"Fair, High, Retained",Prod=1,0.095,0.5084,0.0609,0.6410526315789474,1.2609217772992674,0.012602000000000009,1.369560117302053,0.22865126237197123
"High, VeryGood",Prod=1,0.0478,0.5084,0.0306,0.6401673640167364,1.2591804957056183,0.006298479999999999,1.3661906976744185,0.2161653851486684
VeryHigh,Prod=1,0.0969,0.5084,0.062,0.6398348813209495,1.2585265171537166,0.012736040000000004,1.364929512893983,0.22746096777765482
"Adult, Medium",Prod=1,0.0655,0.5084,0.0419,0.6396946564885496,1.25825070119699,0.008599799999999998,1.364398305084746,0.2196316997207292
"Active, High, MedSal",Prod=1,0.0488,0.5084,0.0312,0.6393442622950819,1.2575614915324191,0.006390079999999999,1.3630727272727272,0.21531776325720814
"Adult, High, Retained",Prod=1,0.1433,0.5084,0.0915,0.6385205861828331,1.2559413575586806,0.01864628,1.359966795366795,0.23787146127502853
"Adult, HasCard, High",Prod=1,0.1203,0.5084,0.0768,0.6384039900249375,1.2557120181450385,0.015639479999999997,1.3595282758620686,0.23148694157099006
"HasCard, High, HighSal",Prod=1,0.069,0.5084,0.044,0.6376811594202898,1.2542902427621752,0.008920399999999995,1.3568159999999998,0.21776193731080937
"HasCard, VeryHigh",Prod=1,0.0676,0.5084,0.0431,0.6375739644970415,1.2540793951554712,0.008732160000000003,1.3564146938775514,0.2172912056902777
"Fair, Medium",Prod=1,0.0521,0.5084,0.0332,0.6372360844529751,1.2534148002615562,0.0067123600000000005,1.355151322751323,0.2132920329911269
"Medium, Retained",Prod=1,0.1209,0.5084,0.0769,0.6360628618693135,1.2511071240545113,0.01543444,1.3507827272727273,0.2283106954609418
"Adult, Medium, Retained",Prod=1,0.0582,0.5084,0.0369,0.634020618556701,1.2470901230462255,0.007311120000000004,1.3432450704225352,0.21037729171090833
"Inactive, Retained, Youth",Prod=2,0.0865,0.459,0.0495,0.5722543352601157,1.246741471154936,0.009796500000000007,1.2647702702702703,0.2166492511320099
"Active, High, HighSal",Prod=1,0.0504,0.5084,0.0319,0.6329365079365079,1.2449577260749567,0.00627664,1.3392778378378378,0.20720290080892007
"Inactive, NoCard, Retained",Adult,0.1041,0.4451,0.0575,0.5523535062439962,1.2409649657245476,0.011165090000000003,1.2395942060085836,0.216737892913126
"HasCard, Inactive, Medium",Prod=1,0.0498,0.5084,0.0314,0.6305220883534136,1.240208671033465,0.006081679999999999,1.3305260869565216,0.20383506254801198
"HasCard, Senior",Prod=1,0.0546,0.5084,0.0344,0.63003663003663,1.2392537962954957,0.006641360000000002,1.328780198019802,0.20421281013081707
"High, Retained, VeryHighSal",Prod=1,0.0708,0.5084,0.0446,0.6299435028248588,1.2390706192463785,0.00860528,1.3284458015267178,0.20764474575747688
"France, Youth","Prod=2, Retained",0.1038,0.4242,0.0545,0.5250481695568401,1.237737316258463,0.010468039999999998,1.2123334685598377,0.2143206074987357
"Prod=2, Youth, Zero",Retained,0.0621,0.7963,0.0612,0.9855072463768115,1.2376079949476473,0.011749769999999993,14.055299999999937,0.20470168022428067
"Active, High, VeryHighSal",Prod=1,0.0488,0.5084,0.0307,0.6290983606557377,1.237408262501451,0.005890080000000002,1.3254187845303866,0.2017023584815204
"Active, VeryHigh",Prod=1,0.0485,0.5084,0.0305,0.6288659793814433,1.236951178956419,0.0058426,1.324588888888889,0.201324914070105
"Inactive, Medium",Prod=1,0.0714,0.5084,0.0449,0.6288515406162465,1.2369227785528059,0.008600240000000002,1.3245373584905662,0.20626975397501907
"Retained, VeryHigh",Prod=1,0.0745,0.5084,0.0468,0.6281879194630873,1.2356174655056793,0.008924200000000007,1.3221732851985561,0.20603785433607166
Senior,Prod=1,0.0797,0.5084,0.05,0.6273525721455459,1.2339743747945435,0.009480520000000006,1.319209427609428,0.20603107682277533
"Active, Adult, High",Prod=1,0.085,0.5084,0.0533,0.6270588235294117,1.2333965844402277,0.010085999999999998,1.3181703470031543,0.20680958385876413
"France, Prod=2, Youth",Retained,0.0556,0.7963,0.0545,0.9802158273381295,1.2309629879921256,0.01022572,10.296109090909097,0.19867417398163584
"High, Inactive, Retained",Adult,0.1245,0.4451,0.0682,0.5477911646586345,1.2307148161281387,0.01278505,1.2270879218472468,0.21412230296554463
"Adult, Prod=2, Zero",Retained,0.1238,0.7963,0.1213,0.9798061389337642,1.230448497970318,0.022718060000000012,10.087224000000045,0.21375052618921597
"Inactive, Prod=1, Retained",Adult,0.1597,0.4451,0.0874,0.5472761427676894,1.2295577235850133,0.016317529999999997,1.2256919778699862,0.22218187304250875
"Prod=2, Zero","HasCard, Retained",0.26,0.5631,0.1799,0.6919230769230769,1.228774776990014,0.033493999999999996,1.4181523096129833,0.2515962321409792
"NoCard, Retained, VeryHighSal",Prod=2,0.0564,0.459,0.0318,0.5638297872340426,1.2283873360218793,0.005912400000000002,1.2403414634146341,0.19703743991297884
"Active, Prod=2, Zero",Retained,0.1385,0.7963,0.1354,0.9776173285198555,1.2276997720957623,0.02511244999999998,9.100790322580606,0.21528567791226685
"HasCard, Prod=2, Youth",Retained,0.0719,0.7963,0.0702,0.976356050069541,1.2261158483857102,0.01294602999999999,8.615311764705856,0.198703137341215
"MedSal, Prod=2, Zero",Retained,0.064,0.7963,0.0624,0.975,1.2244129097073966,0.011436799999999997,8.147999999999993,0.19581415735261884
"Active, Prod=2, Youth",Retained,0.0515,0.7963,0.0502,0.9747572815533981,1.2241081019130957,0.009190550000000006,8.069653846153871,0.1930191726504631
"High, Middle, Retained",Prod=1,0.0532,0.5084,0.0331,0.6221804511278195,1.2238010447046017,0.006053120000000002,1.3011502487562188,0.19314925645551823
"Fair, Prod=2, Youth",Retained,0.0344,0.7963,0.0335,0.9738372093023256,1.222952667716094,0.006107280000000003,7.785866666666686,0.18880164216201517
"France, Inactive, Retained",Adult,0.1911,0.4451,0.104,0.54421768707483,1.2226863335763423,0.018941390000000002,1.2174671641791044,0.22515607615280014
"Fair, Youth","Prod=2, Retained",0.0646,0.4242,0.0335,0.5185758513931888,1.2224796119594268,0.00609668,1.1960347266881028,0.19455895634081039
"Prod=2, Youth",Retained,0.1025,0.7963,0.0997,0.9726829268292683,1.2215031104222884,0.018079250000000005,7.456874999999993,0.20204625017112626
"Inactive, Poor, Retained",Adult,0.0864,0.4451,0.0469,0.542824074074074,1.2195553225658817,0.008443359999999997,1.2137559493670882,0.19705450729838417
"France, Retained, VeryHighSal",Prod=2,0.1008,0.459,0.0564,0.5595238095238095,1.2190061209669052,0.010132799999999997,1.228216216216216,0.19979934883016578
"Inactive, Prod=2, Youth",Retained,0.051,0.7963,0.0495,0.9705882352941178,1.2188725797992186,0.008888700000000006,6.925800000000025,0.18921991250758385
"Fair, Retained, Youth",Prod=2,0.0599,0.459,0.0335,0.5592654424040067,1.2184432296383587,0.0060059000000000015,1.2274962121212118,0.19070375174441592
"Prod=2, Spain, Zero",Retained,0.0861,0.7963,0.0835,0.969802555168409,1.2178859163235074,0.014938570000000012,6.745603846153877,0.19575996273128338
"Inactive, Retained, Spain",Adult,0.0893,0.4451,0.0484,0.541993281075028,1.217688791451422,0.008652569999999998,1.2115542787286062,0.19630186388274568
"Adult, Prod=2","HasCard, Retained",0.2182,0.5631,0.1496,0.6856095325389551,1.2175626576788403,0.026731580000000005,1.3896731778425653,0.2285584958884133
"Inactive, Retained, VeryHighSal",Prod=2,0.087,0.459,0.0486,0.5586206896551724,1.2170385395537524,0.008667000000000001,1.225703125,0.19532676159182188
"Active, Adult, Prod=2",Retained,0.1094,0.7963,0.106,0.9689213893967094,1.2167793411989318,0.018884780000000004,6.554347058823535,0.20004300683448514
"Prod=2, Youth","HasCard, Retained",0.1025,0.5631,0.0702,0.6848780487804879,1.2162636277401666,0.01248225,1.3864473684210528,0.19811680118086808
"HasCard, Prod=2, Zero",Retained,0.1858,0.7963,0.1799,0.9682454251883746,1.2159304598623315,0.03194746000000001,6.414823728813568,0.21810924462114864
"Poor, Prod=2, Zero",Retained,0.0613,0.7963,0.0593,0.967373572593801,1.214835580301144,0.01048681,6.243404999999997,0.18839175344036305
"Prod=2, VeryHighSal, Zero",Retained,0.064,0.7963,0.0619,0.9671875,1.214601908828331,0.010936799999999997,6.207999999999996,0.18876599975146013
"Prod=2, Zero",Retained,0.26,0.7963,0.2514,0.9669230769230769,1.2142698441831934,0.04436200000000001,6.158372093023249,0.2384592229460965
"Inactive, LowSal, Retained",Prod=2,0.0874,0.459,0.0487,0.55720823798627,1.213961302802331,0.008583399999999998,1.2217932816537465,0.19313008256303152
"Active, Youth, Zero",Retained,0.0383,0.7963,0.037,0.9660574412532636,1.2131827718865549,0.006501709999999997,6.001315384615374,0.1827200705957074
"Youth, Zero","HasCard, Retained",0.077,0.5631,0.0526,0.6831168831168831,1.2131360026938076,0.009241300000000001,1.3787418032786884,0.19034681914240636
"HighSal, Prod=2, Zero",Retained,0.0647,0.7963,0.0625,0.9659969088098919,1.2131067547530978,0.010979390000000006,5.990631818181828,0.18782234577141033
"Inactive, Youth","Prod=2, Retained",0.0962,0.4242,0.0495,0.5145530145530146,1.2129962625012132,0.008691960000000006,1.1861233404710922,0.1942854077397119
"HasCard, Retained, VeryHigh",Prod=1,0.0532,0.5084,0.0328,0.6165413533834587,1.212709192335678,0.005753120000000007,1.2820156862745102,0.18525559780312653
"France, Prod=2, Zero",Retained,0.1739,0.7963,0.1679,0.9654974123059229,1.212479482991238,0.02942343,5.903904999999992,0.21213385311363864
"Fair, Prod=2, Zero",Retained,0.0865,0.7963,0.0835,0.9653179190751446,1.2122540739358842,0.01462005000000001,5.873350000000022,0.19166986224595156
"Churned, NoCard",Inactive,0.0613,0.4849,0.036,0.5872756933115824,1.2111274351651524,0.006275629999999997,1.2480486166007905,0.18570688777623895
"Adult, Prod=2, Spain",Retained,0.056,0.7963,0.054,0.9642857142857143,1.2109578227875353,0.009407199999999998,5.7036000000000024,0.18454174513496543
"NoCard, Prod=2, Zero",Retained,0.0742,0.7963,0.0715,0.9636118598382748,1.2101115909057827,0.012414539999999995,5.597977777777757,0.18754583070850075
"Good, Prod=2, Zero",Retained,0.0648,0.7963,0.0624,0.962962962962963,1.209296700945577,0.010799759999999999,5.499900000000008,0.1850653089425544
"HasCard, Middle, Prod=1",Inactive,0.0872,0.4849,0.0511,0.5860091743119266,1.2085155172446413,0.00881672,1.2442304709141272,0.1890212005467789
"Active, France, Youth",Retained,0.0528,0.7963,0.0508,0.962121212121212,1.2082396234097852,0.008755359999999997,5.377679999999989,0.18195693232602675
"France, Youth, Zero",Retained,0.0525,0.7963,0.0505,0.961904761904762,1.2079678034720105,0.008694250000000008,5.347125000000019,0.18170276130515442
"Adult, HighSal, Prod=2",Retained,0.055,0.7963,0.0529,0.9618181818181819,1.2078590754969005,0.0091035,5.335000000000012,0.18210459987397606
"Good, Inactive, Retained",Prod=2,0.0839,0.459,0.0465,0.5542312276519666,1.2074754415075526,0.007989899999999994,1.213633689839572,0.1875622819032996
"Fair, Retained, VeryHighSal",Prod=2,0.0641,0.459,0.0355,0.5538221528861154,1.2065842110808613,0.0060780999999999925,1.2125209790209786,0.18294057538950964
"Adult, France, Prod=2",Retained,0.114,0.7963,0.1095,0.9605263157894737,1.2062367396577591,0.018721799999999997,5.160399999999998,0.19297442716224986
"LowSal, Prod=2, Zero",Retained,0.0673,0.7963,0.0646,0.9598811292719169,1.2054265091949228,0.011009010000000007,5.077411111111129,0.18271481875748735
"Youth, Zero",Retained,0.077,0.7963,0.0739,0.9597402597402597,1.2052496040942606,0.012584899999999996,5.059645161290314,0.18450308387223513
"Adult, LowSal, Prod=2",Retained,0.0546,0.7963,0.0524,0.9597069597069597,1.2052077856422954,0.008922020000000003,5.0554636363636405,0.18010107600159556
"Inactive, Retained",Adult,0.3547,0.4451,0.1902,0.5362277981392726,1.2047355608610932,0.03232303,1.1964925835866258,0.2633539808920052
"Adult, Poor, Prod=2",Retained,0.0506,0.7963,0.0485,0.958498023715415,1.2036895940165955,0.008207220000000001,4.908200000000002,0.17823997359156843
"HasCard, Youth, Zero",Retained,0.0549,0.7963,0.0526,0.9581056466302369,1.2031968436898617,0.008883130000000003,4.86223043478262,0.17869093056722835
"France, Retained, Youth",Prod=2,0.0987,0.459,0.0545,0.552178318135765,1.2030028717554793,0.009196700000000002,1.2080701357466064,0.18722599466418033
"Fair, Youth","HasCard, Retained",0.0646,0.5631,0.0437,0.6764705882352942,1.2013329572638858,0.007323739999999995,1.3504181818181817,0.17916538844112248
"Active, Youth","France, Retained",0.1006,0.4204,0.0508,0.5049701789264414,1.2011659822227434,0.008507760000000003,1.1708385542168676,0.1862081282534814
"Adult, Germany, Retained",Prod=2,0.0808,0.459,0.0445,0.5507425742574258,1.1998748894497293,0.007412799999999997,1.2042093663911846,0.1812225579644243
"Inactive, Prod=2, Zero",Retained,0.1215,0.7963,0.116,0.9547325102880659,1.198960831706726,0.019249550000000004,4.499918181818191,0.18889515828312367
"Active, France, Prod=2",Retained,0.1269,0.7963,0.1211,0.954294720252167,1.1984110514280635,0.020049529999999982,4.456815517241373,0.18962520574344216
"Adult, HasCard, Prod=2",Retained,0.1568,0.7963,0.1496,0.9540816326530613,1.1981434542924292,0.02474016000000001,4.436133333333344,0.19612832195151658
"Retained, VeryHighSal",Prod=2,0.1928,0.459,0.106,0.5497925311203319,1.1978050786935335,0.017504799999999987,1.2016682027649765,0.20458327879275187
"Inactive, Retained, Zero",Adult,0.1424,0.4451,0.0759,0.5330056179775281,1.1974963333577355,0.012517760000000003,1.1882369924812028,0.1923092049633257
"Inactive, Youth, Zero",Retained,0.0387,0.7963,0.0369,0.9534883720930234,1.1973984328682952,0.006083190000000002,4.379550000000013,0.17149287169559518
"Adult, Prod=2",Retained,0.2182,0.7963,0.208,0.9532538955087075,1.1971039752715151,0.03424733999999999,4.3575823529411695,0.2106045959029458
"Adult, Fair, Prod=2",Retained,0.0727,0.7963,0.0692,0.951856946354883,1.195349675191364,0.011308989999999998,4.231139999999997,0.17623715192781075
"Inactive, Medium, Retained",Prod=1,0.0522,0.5084,0.0317,0.6072796934865899,1.1944919226722857,0.005161519999999999,1.251781463414634,0.17179149057122486
"Adult, NoCard, Prod=2",Retained,0.0614,0.7963,0.0584,0.9511400651465798,1.194449409954263,0.009507179999999997,4.169059999999998,0.17344361611143377
"Active, Prod=2","HasCard, Retained",0.2446,0.5631,0.1645,0.6725265739983647,1.194328847448703,0.026765739999999982,1.3341540574282147,0.2153953741772509
Youth,"Prod=2, Retained",0.1968,0.4242,0.0997,0.5066056910569106,1.194261412203938,0.016217439999999986,1.1670179196704427,0.2025179123026448
"France, Youth",Retained,0.1038,0.7963,0.0987,0.9508670520231213,1.1941065578589996,0.01604406,4.145894117647049,0.1813811642402335
"Adult, Good, Prod=2",Retained,0.0529,0.7963,0.0503,0.9508506616257087,1.1940859746649615,0.008175729999999992,4.1445115384615265,0.1716179535604448
"Adult, Prod=2, VeryHighSal",Retained,0.0508,0.7963,0.0483,0.9507874015748032,1.1940065321798359,0.007847960000000001,4.139184000000007,0.17117956583685162
"Active, Prod=2, Spain",Retained,0.0609,0.7963,0.0579,0.9507389162561576,1.1939456439233425,0.009405329999999996,4.135109999999996,0.17297511728515277
"Adult, Prod=2","France, Retained",0.2182,0.4204,0.1095,0.501833180568286,1.1937040451196146,0.017768720000000002,1.163465685372585,0.2075612887248838
"Retained, Youth",Prod=2,0.182,0.459,0.0997,0.5478021978021979,1.193468840527664,0.016161999999999996,1.1963791008505467,0.19817398405485398
Youth,"France, Retained",0.1968,0.4204,0.0987,0.5015243902439024,1.1929695296001483,0.01596528,1.1627449541284403,0.20138897298344613
"Fair, Inactive, Retained",Adult,0.12,0.4451,0.0637,0.5308333333333334,1.1926158915599492,0.010288000000000012,1.1827353463587922,0.18353075495932658
"Active, Youth",Retained,0.1006,0.7963,0.0955,0.9493041749502983,1.1921438841520762,0.015392219999999998,4.018082352941183,0.17920288918615898
"Active, HasCard, Youth",Retained,0.0708,0.7963,0.0672,0.9491525423728813,1.1919534627312336,0.010821959999999992,4.006099999999993,0.17331152758132945
"Adult, LowSal, Retained",Prod=2,0.0958,0.459,0.0524,0.546972860125261,1.1916620046301982,0.0084278,1.194188940092166,0.17787644090090177
"Active, Prod=2, VeryHighSal",Retained,0.0605,0.7963,0.0574,0.9487603305785124,1.1914609199780388,0.009223849999999999,3.975435483870967,0.17104231066639716
"France, HasCard, Prod=2",Retained,0.1663,0.7963,0.1577,0.9482862297053518,1.190865540255371,0.025275309999999995,3.938989534883724,0.19224497467151228
"Active, MedSal, Prod=2",Retained,0.0617,0.7963,0.0585,0.9481361426256079,1.1906770596830438,0.009368290000000001,3.927590625000006,0.1706721830989123
"Active, HasCard, Prod=2",Retained,0.1735,0.7963,0.1645,0.9481268011527378,1.1906653285856308,0.026341950000000003,3.9268833333333397,0.19374886225100538
"France, HasCard, Youth",Retained,0.0732,0.7963,0.0694,0.9480874316939891,1.1906158880999487,0.011110840000000004,3.9239052631578986,0.172743374058923
"Active, Poor, Prod=2",Retained,0.0535,0.7963,0.0507,0.9476635514018692,1.190083575790367,0.00809795,3.8921250000000027,0.16875106147323626
"Active, Germany, Retained",Prod=2,0.0952,0.459,0.052,0.5462184873949579,1.1900184910565532,0.00830319999999999,1.1922037037037034,0.17647758960756288
"HasCard, Inactive, Retained",Adult,0.2506,0.4451,0.1327,0.5295291300877893,1.1896857562071206,0.021157940000000014,1.1794566581849024,0.21275940621877065
"Prod=1, Retained, Spain",Active,0.0954,0.5151,0.0584,0.6121593291404612,1.1884281287914216,0.009259460000000004,1.2502556756756757,0.17527348801710596
"HasCard, Prod=2, VeryGood",Retained,0.0387,0.7963,0.0366,0.9457364341085271,1.1876634862596096,0.0057831900000000006,3.7539000000000007,0.16437184618506703
"France, Youth","HasCard, Retained",0.1038,0.5631,0.0694,0.6685934489402697,1.1873440755465632,0.010950219999999997,1.318320348837209,0.17605908263323783
"France, LowSal, Prod=2",Retained,0.0583,0.7963,0.0551,0.9451114922813036,1.186878679243129,0.008675710000000003,3.711159375000003,0.16720176488942368
"Germany, High, Inactive",Prod=1,0.0842,0.5084,0.0508,0.6033254156769596,1.186714035556569,0.007992720000000002,1.2393029940119762,0.17180280396813255
"HasCard, Inactive, Retained",Prod=2,0.2506,0.459,0.1365,0.5446927374301677,1.1866944170591887,0.02147460000000001,1.1882085889570553,0.20993204820266478
"Inactive, Retained",Prod=2,0.3547,0.459,0.1932,0.5446856498449394,1.1866789756970357,0.030392699999999995,1.1881900928792568,0.24378136029946104
"Inactive, NoCard, Retained",Prod=2,0.1041,0.459,0.0567,0.5446685878962536,1.1866418036955415,0.008918099999999998,1.188145569620253,0.17556168577487918
"HighSal, Inactive, Retained",Adult,0.0907,0.4451,0.0479,0.5281146637265711,1.1865078942407798,0.007529429999999997,1.175921261682243,0.1728699058924171
"LowSal, Youth","HasCard, Retained",0.0503,0.5631,0.0336,0.6679920477137177,1.1862760570302213,0.005276069999999997,1.315932335329341,0.16534262699499083
"Active, Youth","HasCard, Retained",0.1006,0.5631,0.0672,0.6679920477137177,1.1862760570302213,0.010552139999999995,1.315932335329341,0.17458960735728574
"France, MedSal, Prod=2",Retained,0.0596,0.7963,0.0563,0.9446308724832215,1.1862751130016596,0.008840520000000004,3.678945454545458,0.1669770544713599
"Inactive, Prod=2, Retained",Adult,0.1932,0.4451,0.102,0.5279503105590061,1.186138644257484,0.016006679999999995,1.1755118421052628,0.194506984747295
"Adult, Zero","HasCard, Retained",0.1647,0.5631,0.11,0.6678809957498482,1.1860788416797161,0.01725742999999999,1.3154923217550272,0.18781961842778308
"Active, Prod=2",Retained,0.2446,0.7963,0.231,0.9443990188062142,1.185983949273156,0.03622502,3.6636044117647066,0.2075963309481975
"Fair, France, Prod=2",Retained,0.0786,0.7963,0.0742,0.9440203562340966,1.185508421743183,0.011610819999999994,3.6388227272727236,0.1698285803216363
"France, HighSal, Prod=2",Retained,0.0587,0.7963,0.0554,0.9437819420783645,1.1852090193122748,0.008657189999999995,3.623390909090906,0.1660118639211996
"HasCard, Retained, VeryHighSal",Prod=2,0.1364,0.459,0.0742,0.5439882697947215,1.1851596291823996,0.011592400000000003,1.1863729903536977,0.18090760297582117
"LowSal, Prod=2","HasCard, Retained",0.1127,0.5631,0.0752,0.6672582076308785,1.1849728425339698,0.01173863,1.3130301333333334,0.17592562063731473
"Active, Fair, Prod=2",Retained,0.0829,0.7963,0.0782,0.9433051869722557,1.1846103063823379,0.012186730000000007,3.592921276595745,0.16992752926005783
"Middle, Prod=2, Zero",Retained,0.051,0.7963,0.0481,0.9431372549019608,1.184399415926109,0.007488700000000001,3.582310344827585,0.16405714298232743
"France, Prod=2",Retained,0.2367,0.7963,0.2232,0.9429657794676807,1.1841840756846422,0.034715790000000024,3.571540000000004,0.20376875874281042
"Inactive, Middle, Retained",Prod=2,0.0716,0.459,0.0389,0.5432960893854748,1.1836516108616009,0.006035599999999995,1.1845749235474003,0.16712280519100767
"Adult, Good, Retained",Prod=2,0.0926,0.459,0.0503,0.5431965442764578,1.1834347369857467,0.007796599999999994,1.184316784869976,0.1708199119148892
"LowSal, Youth",Retained,0.0503,0.7963,0.0474,0.9423459244532804,1.183405656728972,0.007346109999999996,3.533141379310347,0.16318966371347995
"France, High, Retained",Adult,0.1238,0.4451,0.0652,0.5266558966074313,1.1832305023757161,0.01009662,1.172297269624573,0.17673605908391368
"France, Prod=2","HasCard, Retained",0.2367,0.5631,0.1577,0.6662441909590199,1.1831720670556203,0.02441423000000001,1.3090408860759493,0.20282247402041723
"Fair, HighSal, Retained",Prod=2,0.0674,0.459,0.0366,0.543026706231454,1.1830647194585053,0.005663399999999999,1.1838766233766231,0.16592076444138187
"France, Inactive, Prod=2",Adult,0.1098,0.4451,0.0578,0.5264116575591985,1.1826817738917064,0.008928020000000002,1.171692692307692,0.17351607935388733
"HasCard, Youth","Prod=2, Retained",0.14,0.4242,0.0702,0.5014285714285713,1.1820569812083246,0.010811999999999988,1.1548997134670484,0.1790896442059231
"Active, HighSal, Prod=2",Retained,0.063,0.7963,0.0593,0.9412698412698413,1.1820543027374624,0.009133099999999998,3.4684054054054045,0.16437051981405254
"Active, Retained, VeryHighSal",Prod=2,0.1058,0.459,0.0574,0.5425330812854442,1.1819892838462835,0.008837799999999993,1.1825991735537187,0.1721859104394794
"HasCard, LowSal, Youth",Retained,0.0357,0.7963,0.0336,0.9411764705882352,1.18193704707803,0.005172089999999997,3.4628999999999928,0.15963004251788854
"Adult, MedSal, Prod=2",Retained,0.0578,0.7963,0.0544,0.9411764705882353,1.18193704707803,0.008373859999999997,3.462899999999999,0.1633742835915941
"HasCard, Retained, Youth",Prod=2,0.1294,0.459,0.0702,0.5425038639876353,1.1819256296026912,0.0108054,1.1825236486486486,0.1768011450988708
"HighSal, Youth","HasCard, Retained",0.0516,0.5631,0.0343,0.6647286821705426,1.1804807000009634,0.005244039999999995,1.303123699421965,0.16120567646230619
"Active, LowSal, Prod=2",Retained,0.0594,0.7963,0.0558,0.9393939393939394,1.1796985299434126,0.008499779999999998,3.3610500000000028,0.16194536088838282
"France, Inactive, Youth",Retained,0.051,0.7963,0.0479,0.9392156862745098,1.1794746782299508,0.007288700000000002,3.3511935483870965,0.1603423887577519
"Prod=2, Zero","Active, Retained",0.26,0.4416,0.1354,0.5207692307692308,1.179278149386845,0.02058399999999999,1.1652006420545746,0.20543734280809606
"Active, High, Youth",Retained,0.0361,0.7963,0.0339,0.9390581717451524,1.1792768702061438,0.00515357,3.3425318181818193,0.15771627125667267
"Active, Adult, Zero",Retained,0.0803,0.7963,0.0754,0.9389788293897883,1.1791772314326112,0.011457109999999993,3.338185714285713,0.16521807220610793
"France, Prod=2, VeryHighSal",Retained,0.0601,0.7963,0.0564,0.9384359400998336,1.1784954666580856,0.00854237,3.3087486486486455,0.1611452931087433
"Adult, Inactive, Prod=2",Retained,0.1088,0.7963,0.102,0.9375,1.1773201054878815,0.015362559999999997,3.2592,0.16900059844404547
"France, Good, Prod=2",Retained,0.0576,0.7963,0.054,0.9375,1.1773201054878815,0.00813312,3.2592,0.15981890209394456
"HasCard, LowSal, Retained",Prod=2,0.1393,0.459,0.0752,0.5398420674802584,1.1761265086715869,0.011261300000000002,1.1756833073322932,0.17398783523554556
"Middle, Retained",Prod=2,0.1532,0.459,0.0827,0.5398172323759791,1.1760724016905864,0.012381199999999995,1.1756198581560282,0.17679760606685435
"France, Middle, Retained",Prod=2,0.0767,0.459,0.0414,0.5397653194263363,1.1759593015824321,0.006194699999999997,1.1754872521246456,0.16206047306683485
"VeryHighSal, Youth","HasCard, Retained",0.0512,0.5631,0.0339,0.662109375,1.1758291156100158,0.0050692799999999955,1.293021965317919,0.15760569475742053
"Fair, France, Retained",Prod=2,0.1375,0.459,0.0742,0.5396363636363636,1.1756783521489402,0.0110875,1.175157977883096,0.17324895503730614
"France, Poor, Retained",Adult,0.1011,0.4451,0.0529,0.52324431256182,1.175565743792002,0.007900390000000007,1.1639085062240664,0.16614278194668103
"Germany, HasCard, Retained",Prod=2,0.1214,0.459,0.0655,0.5395387149917629,1.1754656100038405,0.009777400000000006,1.1749087656529518,0.1698990239503166
"Inactive, Poor, Retained",Prod=2,0.0864,0.459,0.0466,0.5393518518518519,1.1750585007665617,0.006942400000000001,1.17443216080402,0.16306757965469812
"Germany, Retained",Prod=2,0.1695,0.459,0.0914,0.5392330383480826,1.1747996478171734,0.013599499999999987,1.1741293213828423,0.1791583726025158
"Fair, Prod=2","HasCard, Retained",0.1548,0.5631,0.1024,0.661498708010336,1.1747446421778296,0.015232120000000002,1.290689312977099,0.17599523411618553
"HasCard, Retained, Spain",Prod=2,0.1443,0.459,0.0778,0.539154539154539,1.1746286256090175,0.011566299999999988,1.1739293233082702,0.17373740226210246
"Active, NoCard, Prod=2",Retained,0.0711,0.7963,0.0665,0.9353023909985936,1.1745603302757675,0.009883070000000008,3.148493478260872,0.15999310365482022
"Active, Good, Prod=2",Retained,0.0602,0.7963,0.0563,0.9352159468438539,1.1744517730049653,0.008362740000000007,3.1442923076923113,0.15805373351421673
"Inactive, Prod=2, Zero",Adult,0.1215,0.4451,0.0635,0.5226337448559671,1.1741939897909843,0.009420350000000001,1.162419827586207,0.16886962834824928
"Active, Prod=1, Youth",Retained,0.0477,0.7963,0.0446,0.9350104821802935,1.1741937488136298,0.006616490000000003,3.1343516129032247,0.15578262493119094
"Active, Fair, Youth",Retained,0.0338,0.7963,0.0316,0.9349112426035505,1.174069122948073,0.004685060000000005,3.129572727272738,0.15344793252438774
"NoCard, Youth",Prod=2,0.0568,0.459,0.0306,0.5387323943661971,1.1737089201877933,0.004528799999999996,1.1728549618320607,0.15691263782866824
"Adult, HasCard, Retained",Prod=2,0.2777,0.459,0.1496,0.5387108390349298,1.1736619586817643,0.022135700000000008,1.1728001561280248,0.20485381294601848
"Retained, VeryGood",Prod=2,0.0969,0.459,0.0522,0.5386996904024768,1.1736376697221715,0.007722900000000005,1.1727718120805368,0.1638226950083812
"HasCard, Retained, VeryGood",Prod=2,0.068,0.459,0.0366,0.538235294117647,1.172625913110342,0.005387999999999997,1.1715923566878979,0.1579539857876591
"Fair, MedSal, Retained",Prod=2,0.0667,0.459,0.0359,0.5382308845577212,1.172616306225972,0.005284700000000003,1.1715811688311688,0.15772648466056446
"France, MedSal, Prod=2",Adult,0.0596,0.4451,0.0311,0.5218120805369127,1.1723479679553197,0.0045720399999999994,1.1604224561403507,0.15632808642692922
"Inactive, LowSal, Retained",Adult,0.0874,0.4451,0.0456,0.5217391304347826,1.172184071972102,0.0066982599999999975,1.1602454545454544,0.16095952954927306
"HasCard, Prod=2, Spain",Retained,0.0834,0.7963,0.0778,0.9328537170263788,1.1714852656365424,0.011388579999999995,3.0336749999999935,0.15970191615711798
"France, Poor, Prod=2",Retained,0.0563,0.7963,0.0525,0.9325044404973356,1.171046641337857,0.007668309999999998,3.0179763157894692,0.15477699228467476
"Prod=2, VeryGood",Retained,0.056,0.7963,0.0522,0.9321428571428572,1.1705925620279507,0.0076072000000000015,3.001894736842106,0.15437690759140207
"Adult, Fair, Retained",Prod=2,0.1288,0.459,0.0692,0.5372670807453416,1.1705165157850579,0.010080799999999994,1.1691409395973151,0.16721338450187628
"Fair, HasCard, Youth",Retained,0.0469,0.7963,0.0437,0.9317697228144991,1.1701239769113387,0.006353530000000003,2.9854781250000073,0.15254401691025343
"HasCard, HighSal, Prod=2",Retained,0.082,0.7963,0.0764,0.9317073170731707,1.1700456072751106,0.011103399999999986,2.982749999999997,0.15831422737797834
"Inactive, Retained, VeryHighSal",Adult,0.087,0.4451,0.0453,0.5206896551724138,1.1698262304480203,0.0065763,1.157705035971223,0.15900567955143874
"Active, Adult, Spain",Retained,0.0569,0.7963,0.053,0.9314586994727592,1.1697333912755985,0.007690530000000001,2.9719307692307666,0.15385891169827326
"Germany, High, Retained",Prod=2,0.1006,0.459,0.054,0.536779324055666,1.169453865045024,0.007824600000000001,1.167909871244635,0.16110740493662445
"Active, Middle, Retained",Prod=2,0.0816,0.459,0.0438,0.5367647058823529,1.1694220171728822,0.006345599999999993,1.1678730158730157,0.15774903345902327
"Fair, Inactive, Retained",Prod=2,0.12,0.459,0.0644,0.5366666666666666,1.1692084241103848,0.009320000000000002,1.1676258992805753,0.16445511010728406
"France, NoCard, Prod=2",Retained,0.0704,0.7963,0.0655,0.9303977272727273,1.16840101377964,0.009440480000000001,2.926628571428572,0.15504460590453417
"Adult, Inactive, Retained",Prod=2,0.1902,0.459,0.102,0.5362776025236593,1.168360789811894,0.01469819999999998,1.1666462585034012,0.1779451716473201
"Fair, HasCard, Retained",Prod=2,0.191,0.459,0.1024,0.5361256544502618,1.168029748257651,0.014730999999999994,1.1662641083521446,0.17782128785537693
"Prod=2, Spain","HasCard, Retained",0.1183,0.5631,0.0778,0.6576500422654268,1.1679098601765703,0.011185269999999983,1.276179506172839,0.16305947292170134
"France, Inactive, Prod=2",Retained,0.1098,0.7963,0.1021,0.9298724954462659,1.167741423391016,0.01466626,2.9047090909090905,0.16136377589382792
Youth,"HasCard, Retained",0.1968,0.5631,0.1294,0.657520325203252,1.1676794977859206,0.018581919999999974,1.275696142433234,0.1787856302764211
"HasCard, LowSal, Prod=2",Retained,0.0809,0.7963,0.0752,0.9295426452410384,1.1673271948273745,0.010779330000000004,2.891110526315791,0.1559592582475456
"HasCard, Middle, Retained",Prod=2,0.1066,0.459,0.0571,0.5356472795497186,1.1669875371453564,0.008170599999999993,1.165062626262626,0.1601665766898488
"France, Youth",Prod=2,0.1038,0.459,0.0556,0.535645472061657,1.1669835992628692,0.007955799999999992,1.1650580912863069,0.15966294137196363
"Active, Adult, France",Retained,0.1131,0.7963,0.1051,0.9292661361626878,1.1669799524835964,0.015038469999999998,2.8798087499999974,0.16133414165956553
"HighSal, Prod=2","HasCard, Retained",0.1163,0.5631,0.0764,0.6569217540842648,1.1666165052109123,0.010911469999999993,1.2734704260651626,0.16161625886399808
"HasCard, HighSal, Retained",Prod=2,0.1427,0.459,0.0764,0.5353889278206027,1.1664246793477182,0.0109007,1.1644147812971342,0.16642869400644786
"Fair, NoCard, Prod=2",Retained,0.0433,0.7963,0.0402,0.9284064665127021,1.1659003723630568,0.005720210000000003,2.845229032258065,0.14873396163324704
"Fair, Germany, Retained",Prod=2,0.0585,0.459,0.0313,0.535042735042735,1.1656704467161982,0.004448499999999998,1.1635477941176469,0.15095549722674195
"MedSal, Prod=2, Zero",Adult,0.064,0.4451,0.0332,0.51875,1.1654684340597619,0.004713599999999998,1.153038961038961,0.15168365770775405
"Fair, Retained",Prod=2,0.2667,0.459,0.1426,0.5346831646044244,1.164887068854955,0.0201847,1.1626486704270749,0.1930283456082123
"Good, Inactive, Retained",Adult,0.0839,0.4451,0.0435,0.5184743742550655,1.1648491895193562,0.006156109999999999,1.1523789603960393,0.15448070092232563
"Good, Prod=2","HasCard, Retained",0.1116,0.5631,0.0732,0.6559139784946236,1.1648268131675077,0.010358039999999999,1.2697406249999998,0.1592787918601132
"Poor, Youth",Retained,0.0469,0.7963,0.0435,0.9275053304904051,1.1647687184357718,0.006153529999999997,2.80986176470588,0.14842142458306043
"HasCard, Retained",Prod=2,0.5631,0.459,0.301,0.534540934114722,1.1645771985070197,0.04253709999999994,1.1622933994658524,0.32345907325014844
Prod=2,"HasCard, Retained",0.459,0.5631,0.301,0.6557734204793028,1.1645771985070195,0.04253709999999994,1.2692221518987339,0.26121861202031393
"HasCard, Prod=2",Retained,0.3246,0.7963,0.301,0.9272951324707331,1.1645047500574321,0.042521019999999965,2.8017381355932174,0.20915879060716558
"Fair, Youth",Retained,0.0646,0.7963,0.0599,0.9272445820433436,1.164441268420625,0.008459019999999998,2.7997914893616995,0.15097181069011387
"LowSal, Prod=2",Retained,0.1127,0.7963,0.1045,0.927240461401952,1.1644360936857365,0.014756989999999998,2.7996329268292666,0.15915160071115156
"MedSal, Retained, Zero",Adult,0.0795,0.4451,0.0412,0.5182389937106918,1.1643203633131696,0.005814550000000002,1.1518159268929502,0.15331869024327222
"France, Inactive, Retained",Prod=2,0.1911,0.459,0.1021,0.5342752485609629,1.1639983628779147,0.014385099999999998,1.1616303370786516,0.17417760228428372
"France, LowSal, Prod=2",Adult,0.0583,0.4451,0.0302,0.5180102915951973,1.1638065414405692,0.0042506700000000015,1.1512693950177937,0.14946443904816362
"High, Retained, Spain",Active,0.0599,0.5151,0.0359,0.5993322203672788,1.1635259568380487,0.00504551,1.2102295833333334,0.14949840872140963
"Prod=2, Spain",Retained,0.1183,0.7963,0.1096,0.926458157227388,1.1634536697568605,0.015397709999999995,2.769851724137931,0.15933997362427751
"Active, Adult, Good",Retained,0.053,0.7963,0.0491,0.9264150943396227,1.1633995910330561,0.006896099999999995,2.7682307692307697,0.14831056159767034
"Good, HasCard, Retained",Prod=2,0.1371,0.459,0.0732,0.5339168490153173,1.1632175359810835,0.010271100000000005,1.1607370892018778,0.16260931019873898
"HasCard, VeryHighSal, Youth",Retained,0.0366,0.7963,0.0339,0.9262295081967212,1.1631665304492291,0.00475542,2.7612666666666636,0.1456070958129486
"HasCard, MedSal, Prod=2",Retained,0.0812,0.7963,0.0752,0.9261083743842365,1.1630144096248105,0.010540440000000012,2.7567400000000033,0.15255270519363848
"NoCard, Youth",Retained,0.0568,0.7963,0.0526,0.926056338028169,1.1629490619467149,0.007370160000000001,2.7547999999999995,0.14855503632968586
"VeryHighSal, Youth",Retained,0.0512,0.7963,0.0474,0.9257812499999999,1.1626036041692829,0.006629439999999993,2.7445894736842065,0.14740894116307682
"Active, Adult","HasCard, Retained",0.2215,0.5631,0.145,0.6546275395033859,1.1625422473865847,0.02027334999999998,1.2650111111111106,0.17959692600713117
"France, Prod=1, Youth",Retained,0.0471,0.7963,0.0436,0.9256900212314224,1.162489038341608,0.006094269999999999,2.741219999999996,0.14668573288108439
"Inactive, MedSal, Retained",Prod=2,0.0896,0.459,0.0478,0.5334821428571429,1.1622704637410521,0.006673600000000002,1.1596555023923445,0.1533557367766985
"Fair, MedSal, Prod=2",Retained,0.0388,0.7963,0.0359,0.9252577319587629,1.1619461659660466,0.005003560000000001,2.725365517241381,0.14500096791730857
"Exceptional, Retained",Active,0.0518,0.5151,0.031,0.5984555984555985,1.1618241088246912,0.00431782,1.2075875,0.14689360486082287
"Active, Zero","HasCard, Retained",0.1873,0.5631,0.1225,0.6540309663641217,1.161482802990804,0.01703136999999999,1.262829783950617,0.1710736948895467
"Adult, LowSal, Zero",Retained,0.0439,0.7963,0.0406,0.9248291571753985,1.161407958276276,0.005642429999999997,2.709827272727267,0.14535729356174476
"Adult, Good, Zero",Retained,0.0399,0.7963,0.0369,0.9248120300751881,1.1613864499248876,0.005127630000000001,2.709210000000004,0.14473509280452668
Youth,Retained,0.1968,0.7963,0.182,0.9247967479674797,1.1613672585300512,0.025288160000000004,2.7086594594594597,0.1729904557593801
"Active, Fair, Retained",Prod=2,0.1467,0.459,0.0782,0.5330606680299932,1.1613522179302684,0.010864700000000005,1.1586087591240875,0.16282055854763355
"MedSal, Prod=2","HasCard, Retained",0.115,0.5631,0.0752,0.6539130434782608,1.1612733856832904,0.010443499999999994,1.262399497487437,0.1569224065392474
"MedSal, Prod=2",Retained,0.115,0.7963,0.1063,0.9243478260869565,1.1608034987906022,0.014725500000000002,2.6925862068965523,0.15652853293365437
"HasCard, Youth",Retained,0.14,0.7963,0.1294,0.9242857142857142,1.1607254982867188,0.017917999999999976,2.6903773584905615,0.1610114661586569
"Prod=2, VeryGood","HasCard, Retained",0.056,0.5631,0.0366,0.6535714285714286,1.1606667174061953,0.005066399999999999,1.2611546391752577,0.1466379549874965
Prod=2,Retained,0.459,0.7963,0.4242,0.9241830065359478,1.1605965170613435,0.05869829999999998,2.6867327586206913,0.2557747060684415
Retained,Prod=2,0.7963,0.459,0.4242,0.5327138013311566,1.1605965170613435,0.05869829999999998,1.157748723461435,0.6793034657978735
"HasCard, Poor, Youth",Retained,0.0329,0.7963,0.0304,0.9240121580547113,1.1603819641525948,0.004201730000000001,2.6806920000000005,0.14291676417286628
"Adult, Retained, Spain",Prod=2,0.1014,0.459,0.054,0.5325443786982248,1.1602274045712957,0.007457399999999996,1.1573291139240502,0.1536835076786111
"France, NoCard, Retained",Prod=2,0.123,0.459,0.0655,0.5325203252032521,1.160175000442815,0.009043000000000002,1.1572695652173912,0.15742425165597504
"Fair, Youth",Prod=2,0.0646,0.459,0.0344,0.5325077399380804,1.1601475815644453,0.004748599999999995,1.157238410596026,0.1475739765602079
"Fair, HasCard, Middle",Inactive,0.0569,0.4849,0.032,0.562390158172232,1.1598064717926007,0.00440919,1.177075903614458,0.1461002942423921
"HighSal, Prod=2",Retained,0.1163,0.7963,0.1074,0.9234737747205503,1.1597058579939097,0.014790310000000001,2.661832584269661,0.1558361249436041
"Adult, Germany, Prod=2",Retained,0.0482,0.7963,0.0445,0.9232365145228215,1.1594079047128236,0.00611834,2.6536054054054032,0.1444534424425866
"LowSal, Retained",Prod=2,0.1964,0.459,0.1045,0.5320773930753564,1.1592100067001228,0.014352400000000001,1.1561741022850922,0.1709103293552221
"Good, HasCard, Prod=2",Retained,0.0793,0.7963,0.0732,0.9230769230769231,1.1592074884803756,0.010053409999999999,2.6481000000000017,0.149170920676297
"HasCard, Poor, Prod=2",Retained,0.074,0.7963,0.0683,0.922972972972973,1.1590769470965376,0.009373800000000002,2.644526315789474,0.14821221330112042
"France, Prod=2","Active, Retained",0.2367,0.4416,0.1211,0.5116180819602872,1.158555439221665,0.01657328000000001,1.1433674740484427,0.17929536478520253
"Adult, Retained",Prod=2,0.3913,0.459,0.208,0.53156146179402,1.158085973407451,0.028393299999999982,1.154900709219858,0.22425866600952837
"High, Spain","Active, Retained",0.0702,0.4416,0.0359,0.5113960113960114,1.1580525620380693,0.0048996800000000035,1.1428478134110789,0.14678569267299835
"Fair, Prod=2, VeryHighSal",Retained,0.0385,0.7963,0.0355,0.922077922077922,1.1579529349214142,0.004842449999999998,2.614149999999999,0.14186899870361008
"HasCard, HighSal, Youth",Retained,0.0372,0.7963,0.0343,0.9220430107526881,1.1579090929959666,0.00467764,2.612979310344826,0.1416434815364807
"Adult, Poor, Zero",Retained,0.041,0.7963,0.0378,0.921951219512195,1.157793820811497,0.005151699999999995,2.6099062499999977,0.14211507798577652
"HasCard, Prod=2, VeryHighSal",Retained,0.0805,0.7963,0.0742,0.9217391304347826,1.1575274776275055,0.010097850000000005,2.6028333333333333,0.14800393979500762
"NoCard, Prod=2, VeryHighSal",Retained,0.0345,0.7963,0.0318,0.9217391304347826,1.1575274776275055,0.004327649999999999,2.6028333333333333,0.14095248331590823
"Prod=2, VeryHighSal",Retained,0.115,0.7963,0.106,0.9217391304347825,1.1575274776275053,0.014425499999999994,2.60283333333333,0.15377358490566032
"High, Prod=2, Retained",Adult,0.0998,0.4451,0.0514,0.5150300601202404,1.1571108966979116,0.0069790200000000024,1.1441946280991733,0.15083159211485217
"Fair, NoCard, Retained",Prod=2,0.0757,0.459,0.0402,0.5310435931307793,1.1569577192391705,0.005453699999999999,1.1536253521126758,0.14677505042137573
"Active, Good, Zero",Retained,0.047,0.7963,0.0433,0.9212765957446808,1.1569466228113534,0.005873899999999994,2.5875405405405387,0.14234615859968144
"Retained, Spain",Prod=2,0.2064,0.459,0.1096,0.5310077519379846,1.1568796338518181,0.014862399999999998,1.1535371900826445,0.17087429361902517
"Fair, Prod=2",Retained,0.1548,0.7963,0.1426,0.9211886304909561,1.156836155332106,0.019332760000000004,2.584652459016395,0.1604038713128971
"Good, Prod=2",Retained,0.1116,0.7963,0.1028,0.921146953405018,1.1567838169094788,0.013932920000000001,2.5832863636363648,0.1525599293619273
"France, Inactive, MedSal",Adult,0.0606,0.4451,0.0312,0.5148514851485149,1.1567096947843516,0.0042269399999999985,1.143773469387755,0.14421848643160112
"France, Retained",Prod=2,0.4204,0.459,0.2232,0.5309229305423406,1.1566948377828772,0.030236399999999997,1.1533286004056793,0.23372626282864706
"Adult, France, Zero",Retained,0.1098,0.7963,0.1011,0.9207650273224044,1.1563041910365495,0.01366626,2.570834482758621,0.1518486493549611
"MedSal, NoCard, Retained",Prod=2,0.0586,0.459,0.0311,0.5307167235494881,1.1562455850751374,0.004202599999999997,1.152821818181818,0.14354348077058376
"Fair, Prod=2, Spain",Retained,0.0403,0.7963,0.0371,0.9205955334987592,1.1560913393177938,0.005009109999999997,2.5653468749999973,0.1406860915374778
"Good, HasCard, Youth",Retained,0.034,0.7963,0.0313,0.9205882352941176,1.156082174173198,0.004225799999999998,2.5651111111111096,0.139761474808009
"HighSal, Youth",Retained,0.0516,0.7963,0.0475,0.9205426356589147,1.1560249097813822,0.0064109200000000005,2.563639024390243,0.14230992918821728
"Fair, LowSal, Prod=2",Retained,0.0376,0.7963,0.0346,0.9202127659574467,1.1556106567342042,0.004659119999999996,2.553039999999997,0.13991754717253096
"MedSal, NoCard, Prod=2",Retained,0.0338,0.7963,0.0311,0.9201183431952663,1.1554920798634514,0.004185060000000001,2.550022222222223,0.13927535257624096
"HighSal, Inactive, Retained",Prod=2,0.0907,0.459,0.0481,0.5303197353914002,1.1553806871272334,0.006468699999999994,1.1518474178403755,0.14789883150160274
"High, HighSal, Retained",Adult,0.0737,0.4451,0.0379,0.514246947082768,1.155351487492177,0.005096130000000004,1.14235,0.14516089062024232
"Germany, Inactive, Retained",Prod=2,0.0743,0.459,0.0394,0.5302826379542395,1.1552998648240511,0.005296299999999997,1.1517564469914037,0.1452131985179002
"France, HasCard, Retained",Prod=2,0.2974,0.459,0.1577,0.5302622730329523,1.1552554968038176,0.0211934,1.1517065139584823,0.19127613875881974
"High, Retained, VeryHighSal",Adult,0.0708,0.4451,0.0364,0.5141242937853108,1.1550759240290065,0.004886920000000003,1.1420616279069766,0.14448562629793804
"Adult, HasCard, Zero",Retained,0.1196,0.7963,0.11,0.919732441471572,1.1550074613482004,0.014762520000000001,2.5377625000000017,0.1524360827722936
"Inactive, Youth",Prod=2,0.0962,0.459,0.051,0.5301455301455301,1.155001155001155,0.006844199999999995,1.1514203539823007,0.14848417791546792
"Poor, Prod=2",Retained,0.1058,0.7963,0.0973,0.9196597353497163,1.1549161564105441,0.013051459999999987,2.5354658823529377,0.15000702253163745
"HighSal, Prod=2","Active, Retained",0.1163,0.4416,0.0593,0.5098882201203783,1.154638179620422,0.007941919999999998,1.1393319298245612,0.15155349623240164
"France, High, Inactive",Adult,0.0724,0.4451,0.0372,0.5138121546961325,1.1543746454642383,0.004974759999999995,1.1413284090909088,0.1441678606370004
"Active, Adult, HighSal",Retained,0.0567,0.7963,0.0521,0.9188712522045855,1.1539259728803033,0.006949789999999997,2.5108239130434784,0.14141130303160399
"Adult, Zero",Retained,0.1647,0.7963,0.1513,0.9186399514268365,1.153635503487174,0.02014938999999999,2.5036858208955177,0.15943383528949664
"Fair, HasCard, Prod=2",Retained,0.1115,0.7963,0.1024,0.9183856502242153,1.1533161499738984,0.013612550000000001,2.4958846153846155,0.14961739852982556
"Good, Youth",Retained,0.0489,0.7963,0.0449,0.9182004089979551,1.1530835225391876,0.005960930000000003,2.490232500000002,0.13958588332487604
"Adult, HighSal, Retained",Prod=2,0.1,0.459,0.0529,0.529,1.1525054466230937,0.006999999999999999,1.148619957537155,0.14702793530770844
"Adult, France, LowSal",Retained,0.0571,0.7963,0.0524,0.9176882661996498,1.152440369458307,0.006931270000000003,2.474738297872343,0.14028650444179447
"Adult, MedSal, Zero",Retained,0.0449,0.7963,0.0412,0.9175946547884186,1.1523228114886583,0.00544613,2.471927027027024,0.1384018651023174
"Adult, France, LowSal",Prod=2,0.0571,0.459,0.0302,0.5288966725043783,1.1522803322535475,0.003991100000000001,1.148368029739777,0.14015869035854583
"France, MedSal, Retained",Adult,0.1088,0.4451,0.0558,0.5128676470588236,1.1522526332483118,0.007373120000000004,1.1391154716981133,0.14826612098865538
"Fair, HighSal, Prod=2",Retained,0.0399,0.7963,0.0366,0.9172932330827068,1.1519442836653357,0.004827629999999999,2.4629181818181833,0.1373840839666633
"MedSal, Prod=2","Active, Retained",0.115,0.4416,0.0585,0.5086956521739131,1.151937618147448,0.007716000000000001,1.136566371681416,0.14903665073156597
"Adult, VeryHighSal, Zero",Retained,0.0349,0.7963,0.032,0.9169054441260746,1.1514572951476512,0.004209129999999998,2.451424137931036,0.13629189980312917
"NoCard, Prod=2",Retained,0.1344,0.7963,0.1232,0.9166666666666667,1.1511574364770398,0.016177280000000016,2.444400000000002,0.1516971937489499
"Active, LowSal, Zero",Retained,0.0468,0.7963,0.0429,0.9166666666666666,1.1511574364770396,0.005633159999999998,2.444399999999999,0.13775607522984773
"Poor, Youth","HasCard, Retained",0.0469,0.5631,0.0304,0.6481876332622601,1.1511057241382705,0.003990609999999999,1.2418551515151515,0.1377295832435984
"Middle, Prod=1",Inactive,0.1247,0.4849,0.0696,0.5581395348837209,1.1510404926453308,0.00913296999999999,1.1657526315789473,0.149915267146502
"NoCard, Retained",Prod=2,0.2332,0.459,0.1232,0.5283018867924528,1.1509845028158012,0.0161612,1.1469199999999997,0.171072732692451
"Good, Retained",Prod=2,0.1946,0.459,0.1028,0.5282631038026722,1.1509000082846887,0.013478600000000007,1.146825708061002,0.1627946188132828
"HasCard, Spain, Youth",Retained,0.0335,0.7963,0.0307,0.9164179104477612,1.1508450463992983,0.004023949999999998,2.4371250000000004,0.13561644066454223
"Active, France, Retained",Prod=2,0.2293,0.459,0.1211,0.5281290885303096,1.1506080360137463,0.0158513,1.1464999999999999,0.16983820193273952
"MedSal, NoCard, Retained",Adult,0.0586,0.4451,0.03,0.5119453924914675,1.150180616696175,0.0039171399999999995,1.1369629370629368,0.13869910063026697
"Adult, France, HighSal",Retained,0.057,0.7963,0.0522,0.9157894736842106,1.1500558504134253,0.006810900000000002,2.418937500000002,0.13836374495678994
"Adult, NoCard, Zero",Retained,0.0451,0.7963,0.0413,0.9157427937915743,1.1499972294255612,0.005386870000000002,2.4175973684210534,0.1365930334603956
"Good, Prod=1, Retained",Active,0.0905,0.5151,0.0536,0.5922651933701658,1.1498062383423915,0.006983450000000002,1.1892533875338756,0.1432526072222724
"MedSal, Prod=2, Retained",Adult,0.1063,0.4451,0.0544,0.5117591721542802,1.1497622380460126,0.007085869999999994,1.1365292870905583,0.14574797273726534
"Active, Germany, Prod=2",Retained,0.0568,0.7963,0.052,0.9154929577464788,1.14968348329333,0.006770159999999997,2.410449999999997,0.13803581914268934
"Active, Spain, Zero",Retained,0.0613,0.7963,0.0561,0.9151712887438825,1.1492795287503235,0.007286809999999998,2.401309615384615,0.13837185609787264
"France, LowSal, Retained",Prod=2,0.1045,0.459,0.0551,0.5272727272727273,1.1487423252129136,0.007134500000000002,1.144423076923077,0.1445926952771521
"Fair, MedSal, Retained",Adult,0.0667,0.4451,0.0341,0.5112443778110944,1.148605656731284,0.004411830000000002,1.135332208588957,0.1386254997167369
"Adult, HighSal, Zero",Retained,0.041,0.7963,0.0375,0.9146341463414633,1.1486049809637866,0.0048516999999999935,2.386199999999998,0.1349099756690996
"Active, Adult, Retained",Prod=2,0.2011,0.459,0.106,0.5271009448035803,1.148368071467495,0.013695099999999988,1.1440073606729755,0.16172118738737448
"Adult, Spain, Zero",Retained,0.0549,0.7963,0.0502,0.9143897996357013,1.148298128388423,0.006483130000000004,2.379389361702129,0.13664799062136815
"HasCard, MedSal, Prod=2",Adult,0.0812,0.4451,0.0415,0.5110837438423645,1.148244762620455,0.005357880000000002,1.13495919395466,0.140515391998993
"Inactive, Youth","HasCard, Retained",0.0962,0.5631,0.0622,0.6465696465696466,1.148232368264334,0.00802978,1.2361699999999998,0.14283706735903925
"HighSal, Retained",Prod=2,0.2038,0.459,0.1074,0.5269872423945043,1.148120353800663,0.013855799999999988,1.1437323651452278,0.16203362620492015
"Spain, Youth",Retained,0.0477,0.7963,0.0436,0.9140461215932915,1.1478665347146697,0.005616490000000002,2.369875609756099,0.13527100491615185
"HasCard, Prod=2","Active, Retained",0.3246,0.4416,0.1645,0.5067775723967961,1.1475941403912955,0.021156640000000004,1.1321464084946908,0.19042314674721636
"Inactive, LowSal, Prod=2",Retained,0.0533,0.7963,0.0487,0.9136960600375235,1.1474269245730546,0.006257209999999999,2.360263043478261,0.13571860666328447
"Poor, Prod=1, Retained",Adult,0.0887,0.4451,0.0453,0.5107102593010147,1.147405660078667,0.005819629999999999,1.134092857142857,0.14097295448439978
"Adult, France, Poor",Retained,0.0579,0.7963,0.0529,0.9136442141623489,1.1473618161024097,0.006794230000000005,2.3588459999999998,0.13632878645201804
"Adult, MedSal, Retained",Prod=2,0.1033,0.459,0.0544,0.526621490803485,1.1473235093757843,0.006985299999999993,1.142848670756646,0.1431986729117875
"Active, HasCard, Retained",Prod=2,0.3125,0.459,0.1645,0.5264,1.1468409586056645,0.021062500000000012,1.142314189189189,0.18623929262227143
"Adult, France","HasCard, Retained",0.2311,0.5631,0.1492,0.6456079619212463,1.1465245283630727,0.019067589999999995,1.2328155067155067,0.16620998906205267
"Adult, High, Prod=2",Retained,0.0563,0.7963,0.0514,0.9129662522202486,1.14651042599554,0.006568310000000001,2.3404714285714276,0.13541181762818677
"Poor, Prod=2","HasCard, Retained",0.1058,0.5631,0.0683,0.6455576559546313,1.1464351908269068,0.008724019999999992,1.232640533333333,0.14284376327286324
"HasCard, Inactive, Prod=2",Adult,0.1511,0.4451,0.0771,0.5102581072137657,1.1463898162520012,0.009845389999999996,1.1330458108108108,0.15042569013168633
"Active, HasCard, Zero",Retained,0.1342,0.7963,0.1225,0.9128166915052159,1.1463226064362877,0.01563653999999999,2.336456410256406,0.1474303817160959
"Prod=2, VeryHighSal","HasCard, Retained",0.115,0.5631,0.0742,0.6452173913043479,1.1458309204481403,0.009443499999999994,1.2314583333333333,0.14380891467555992
"Active, Good, Spain",Retained,0.033,0.7963,0.0301,0.912121212121212,1.145449217783765,0.0038220999999999984,2.317965517241376,0.1313134089402096
"Active, Retained, Youth",Prod=2,0.0955,0.459,0.0502,0.5256544502617801,1.1452166672369937,0.006365499999999996,1.1405187637969094,0.14019103244292033
"LowSal, Retained, Zero",Adult,0.0797,0.4451,0.0406,0.5094102885821832,1.144485033884932,0.005125530000000003,1.1310877237851662,0.13717763911853556
"NoCard, Prod=2, Spain",Retained,0.0349,0.7963,0.0318,0.9111747851002866,1.1442606870529783,0.00400913,2.2932677419354857,0.13063233907393176
"Fair, Prod=2","Active, Retained",0.1548,0.4416,0.0782,0.5051679586563308,1.1439491817398795,0.009840320000000014,1.1284637075718016,0.1488822694245708
"Good, High, Retained",Active,0.0679,0.5151,0.04,0.5891016200294551,1.1436645700435937,0.005024710000000002,1.1800971326164875,0.13476853341916106
"High, Poor, Retained",Adult,0.067,0.4451,0.0341,0.508955223880597,1.1434626463280095,0.004278299999999995,1.1300395136778114,0.1344730365578824
"Fair, Retained, Spain",Prod=2,0.0707,0.459,0.0371,0.5247524752475248,1.1432515800599667,0.004648699999999999,1.1383541666666666,0.1348347000887257
"Active, Adult, HasCard",Retained,0.1593,0.7963,0.145,0.9102322661644695,1.143077064127175,0.018149410000000005,2.2691895104895092,0.14888586276624985
"Germany, Inactive, Retained",Adult,0.0743,0.4451,0.0378,0.5087483176312247,1.1429977929256903,0.004729069999999995,1.1295635616438355,0.13514926213424633
"Spain, Youth","HasCard, Retained",0.0477,0.5631,0.0307,0.6436058700209644,1.1429690463877895,0.0038401300000000006,1.22589,0.13135111598492388
"Good, Prod=2","Active, Retained",0.1116,0.4416,0.0563,0.5044802867383512,1.1423919536647447,0.00701744,1.1268976491862568,0.14030132203262416
"Active, HighSal, Retained",Prod=2,0.1131,0.459,0.0593,0.524314765694076,1.142297964475111,0.007387099999999994,1.1373066914498138,0.14045740159796402
"Active, Adult, Medium",Retained,0.0331,0.7963,0.0301,0.9093655589123867,1.141988646128829,0.003742470000000001,2.2474899999999995,0.12859091063710482
"Germany, HasCard, Prod=1",Inactive,0.0952,0.4849,0.0527,0.5535714285714285,1.141619774327549,0.006537519999999991,1.1538239999999997,0.13710390462337052
"MedSal, Retained",Adult,0.2033,0.4451,0.1033,0.5081160846040335,1.1415773637475477,0.012811169999999997,1.1281116999999998,0.15566596042168618
"Active, Adult, MedSal",Retained,0.0571,0.7963,0.0519,0.9089316987740806,1.1414438010474453,0.006431270000000003,2.236782692307694,0.13142069183110938
"Adult, Retained, VeryHighSal",Prod=2,0.0922,0.459,0.0483,0.5238611713665944,1.1413097415394213,0.005980199999999998,1.1362232346241457,0.1363887030141807
"Medium, Prod=1, Retained",Active,0.0769,0.5151,0.0452,0.58777633289987,1.1410916965635216,0.00558881,1.1763031545741325,0.133946743514303
"Adult, France, Retained",Prod=2,0.2091,0.459,0.1095,0.5236728837876614,1.1408995289491533,0.013523099999999996,1.135774096385542,0.1561494880983516
"MedSal, Youth",Retained,0.0437,0.7963,0.0397,0.9084668192219679,1.1408600015345571,0.004901689999999993,2.225422499999999,0.129110385825301
"Adult, France, High",Retained,0.0718,0.7963,0.0652,0.9080779944289692,1.1403717122051604,0.00802565999999999,2.2160090909090866,0.13261467871716864
"Active, Adult",Retained,0.2215,0.7963,0.2011,0.907900677200903,1.140149035791665,0.024719550000000007,2.211742647058824,0.15789554368123687
"Inactive, Prod=2",Adult,0.2144,0.4451,0.1088,0.5074626865671641,1.1401093834355518,0.01337055999999999,1.1266151515151512,0.15642970528333525
"France, HasCard, Youth",Prod=2,0.0732,0.459,0.0383,0.523224043715847,1.1399216638689476,0.004701199999999996,1.1347048710601717,0.1324414504665819
"HasCard, Inactive, Youth",Prod=2,0.0692,0.459,0.0362,0.5231213872832371,1.1396980115103204,0.004437200000000002,1.1344606060606062,0.13168735027434375
"Active, Retained",Prod=2,0.4416,0.459,0.231,0.5230978260869565,1.1396466799280098,0.028305600000000014,1.1344045584045583,0.21943958620176396
Prod=2,"Active, Retained",0.459,0.4416,0.231,0.5032679738562091,1.1396466799280098,0.028305600000000014,1.1241473684210526,0.22649734738459337
"Active, LowSal, Spain",Retained,0.0335,0.7963,0.0304,0.9074626865671641,1.1395990036006078,0.0037239499999999967,2.2012741935483855,0.12674428894273956
"HasCard, Inactive, Middle",Prod=1,0.0882,0.5084,0.0511,0.5793650793650793,1.1395851285701797,0.00625912,1.1687094339622641,0.134336116728314
"HasCard, Poor, Retained",Prod=2,0.1306,0.459,0.0683,0.5229709035222052,1.1393701601790962,0.008354599999999997,1.134102728731942,0.1406971570572054
"MedSal, Retained",Prod=2,0.2033,0.459,0.1063,0.5228726020659125,1.1391559957863016,0.012985299999999991,1.1338690721649483,0.15332885972132684
"Adult, France, HasCard",Retained,0.1645,0.7963,0.1492,0.9069908814589666,1.139006506918205,0.018208649999999993,2.1901078431372545,0.14607048483594123
"Adult, Spain",Retained,0.1118,0.7963,0.1014,0.9069767441860466,1.138988753216183,0.012373660000000009,2.1897750000000014,0.13738820662936863
"Adult, Spain","HasCard, Retained",0.1118,0.5631,0.0717,0.6413237924865832,1.138916342544101,0.00874541999999999,1.2180902743142146,0.1373253602085548
"Adult, Good","HasCard, Retained",0.1051,0.5631,0.0674,0.6412940057088488,1.1388634446969432,0.00821819,1.2179891246684351,0.13625165088153676
"High, MedSal, Retained",Adult,0.0736,0.4451,0.0373,0.5067934782608696,1.1386058824104013,0.0045406399999999986,1.1250865013774105,0.1314043349215389
"Active, High, Spain",Retained,0.0396,0.7963,0.0359,0.9065656565656566,1.1384725060475407,0.004366519999999999,2.1801405405405405,0.1266452348661595
"Adult, HasCard, Spain",Retained,0.0791,0.7963,0.0717,0.9064475347661188,1.1383241677334155,0.008712669999999992,2.1773878378378377,0.13195311178364855
"France, Prod=1, Retained",Adult,0.195,0.4451,0.0988,0.5066666666666666,1.1383209765595745,0.012005500000000002,1.124797297297297,0.1509480222294868
"HasCard, MedSal, Retained",Adult,0.1447,0.4451,0.0733,0.5065653075328266,1.1380932543986217,0.008894030000000011,1.1245662464985995,0.14186528776751797
"Poor, Retained",Prod=2,0.1863,0.459,0.0973,0.5222758990874933,1.137855989297371,0.011788300000000002,1.1324528089887638,0.14889291186478829
"Adult, Fair, Zero",Retained,0.0541,0.7963,0.049,0.9057301293900185,1.137423244242143,0.005920170000000002,2.160817647058824,0.12772998828456222
"Fair, Inactive, Prod=2",Adult,0.0719,0.4451,0.0364,0.5062586926286509,1.1374043869437225,0.0043973100000000015,1.1238678873239434,0.1301640122618466
"Good, Youth","HasCard, Retained",0.0489,0.5631,0.0313,0.6400817995910021,1.1367107078511847,0.0037644099999999993,1.2138869318181817,0.12645220281342298
"Prod=1, Retained, VeryHighSal",Adult,0.086,0.4451,0.0435,0.5058139534883721,1.136405197682256,0.005221400000000001,1.1228564705882351,0.1313262405996127
"Adult, Fair, France",Retained,0.0767,0.7963,0.0694,0.9048239895697523,1.1362853065047749,0.008323789999999998,2.1402452054794523,0.1299028887423291
"Adult, France",Retained,0.2311,0.7963,0.2091,0.9048031155344007,1.1362590927218394,0.025075070000000005,2.13977590909091,0.15596180771887821
"Good, Inactive, Prod=2",Retained,0.0514,0.7963,0.0465,0.9046692607003891,1.1360909967353876,0.005570180000000001,2.1367714285714285,0.12627958802899125
"Prod=1, Youth","HasCard, Retained",0.091,0.5631,0.0582,0.6395604395604396,1.1357848331742844,0.006957899999999996,1.2121310975609756,0.13151985301622937
"France, Good, Retained",Prod=2,0.1036,0.459,0.054,0.5212355212355212,1.1355893708834883,0.006447599999999998,1.1299919354838708,0.1331994645247657
"France, HighSal, Retained",Prod=2,0.1063,0.459,0.0554,0.5211665098777045,1.1354390193414041,0.006608299999999991,1.1298290766208248,0.1334714037169127
"France, Middle, Prod=2",Retained,0.0458,0.7963,0.0414,0.9039301310043668,1.135162791666918,0.004929459999999997,2.120331818181818,0.12478419841291531
"Active, Zero",Retained,0.1873,0.7963,0.1693,0.9038974906567006,1.1351218016535232,0.02015301,2.119611666666668,0.14647135611709303
"HighSal, NoCard, Prod=2",Retained,0.0343,0.7963,0.031,0.9037900874635569,1.134986923852263,0.0036869100000000016,2.1172454545454564,0.1231568609766608
"Active, Adult, VeryHighSal",Retained,0.0519,0.7963,0.0469,0.9036608863198458,1.1348246720078434,0.005572029999999999,2.1144059999999976,0.1253102096910688
Youth,Prod=2,0.1968,0.459,0.1025,0.5208333333333333,1.134713144517066,0.012168799999999994,1.1290434782608691,0.14780876494023898
"HasCard, Inactive, Prod=2",Retained,0.1511,0.7963,0.1365,0.9033752481800132,1.1344659653145965,0.016179070000000004,2.108155479452055,0.13962538031332947
"Active, HasCard, Spain",Retained,0.0908,0.7963,0.082,0.9030837004405287,1.1340998372981648,0.009695960000000003,2.101813636363637,0.13005214983958027
"HasCard, High, Retained",Adult,0.1987,0.4451,0.1003,0.5047810770005033,1.1340846483947502,0.011858630000000009,1.1205145325203252,0.14754973815605485
"Active, HighSal, Zero",Retained,0.0464,0.7963,0.0419,0.9030172413793104,1.1340163774699363,0.00495168,2.100373333333334,0.12392881741442553
"Fair, France, Retained",Adult,0.1375,0.4451,0.0694,0.5047272727272727,1.1339637670799207,0.008198749999999998,1.120392804698972,0.13697113979033532
"Poor, Retained",Adult,0.1863,0.4451,0.094,0.5045625335480408,1.1335936498495638,0.011077870000000004,1.1200202600216684,0.14483185553774594
"HighSal, Inactive, Prod=2",Retained,0.0533,0.7963,0.0481,0.9024390243902438,1.1332902478842695,0.005657209999999996,2.087924999999998,0.1242352524701737
"Active, Adult, Poor",Retained,0.0522,0.7963,0.0471,0.9022988505747126,1.1331142164695625,0.005533139999999999,2.084929411764705,0.12394643713971205
"Active, Adult, NoCard",Retained,0.0622,0.7963,0.0561,0.9019292604501608,1.132650082192843,0.006570139999999995,2.0770721311475406,0.12488248561411024
"Good, Retained, Spain",Active,0.0516,0.5151,0.0301,0.5833333333333333,1.13246618779525,0.0035208399999999973,1.1637599999999997,0.12333554256793387
"High, Retained",Adult,0.2843,0.4451,0.1433,0.5040450228631728,1.1324309657676315,0.016758070000000014,1.118851560283688,0.1633980211156789
"Germany, Prod=2","Active, Retained",0.104,0.4416,0.052,0.5,1.1322463768115942,0.0060735999999999984,1.1168,0.1303571428571428
"HasCard, MedSal, Retained",Prod=2,0.1447,0.459,0.0752,0.5196959225984796,1.1322351254868837,0.008782700000000004,1.1263697841726616,0.1365500098260907
"Inactive, Prod=2",Retained,0.2144,0.7963,0.1932,0.9011194029850746,1.1316330566182025,0.022473280000000012,2.0600603773584907,0.14806685979093673
"MedSal, Prod=1, Retained",Adult,0.0951,0.4451,0.0479,0.5036803364879074,1.131611629943625,0.005570989999999998,1.1180294491525422,0.12852756426332065
"Retained, VeryGood",Adult,0.0969,0.4451,0.0488,0.5036119711042312,1.131458034383804,0.005669810000000004,1.1178754677754676,0.12865090371779545
"France, Poor, Retained",Prod=2,0.1011,0.459,0.0525,0.5192878338278932,1.1313460431980245,0.006095099999999999,1.1254135802469136,0.12915468111819206
"France, High, Prod=2",Retained,0.0343,0.7963,0.0309,0.9008746355685132,1.131325675710804,0.003586910000000002,2.054973529411767,0.12020423503516915
"Inactive, Prod=2, Spain",Retained,0.0574,0.7963,0.0517,0.9006968641114983,1.1311024288729101,0.0059923800000000055,2.051294736842106,0.12296495844039768
"Inactive, Prod=2","HasCard, Retained",0.2144,0.5631,0.1365,0.636660447761194,1.1306347855819463,0.015771359999999998,1.2024564826700896,0.14707370023052302
"Germany, High, Prod=1",Inactive,0.0927,0.4849,0.0508,0.5480043149946062,1.1301388224264926,0.005849769999999997,1.1396126491646776,0.1269182770372594
"High, Youth","HasCard, Retained",0.0704,0.5631,0.0448,0.6363636363636364,1.1301076831178056,0.005157759999999997,1.2014749999999998,0.12384743053848038
"Active, Adult, LowSal",Retained,0.0558,0.7963,0.0502,0.8996415770609318,1.129777190833771,0.005766460000000001,2.0297249999999987,0.1216582515521477
"Active, MedSal, Zero",Retained,0.0498,0.7963,0.0448,0.8995983935742973,1.1297229606609285,0.005144260000000005,2.0288520000000014,0.12084532955468032
"Adult, France, NoCard",Retained,0.0666,0.7963,0.0599,0.8993993993993994,1.1294730621617473,0.006866419999999998,2.024838805970149,0.1228105695765351
"Adult, Inactive, Zero",Retained,0.0844,0.7963,0.0759,0.8992890995260663,1.1293345466860056,0.008692279999999997,2.0226211764705866,0.12507950322070782
"MedSal, Prod=2",Adult,0.115,0.4451,0.0578,0.5026086956521739,1.129203989333125,0.006613499999999994,1.1156206293706292,0.12928860477391346
"Inactive, Youth",Retained,0.0962,0.7963,0.0865,0.8991683991683992,1.1291829701976632,0.009895939999999992,2.0202000000000004,0.12658102526647272
"Germany, HasCard, Inactive",Prod=1,0.0918,0.5084,0.0527,0.574074074074074,1.129177958446251,0.00602888,1.1541913043478258,0.1259634441752918
"HasCard, Inactive, Youth",Retained,0.0692,0.7963,0.0622,0.8988439306358381,1.1287754999822155,0.007096039999999998,2.0137199999999993,0.12256579756445028
"High, NoCard, Retained",Adult,0.0856,0.4451,0.043,0.5023364485981309,1.1285923356507097,0.004899439999999998,1.1150103286384976,0.12460680786994645
"HasCard, Poor, Retained",Adult,0.1306,0.4451,0.0656,0.5022970903522206,1.1285039100252092,0.007469940000000008,1.1149221538461538,0.13097657762291923
"LowSal, Retained, Spain",Active,0.0523,0.5151,0.0304,0.5812619502868069,1.1284448656315413,0.0034602700000000014,1.158003196347032,0.1201062267095406
"HasCard, Middle",Inactive,0.1612,0.4849,0.0882,0.5471464019851117,1.1283695648280299,0.010034119999999994,1.137453698630137,0.1356289137813764
"Adult, LowSal","HasCard, Retained",0.1086,0.5631,0.069,0.6353591160220995,1.1283237720158044,0.007847340000000001,1.1981651515151515,0.12758533230580135
"Active, France, Zero",Retained,0.126,0.7963,0.1132,0.8984126984126983,1.1282339550580163,0.012866199999999994,2.0051718749999985,0.1300446345545843
"Active, France, Good",Retained,0.0656,0.7963,0.0589,0.8978658536585366,1.1275472229794505,0.006662719999999997,1.9944358208955215,0.12106077168174519
"France, MedSal, Retained",Prod=2,0.1088,0.459,0.0563,0.5174632352941178,1.1273708829937206,0.006360800000000007,1.1211580952380953,0.12677340867563178
"Adult, France, Good",Retained,0.0547,0.7963,0.0491,0.8976234003656307,1.1272427481673122,0.005542390000000001,1.9897124999999998,0.11941143912114886
"France, HasCard, Retained",Adult,0.2974,0.4451,0.1492,0.5016812373907196,1.1271202817135915,0.01682726000000001,1.1135442645074223,0.16052269280932036
"France, LowSal, Retained",Adult,0.1045,0.4451,0.0524,0.5014354066985647,1.1265679773052453,0.005887050000000005,1.1129952015355087,0.12545871852903204
"LowSal, Prod=2, Retained",Adult,0.1045,0.4451,0.0524,0.5014354066985647,1.1265679773052453,0.005887050000000005,1.1129952015355087,0.12545871852903204
"Poor, Retained, Zero",Adult,0.0754,0.4451,0.0378,0.5013262599469497,1.12632275881139,0.0042394600000000005,1.112751595744681,0.12130113179215495
"Inactive, MedSal, Prod=2",Retained,0.0533,0.7963,0.0478,0.8968105065666042,1.126221909539877,0.005357210000000001,1.9740381818181834,0.11838546848267911
"Fair, High, Retained",Adult,0.095,0.4451,0.0476,0.5010526315789474,1.1257080017500505,0.005315500000000001,1.1121413502109705,0.12339245090301314
"Active, Poor, Zero",Retained,0.0444,0.7963,0.0398,0.8963963963963965,1.1257018666286531,0.004444280000000002,1.9661478260869576,0.11685362770318738
"Active, France, LowSal",Retained,0.0627,0.7963,0.0562,0.8963317384370015,1.125620668638706,0.006271989999999998,1.9649215384615373,0.11906672949066616
"Germany, Middle",Inactive,0.0678,0.4849,0.037,0.5457227138643068,1.1254335200336292,0.0041237800000000005,1.133888961038961,0.11955965834961761
"Active, VeryHighSal, Zero",Retained,0.0443,0.7963,0.0397,0.8961625282167043,1.1254081730713352,0.004423909999999996,1.961719565217391,0.11659882940195225
"NoCard, Prod=1, Retained",Adult,0.1088,0.4451,0.0545,0.5009191176470589,1.1254080378500537,0.006073120000000001,1.1118438305709024,0.12503747138174692
"HasCard, High, Middle",Inactive,0.0636,0.4849,0.0347,0.5455974842767296,1.1251752614492259,0.00386036,1.1335764705882354,0.1188056041470984
"Inactive, NoCard, Prod=2",Adult,0.0633,0.4451,0.0317,0.5007898894154819,1.1251177025735382,0.003525170000000001,1.1115560126582278,0.11871901456856226
"Inactive, NoCard, Prod=2",Retained,0.0633,0.7963,0.0567,0.8957345971563981,1.1248707737742034,0.0062942100000000015,1.9536681818181825,0.118510723506987
"Fair, Inactive, Prod=2",Retained,0.0719,0.7963,0.0644,0.8956884561891515,1.1248128295732154,0.007146029999999991,1.952803999999998,0.11955952888456399
"Adult, France, MedSal",Retained,0.0623,0.7963,0.0558,0.8956661316211878,1.1247847941996583,0.006190510000000003,1.9523861538461538,0.1183118688562689
"Active, Adult, Fair",Retained,0.0727,0.7963,0.0651,0.8954607977991748,1.1245269343201993,0.007208990000000005,1.948551315789475,0.11941892977365376
"France, Medium, Retained",Active,0.0537,0.5151,0.0311,0.5791433891992551,1.1243319534056593,0.0034391299999999986,1.1521738938053097,0.1168582460100992
"Active, Fair, France",Prod=2,0.0843,0.459,0.0435,0.5160142348754448,1.1242140193364811,0.0048062999999999925,1.117801470588235,0.12066141222279526
"Adult, Poor, Retained",Prod=2,0.094,0.459,0.0485,0.5159574468085106,1.1240902980577574,0.005353999999999998,1.1176703296703294,0.12184520152022024
"LowSal, Zero","HasCard, Retained",0.0915,0.5631,0.0579,0.6327868852459017,1.1237557898169093,0.006376349999999996,1.1897723214285714,0.12121842928473447
"High, Middle, Prod=1",Inactive,0.0602,0.4849,0.0328,0.5448504983388706,1.1236347666299662,0.0036090200000000044,1.131716058394161,0.11707926959031255
"Germany, Inactive",Prod=1,0.1261,0.5084,0.072,0.570975416336241,1.123083037640128,0.00789076000000001,1.1458550831792975,0.12540781426809594
Senior,Active,0.0797,0.5151,0.0461,0.5784190715181933,1.1229257843490454,0.005046530000000007,1.1501943452380954,0.11894947016947004
"Germany, Middle",Prod=1,0.0678,0.5084,0.0387,0.5707964601769911,1.1227310389004548,0.004230480000000002,1.145377319587629,0.11726531718748186
"Adult, Poor, Retained",France,0.094,0.5014,0.0529,0.5627659574468086,1.1223892250634395,0.005768400000000007,1.1403503649635038,0.12035704002303498
"Adult, Fair, LowSal",Retained,0.0367,0.7963,0.0328,0.8937329700272479,1.1223571141871755,0.003575789999999999,1.9168692307692303,0.11317137735376102
"Active, NoCard, Retained",Prod=2,0.1291,0.459,0.0665,0.5151045701006972,1.1222321788686214,0.007243100000000002,1.1157044728434504,0.12506464231539927
"LowSal, Prod=1, Retained",Active,0.091,0.5151,0.0526,0.5780219780219781,1.1221548787070046,0.005725899999999999,1.1491119791666669,0.11975513140667678
"Adult, HasCard, Medium",Retained,0.0451,0.7963,0.0403,0.893569844789357,1.1221522601900753,0.004386870000000001,1.9139312499999996,0.1139965807808075
"Active, France, HasCard",Retained,0.1826,0.7963,0.1631,0.893209200438116,1.1216993600880523,0.017695619999999995,1.907467692307691,0.13273247396411914
"Active, MedSal, Retained",Prod=2,0.1137,0.459,0.0585,0.5145118733509235,1.1209409005466744,0.006311700000000003,1.1143423913043478,0.12173339466581039
"Active, Spain",Retained,0.1312,0.7963,0.1171,0.892530487804878,1.1208470272571618,0.012625439999999988,1.8954212765957434,0.12409943807766877
"Active, Fair, Zero",Retained,0.0623,0.7963,0.0556,0.8924558587479935,1.1207533074820966,0.0059905099999999975,1.8941059701492522,0.11490133903328438
"Active, Middle, Prod=2",Retained,0.0491,0.7963,0.0438,0.8920570264765785,1.1202524506801186,0.004701669999999998,1.8871075471698124,0.11288680610678367
"Adult, NoCard, Retained",Prod=2,0.1136,0.459,0.0584,0.5140845070422535,1.1200098192641688,0.006257599999999995,1.1133623188405795,0.12088299292814392
"Inactive, Prod=2, VeryHighSal",Retained,0.0545,0.7963,0.0486,0.891743119266055,1.1198582434585647,0.005201649999999995,1.881635593220338,0.11319919131776457
"Prod=1, Youth",Retained,0.091,0.7963,0.0811,0.8912087912087913,1.1191872299495056,0.008636700000000011,1.8723939393939402,0.11715561198536638
"Inactive, Poor, Prod=2",Retained,0.0523,0.7963,0.0466,0.8910133843212238,1.118941836394856,0.004953510000000001,1.8690368421052646,0.11216471230777386
"HasCard, Youth",Prod=2,0.14,0.459,0.0719,0.5135714285714286,1.1188920012449424,0.007639999999999994,1.112187958883994,0.12355661933564048
"Germany, Prod=2","HasCard, Retained",0.104,0.5631,0.0655,0.6298076923076924,1.1184650902285427,0.006937600000000002,1.1801974025974027,0.1182115594329335
"High, Youth",Retained,0.0704,0.7963,0.0627,0.890625,1.1184541002134873,0.006640480000000004,1.8623999999999998,0.11392940181779757
"Adult, Fair, NoCard",Retained,0.0411,0.7963,0.0366,0.8905109489051095,1.118310873923282,0.0038720700000000052,1.8604600000000002,0.1103287749453354
"Fair, Middle",Inactive,0.0806,0.4849,0.0437,0.5421836228287841,1.1181349202490907,0.004617059999999999,1.1251235772357722,0.11491575691837624
"Adult, France, VeryHighSal",Retained,0.0547,0.7963,0.0487,0.890310786106033,1.1180595078563769,0.005142390000000004,1.857065000000001,0.11170339978768846
"Adult, MedSal, NoCard",Retained,0.0337,0.7963,0.03,0.8902077151335311,1.1179300704929438,0.0031646899999999978,1.8553216216216213,0.10916865017765351
"Active, France","HasCard, Retained",0.2591,0.5631,0.1631,0.6294866846777306,1.1178950180744638,0.017200789999999994,1.1791748958333332,0.14234258150745285
"HasCard, Prod=1, Youth",Retained,0.0654,0.7963,0.0582,0.8899082568807339,1.11755400838972,0.006121979999999999,1.850275,0.11254938989280379
"Inactive, Middle",Prod=1,0.1226,0.5084,0.0696,0.567699836867863,1.1166401197243567,0.007270159999999998,1.1371728301886792,0.11905211059845046
"Active, High, Prod=2",Retained,0.0631,0.7963,0.0561,0.8890649762282091,1.1164950097051478,0.005853469999999993,1.8362099999999988,0.11136719895266528
"France, Middle, Prod=1",Inactive,0.0556,0.4849,0.0301,0.5413669064748201,1.1164506217257582,0.0031395599999999996,1.12312,0.1104450645244357
"Adult, Medium",Retained,0.0655,0.7963,0.0582,0.8885496183206106,1.115847819063934,0.006042350000000002,1.8277191780821909,0.11109732127918161
"Good, HasCard, Retained",Active,0.1371,0.5151,0.0788,0.574762946754194,1.1158278911943196,0.008179789999999992,1.1403051457975986,0.1202971857971554
"Middle, VeryHighSal",Inactive,0.0597,0.4849,0.0323,0.541038525963149,1.115773408874302,0.0033514700000000022,1.1223164233576641,0.11034848571152944
"NoCard, Retained, Spain",Prod=2,0.0621,0.459,0.0318,0.5120772946859904,1.1156368075947503,0.0032960999999999997,1.1087821782178218,0.1105138537117245
"Adult, Fair, Spain",Retained,0.0367,0.7963,0.0326,0.8882833787465938,1.1155134732470096,0.003375789999999993,1.8233634146341429,0.10749697964372193
"Active, Exceptional",Retained,0.0349,0.7963,0.031,0.8882521489971347,1.1154742546742868,0.0032091299999999975,1.8228538461538462,0.10726383025660044
"Active, MedSal","HasCard, Retained",0.1312,0.5631,0.0824,0.6280487804878049,1.1153414677460571,0.008521279999999992,1.1746163934426228,0.11903037780042543
"Active, Youth",Prod=2,0.1006,0.459,0.0515,0.5119284294234593,1.1153124824040508,0.005324599999999999,1.1084439918533604,0.11495473789430277
"Active, LowSal, Retained",Prod=2,0.109,0.459,0.0558,0.5119266055045871,1.1153085087245906,0.005769000000000003,1.10843984962406,0.11603490098113761
"Active, Elderly",Retained,0.0375,0.7963,0.0333,0.8880000000000001,1.1151576039181215,0.0034387500000000043,1.8187500000000019,0.10728910728910741
"LowSal, Middle",Prod=1,0.0538,0.5084,0.0305,0.5669144981412639,1.1150953936688905,0.003148080000000001,1.135110729613734,0.10908448288408165
"Adult, HighSal","HasCard, Retained",0.1134,0.5631,0.0712,0.6278659611992945,1.1150168019877365,0.007344459999999997,1.1740393364928907,0.11634618552886036
"HasCard, High, Youth",Retained,0.0505,0.7963,0.0448,0.887128712871287,1.114063434473549,0.0045868499999999965,1.8047105263157879,0.10783048408937025
"Good, Zero","HasCard, Retained",0.0896,0.5631,0.0562,0.6272321428571429,1.1138912144506177,0.00574624,1.1720431137724552,0.11230916448285998
"Adult, HasCard, VeryHighSal",Retained,0.0724,0.7963,0.0642,0.8867403314917125,1.1135757019863273,0.006547879999999985,1.7985219512195088,0.10995245829185668
"Fair, Germany, High",Prod=1,0.056,0.5084,0.0317,0.5660714285714286,1.1134371136338093,0.003229599999999999,1.1329053497942387,0.10792386248195475
"HasCard, Senior",Active,0.0546,0.5151,0.0313,0.5732600732600732,1.1129102567658187,0.003175540000000001,1.136289270386266,0.10731431359919329
"Adult, NoCard",Retained,0.1282,0.7963,0.1136,0.8861154446177847,1.1127909639806413,0.011514339999999998,1.7886534246575339,0.1162636232628623
"Active, France, MedSal",Retained,0.0691,0.7963,0.0612,0.8856729377713459,1.1122352602930377,0.006175670000000001,1.7817303797468362,0.10840008650002775
"Adult, Good, HasCard",Prod=2,0.0762,0.459,0.0389,0.5104986876640419,1.112197576610113,0.003924199999999996,1.1052064343163537,0.10920023530839136
"HighSal, Poor",Inactive,0.0638,0.4849,0.0344,0.5391849529780565,1.1119508207425375,0.003463380000000002,1.1178020408163267,0.10754075108181024
"Medium, Prod=2",Retained,0.0496,0.7963,0.0439,0.8850806451612904,1.111491454428344,0.004403520000000001,1.7725473684210533,0.10554290053151102
"Active, France",Retained,0.2591,0.7963,0.2293,0.8849864917020456,1.1113732157504026,0.022978670000000007,1.7710963087248326,0.13525746347439796
"Adult, Good, HasCard",Retained,0.0762,0.7963,0.0674,0.884514435695538,1.1107804039878664,0.006721939999999996,1.7638568181818173,0.10795848395512529
"Active, Spain","HasCard, Retained",0.1312,0.5631,0.082,0.625,1.1099271887764162,0.008121279999999995,1.1650666666666665,0.11399631675874762
"Germany, High, Retained",Active,0.1006,0.5151,0.0575,0.5715705765407555,1.1096303174932158,0.005680940000000002,1.1318083526682134,0.10984985159188256
"Active, Adult, High",Retained,0.085,0.7963,0.0751,0.8835294117647058,1.1095434029445006,0.0074144999999999905,1.7489393939393925,0.10789984938115287
"Adult, Fair","HasCard, Retained",0.1476,0.5631,0.0922,0.6246612466124661,1.109325602224234,0.009086439999999987,1.1640151624548736,0.1156163889937915
"Active, France, HighSal",Retained,0.0667,0.7963,0.0589,0.8830584707646177,1.1089519914160715,0.005786790000000007,1.7418961538461546,0.10526916101963635
"Active, France, High",Retained,0.0752,0.7963,0.0664,0.8829787234042553,1.1088518440339763,0.006518239999999995,1.7407090909090908,0.10614864301496636
"Active, Good, Retained",Prod=2,0.1107,0.459,0.0563,0.5085817524841915,1.108021247242247,0.005488699999999999,1.100895220588235,0.10962580783297136
"Inactive, Poor, Retained",France,0.0864,0.5014,0.048,0.5555555555555556,1.1080086867881045,0.004679040000000002,1.1218500000000002,0.10669877408056049
Adult,"HasCard, Retained",0.4451,0.5631,0.2777,0.6239047405077511,1.1079821355136763,0.027064189999999988,1.1616737753882915,0.17563231635295792
"Adult, LowSal",Retained,0.1086,0.7963,0.0958,0.8821362799263351,1.1077938966800642,0.009321819999999995,1.7282671874999995,0.1091597604200284
"Adult, HighSal",Retained,0.1134,0.7963,0.1,0.8818342151675486,1.1074145613054736,0.00969958,1.7238492537313441,0.1094019851116625
"Adult, Inactive, Spain",Retained,0.0549,0.7963,0.0484,0.8816029143897997,1.1071240919123442,0.004683130000000001,1.7204815384615386,0.10237951994235601
"Active, NoCard, Zero",Retained,0.0531,0.7963,0.0468,0.8813559322033898,1.1068139296790027,0.004516470000000002,1.7168999999999996,0.10191759344256972
"Adult, France, Inactive",Retained,0.118,0.7963,0.104,0.8813559322033898,1.1068139296790027,0.010036599999999993,1.7168999999999996,0.10941697191697185
"MedSal, Zero","HasCard, Retained",0.0921,0.5631,0.0574,0.6232356134636264,1.106793843835245,0.005538489999999993,1.159610662824207,0.10627753367364196
"Adult, Good",Retained,0.1051,0.7963,0.0926,0.8810656517602283,1.1064493931435744,0.00890887,1.7127095999999995,0.10750709504084459
"Active, Good","HasCard, Retained",0.1265,0.5631,0.0788,0.6229249011857707,1.1062420550271188,0.007567849999999987,1.1586551362683435,0.10994700124070544
"Adult, VeryGood",Retained,0.0554,0.7963,0.0488,0.8808664259927799,1.1061992038085895,0.004684980000000005,1.7098454545454558,0.10163422456552008
"Adult, Medium, Prod=1",Retained,0.0419,0.7963,0.0369,0.8806682577565633,1.1059503425299049,0.0035350300000000015,1.707006000000001,0.09998984553043531
"Fair, Zero","HasCard, Retained",0.1198,0.5631,0.0746,0.6227045075125208,1.10585066153884,0.007140619999999986,1.1579783185840706,0.10874661072032718
"Active, Poor, Retained",Prod=2,0.0999,0.459,0.0507,0.5075075075075075,1.1056808442429358,0.0048459,1.0984939024390243,0.10618806983313492
"HasCard, MedSal, Retained",Active,0.1447,0.5151,0.0824,0.5694540428472702,1.1055213411905846,0.007865030000000009,1.1262444622792938,0.11159756015887246
"HighSal, NoCard, Retained",Prod=2,0.0611,0.459,0.031,0.5073649754500819,1.10537031688471,0.0029550999999999987,1.0981760797342193,0.10152924321185736
"Adult, Poor",Retained,0.1068,0.7963,0.094,0.8801498127340823,1.1052992750647774,0.00895515999999999,1.699621874999999,0.10665882173585756
"High, Retained, VeryHighSal",Active,0.0708,0.5151,0.0403,0.5692090395480226,1.1050456989866484,0.0038309200000000015,1.1256039344262294,0.10230310980175591
"Adult, MedSal","HasCard, Retained",0.1178,0.5631,0.0733,0.6222410865874364,1.1050276799634813,0.006966819999999999,1.1565577528089888,0.10773667344722651
"High, Prod=1, Youth",Retained,0.0474,0.7963,0.0417,0.879746835443038,1.1047932129135225,0.003955380000000001,1.693926315789474,0.0995729974911526
"Adult, HasCard, LowSal",Prod=2,0.0787,0.459,0.0399,0.5069885641677255,1.104550248731428,0.003776699999999994,1.0973376288659793,0.10273975397627885
"France, LowSal, Zero",Retained,0.0606,0.7963,0.0533,0.8795379537953796,1.1045308976458366,0.005044220000000002,1.690989041095891,0.10074331905599403
"Germany, Prod=2, Retained",Active,0.0914,0.5151,0.052,0.5689277899343544,1.1044996892532604,0.004919859999999998,1.124869543147208,0.10413019184205621
"Active, HasCard, Medium",Retained,0.0531,0.7963,0.0467,0.879472693032015,1.104448942649774,0.004416469999999999,1.6900734374999995,0.09987442399101042
"Inactive, Retained, Youth",France,0.0865,0.5014,0.0479,0.553757225433526,1.104422069073646,0.004528900000000002,1.1173290155440416,0.10350198198445272
"Good, Retained",Active,0.1946,0.5151,0.1107,0.5688591983556013,1.1043665275783368,0.010461540000000005,1.1246905840286057,0.11733737650264514
"Adult, HasCard, VeryGood",Retained,0.0381,0.7963,0.0335,0.8792650918635171,1.1041882354182055,0.003160969999999999,1.6871673913043481,0.09809472235454392
Adult,Retained,0.4451,0.7963,0.3913,0.8791282857784767,1.1040164332267697,0.036866869999999996,1.6852578066914488,0.16978983833686337
"High, Prod=1, Spain",Retained,0.0512,0.7963,0.045,0.8789062499999999,1.1037375988948888,0.004229439999999994,1.6821677419354824,0.09905939666479283
"Germany, High",Prod=1,0.1652,0.5084,0.0927,0.5611380145278451,1.1037333094568158,0.00871232000000001,1.1201699310344828,0.11258269587920094
"France, Good, Retained",Active,0.1036,0.5151,0.0589,0.5685328185328186,1.1037329033834566,0.005535640000000001,1.1238398210290828,0.10484571752393466
"Germany, Prod=2",Retained,0.104,0.7963,0.0914,0.8788461538461538,1.1036621296573577,0.008584800000000004,1.6813333333333331,0.10482768052516417
"Active, France, Medium",Retained,0.0354,0.7963,0.0311,0.8785310734463276,1.1032664491351596,0.002910979999999997,1.676972093023255,0.09703570711882295
"HasCard, Retained, Spain",Active,0.1443,0.5151,0.082,0.5682605682605683,1.1032043647069856,0.007671070000000002,1.12313113964687,0.10932527070975982
"Medium, Retained",Active,0.1209,0.5151,0.0687,0.5682382133995038,1.103160965636777,0.0064244099999999985,1.123072988505747,0.10637467159495691
"Adult, LowSal, Prod=2",France,0.0546,0.5014,0.0302,0.5531135531135531,1.1031383189340909,0.0028235600000000027,1.1157196721311478,0.09889503304253297
"France, Zero","HasCard, Retained",0.2418,0.5631,0.1502,0.6211745244003309,1.1031335897714987,0.01404242,1.1533015283842796,0.12330714591043825
"NoCard, Prod=1, Retained",Active,0.1088,0.5151,0.0618,0.568014705882353,1.1027270547123917,0.0057571200000000045,1.1224919148936172,0.10453016332293327
"HighSal, NoCard, Retained",Active,0.0611,0.5151,0.0347,0.5679214402618659,1.102545991578074,0.0032273900000000036,1.1222496212121214,0.09906098343668472
"Active, Fair, France",Retained,0.0843,0.7963,0.074,0.8778173190984578,1.102370110634758,0.006871909999999995,1.667175728155339,0.10141274287282799
"MedSal, Prod=1, Retained",Active,0.0951,0.5151,0.054,0.5678233438485805,1.1023555500846058,0.005013989999999996,1.121994890510949,0.10260986481010785
"Inactive, LowSal, Retained",France,0.0874,0.5014,0.0483,0.5526315789473684,1.1021770621207987,0.004477640000000005,1.1145176470588234,0.10158312722415298
"Adult, Fair, France",Prod=2,0.0767,0.459,0.0388,0.5058670143415906,1.1021067850579316,0.0035946999999999993,1.0948469656992084,0.10034323320317862
"Fair, Germany, Retained",Active,0.0585,0.5151,0.0332,0.5675213675213675,1.1017693021187487,0.003066649999999997,1.1212114624505929,0.09810831216528344
"HasCard, Prod=1, Zero",Inactive,0.0657,0.4849,0.0351,0.5342465753424658,1.1017664989533218,0.0032420699999999997,1.10595,0.0988618930393521
"Adult, HasCard, Spain",Prod=2,0.0791,0.459,0.04,0.5056890012642224,1.1017189570026633,0.0036930999999999978,1.0944526854219947,0.10025789988055157
"Inactive, Prod=1, Retained",France,0.1597,0.5014,0.0882,0.5522855353788353,1.1014869074169034,0.00812642000000001,1.1136562237762238,0.10964688941941975
"Retained, Spain",Active,0.2064,0.5151,0.1171,0.5673449612403101,1.1014268321496992,0.010783359999999992,1.1207543113101903,0.11603674829894485
"Adult, MedSal",Retained,0.1178,0.7963,0.1033,0.8769100169779287,1.1012307132712906,0.009495859999999995,1.654886896551724,0.10419981025171818
"Adult, HasCard, LowSal",Retained,0.0787,0.7963,0.069,0.8767471410419314,1.101026172349531,0.00633119,1.6527000000000003,0.09959446088309368
"Germany, Prod=1",Inactive,0.1349,0.4849,0.072,0.5337286879169755,1.100698469616365,0.006586990000000001,1.1047216216216216,0.1057519040830219
"Germany, Youth",Retained,0.0453,0.7963,0.0397,0.8763796909492274,1.1005647255421667,0.0036276099999999964,1.6477875000000004,0.09571128810163364
"Active, Good, NoCard",Retained,0.0364,0.7963,0.0319,0.8763736263736263,1.100557109598928,0.002914679999999996,1.647706666666665,0.0948207544591792
"Adult, HasCard",Retained,0.3169,0.7963,0.2777,0.8763016724518775,1.1004667492802682,0.025352529999999984,1.6467482142857135,0.13364759260392636
"Fair, LowSal, Retained",Prod=2,0.0685,0.459,0.0346,0.5051094890510949,1.1004564031614268,0.0031584999999999946,1.0931710914454276,0.09799906298188933
"Fair, HighSal, Retained",Active,0.0674,0.5151,0.0382,0.5667655786350148,1.1003020357891957,0.003482259999999994,1.1192554794520546,0.09774677111672245
"Germany, Poor",Prod=1,0.059,0.5084,0.033,0.5593220338983051,1.1001613569990267,0.0030044000000000043,1.1155538461538463,0.09675071651692281
"Adult, HasCard, Poor",Retained,0.0749,0.7963,0.0656,0.875834445927904,1.0998800024210775,0.005957130000000012,1.640551612903228,0.09816226195717818
Zero,"HasCard, Retained",0.3617,0.5631,0.224,0.6192977605750621,1.099800675856974,0.020326729999999987,1.1476160493827157,0.1421656436740448
"High, LowSal, Retained",Active,0.0662,0.5151,0.0375,0.5664652567975831,1.0997189998011707,0.0034003800000000015,1.1184801393728223,0.0971051617048619
"Adult, VeryHighSal",Retained,0.1053,0.7963,0.0922,0.8755935422602089,1.0995774736408501,0.008349609999999993,1.637374809160305,0.10121801876415139
"Active, Good",Retained,0.1265,0.7963,0.1107,0.8750988142292491,1.0989561901660794,0.009968050000000006,1.6308892405063298,0.10308599746940043
"Active, HasCard, Youth",Prod=2,0.0708,0.459,0.0357,0.5042372881355932,1.098556183301946,0.0032027999999999987,1.091247863247863,0.09655002767357476
"Germany, LowSal",Prod=1,0.0616,0.5084,0.0344,0.5584415584415584,1.0984295012619167,0.003082559999999998,1.113329411764706,0.09549158389341576
"Active, France, VeryHighSal",Retained,0.0606,0.7963,0.053,0.8745874587458745,1.098314025801676,0.00474422,1.6242394736842094,0.09528804013802468
"Active, Good, HasCard",Retained,0.0901,0.7963,0.0788,0.8745837957824639,1.098309425822509,0.007053369999999989,1.62419203539823,0.09837319658600278
"Germany, HasCard, Prod=2",Retained,0.0749,0.7963,0.0655,0.8744993324432577,1.0982033560759232,0.005857130000000009,1.6230989361702133,0.09666180095240388
"Prod=1, Retained",Active,0.3675,0.5151,0.2078,0.5654421768707484,1.0977328225019383,0.01850075000000001,1.115846900438322,0.1407612975382989
"NoCard, Retained, Spain",Active,0.0621,0.5151,0.0351,0.5652173913043478,1.0972964304103043,0.0031122899999999967,1.11527,0.09454017567888974
"LowSal, Spain","HasCard, Retained",0.0615,0.5631,0.038,0.6178861788617886,1.097293871180587,0.00336935,1.1433765957446809,0.09447746964641225
"HighSal, Middle",Prod=1,0.0597,0.5084,0.0333,0.5577889447236181,1.0971458393462197,0.002948520000000003,1.1116863636363636,0.09416584509639926
"Active, France, Poor",Retained,0.0608,0.7963,0.0531,0.8733552631578948,1.0967666245860792,0.004684960000000002,1.6084363636363643,0.09394058973939438
"Adult, Fair, VeryHighSal",Retained,0.0355,0.7963,0.031,0.8732394366197184,1.096621168679792,0.0027313500000000004,1.6069666666666673,0.0913510259368886
"Adult, Good",Prod=2,0.1051,0.459,0.0529,0.5033301617507137,1.0965798730952367,0.004659099999999999,1.0892547892720306,0.09841739189581118
"HasCard, Middle, Prod=2",Retained,0.0654,0.7963,0.0571,0.8730886850152905,1.096431853591976,0.005021979999999995,1.6050578313253006,0.09410508555501788
"Adult, MedSal, Prod=1",Inactive,0.057,0.4849,0.0303,0.531578947368421,1.0962651007804105,0.0026606999999999985,1.0996516853932583,0.09311970433522669
"HasCard, High, Retained",Active,0.1987,0.5151,0.1122,0.5646703573225968,1.0962344347167479,0.009849629999999998,1.1138685549132947,0.10955492778779936
"Active, HasCard, MedSal",Retained,0.0944,0.7963,0.0824,0.8728813559322034,1.0961714880474738,0.007229280000000005,1.60244,0.09687939551957192
"Adult, Fair",Retained,0.1476,0.7963,0.1288,0.8726287262872628,1.0958542336898942,0.01126611999999999,1.5992617021276592,0.1026159969220993
"Adult, Inactive, Poor",France,0.0546,0.5014,0.03,0.5494505494505494,1.0958327671530703,0.0026235600000000005,1.106648780487805,0.09250264438332984
"Inactive, Retained, VeryHighSal",France,0.087,0.5014,0.0478,0.5494252873563219,1.0957823840373393,0.004178200000000007,1.1065867346938778,0.09573936674808797
"HasCard, Prod=1, Retained",Active,0.2587,0.5151,0.146,0.5643602628527251,1.0956324264273445,0.012743630000000006,1.1130756876663708,0.11774603667381817
"Adult, LowSal",Prod=2,0.1086,0.459,0.0546,0.5027624309392266,1.0953429867957005,0.004752600000000003,1.088011111111111,0.0976485932734531
"High, Spain",Active,0.0702,0.5151,0.0396,0.5641025641025642,1.0951321376481542,0.003439980000000002,1.1124176470588238,0.0934267388881285
"Active, Fair, Spain",Retained,0.0453,0.7963,0.0395,0.8719646799116998,1.0950203188643723,0.0034276099999999976,1.5909672413793103,0.0908923606461304
"Fair, Germany, Prod=2",Retained,0.0359,0.7963,0.0313,0.871866295264624,1.0948967666264273,0.0027128299999999994,1.5897456521739135,0.08989926873148588
"NoCard, Retained, VeryHighSal",Active,0.0564,0.5151,0.0318,0.5638297872340426,1.09460257665316,0.0027483600000000018,1.1117219512195124,0.09159221608132649
"Adult, HasCard, MedSal",Retained,0.0841,0.7963,0.0733,0.8715814506539835,1.094539056453577,0.006331170000000011,1.5862194444444464,0.09430439676671677
"Fair, France, MedSal",HasCard,0.0417,0.7055,0.0322,0.7721822541966427,1.0945177238790116,0.002780649999999999,1.2926999999999997,0.09011331531056221
"France, MedSal, Prod=2",Active,0.0596,0.5151,0.0336,0.5637583892617449,1.0944639667282954,0.002900039999999996,1.11154,0.09178085313240554
"Adult, HasCard, HighSal",Retained,0.0817,0.7963,0.0712,0.8714810281517749,1.094412945060624,0.006142290000000009,1.584980000000001,0.09394328430526866
"Adult, Inactive, NoCard",Retained,0.066,0.7963,0.0575,0.8712121212121212,1.0940752495442938,0.004944200000000003,1.5816705882352942,0.09206219160227173
"MedSal, Retained, Zero",Active,0.0795,0.5151,0.0448,0.5635220125786163,1.0940050719833359,0.00384955,1.1109380403458213,0.09334867502133934
"LowSal, Zero",Retained,0.0915,0.7963,0.0797,0.8710382513661201,1.093856902381163,0.006838549999999999,1.579538135593219,0.09444539201421952
"HasCard, Poor, Prod=1",Inactive,0.0873,0.4849,0.0463,0.5303550973654066,1.0937411783159552,0.003968230000000003,1.0967860975609756,0.09390480053367405
"Good, Zero",Retained,0.0896,0.7963,0.078,0.8705357142857143,1.093225812238747,0.006651519999999994,1.5734068965517243,0.0936686043891667
"Middle, Prod=2",Retained,0.095,0.7963,0.0827,0.8705263157894736,1.0932140095309224,0.007051499999999988,1.5732926829268281,0.09421659863581994
"Adult, High, NoCard",Retained,0.0494,0.7963,0.043,0.8704453441295545,1.093112324663512,0.0036627799999999974,1.5723093749999986,0.08960754284931421
"Spain, Zero","HasCard, Retained",0.1199,0.5631,0.0738,0.6155129274395329,1.0930792531336049,0.006284310000000001,1.136319088937093,0.09675406434782449
"Active, France, VeryHighSal",Prod=2,0.0606,0.459,0.0304,0.5016501650165016,1.0929197494912888,0.0025845999999999994,1.0855827814569534,0.09050429725580715
"Adult, Medium","HasCard, Retained",0.0655,0.5631,0.0403,0.6152671755725191,1.0926428264473789,0.003416949999999995,1.1355932539682538,0.0907307021841272
"HasCard, Poor, Zero",Retained,0.0608,0.7963,0.0529,0.8700657894736843,1.0926356768475252,0.004484960000000003,1.5677164556962035,0.09027028593695159
"Good, HasCard, Zero",Retained,0.0646,0.7963,0.0562,0.869969040247678,1.0925141783846264,0.004759019999999996,1.5665499999999992,0.09052819240365313
"Fair, MedSal, Prod=1",HasCard,0.0414,0.7055,0.0319,0.7705314009661836,1.0921777476487364,0.002692299999999998,1.2833999999999999,0.0880431036117849
"HasCard, MedSal, Zero",Retained,0.066,0.7963,0.0574,0.8696969696969696,1.092172509979869,0.0048442,1.563279069767441,0.09035731073125966
"France, MedSal, Retained",Active,0.1088,0.5151,0.0612,0.5625,1.0920209668025627,0.005157120000000001,1.108342857142857,0.09455415918611612
"Middle, Poor",Prod=1,0.0553,0.5084,0.0307,0.5551537070524413,1.0919624450284053,0.002585480000000001,1.1051008130081303,0.0891474431846589
"France, Good, Zero",Retained,0.059,0.7963,0.0513,0.8694915254237289,1.0919145113948623,0.004318299999999997,1.5608181818181825,0.08945524751777892
"High, Prod=1, Retained",Active,0.1839,0.5151,0.1034,0.5622620989668298,1.0915591127292366,0.008673109999999998,1.1077404968944098,0.10278055013264242
"HighSal, Poor",Prod=1,0.0638,0.5084,0.0354,0.554858934169279,1.09138263998678,0.002964080000000008,1.104369014084507,0.08943716454425113
"High, Prod=2, Retained",Active,0.0998,0.5151,0.0561,0.5621242484969939,1.0912914938788467,0.004693019999999999,1.10739176201373,0.09292884409525154
"Adult, Spain",Prod=2,0.1118,0.459,0.056,0.5008944543828265,1.0912733210954826,0.004683800000000002,1.0839390681003584,0.09416717598996369
"High, Retained",Active,0.2843,0.5151,0.1598,0.5620823074217376,1.0912100707080907,0.013357069999999999,1.107285702811245,0.11678939529518785
"Active, NoCard, Spain",Retained,0.0404,0.7963,0.0351,0.8688118811881188,1.0910610086501555,0.002929479999999998,1.552732075471698,0.08697474850038414
"Adult, LowSal, Retained",France,0.0958,0.5014,0.0524,0.546972860125261,1.0908912248210232,0.0043658800000000095,1.1005963133640555,0.09214589760084847
"Adult, Poor","HasCard, Retained",0.1068,0.5631,0.0656,0.6142322097378278,1.0908048476963732,0.005460919999999994,1.1325466019417476,0.09319943093071761
"Active, Adult, Prod=1",Retained,0.1079,0.7963,0.0937,0.8683966635773865,1.0905395750061366,0.007779230000000012,1.54783309859155,0.0930643785716842
"Adult, Inactive, Retained",France,0.1902,0.5014,0.104,0.5467928496319663,1.0905322090785128,0.008633719999999998,1.1001591647331785,0.10251486596880519
"Germany, Retained",Active,0.1695,0.5151,0.0952,0.5616519174041298,1.0903745241780816,0.007890549999999996,1.1061985195154778,0.09980003440268334
"VeryHighSal, Zero","HasCard, Retained",0.0873,0.5631,0.0536,0.6139747995418099,1.0903477171760074,0.004441369999999993,1.1317913946587537,0.09078709389395727
"Active, HasCard, HighSal",Retained,0.0903,0.7963,0.0784,0.8682170542635658,1.0903140201727561,0.006494109999999997,1.5457235294117633,0.09105533221313146
"Adult, France, Prod=1",Retained,0.1138,0.7963,0.0988,0.8681898066783831,1.0902798024342373,0.008181060000000004,1.5454039999999993,0.09343743061627827
"Prod=2, Retained, Youth",France,0.0997,0.5014,0.0545,0.5466399197592778,1.090227203349178,0.004510420000000008,1.0997880530973452,0.09192491391758319
"Active, Adult, HasCard",Prod=2,0.1593,0.459,0.0797,0.5003138731952291,1.0900084383338324,0.006581299999999998,1.082679648241206,0.098222802023587
Middle,Inactive,0.232,0.4849,0.1226,0.528448275862069,1.089808776782984,0.010103199999999993,1.0923510054844607,0.10730186242523103
"Active, Prod=1, Spain",Retained,0.0673,0.7963,0.0584,0.8677563150074294,1.0897354200771436,0.0048090100000000024,1.5403382022471912,0.08828783279064614
"Adult, Fair, MedSal",Retained,0.0393,0.7963,0.0341,0.8676844783715012,1.0896452070469687,0.0028054099999999943,1.5395019230769222,0.08563556570889917
"NoCard, Poor, Retained",France,0.0557,0.5014,0.0304,0.5457809694793537,1.0885140994801632,0.002472020000000002,1.097708300395257,0.08611293801590714
"HasCard, Medium, Retained",Active,0.0833,0.5151,0.0467,0.5606242496998799,1.0883794403026206,0.0037921699999999975,1.1036112021857922,0.08858163382339918
"Active, MedSal",Retained,0.1312,0.7963,0.1137,0.8666158536585364,1.0883032194631879,0.009225439999999988,1.5271679999999983,0.09339138406617513
"Poor, Prod=1, Retained",France,0.0887,0.5014,0.0484,0.5456595264937993,1.0882718916908642,0.0039258200000000035,1.097414888337469,0.08900689506317837
"Inactive, NoCard, Retained",France,0.1041,0.5014,0.0568,0.5456292026897215,1.088211413421862,0.004604260000000006,1.097341649048626,0.0904798699553051
"France, HighSal, Prod=2",Active,0.0587,0.5151,0.0329,0.5604770017035775,1.088093577370564,0.0026636299999999967,1.103241472868217,0.0860101967239899
"Adult, Prod=1, Retained",France,0.1811,0.5014,0.0988,0.5455549420209829,1.0880633067829735,0.007996459999999997,1.0971623329283111,0.09883481494628667
"Active, HasCard",Retained,0.3607,0.7963,0.3125,0.8663709453839755,1.0879956616651707,0.025274589999999986,1.5243690871369284,0.12651132175817292
"HasCard, Spain, Zero",Retained,0.0852,0.7963,0.0738,0.8661971830985916,1.0877774495775356,0.0059552400000000005,1.5223894736842112,0.08820978240390186
"Germany, NoCard",Prod=1,0.0718,0.5084,0.0397,0.552924791086351,1.0875782672823584,0.003196879999999999,1.099591277258567,0.08675494999394834
"HasCard, MedSal, Retained",France,0.1447,0.5014,0.0789,0.5452660677263304,1.087487171372817,0.006347420000000006,1.096465349544073,0.09405930397164222
"France, LowSal, NoCard",Retained,0.0358,0.7963,0.031,0.8659217877094972,1.08743160581376,0.002492460000000002,1.5192625000000002,0.0833871971415381
"Adult, Fair, HasCard",Retained,0.1065,0.7963,0.0922,0.8657276995305165,1.087187868304052,0.007394049999999999,1.5170664335664348,0.08975463913270947
"Germany, Poor",Inactive,0.059,0.4849,0.0311,0.5271186440677966,1.0870667025526843,0.0024909000000000008,1.089279569892473,0.08511503463169443
"Active, Fair, MedSal",Retained,0.0424,0.7963,0.0367,0.8655660377358492,1.086984852110824,0.002936880000000003,1.515242105263159,0.0835672286984492
"Middle, Spain",Inactive,0.0575,0.4849,0.0303,0.5269565217391304,1.0867323607736243,0.0024182500000000003,1.08890625,0.08467929021018814
"Active, France, NoCard",Retained,0.0765,0.7963,0.0662,0.8653594771241829,1.0867254516189664,0.0052830499999999975,1.5129174757281545,0.08641513878143209
"France, HasCard, Middle",Inactive,0.0748,0.4849,0.0394,0.5267379679144384,1.0862816413991305,0.003129479999999997,1.088403389830508,0.08585000691303395
"Active, Adult, MedSal",France,0.0571,0.5014,0.0311,0.5446584938704028,1.0862754165743973,0.002470060000000003,1.0950023076923077,0.08423284667027472
"Active, MedSal, Prod=2",France,0.0617,0.5014,0.0336,0.5445705024311183,1.086099925072035,0.002663620000000002,1.0947907473309608,0.0844872692762494
"MedSal, Retained",Active,0.2033,0.5151,0.1137,0.5592720118052139,1.085754245399367,0.008980169999999996,1.1002251116071426,0.09913551712158294
"High, Middle",Inactive,0.091,0.4849,0.0479,0.5263736263736264,1.0855302668047564,0.0037741000000000025,1.0875661252900233,0.08667902280833517
"Adult, Prod=1, Spain",Retained,0.0538,0.7963,0.0465,0.8643122676579925,1.0854103574758163,0.0036590599999999987,1.5012410958904103,0.0831636676871606
"Prod=1, Retained, Zero",Active,0.0567,0.5151,0.0317,0.5590828924162258,1.085387094576249,0.002493829999999999,1.0997532,0.0833984056910082
"HasCard, Zero",Retained,0.2592,0.7963,0.224,0.8641975308641976,1.085266270079364,0.01759904000000001,1.499972727272728,0.10605715828448016
"Active, Medium",Retained,0.0795,0.7963,0.0687,0.8641509433962263,1.0852077651591439,0.00539415,1.4994583333333324,0.08529871509930288
"Spain, Zero",Retained,0.1199,0.7963,0.1036,0.8640533778148456,1.0850852415105432,0.008123629999999993,1.4983822085889558,0.08909603111966471
"Active, LowSal","HasCard, Retained",0.1272,0.5631,0.0777,0.6108490566037736,1.084796761860724,0.006073679999999998,1.1227006060606062,0.08956042594906019
"Fair, Retained, Spain",Active,0.0707,0.5151,0.0395,0.5586987270155587,1.084641287158918,0.003082430000000004,1.0987958333333332,0.08397310075502601
"Adult, Inactive, LowSal",Retained,0.0528,0.7963,0.0456,0.8636363636363636,1.0845615517221696,0.0035553600000000005,1.4938,0.08231463371266003
"HasCard, HighSal, Zero",Retained,0.0638,0.7963,0.0551,0.8636363636363638,1.0845615517221696,0.004296060000000004,1.4938000000000013,0.08328179988531473
"Germany, High, Prod=2",Active,0.0641,0.5151,0.0358,0.5585023400936037,1.084260027360908,0.002782089999999994,1.098307067137809,0.08303452417265114
"France, HasCard, Zero",Retained,0.174,0.7963,0.1502,0.8632183908045977,1.0840366580492249,0.01164380000000001,1.4892352941176472,0.0938522647769077
"MedSal, Zero",Retained,0.0921,0.7963,0.0795,0.8631921824104235,1.0840037453352047,0.006160769999999996,1.4889500000000004,0.08535517376820231
"High, Prod=2","HasCard, Retained",0.1157,0.5631,0.0706,0.6101987899740708,1.083641964081106,0.005449329999999988,1.1208277161862525,0.08728483245178144
"Prod=1, Retained, VeryHighSal",Active,0.086,0.5151,0.048,0.558139534883721,1.0835556879901398,0.0037014000000000075,1.097405263157895,0.08436816192560191
"Active, Medium, Prod=1",Retained,0.0524,0.7963,0.0452,0.8625954198473281,1.083254326067221,0.0034738799999999917,1.482483333333332,0.08110569038876024
"High, Prod=2",Retained,0.1157,0.7963,0.0998,0.8625756266205704,1.0832294695724858,0.007668090000000002,1.4822698113207544,0.08688744672427523
"Active, HasCard, LowSal",Retained,0.0901,0.7963,0.0777,0.8623751387347393,1.082977695258997,0.0059533699999999995,1.4801104838709684,0.08420699914270635
"HasCard, LowSal, Retained",Active,0.1393,0.5151,0.0777,0.5577889447236181,1.082875062557985,0.005946569999999998,1.0965352272727271,0.08891882471526943
"LowSal, NoCard, Retained",France,0.0571,0.5014,0.031,0.542907180385289,1.0827825695757658,0.0023700600000000037,1.0908068965517241,0.08108341116459529
"Adult, VeryHighSal","HasCard, Retained",0.1053,0.5631,0.0642,0.6096866096866096,1.0827323915585323,0.004905569999999984,1.119356934306569,0.08540376401425188
"HighSal, Prod=1, Retained",Active,0.0954,0.5151,0.0532,0.5576519916142557,1.0826091858168427,0.004059460000000001,1.0961957345971562,0.08435290636496173
"Poor, Retained",France,0.1863,0.5014,0.1011,0.5426731078904992,1.0823157317321483,0.007689180000000004,1.0902485915492959,0.093468345678184
Zero,Retained,0.3617,0.7963,0.3117,0.8617638927287806,1.0822100875659684,0.023678289999999935,1.4735657999999985,0.11901143411545244
"HasCard, VeryHighSal, Zero",Retained,0.0622,0.7963,0.0536,0.8617363344051447,1.082175479599579,0.00407014,1.4732720930232563,0.0809718999372937
"HasCard, LowSal, Zero",Retained,0.0672,0.7963,0.0579,0.8616071428571429,1.082013239805529,0.004388640000000006,1.471896774193549,0.08125738764119848
"Prod=2, Youth",France,0.1025,0.5014,0.0556,0.5424390243902439,1.0818488719390587,0.004206500000000002,1.0896908315565035,0.0842969078775977
"Active, HasCard, VeryHighSal",Retained,0.0859,0.7963,0.074,0.8614668218859137,1.081837023591503,0.005597829999999998,1.4704058823529398,0.08275500640121577
"Active, HasCard, MedSal",France,0.0944,0.5014,0.0512,0.5423728813559322,1.0817169552372004,0.0038678400000000043,1.0895333333333335,0.08341845185512377
"Retained, Youth",France,0.182,0.5014,0.0987,0.5423076923076923,1.0815869411800805,0.007445200000000013,1.0893781512605043,0.09221592189911407
"High, MedSal, Retained",Active,0.0736,0.5151,0.041,0.5570652173913044,1.081470039587079,0.0030886400000000036,1.0947435582822087,0.08131766291756191
"Active, Fair, LowSal",Retained,0.0432,0.7963,0.0372,0.861111111111111,1.0813903191147947,0.002799839999999998,1.4666399999999993,0.07866274679037646
"Adult, Poor",France,0.1068,0.5014,0.0579,0.5421348314606741,1.0812421848038973,0.004350480000000004,1.0889668711656442,0.08412205982332843
"France, Zero",Retained,0.2418,0.7963,0.2081,0.8606286186931349,1.0807844012220706,0.015554660000000026,1.4615626112759652,0.09858359748568638
"VeryGood, Zero",Retained,0.0416,0.7963,0.0358,0.8605769230769231,1.0807194814478502,0.0026739199999999963,1.461020689655173,0.07793249456729547
"HighSal, NoCard, Retained",France,0.0611,0.5014,0.0331,0.541734860883797,1.0804444772313462,0.002464459999999998,1.0880164285714284,0.07930022887875149
"France, MedSal","HasCard, Retained",0.1297,0.5631,0.0789,0.6083269082498072,1.0803177202092118,0.005865929999999991,1.1154710629921256,0.08542616090164255
"High, HighSal, Retained",Active,0.0737,0.5151,0.041,0.5563093622795116,1.080002644689403,0.003037129999999999,1.0928785932721714,0.07997014084358697
"Good, Prod=1, Retained",France,0.0905,0.5014,0.049,0.5414364640883979,1.0798493499968047,0.00362330000000001,1.08730843373494,0.08130280149442977
"Active, Fair","HasCard, Retained",0.1727,0.5631,0.105,0.6079907353792704,1.0797207163545912,0.0077526299999999965,1.1145144756277694,0.08924763861787911
"HasCard, Poor, Retained",France,0.1306,0.5014,0.0707,0.5413476263399694,1.0796721706022525,0.005217160000000012,1.0870978297161937,0.08487799386268136
"France, MedSal, Zero",Retained,0.062,0.7963,0.0533,0.8596774193548388,1.0795898773764143,0.0039293999999999996,1.4516551724137936,0.07859523076123003
"Fair, France, Zero",Retained,0.0798,0.7963,0.0686,0.8596491228070176,1.0795543423421041,0.005055259999999992,1.4513625,0.08008241331742422
"High, NoCard, Retained",Active,0.0856,0.5151,0.0476,0.5560747663551403,1.0795472070571546,0.0035074400000000075,1.0923010526315793,0.08058367704037012
"Adult, High, HighSal",Retained,0.0441,0.7963,0.0379,0.8594104308390024,1.0792545910322773,0.0027831700000000015,1.448898387096775,0.07682243398242443
"Active, Fair, HasCard",Retained,0.1222,0.7963,0.105,0.8592471358428805,1.0790495238514133,0.007692139999999986,1.4472174418604646,0.08345691067495564
"HighSal, Zero",Retained,0.0908,0.7963,0.078,0.8590308370044052,1.0787778940153274,0.00569596,1.4449968749999988,0.0803180028652972
"Adult, Inactive, Poor",Retained,0.0546,0.7963,0.0469,0.8589743589743589,1.078706968447016,0.003422019999999998,1.4444181818181812,0.07717810355878736
"Adult, High, VeryHighSal",Retained,0.0424,0.7963,0.0364,0.8584905660377359,1.0780994173524248,0.002636880000000001,1.4394800000000003,0.07564928805530312
"Prod=1, Zero",Inactive,0.0905,0.4849,0.0473,0.5226519337016575,1.0778550911562332,0.0034165500000000043,1.0790868055555558,0.07941891265209736
"Germany, HasCard, Retained",Active,0.1214,0.5151,0.0674,0.5551894563426689,1.0778284922202852,0.004866860000000001,1.090127037037037,0.08218598377105202
"HighSal, Middle",Inactive,0.0597,0.4849,0.0312,0.5226130653266331,1.0777749336494804,0.0022514699999999985,1.078998947368421,0.0767441242156758
"Fair, High, Prod=2",Retained,0.0395,0.7963,0.0339,0.8582278481012658,1.077769494036501,0.002446150000000001,1.4368125000000003,0.07512526507979654
"Active, HasCard, Poor",Retained,0.0811,0.7963,0.0696,0.8581997533908754,1.0777342124712739,0.005020069999999988,1.4365278260869558,0.0784932446716024
"Good, Retained, Zero",Active,0.078,0.5151,0.0433,0.5551282051282052,1.0777095809128425,0.0031221999999999986,1.0899769452449568,0.07820632924709309
"Adult, VeryHigh",Retained,0.0423,0.7963,0.0363,0.8581560283687943,1.0776793022338245,0.0026165100000000024,1.436085,0.07526382509058814
"HighSal, Zero","HasCard, Retained",0.0908,0.5631,0.0551,0.6068281938325991,1.077656178001419,0.003970519999999998,1.1112190476190476,0.07925676867959144
"LowSal, Retained",Active,0.1964,0.5151,0.109,0.554989816700611,1.0774409176870723,0.007834359999999999,1.089637986270023,0.08944109306286845
"HasCard, Retained",Active,0.5631,0.5151,0.3125,0.5549635943882081,1.0773900104605088,0.02244718999999995,1.0895737829209895,0.16441063859006602
Active,"HasCard, Retained",0.5151,0.5631,0.3125,0.6066783148903125,1.0773900104605088,0.02244718999999995,1.110795607107601,0.1481357145803255
"HighSal, Retained",Active,0.2038,0.5151,0.1131,0.5549558390578999,1.0773749544901958,0.008122619999999997,1.0895547960308711,0.09020100117467783
"Adult, MedSal, Retained",France,0.1033,0.5014,0.0558,0.5401742497579864,1.077331969999973,0.004005380000000003,1.0843237894736844,0.08005018800516274
"HasCard, High, Prod=2",Retained,0.0823,0.7963,0.0706,0.8578371810449574,1.0772788911778945,0.005064509999999994,1.432864102564102,0.07816853996056768
"Poor, Zero",Retained,0.0879,0.7963,0.0754,0.8577929465301478,1.0772233411153431,0.005405229999999983,1.432418399999999,0.0785959878637252
"Good, NoCard, Retained",Active,0.0575,0.5151,0.0319,0.5547826086956521,1.0770386501565756,0.0022817499999999956,1.0891308593749998,0.07589200335930404
"Adult, HasCard, MedSal",France,0.0841,0.5014,0.0454,0.539833531510107,1.0766524361988574,0.0032322600000000076,1.0835209302325584,0.0777324535266101
Retained,Active,0.7963,0.5151,0.4416,0.5545648624890117,1.0766159240710769,0.03142586999999997,1.088598449393854,0.34935520319737007
Active,Retained,0.5151,0.7963,0.4416,0.8573092603377984,1.0766159240710766,0.03142586999999997,1.4275628571428565,0.14675944502228144
"HasCard, MedSal, Zero",Active,0.066,0.5151,0.0366,0.5545454545454546,1.0765782460599,0.0026033999999999988,1.0885510204081632,0.07615754554709163
"High, Poor, Prod=1",Inactive,0.064,0.4849,0.0334,0.521875,1.0762528356362135,0.0023663999999999977,1.0773333333333333,0.07569476431751875
"Active, LowSal",Retained,0.1272,0.7963,0.109,0.8569182389937107,1.0761248762950026,0.007710639999999991,1.423661538461538,0.08104928564821423
"Poor, Prod=2, Retained",France,0.0973,0.5014,0.0525,0.539568345323741,1.0761235447222597,0.003713780000000007,1.082896875,0.0783634282338172
"MedSal, Prod=1, Retained",France,0.0951,0.5014,0.0513,0.5394321766561514,1.075851967802456,0.0036168599999999995,1.082576712328767,0.07791368501188137
"France, HighSal, Retained",Active,0.1063,0.5151,0.0589,0.5540921919096895,1.0756982953012804,0.004144869999999995,1.0874445147679324,0.07874153217020169
"France, High, NoCard",Retained,0.0453,0.7963,0.0388,0.8565121412803532,1.0756148954920925,0.0027276099999999984,1.419632307692308,0.07363488719401243
"Active, HasCard, VeryGood",Retained,0.0439,0.7963,0.0376,0.856492027334852,1.0755896362361572,0.002642430000000001,1.4194333333333335,0.07350422928252412
"Fair, HasCard, Zero",Retained,0.0871,0.7963,0.0746,0.8564867967853043,1.0755830676696023,0.005242270000000007,1.4193816000000001,0.0769763564658719
"Germany, HasCard, High",Prod=1,0.1196,0.5084,0.0654,0.5468227424749164,1.0755758113196625,0.004595360000000007,1.0847852398523985,0.07981081715706106
"Fair, Zero",Retained,0.1198,0.7963,0.1026,0.8564273789649415,1.0755084502887624,0.007203259999999989,1.4187941860465108,0.07976279535972897
"France, Good, Prod=2",Active,0.0576,0.5151,0.0319,0.5538194444444444,1.0751687913889427,0.002230239999999998,1.086779766536965,0.07418662948198683
"France, Prod=1, Zero",Inactive,0.061,0.4849,0.0318,0.5213114754098361,1.075090689647012,0.0022211000000000036,1.0760650684931508,0.07438329281116682
"Adult, Fair, HighSal",Retained,0.0361,0.7963,0.0309,0.8559556786703602,1.0749160852321489,0.0021535700000000005,1.4141480769230772,0.0723050337239055
"NoCard, Retained",Active,0.2332,0.5151,0.1291,0.5536020583190394,1.0747467643545707,0.008978680000000003,1.0862505283381363,0.09069934424229056
"Adult, Fair, Retained",France,0.1288,0.5014,0.0694,0.5388198757763976,1.0746307853538046,0.004819680000000007,1.081139393939394,0.07971514992735858
"Inactive, Retained",France,0.3547,0.5014,0.1911,0.5387651536509727,1.07452164669121,0.013253419999999988,1.0810111246943765,0.10747454341795835
"NoCard, Zero",Retained,0.1025,0.7963,0.0877,0.8556097560975611,1.074481672858924,0.006079250000000008,1.410760135135136,0.07723532046130939
"NoCard, Youth",France,0.0568,0.5014,0.0306,0.5387323943661971,1.0744563110614225,0.002120480000000001,1.0809343511450382,0.07346981766978777
"Fair, France, Prod=2",Active,0.0786,0.5151,0.0435,0.5534351145038168,1.0744226645385688,0.0030131399999999975,1.0858444444444444,0.07517645561851151
"Spain, VeryHighSal",Active,0.0591,0.5151,0.0327,0.5532994923857868,1.0741593717448783,0.0022575900000000003,1.0855147727272727,0.07337596932860498
"LowSal, Prod=1, Retained",France,0.091,0.5014,0.049,0.5384615384615385,1.0739161118100091,0.0033726000000000103,1.0803000000000003,0.07571900047147595
"France, LowSal",Retained,0.1222,0.7963,0.1045,0.8551554828150573,1.0739111927854543,0.007192139999999986,1.4063355932203387,0.07840545251776665
"Adult, VeryGood","HasCard, Retained",0.0554,0.5631,0.0335,0.6046931407942239,1.0738645725345832,0.0023042600000000024,1.1052173515981736,0.07281799766781176
"MedSal, Prod=2, Zero",Active,0.064,0.5151,0.0354,0.553125,1.073820617355853,0.002433600000000001,1.085090909090909,0.07344632768361585
"Active, HighSal",Retained,0.1323,0.7963,0.1131,0.854875283446712,1.0735593161455632,0.007749510000000001,1.4036203125000002,0.07896634567619693
"Active, MedSal, Retained",France,0.1137,0.5014,0.0612,0.5382585751978892,1.073511318703409,0.004190820000000005,1.079825142857143,0.07726215838924996
"HasCard, Retained, VeryGood",Active,0.068,0.5151,0.0376,0.5529411764705883,1.0734637477588589,0.0025731999999999977,1.0846447368421053,0.0734293671810793
"Fair, Inactive, MedSal",HasCard,0.0412,0.7055,0.0312,0.7572815533980582,1.0733969573324709,0.002133399999999997,1.2133399999999999,0.0713164425617491
"Adult, MedSal, Prod=2",France,0.0578,0.5014,0.0311,0.5380622837370242,1.0731198319446038,0.0021190800000000024,1.0793662921348317,0.07231757650050755
"Fair, France, LowSal",Retained,0.0426,0.7963,0.0364,0.8544600938967136,1.0730379177404417,0.00247762,1.3996161290322582,0.07109513632388083
"Germany, Prod=1, Retained",Active,0.0771,0.5151,0.0426,0.5525291828793774,1.0726639155103423,0.002885789999999999,1.0836460869565216,0.07340074688024122
"France, Good, HasCard",Retained,0.0863,0.7963,0.0737,0.8539976825028969,1.0724572177607645,0.004979310000000001,1.3951833333333332,0.07394316784054102
"France, NoCard, Zero",Retained,0.0678,0.7963,0.0579,0.8539823008849557,1.0724379014001704,0.003910860000000002,1.3950363636363636,0.07245771049153324
"Prod=1, Retained, Youth",France,0.0811,0.5014,0.0436,0.5376078914919852,1.0722135849461214,0.002936460000000002,1.0783056,0.07329415605615414
"Good, HasCard, Retained",France,0.1371,0.5014,0.0737,0.537563822027717,1.072125692117505,0.004958060000000014,1.0782028391167193,0.07796215249042686
"HighSal, Prod=2, Retained",Active,0.1074,0.5151,0.0593,0.5521415270018623,1.0719113317838522,0.003978259999999997,1.0827081081081082,0.07515910281992574
"VeryHighSal, Zero",Retained,0.0873,0.7963,0.0745,0.8533791523482245,1.0716804625746885,0.004983009999999996,1.3892976562499997,0.07328370797464263
"High, Spain",Retained,0.0702,0.7963,0.0599,0.8532763532763533,1.071551366666273,0.003999740000000002,1.3883242718446605,0.0718150384002017
"Adult, HasCard, Retained",France,0.2777,0.5014,0.1492,0.5372704357220022,1.071540557881935,0.00996122000000002,1.0775192217898835,0.09243279678150582
"France, VeryHighSal, Zero",Retained,0.0586,0.7963,0.05,0.8532423208191127,1.0715086284303814,0.0033368200000000042,1.3880023255813956,0.07089058848523484
"Adult, Fair, High",Retained,0.0558,0.7963,0.0476,0.8530465949820789,1.0712628343364046,0.003166460000000003,1.386153658536586,0.07045357859305558
"HasCard, Prod=1, Spain",Active,0.0841,0.5151,0.0464,0.5517241379310345,1.0711010249097932,0.0030800900000000006,1.0816999999999999,0.07247652582159625
"France, MedSal, Zero",Active,0.062,0.5151,0.0342,0.5516129032258065,1.0708850771225131,0.0022638000000000033,1.081431654676259,0.0705682115737105
"France, Inactive, Middle",Prod=1,0.0553,0.5084,0.0301,0.5443037974683543,1.0706211594578174,0.001985479999999998,1.0787888888888888,0.06982406128683641
"Poor, Prod=1, Retained",Active,0.0887,0.5151,0.0489,0.5512965050732807,1.0702708310488849,0.003210629999999999,1.0806690954773868,0.0720476848619817
"France, Good","HasCard, Retained",0.1223,0.5631,0.0737,0.6026165167620605,1.0701767301759197,0.004832869999999989,1.099441769547325,0.07471220033735003
"Fair, Prod=1, Retained",Active,0.1221,0.5151,0.0673,0.5511875511875511,1.0700593111775405,0.004406289999999993,1.0804067518248175,0.07457838313671325
"Prod=1, Spain",Active,0.1221,0.5151,0.0673,0.5511875511875511,1.0700593111775405,0.004406289999999993,1.0804067518248175,0.07457838313671325
"HasCard, High, Spain",Retained,0.048,0.7963,0.0409,0.8520833333333333,1.07005316254343,0.0026775999999999953,1.37712676056338,0.0687678494380636
"Fair, France, Prod=1",Inactive,0.08,0.4849,0.0415,0.51875,1.069808207877913,0.002708000000000002,1.0703376623376624,0.07092718700890523
"HasCard, Retained, Youth",France,0.1294,0.5014,0.0694,0.536321483771252,1.0696479532733387,0.00451884000000001,1.0753140000000003,0.07479091235896158
"Good, Prod=2, Zero",Active,0.0648,0.5151,0.0357,0.550925925925926,1.069551399584403,0.0023215200000000075,1.0797773195876292,0.06953440058658215
"Fair, NoCard, Retained",Active,0.0757,0.5151,0.0417,0.5508586525759577,1.0694207970800964,0.0027069299999999963,1.079615588235294,0.07023086496722768
"Fair, Prod=2, Spain",HasCard,0.0403,0.7055,0.0304,0.7543424317617865,1.069230945091122,0.001968349999999997,1.1988232323232317,0.06746728692628717
"Fair, France, MedSal",Retained,0.0417,0.7963,0.0355,0.8513189448441246,1.0690932372775646,0.0022942899999999974,1.3700467741935476,0.06744014121250505
"Churned, Fair, Inactive",HasCard,0.0423,0.7055,0.0319,0.7541371158392435,1.0689399232306782,0.0020573499999999995,1.1978221153846151,0.06734231012584682
"HasCard, Inactive, Retained",France,0.2506,0.5014,0.1343,0.5359138068635275,1.0688348760740478,0.008649160000000017,1.0743693895098883,0.0859377996316141
"France, Middle",Inactive,0.1067,0.4849,0.0553,0.5182755388940956,1.0688297358096424,0.0035611700000000024,1.0692834630350194,0.07208920577924999
"Poor, Zero","HasCard, Retained",0.0879,0.5631,0.0529,0.6018202502844141,1.0687626536750383,0.0034035099999999985,1.0972431428571428,0.07053893578229592
"France, HighSal, NoCard",Retained,0.0389,0.7963,0.0331,0.8508997429305912,1.0685668001137651,0.0021239299999999996,1.3661948275862066,0.06676419673957426
"Adult, France, Poor",Inactive,0.0579,0.4849,0.03,0.5181347150259067,1.0685393174384548,0.0019242899999999986,1.0689709677419355,0.06808512896720088
"Adult, France, High",Inactive,0.0718,0.4849,0.0372,0.5181058495821727,1.0684797887856725,0.0023841799999999927,1.068906936416185,0.06904854580376381
"Germany, VeryHighSal",Prod=1,0.0637,0.5084,0.0346,0.5431711145996859,1.0683932230520967,0.0022149199999999952,1.0761140893470789,0.06837021136573104
"MedSal, Prod=2, Retained",Active,0.1063,0.5151,0.0585,0.5503292568203199,1.068393043720287,0.0037448699999999974,1.0783445606694562,0.07162903859782002
"France, HasCard, LowSal",Retained,0.0864,0.7963,0.0735,0.8506944444444443,1.0683089846093736,0.004699679999999998,1.364316279069766,0.0699882054397941
"Adult, France, NoCard",Inactive,0.0666,0.4849,0.0345,0.5180180180180181,1.068298655430023,0.002205659999999998,1.0687121495327103,0.06849386534502187
"France, High, HighSal",Retained,0.0375,0.7963,0.0319,0.8506666666666667,1.0682741010506929,0.002038749999999999,1.3640625000000002,0.06640068395554286
"Adult, Inactive",Retained,0.2236,0.7963,0.1902,0.8506261180679786,1.068223179791509,0.012147320000000017,1.3636922155688629,0.08225919081895962
"Fair, MedSal, Retained",Active,0.0667,0.5151,0.0367,0.550224887556222,1.0681904242986255,0.002342830000000004,1.0780943333333337,0.06839958180678515
"France, LowSal","HasCard, Retained",0.1222,0.5631,0.0735,0.6014729950900163,1.0681459689043087,0.004689179999999987,1.0962870636550304,0.07267984432323832
"Active, MedSal, NoCard",Retained,0.0368,0.7963,0.0313,0.8505434782608696,1.0681194000513243,0.0019961600000000003,1.3629381818181823,0.06621166930253787
"Active, VeryHighSal",Retained,0.1244,0.7963,0.1058,0.8504823151125402,1.068042590873465,0.006740280000000001,1.3623806451612908,0.07275896582068273
"Adult, Fair, Inactive",Retained,0.0749,0.7963,0.0637,0.8504672897196264,1.06802372186315,0.004057130000000013,1.3622437500000018,0.0688479178372165
"LowSal, Spain",Retained,0.0615,0.7963,0.0523,0.8504065040650407,1.0679473867449965,0.0033275499999999986,1.3616902173913048,0.06779358868704483
"HasCard, MedSal, Spain",Retained,0.0421,0.7963,0.0358,0.850356294536817,1.0678843332121273,0.0022757699999999964,1.3612333333333329,0.06636287129492403
"France, Inactive, MedSal",Prod=1,0.0606,0.5084,0.0329,0.5429042904290429,1.0678683918745926,0.0020909599999999993,1.0754859205776173,0.06765490227546132
"Fair, Retained",Active,0.2667,0.5151,0.1467,0.5500562429696289,1.0678630226550745,0.009322830000000004,1.07769025,0.08666344845011084
"Retained, VeryGood",Active,0.0969,0.5151,0.0533,0.5500515995872033,1.0678540081289134,0.003386809999999997,1.0776791284403668,0.07036031613435724
"High, MedSal, Prod=1",Inactive,0.0647,0.4849,0.0335,0.5177743431221021,1.0677961293505922,0.002126970000000006,1.0681721153846158,0.06788371836955517
"Adult, HasCard, Poor",France,0.0749,0.5014,0.0401,0.5353805073431241,1.0677712551717675,0.0025451400000000013,1.0731362068965518,0.0686086103517555
"Adult, NoCard, Prod=1",Retained,0.0641,0.7963,0.0545,0.8502340093603744,1.0677307664955098,0.0034571699999999955,1.360121875,0.06777894211625754
"Prod=1, Retained, Youth",Active,0.0811,0.5151,0.0446,0.5499383477188655,1.067634144280461,0.002825389999999997,1.0774079452054792,0.06894063725052417
"Fair, Spain, Zero",Retained,0.04,0.7963,0.034,0.8500000000000001,1.067436895642346,0.002148000000000004,1.3580000000000008,0.06580882352941188
"Middle, Prod=2","HasCard, Retained",0.095,0.5631,0.0571,0.6010526315789474,1.0673994522801409,0.0036054999999999907,1.095131926121372,0.06977194221633058
"MedSal, Retained",France,0.2033,0.5014,0.1088,0.5351696999508115,1.0673508176123088,0.006865380000000004,1.0726495238095237,0.0792028606974358
"HighSal, NoCard",Active,0.0764,0.5151,0.042,0.549738219895288,1.067245622005995,0.0026463600000000073,1.076929069767442,0.06822062735878258
"Fair, HasCard, Retained",Active,0.191,0.5151,0.105,0.5497382198952879,1.0672456220059947,0.006615899999999994,1.0769290697674418,0.07788451350874089
"France, HighSal, Zero",Retained,0.0606,0.7963,0.0515,0.8498349834983497,1.0672296665808736,0.003244219999999999,1.3565076923076913,0.0670582958343582
"Fair, Germany, HasCard",Prod=1,0.0623,0.5084,0.0338,0.5425361155698234,1.0671442084378904,0.002126679999999999,1.074620350877193,0.06709984710165182
"France, VeryGood",Retained,0.0605,0.7963,0.0514,0.8495867768595041,1.06691796667023,0.0032238500000000003,1.3542692307692306,0.06675978405601125
"Active, Fair",Retained,0.1727,0.7963,0.1467,0.8494499131441807,1.066746092106217,0.009178989999999998,1.3530380769230774,0.0756313336367159
"HasCard, HighSal, Retained",Active,0.1427,0.5151,0.0784,0.5494043447792571,1.0665974466691073,0.00489523,1.0761311041990669,0.07283233192962243
"Fair, Spain","HasCard, Retained",0.0856,0.5631,0.0514,0.6004672897196263,1.0663599533291177,0.0031986400000000026,1.0935274853801171,0.06805593853297526
"HasCard, MedSal, Prod=2",Active,0.0812,0.5151,0.0446,0.5492610837438424,1.0663193239057318,0.0027738800000000063,1.0757890710382514,0.06769113934923907
"MedSal, Middle",Inactive,0.0588,0.4849,0.0304,0.5170068027210885,1.0662132454549154,0.0018878800000000015,1.066474647887324,0.0659809985013533
"Active, VeryGood",Retained,0.0628,0.7963,0.0533,0.8487261146496816,1.065837140084995,0.003292360000000001,1.3465642105263165,0.06590947126845446
"Good, Spain",Retained,0.0608,0.7963,0.0516,0.8486842105263158,1.0657845165469242,0.0031849600000000006,1.3461913043478262,0.06571979451421629
"Adult, Retained",France,0.3913,0.5014,0.2091,0.5343726041400461,1.0657610772637538,0.01290218000000004,1.0708132821075744,0.10136913997789301
"France, VeryGood","HasCard, Retained",0.0605,0.5631,0.0363,0.6,1.0655301012253595,0.002232449999999997,1.0922499999999997,0.06546035125066516
"Retained, VeryHighSal",Active,0.1928,0.5151,0.1058,0.5487551867219918,1.0653371902970137,0.006488720000000003,1.0745829885057472,0.07597876203019707
"Adult, Inactive, VeryHighSal",Retained,0.0534,0.7963,0.0453,0.848314606741573,1.065320365115626,0.0027775799999999948,1.3429111111111107,0.06477417260519687
"Middle, Zero",Inactive,0.0786,0.4849,0.0406,0.5165394402035622,1.065249412669751,0.0024868599999999935,1.0654436842105262,0.06647786993662444
"HasCard, LowSal, Spain",Retained,0.0448,0.7963,0.038,0.8482142857142857,1.0651943811557023,0.002325759999999996,1.3420235294117646,0.06407475976373084
"HasCard, Inactive, Poor",Prod=1,0.0855,0.5084,0.0463,0.5415204678362573,1.0651464748942905,0.0028318000000000024,1.0722397959183674,0.06688024826794617
"HasCard, HighSal, Prod=1",Inactive,0.091,0.4849,0.047,0.5164835164835165,1.0651340822510136,0.0028741000000000044,1.0653204545454547,0.0672728975025163
"Fair, France, NoCard",Retained,0.0474,0.7963,0.0402,0.8481012658227849,1.0650524498590794,0.00245538,1.3410250000000006,0.06411831248961992
"Good, MedSal",Active,0.0618,0.5151,0.0339,0.5485436893203883,1.0649265954579468,0.002066819999999997,1.074079569892473,0.06498416285751467
"Adult, NoCard, Prod=2",Inactive,0.0614,0.4849,0.0317,0.5162866449511401,1.0647280778534545,0.0019271399999999973,1.0648868686868687,0.06476993387695337
"France, HasCard, Retained",Active,0.2974,0.5151,0.1631,0.5484196368527235,1.064685763643416,0.009909260000000003,1.0737845122859269,0.08647271944112987
"HasCard, Retained, VeryGood",France,0.068,0.5014,0.0363,0.5338235294117647,1.0646659940402168,0.0022048,1.0695520504731861,0.06516984121354001
"Fair, Prod=2, Retained",Active,0.1426,0.5151,0.0782,0.5483870967741936,1.0646225912913874,0.004746739999999999,1.073707142857143,0.07079542803825518
"Adult, Fair, Prod=2",France,0.0727,0.5014,0.0388,0.5337001375515819,1.0644198993848861,0.002348220000000005,1.0692690265486726,0.06526597004272477
"Inactive, Middle, Prod=2",Retained,0.0459,0.7963,0.0389,0.8474945533769062,1.0642905354475778,0.002349829999999997,1.3356899999999985,0.0633130079384089
"LowSal, NoCard, Retained",Active,0.0571,0.5151,0.0313,0.5481611208406305,1.0641838882559318,0.0018877900000000038,1.0731701550387598,0.0639651920168796
"HasCard, Middle",Prod=1,0.1612,0.5084,0.0872,0.5409429280397022,1.06401048001515,0.005245920000000001,1.0708908108108108,0.07172106941764776
"France, Good, High",Retained,0.036,0.7963,0.0305,0.8472222222222223,1.0639485397742336,0.0018332,1.3333090909090917,0.0623495000340113
"Fair, Germany, Inactive",HasCard,0.0425,0.7055,0.0319,0.7505882352941176,1.0639096177095926,0.0019162499999999943,1.180778301886792,0.06273684899776535
"Germany, HasCard, High",Inactive,0.1196,0.4849,0.0617,0.5158862876254181,1.0639024285943868,0.003705960000000001,1.0640062176165803,0.06822374093991462
"HasCard, Prod=1, Retained",France,0.2587,0.5014,0.138,0.5334364128333978,1.0638939226832826,0.008287820000000029,1.0686646230323118,0.08101533342326571
"HasCard, High, Prod=2",Active,0.0823,0.5151,0.0451,0.5479951397326853,1.063861657411542,0.0027072700000000047,1.0727760752688174,0.0654115284354723
"France, Good",Retained,0.1223,0.7963,0.1036,0.8470973017170891,1.0637916635904672,0.0062125099999999905,1.3322197860962561,0.06832210634762749
"France, HighSal, Inactive",Prod=1,0.0601,0.5084,0.0325,0.540765391014975,1.0636612726494394,0.0019451600000000013,1.070476811594203,0.06367813269824127
"Active, France, Prod=1",Retained,0.1261,0.7963,0.1068,0.8469468675654244,1.0636027471624065,0.006386570000000008,1.3309103626943013,0.06842813201657909
"Adult, Inactive, MedSal",Retained,0.0607,0.7963,0.0514,0.8467874794069193,1.0634025862199163,0.003064590000000006,1.3295258064516133,0.06347532581800931
"Active, Good, Prod=1",Retained,0.0633,0.7963,0.0536,0.8467614533965245,1.063369902544926,0.003194210000000003,1.3293000000000004,0.06362065778718243
"France, Prod=1, Retained",Active,0.195,0.5151,0.1068,0.5476923076923077,1.0632737481892987,0.0063555,1.0720578231292517,0.07392351175936912
"Active, VeryGood","HasCard, Retained",0.0628,0.5631,0.0376,0.5987261146496816,1.0632678292482358,0.002237320000000001,1.08878253968254,0.06349038784609659
"Good, Prod=2, Retained",Active,0.1028,0.5151,0.0563,0.5476653696498055,1.0632214514653573,0.0033477199999999985,1.0719939784946237,0.06627526411357534
"MedSal, Poor",Inactive,0.0617,0.4849,0.0318,0.5153970826580228,1.0628935505424268,0.001881670000000002,1.0629321070234115,0.06306299965748312
"Adult, HasCard, Poor",Inactive,0.0749,0.4849,0.0386,0.5153538050734313,1.0628043000070764,0.0022809900000000036,1.0628371900826448,0.06387742425829342
"Germany, HasCard, Prod=2",Active,0.0749,0.5151,0.041,0.5473965287049399,1.0626995315568626,0.002419010000000006,1.0713572271386431,0.06377715263478453
"Adult, MedSal",Inactive,0.1178,0.4849,0.0607,0.5152801358234295,1.062652373321158,0.0035787799999999967,1.0626756567425568,0.06683119967043595
"France, Poor, Zero",Retained,0.0598,0.7963,0.0506,0.8461538461538461,1.0626068644403444,0.0029812599999999995,1.32405,0.06266558372493278
"Good, Inactive, Retained",France,0.0839,0.5014,0.0447,0.5327771156138259,1.0625790099996528,0.0026325399999999957,1.067156632653061,0.06428720915211272
"France, High, Prod=1",Retained,0.1098,0.7963,0.0929,0.8460837887067395,1.0625188857299253,0.0054662600000000006,1.3234473372781062,0.06609779638542301
"Good, HasCard, Prod=2",Active,0.0793,0.5151,0.0434,0.5472887767969735,1.0624903451698184,0.002552570000000004,1.0711022284122562,0.06388071788696148
"Adult, HasCard, VeryHighSal",Inactive,0.0724,0.4849,0.0373,0.5151933701657458,1.062473438164046,0.002193239999999999,1.06248547008547,0.0633893919793014
"HasCard, Prod=2, Youth",France,0.0719,0.5014,0.0383,0.5326842837273992,1.0623938646338238,0.0022493400000000024,1.066944642857143,0.06327928446982992
"Adult, LowSal, Zero",HasCard,0.0439,0.7055,0.0329,0.7494305239179954,1.0622686377292634,0.0019285499999999976,1.175322727272727,0.06131005233075472
"France, Medium",Active,0.0647,0.5151,0.0354,0.5471406491499228,1.062202774509654,0.0020730300000000035,1.070751877133106,0.06261110819151665
"Adult, Fair, France",Inactive,0.0767,0.4849,0.0395,0.514993481095176,1.0620612107551577,0.0023081699999999983,1.0620475806451612,0.06328894567779027
"High, Poor",Inactive,0.0938,0.4849,0.0483,0.5149253731343284,1.0619207530095451,0.002816380000000007,1.0618984615384617,0.06434577899750207
"Good, Retained",France,0.1946,0.5014,0.1036,0.5323741007194245,1.0617752307926296,0.006027560000000015,1.0662369230769233,0.07223873985731466
"Active, Adult, Good",HasCard,0.053,0.7055,0.0397,0.749056603773585,1.061738630437399,0.002308499999999998,1.1735714285714287,0.06140297213259952
"Adult, NoCard",Inactive,0.1282,0.4849,0.066,0.514820592823713,1.061704666578084,0.0038358199999999967,1.0616691318327975,0.06666492870897545
"HasCard, Retained, Zero",Active,0.224,0.5151,0.1225,0.546875,1.061687051058047,0.007117600000000002,1.0701241379310344,0.07487481590574376
"Good, High, Prod=1",Active,0.0587,0.5151,0.0321,0.5468483816013627,1.0616353748813099,0.0018636299999999946,1.0700612781954884,0.06167747726101586
"Fair, MedSal, Retained",France,0.0667,0.5014,0.0355,0.5322338830584707,1.0614955784971496,0.002056620000000002,1.0659173076923076,0.06207324305847951
"Fair, France, High",Retained,0.0478,0.7963,0.0404,0.8451882845188283,1.0613943043059504,0.002336859999999996,1.3157918918918907,0.06074676465756207
"Active, Poor",Retained,0.1182,0.7963,0.0999,0.8451776649746193,1.0613809681961814,0.005777340000000006,1.3157016393442627,0.06558316084285698
"Poor, Prod=2",France,0.1058,0.5014,0.0563,0.5321361058601134,1.06130057012388,0.0032518800000000056,1.0656945454545454,0.06459389163954972
"LowSal, Retained",France,0.1964,0.5014,0.1045,0.5320773930753564,1.0611834724279148,0.006025040000000009,1.0655608269858543,0.07174699498191166
"Prod=2, Retained, VeryHighSal",France,0.106,0.5014,0.0564,0.5320754716981132,1.0611796404030978,0.0032516000000000073,1.0655564516129032,0.06448823520078711
"Active, Good, Retained",France,0.1107,0.5014,0.0589,0.5320686540198735,1.0611660431190137,0.0033950200000000055,1.0655409266409266,0.06481548124399945
"HasCard, Prod=2, Retained",Active,0.301,0.5151,0.1645,0.5465116279069768,1.0609816111570118,0.009454900000000016,1.0692666666666668,0.08222688947736902
"Active, Retained, Youth",France,0.0955,0.5014,0.0508,0.5319371727748691,1.0609038148681076,0.0029163000000000036,1.065241610738255,0.06346874551128878
"Adult, HighSal, Inactive",Retained,0.0567,0.7963,0.0479,0.8447971781305115,1.0609031497306436,0.002749789999999995,1.3124761363636364,0.06085751018002573
"Adult, High",Retained,0.1697,0.7963,0.1433,0.8444313494401887,1.0604437390935435,0.008167890000000011,1.3093897727272739,0.06864812061052274
"Fair, MedSal, Retained",HasCard,0.0667,0.7055,0.0499,0.7481259370314843,1.0604194713415795,0.0028431500000000026,1.1692351190476193,0.06104891664825424
"NoCard, Prod=2, Retained",France,0.1232,0.5014,0.0655,0.5316558441558442,1.0603427286714087,0.003727520000000005,1.0646017331022533,0.06490499804981342
"Germany, Prod=2",Active,0.104,0.5151,0.0568,0.5461538461538462,1.060287024177531,0.003229600000000006,1.0684237288135594,0.06345887826961782
"Active, Poor, Retained",France,0.0999,0.5014,0.0531,0.5315315315315315,1.0600947976297,0.0030101400000000014,1.0643192307692309,0.06297981956807062
"Fair, MedSal","HasCard, Retained",0.0836,0.5631,0.0499,0.5968899521531101,1.0600070185635058,0.002824840000000002,1.0838231454005935,0.061774356220078784
"Fair, LowSal, Retained",France,0.0685,0.5014,0.0364,0.5313868613138686,1.0598062650854978,0.002054100000000003,1.0639906542056075,0.06058112579851719
"Active, Fair, VeryHighSal",Retained,0.041,0.7963,0.0346,0.8439024390243902,1.0597795291025873,0.0019516999999999937,1.3049531249999997,0.05881909744615941
"Active, Good, High",Retained,0.0474,0.7963,0.04,0.8438818565400844,1.0597536814518203,0.0022553800000000013,1.3047810810810812,0.059190111274406924
"Fair, MedSal",HasCard,0.0836,0.7055,0.0625,0.7476076555023924,1.0596848412507334,0.003520200000000001,1.166834123222749,0.06146137058053254
"Adult, Inactive, Prod=2",France,0.1088,0.5014,0.0578,0.53125,1.059533306741125,0.003247680000000003,1.0636800000000002,0.06304784032104768
"Inactive, MedSal, Retained",France,0.0896,0.5014,0.0476,0.53125,1.059533306741125,0.0026745600000000064,1.0636800000000002,0.06171818463765134
"HasCard, High, Poor",Inactive,0.0654,0.4849,0.0336,0.5137614678899082,1.059520453474754,0.00188754,1.0593566037735846,0.060107838341842204
"Active, LowSal, NoCard",Retained,0.0371,0.7963,0.0313,0.8436657681940701,1.0594823159538744,0.0017572700000000017,1.3029775862068969,0.058305962718452065
"Adult, High, Prod=1",Inactive,0.1096,0.4849,0.0563,0.5136861313868614,1.0593650884447543,0.0031549599999999983,1.0591924953095686,0.06293617014485672
"Fair, NoCard, Retained",France,0.0757,0.5014,0.0402,0.5310435931307793,1.0591216456537282,0.0022440199999999993,1.0632118309859153,0.060393154857541764
"France, Retained",Active,0.4204,0.5151,0.2293,0.5454329210275928,1.058887441327107,0.012751960000000007,1.0667292517006803,0.0959498964201367
"High, Prod=2",Active,0.1157,0.5151,0.0631,0.5453759723422645,1.0587768828232664,0.0035029300000000013,1.0665956273764259,0.06277727707483229
"Good, HasCard, Spain",Retained,0.0427,0.7963,0.036,0.8430913348946135,1.0587609379563148,0.001997989999999998,1.2982074626865665,0.057975266084009366
"France, HasCard, VeryHighSal",Inactive,0.0861,0.4849,0.0442,0.51335656213705,1.058685424081357,0.0024501100000000053,1.0584751789976137,0.06065472474141217
"Adult, Fair, Prod=1",Inactive,0.0713,0.4849,0.0366,0.5133239831697055,1.0586182370998258,0.0020266300000000015,1.0584043227665707,0.0596235645220036
"Inactive, Prod=1, Youth",Retained,0.0433,0.7963,0.0365,0.8429561200923787,1.0585911341107355,0.0020202100000000014,1.297089705882353,0.05785326557759196
"France, HasCard, MedSal",Active,0.0939,0.5151,0.0512,0.5452609158679447,1.0585535155658021,0.0028321100000000057,1.066325761124122,0.06104695777232106
"Adult, NoCard, Prod=1",Inactive,0.0641,0.4849,0.0329,0.5132605304212168,1.0584873797096654,0.0018179099999999955,1.058266346153846,0.05904009306582308
"HasCard, Poor",Inactive,0.1666,0.4849,0.0855,0.5132052821128452,1.0583734421795117,0.00471566000000001,1.058146239210851,0.06617940740179397
"Prod=1, Retained",France,0.3675,0.5014,0.195,0.5306122448979592,1.0582613579935367,0.010735500000000037,1.0622347826086957,0.08704165399817602
"Adult, Inactive, Prod=1",France,0.1099,0.5014,0.0583,0.5304822565969063,1.0580021072933912,0.00319614,1.0619406976744188,0.061591167797169666
"Retained, VeryHigh",Active,0.0745,0.5151,0.0406,0.5449664429530201,1.0579818345040188,0.0022250499999999993,1.0656356932153392,0.05921576141773983
"Germany, High, Prod=2",Retained,0.0641,0.7963,0.054,0.8424336973478939,1.0579350713900464,0.002957169999999995,1.2927891089108905,0.05851309691997791
"Retained, VeryGood",France,0.0969,0.5014,0.0514,0.5304437564499485,1.0579253219983018,0.0028143400000000054,1.0618536263736267,0.06062860867905501
"HighSal, Prod=1, Retained",France,0.0954,0.5014,0.0506,0.5303983228511531,1.0578347085184545,0.002766440000000002,1.061750892857143,0.06043856651860194
"Adult, Prod=2, Zero",Inactive,0.1238,0.4849,0.0635,0.512924071082391,1.057793506047414,0.003469380000000001,1.0575353233830846,0.062355518730667706
"High, Poor, Retained",Active,0.067,0.5151,0.0365,0.544776119402985,1.0576123459580373,0.0019882999999999984,1.0651901639344261,0.05838582272533728
Germany,Prod=1,0.2509,0.5084,0.1349,0.5376644081307294,1.0575617783845976,0.007342440000000006,1.0632968965517242,0.07265887337599788
"Adult, Good, Retained",France,0.0926,0.5014,0.0491,0.5302375809935205,1.0575141224441973,0.0026703600000000036,1.0613875862068964,0.05993624720391342
"LowSal, Spain",Active,0.0615,0.5151,0.0335,0.5447154471544716,1.0574945586380735,0.0018213499999999994,1.0650482142857145,0.05793144029453158
"Adult, HasCard, Inactive",Retained,0.1576,0.7963,0.1327,0.8420050761421322,1.0573968054026524,0.007203120000000007,1.2892819277108447,0.06443641485088362
"Inactive, Youth",France,0.0962,0.5014,0.051,0.5301455301455301,1.0573305347936381,0.0027653200000000017,1.0611796460176992,0.05999331797335004
Middle,Prod=1,0.232,0.5084,0.1247,0.5375,1.057238394964595,0.006751200000000013,1.062918918918919,0.07049418604651175
"Prod=2, Retained",Active,0.4242,0.5151,0.231,0.5445544554455446,1.0571820140662873,0.012494580000000005,1.0646717391304348,0.0939372888313493
"MedSal, Middle",Prod=1,0.0588,0.5084,0.0316,0.5374149659863946,1.0570711368733174,0.0017060800000000056,1.062723529411765,0.05736280643616839
"Germany, HasCard",Inactive,0.1791,0.4849,0.0918,0.5125628140703518,1.05704849261776,0.004954410000000006,1.0567515463917525,0.065744436402896
"Active, Good, Prod=2",France,0.0602,0.5014,0.0319,0.5299003322259136,1.0568415082287868,0.0017157200000000004,1.060626148409894,0.05722954460396765
"Adult, Zero",Inactive,0.1647,0.4849,0.0844,0.5124468731026108,1.0568093897764712,0.004536970000000001,1.0565002490660025,0.06435480512436151
"Active, Adult, LowSal",HasCard,0.0558,0.7055,0.0416,0.7455197132616487,1.0567253200023368,0.002233099999999995,1.1572605633802813,0.05685266729669385
"Adult, HasCard, Inactive",France,0.1576,0.5014,0.0835,0.5298223350253808,1.0566859493924627,0.0044793600000000156,1.06045020242915,0.06368118463926868
"MedSal, Spain",Retained,0.0624,0.7963,0.0525,0.8413461538461539,1.0565693254378423,0.0028108800000000017,1.2839272727272728,0.057103851779619734
"HasCard, Prod=1, VeryHighSal",Inactive,0.0853,0.4849,0.0437,0.5123094958968347,1.0565260793912863,0.002338030000000005,1.0562026442307693,0.0584911234979946
"Adult, France, Prod=1",Inactive,0.1138,0.4849,0.0583,0.5123022847100176,1.0565112078985721,0.003118379999999997,1.056187027027027,0.06035715156702364
"Active, VeryHighSal","HasCard, Retained",0.1244,0.5631,0.074,0.5948553054662379,1.0563937230798044,0.003950359999999986,1.0783801587301585,0.06096761448520221
"MedSal, Prod=2, Retained",France,0.1063,0.5014,0.0563,0.5296331138287864,1.056308563679271,0.003001180000000006,1.0600236,0.05964745124297169
"NoCard, Poor, Retained",Active,0.0557,0.5151,0.0303,0.5439856373429085,1.056077727320731,0.0016089300000000015,1.0633437007874018,0.05623212961982425
"France, Retained, Zero",Active,0.2081,0.5151,0.1132,0.5439692455550216,1.0560459047855204,0.006007689999999996,1.0633054794520547,0.06701788916668187
"Fair, Germany, HasCard",Inactive,0.0623,0.4849,0.0319,0.5120385232744783,1.0559672577324775,0.001690729999999998,1.0556161184210526,0.056522278382074666
"HasCard, VeryHigh",Inactive,0.0676,0.4849,0.0346,0.5118343195266273,1.0555461322471176,0.0018207600000000046,1.0551745454545456,0.05643835412621554
"Adult, Good, High",Retained,0.0395,0.7963,0.0332,0.8405063291139241,1.055514666726013,0.0017461500000000019,1.277166666666667,0.05475781313698318
"Germany, VeryHighSal",Inactive,0.0637,0.4849,0.0326,0.5117739403453688,1.0554216134158978,0.0017118699999999938,1.0550440514469452,0.0560838937234341
"Fair, Inactive, Retained",France,0.12,0.5014,0.0635,0.5291666666666667,1.0553782741656696,0.0033320000000000086,1.0589734513274338,0.0596277738010023
"Adult, MedSal, Prod=1",Retained,0.057,0.7963,0.0479,0.8403508771929824,1.0553194489425874,0.0025108999999999965,1.2759230769230765,0.055588148692596956
"France, HasCard, MedSal",Retained,0.0939,0.7963,0.0789,0.8402555910543131,1.055199787836636,0.004127430000000001,1.2751620000000001,0.057733326675179615
"NoCard, Poor",Prod=1,0.0727,0.5084,0.039,0.5364511691884457,1.05517539179474,0.002039320000000004,1.0605139465875373,0.056389794468086396
"Active, High, MedSal",Retained,0.0488,0.7963,0.041,0.8401639344262295,1.055084684699522,0.0021405599999999997,1.274430769230769,0.05488727973907156
"Adult, HasCard, VeryHighSal",France,0.0724,0.5014,0.0383,0.5290055248618785,1.0550568904305515,0.001998640000000003,1.0586111436950147,0.056256804668438916
"Fair, France","HasCard, Retained",0.1638,0.5631,0.0973,0.594017094017094,1.0549051571960468,0.005064219999999994,1.0761536842105262,0.062242862968653945
"Poor, Prod=1",Inactive,0.1263,0.4849,0.0646,0.5114806017418845,1.0548166668217869,0.0033571300000000068,1.0544105348460293,0.05948032122736276
"Germany, High, Prod=2",HasCard,0.0641,0.7055,0.0477,0.7441497659906395,1.0547835095544147,0.002477449999999992,1.1510640243902435,0.055495410980092086
"Adult, MedSal",France,0.1178,0.5014,0.0623,0.5288624787775892,1.0547715970833451,0.0032350800000000082,1.05828972972973,0.05886131017123775
"France, HasCard, Middle",Prod=1,0.0748,0.5084,0.0401,0.5360962566844919,1.0544772948160739,0.0020716799999999994,1.0597025936599422,0.05583964860869873
"Fair, High, Retained",Active,0.095,0.5151,0.0516,0.5431578947368421,1.0544707721546147,0.002665500000000001,1.0614170506912441,0.05707953231401775
"Retained, Zero",Active,0.3117,0.5151,0.1693,0.5431504651908887,1.0544563486524727,0.008743330000000021,1.061399789325843,0.07503124324471852
"HasCard, HighSal, Spain",Retained,0.0449,0.7963,0.0377,0.8396436525612471,1.05443131051268,0.0019461299999999973,1.270295833333332,0.05404825192245893
"Adult, Poor",Inactive,0.1068,0.4849,0.0546,0.5112359550561798,1.054312136638853,0.002812679999999998,1.0538827586206898,0.05767385324035566
"Fair, LowSal, Retained",Active,0.0685,0.5151,0.0372,0.5430656934306568,1.0542917752488,0.001915649999999991,1.0612028753993608,0.05528284244974262
"Fair, Middle",Prod=1,0.0806,0.5084,0.0432,0.5359801488833746,1.0542489159783137,0.002222960000000003,1.0594374331550802,0.05596846574658198
"Fair, France",Retained,0.1638,0.7963,0.1375,0.8394383394383395,1.0541734766273256,0.007066060000000013,1.2686714828897339,0.06145602400469668
"France, HasCard",Retained,0.3543,0.7963,0.2974,0.8394016370307649,1.0541273854461446,0.015270909999999971,1.2683815465729347,0.07952307536723971
"Inactive, Prod=2, Retained",France,0.1932,0.5014,0.1021,0.5284679089026915,1.0539846607552683,0.005229520000000001,1.0574041712403952,0.06348486445040857
"Adult, Inactive","HasCard, Retained",0.2236,0.5631,0.1327,0.5934704830053668,1.0539344397182857,0.0067908399999999924,1.074706710671067,0.06591238832677777
"MedSal, Poor",France,0.0617,0.5014,0.0326,0.5283630470016207,1.0537755225401293,0.001663620000000001,1.0571690721649485,0.05438696402382854
"Good, Spain",Active,0.0608,0.5151,0.033,0.5427631578947368,1.0537044416515955,0.0016819200000000034,1.0605007194244604,0.05426668731609117
"Adult, France, Zero",Inactive,0.1098,0.4849,0.0561,0.5109289617486339,1.0536790302095977,0.002857980000000003,1.0532212290502794,0.057228021822891516
"Adult, Retained, VeryHighSal",France,0.0922,0.5014,0.0487,0.5281995661605206,1.053449473794417,0.0024709200000000014,1.0568027586206896,0.055890699495542435
"France, MedSal",Retained,0.1297,0.7963,0.1088,0.838858905165767,1.053445818367157,0.005519889999999986,1.2641095693779891,0.05829516613608545
France,"HasCard, Retained",0.5014,0.5631,0.2974,0.5931392102114081,1.0533461378288191,0.015061659999999977,1.0738316666666667,0.10157330909869743
"HasCard, Retained",France,0.5631,0.5014,0.2974,0.5281477535073699,1.0533461378288191,0.015061659999999977,1.0566867143394807,0.11591772011126242
"France, Prod=2, Retained",Active,0.2232,0.5151,0.1211,0.5425627240143369,1.0533153252074101,0.0061296799999999985,1.0600360430950049,0.06516050518717453
"France, High",Retained,0.1476,0.7963,0.1238,0.8387533875338753,1.0533133084690134,0.006266119999999986,1.263282352941176,0.059379238247002156
"HasCard, Retained, VeryHighSal",Active,0.1364,0.5151,0.074,0.5425219941348973,1.0532362534166129,0.003740359999999998,1.0599416666666666,0.058528723257764446
"Adult, MedSal, Prod=1",France,0.057,0.5014,0.0301,0.5280701754385965,1.0531914149154298,0.0015201999999999993,1.0565130111524164,0.05355777665822301
"Adult, France",Inactive,0.2311,0.4849,0.118,0.5106014712245781,1.0530036527625863,0.005939609999999998,1.0525164456233422,0.06546453110430704
"HasCard, Spain",Retained,0.1721,0.7963,0.1443,0.8384660081348054,1.05295241508829,0.007256769999999996,1.2610348920863315,0.0607434066789061
Retained,France,0.7963,0.5014,0.4204,0.5279417305035791,1.052935242328638,0.02113518000000003,1.0562255387071031,0.246804011608273
France,Retained,0.5014,0.7963,0.4204,0.8384523334662944,1.052935242328638,0.02113518000000003,1.2609281481481487,0.10083027911072044
"France, HighSal",Retained,0.1268,0.7963,0.1063,0.8383280757097793,1.0527791984299626,0.005329160000000013,1.2599590243902448,0.05741320190353162
"Inactive, LowSal, Zero",HasCard,0.0447,0.7055,0.0332,0.7427293064876959,1.0527701013291224,0.0016641500000000031,1.1447086956521744,0.05247042813775787
"Adult, Inactive",France,0.2236,0.5014,0.118,0.5277280858676208,1.0525091461260885,0.0058869600000000105,1.0557477272727274,0.0642574594608756
"Fair, Germany",Prod=1,0.0856,0.5084,0.0458,0.5350467289719627,1.0524129208732549,0.0022809600000000055,1.0573105527638194,0.054464807619571697
"Active, HighSal","HasCard, Retained",0.1323,0.5631,0.0784,0.5925925925925926,1.052375408617639,0.003901869999999988,1.072390909090909,0.05735709346548329
"HasCard, LowSal, Retained",France,0.1393,0.5014,0.0735,0.5276381909547738,1.0523298583062901,0.003654980000000002,1.0555468085106383,0.05777578604347517
"Good, MedSal",France,0.0618,0.5014,0.0326,0.5275080906148867,1.052070384154142,0.0016134800000000005,1.0552561643835616,0.05275341242138387
"France, Poor, Prod=1",Inactive,0.0641,0.4849,0.0327,0.5101404056162246,1.0520528059728287,0.0016179099999999967,1.051525796178344,0.052866086152987435
"Fair, Retained, Zero",Active,0.1026,0.5151,0.0556,0.5419103313840156,1.0520487893302573,0.0027507400000000015,1.0585263829787233,0.055130088040109514
"NoCard, Retained",France,0.2332,0.5014,0.123,0.5274442538593482,1.0519430671307306,0.006073520000000013,1.055113611615245,0.0643951635134506
Youth,France,0.1968,0.5014,0.1038,0.5274390243902439,1.0519326373957798,0.005124480000000015,1.055101935483871,0.0614651221702786
"Inactive, Prod=1, Zero",HasCard,0.0473,0.7055,0.0351,0.7420718816067653,1.0518382446587744,0.001729849999999998,1.1417909836065572,0.05173031991547783
"Adult, Fair, Inactive",France,0.0749,0.5014,0.0395,0.527369826435247,1.0517946279123396,0.001945140000000005,1.0549474576271187,0.053231056786197724
"Fair, HighSal",Active,0.0851,0.5151,0.0461,0.5417156286721505,1.051670799208213,0.0022649900000000014,1.0580766666666668,0.05370215774562803
"HighSal, Prod=2",Active,0.1163,0.5151,0.063,0.5417024935511608,1.0516452990703957,0.0030938699999999986,1.0580463414634147,0.05557208059188366
"Adult, NoCard, Retained",France,0.1136,0.5014,0.0599,0.5272887323943661,1.0516328926892027,0.0029409600000000063,1.0547664804469272,0.05539015085310668
"LowSal, Prod=2, Retained",France,0.1045,0.5014,0.0551,0.5272727272727273,1.0516009718243466,0.0027037000000000103,1.0547307692307695,0.05479504803712068
"Good, Spain","HasCard, Retained",0.0608,0.5631,0.036,0.5921052631578947,1.0515099683144995,0.0017635199999999976,1.0711096774193547,0.052157864849517246
"France, Medium, Prod=1",Retained,0.0467,0.7963,0.0391,0.8372591006423984,1.0514367708682637,0.0019127900000000045,1.2516828947368428,0.0513169625071398
"HasCard, Inactive, MedSal",Prod=1,0.0855,0.5084,0.0457,0.5345029239766081,1.0513432808351852,0.002231799999999999,1.056075376884422,0.05340173451551886
"HasCard, MedSal, Prod=1",France,0.0922,0.5014,0.0486,0.527114967462039,1.0512863331911428,0.0023709199999999986,1.0543788990825689,0.05373910788710913
"Fair, HasCard, Spain",Retained,0.0614,0.7963,0.0514,0.8371335504885993,1.0512791039665945,0.0025071799999999977,1.2507179999999993,0.05196869913879513
"Prod=2, Retained, VeryHighSal",Active,0.106,0.5151,0.0574,0.5415094339622641,1.051270498858987,0.0027994000000000005,1.0576008230452674,0.05455261168143801
"Retained, Spain, Zero",Active,0.1036,0.5151,0.0561,0.5415057915057915,1.0512634275010513,0.0027356399999999975,1.0575924210526315,0.05439941584519893
"Active, VeryHigh",Retained,0.0485,0.7963,0.0406,0.8371134020618556,1.0512538014088353,0.0019794499999999937,1.2505632911392397,0.05124006947806015
"France, HasCard, Medium",Retained,0.0442,0.7963,0.037,0.83710407239819,1.051242085141517,0.0018035399999999924,1.250491666666666,0.05099845608320164
"Germany, High",Inactive,0.1652,0.4849,0.0842,0.5096852300242131,1.0511141060511715,0.00409451999999999,1.0505496296296297,0.05825168131641742
"Adult, Fair, Zero",HasCard,0.0541,0.7055,0.0401,0.7412199630314232,1.0506307059268933,0.0019324499999999953,1.1380321428571425,0.050947006097189516
Exceptional,Active,0.0645,0.5151,0.0349,0.5410852713178295,1.0504470419682188,0.0016760499999999984,1.0566233108108107,0.05133549470963073
"Active, MedSal",France,0.1312,0.5014,0.0691,0.5266768292682926,1.0504125035267105,0.0033163199999999976,1.0534028985507247,0.055240623325950824
"France, HasCard, VeryGood",Retained,0.0434,0.7963,0.0363,0.836405529953917,1.0503648498730591,0.0017405799999999985,1.2451521126760563,0.05012530029160896
"Active, France, MedSal",HasCard,0.0691,0.7055,0.0512,0.7409551374819103,1.0502553330714532,0.0024499500000000063,1.136868715083799,0.05140249859007425
"France, NoCard",Retained,0.1471,0.7963,0.123,0.8361658735554044,1.0500638874235897,0.005864269999999991,1.2433307053941902,0.05589986149597682
"Active, NoCard",Retained,0.1544,0.7963,0.1291,0.8361398963730569,1.0500312650672572,0.006151279999999981,1.2431335968379436,0.05634745164654197
"Adult, Prod=2, Retained",France,0.208,0.5014,0.1095,0.5264423076923077,1.0499447700285356,0.005208800000000013,1.0528812182741119,0.06006180526728487
"HasCard, Retained, VeryHighSal",France,0.1364,0.5014,0.0718,0.5263929618768329,1.0498463539625709,0.003409040000000016,1.052771517027864,0.054978769960817256
"Fair, France, HasCard",Retained,0.1164,0.7963,0.0973,0.8359106529209621,1.0497433792803743,0.004610679999999992,1.2413968586387427,0.05362859683151743
"MedSal, Zero",Active,0.0921,0.5151,0.0498,0.5407166123778501,1.0497313383378957,0.002359289999999993,1.0557751773049644,0.052181188682475094
"France, Good, Zero",Active,0.059,0.5151,0.0319,0.5406779661016949,1.049656311593273,0.0015090999999999993,1.0556863468634687,0.050273336908977624
"High, Retained, Youth",Active,0.0627,0.5151,0.0339,0.5406698564593301,1.0496405677719474,0.0016032299999999972,1.0556677083333332,0.050456545774012825
"Adult, High","HasCard, Retained",0.1697,0.5631,0.1003,0.5910430170889805,1.0496235430456056,0.004741930000000005,1.0683275216138328,0.056940223530300406
"Adult, High, Poor",Retained,0.0408,0.7963,0.0341,0.8357843137254901,1.0495847214937712,0.0016109599999999946,1.2404417910447754,0.049251698018143004
"Prod=2, Retained",France,0.4242,0.5014,0.2232,0.5261669024045261,1.0493954974162867,0.010506120000000008,1.0522692537313434,0.08174788139549655
"France, VeryGood",Active,0.0605,0.5151,0.0327,0.540495867768595,1.049302791241691,0.0015364500000000017,1.0552679856115108,0.050011962248121496
"Inactive, Poor",Prod=1,0.1211,0.5084,0.0646,0.5334434351775392,1.0492593138818633,0.0030327600000000093,1.053677168141593,0.0534153478507297
"France, High, MedSal",Retained,0.0389,0.7963,0.0325,0.8354755784061697,1.0491970091751472,0.0015239300000000032,1.2381140625000002,0.0487880073313432
"Adult, LowSal",France,0.1086,0.5014,0.0571,0.5257826887661141,1.0486292157281893,0.0026479600000000048,1.0514166990291263,0.052023873188714834
"Active, Adult, Germany",Retained,0.0515,0.7963,0.043,0.8349514563106796,1.0485388123956794,0.0019905500000000007,1.2341823529411762,0.04880533522943205
"Adult, Good, Inactive",Retained,0.0521,0.7963,0.0435,0.8349328214971209,1.0485154106456371,0.002012769999999997,1.2340430232558137,0.0488137722466965
"Adult, High, Prod=1",Retained,0.1096,0.7963,0.0915,0.8348540145985401,1.0484164443030768,0.0042255199999999965,1.2334541436464088,0.051864944348705526
"France, Good, HasCard",Active,0.0863,0.5151,0.0466,0.5399768250289687,1.0482951369228668,0.002146870000000002,1.054077329974811,0.05042155157471795
"Germany, Inactive, Prod=2",Retained,0.0472,0.7963,0.0394,0.8347457627118644,1.048280500705594,0.0018146399999999993,1.2326461538461537,0.048338426523801596
"Fair, Retained, VeryHighSal",Active,0.0641,0.5151,0.0346,0.5397815912636504,1.0479161158292574,0.0015820899999999943,1.053630169491525,0.048856869867155
"NoCard, Prod=2, Retained",Active,0.1232,0.5151,0.0665,0.5397727272727273,1.0478989075378127,0.003039680000000003,1.0536098765432098,0.052132155205532126
"Prod=1, VeryHigh",Inactive,0.062,0.4849,0.0315,0.5080645161290323,1.0477717387688847,0.001436200000000002,1.047088524590164,0.04860730361796468
"Good, Prod=2, Retained",France,0.1028,0.5014,0.054,0.5252918287937743,1.0476502369241611,0.0024560799999999994,1.0503295081967214,0.05069434124271394
"Fair, HasCard, Middle",Prod=1,0.0569,0.5084,0.0303,0.5325131810193322,1.0474295456713851,0.0013720400000000015,1.0515804511278197,0.04801383542022959
"France, HasCard, VeryHighSal",Retained,0.0861,0.7963,0.0718,0.8339140534262486,1.0472360334374589,0.00323857000000001,1.2264734265734267,0.049354887575090045
"Good, Prod=2",Active,0.1116,0.5151,0.0602,0.539426523297491,1.0472267973160376,0.002714839999999996,1.0528178988326846,0.0507620553430632
"Adult, HasCard, High",Retained,0.1203,0.7963,0.1003,0.8337489609310058,1.047028708942617,0.004505109999999993,1.2252554999999998,0.0510587142743645
"France, Prod=1, VeryHighSal",Inactive,0.0591,0.4849,0.03,0.5076142131979695,1.0468430876427501,0.0013424099999999987,1.0461309278350515,0.047557657561908766
"Adult, France, HasCard",Inactive,0.1645,0.4849,0.0835,0.5075987841945289,1.046811268703916,0.0037339499999999998,1.0460981481481482,0.05352239864973822
"Active, Youth",France,0.1006,0.5014,0.0528,0.5248508946322068,1.0467708309377879,0.002359160000000006,1.0493548117154814,0.04967874205699435
"Adult, Germany, High",HasCard,0.0665,0.7055,0.0491,0.7383458646616541,1.046556859903124,0.0021842499999999918,1.125531609195402,0.04765478669614915
"Active, Fair, Prod=2",France,0.0829,0.5014,0.0435,0.5247285886610373,1.0465269019964847,0.001933940000000002,1.049084771573604,0.04847714622679942
"Adult, Fair",Inactive,0.1476,0.4849,0.0749,0.5074525745257452,1.046509743299124,0.003328759999999986,1.045787620357634,0.052138343068405084
"Adult, Good, Prod=1",Retained,0.0498,0.7963,0.0415,0.8333333333333335,1.0465067604336726,0.0018442600000000073,1.222200000000001,0.046769101241844004
"Active, MedSal, Prod=1",Retained,0.0648,0.7963,0.054,0.8333333333333334,1.0465067604336724,0.0023997600000000008,1.2222000000000002,0.04751924721984604
"LowSal, Medium",Retained,0.036,0.7963,0.03,0.8333333333333334,1.0465067604336724,0.0013331999999999997,1.2222000000000002,0.046099585062240656
Spain,Retained,0.2477,0.7963,0.2064,0.8332660476382721,1.046422262511958,0.00915648999999999,1.2217067796610166,0.05896961205275391
"Active, Fair, MedSal",HasCard,0.0424,0.7055,0.0313,0.7382075471698114,1.0463608039260262,0.0013868000000000005,1.1249369369369373,0.04626849338468644
"Active, NoCard, Prod=2",France,0.0711,0.5014,0.0373,0.5246132208157525,1.0462968105619317,0.0016504600000000064,1.048830177514793,0.04763511397637456
"Fair, Germany, Prod=1",HasCard,0.0458,0.7055,0.0338,0.7379912663755458,1.0460542400787325,0.0014880999999999922,1.124008333333333,0.04613983150171315
"High, Prod=1, VeryHighSal",Inactive,0.0623,0.4849,0.0316,0.507223113964687,1.04603653117073,0.0013907300000000032,1.045300651465798,0.04693445988906343
"France, HasCard, Prod=2",Active,0.1663,0.5151,0.0896,0.5387853277209862,1.0459819990700567,0.003938869999999997,1.0513542372881357,0.052729522224506886
"Fair, Prod=2, Zero",Active,0.0865,0.5151,0.0466,0.538728323699422,1.0458713331380742,0.0020438500000000068,1.0512243107769426,0.04801252551733551
"Adult, VeryHighSal",Inactive,0.1053,0.4849,0.0534,0.5071225071225072,1.045829051603438,0.00234003,1.0450872832369944,0.04897818991489206
"France, HasCard, HighSal",Retained,0.0879,0.7963,0.0732,0.8327645051194539,1.045792421348052,0.0032052299999999895,1.2180428571428568,0.048007121019588934
"Middle, Prod=1, Retained",Active,0.0698,0.5151,0.0376,0.5386819484240688,1.0457813015415818,0.001646019999999998,1.0511186335403728,0.04706205940612171
"Active, Poor","HasCard, Retained",0.1182,0.5631,0.0696,0.5888324873096447,1.04569789967971,0.003041579999999988,1.0625839506172838,0.0495587004637847
"Adult, Fair, HasCard",Inactive,0.1065,0.4849,0.054,0.5070422535211268,1.045663546135547,0.0023581500000000033,1.0449171428571429,0.0488745880743643
"Adult, France, Prod=2",Inactive,0.114,0.4849,0.0578,0.507017543859649,1.0456125878730647,0.002521399999999993,1.044864768683274,0.049235708092824036
"Prod=2, Retained, Zero",Active,0.2514,0.5151,0.1354,0.5385839299920445,1.045591011438642,0.005903859999999983,1.0508953448275862,0.058246195458504166
"Active, Prod=2, Retained",France,0.231,0.5014,0.1211,0.5242424242424242,1.0455572880782293,0.005276600000000006,1.0480127388535032,0.056660928914512576
"Germany, HasCard",Prod=1,0.1791,0.5084,0.0952,0.5315466219988834,1.0455283674250264,0.0041455600000000065,1.0494107270560193,0.05304641042676063
"Medium, Prod=1",Active,0.0973,0.5151,0.0524,0.538540596094553,1.045506884283737,0.0022807700000000014,1.0507966592427618,0.048217730185186616
"Active, HasCard, Youth",France,0.0708,0.5014,0.0371,0.5240112994350282,1.045096329148441,0.001600880000000006,1.0475038575667657,0.046438231072609366
"Active, Adult, Zero",HasCard,0.0803,0.7055,0.0592,0.7372353673723537,1.044982802795682,0.0025483500000000048,1.1207748815165879,0.046804884965426535
"LowSal, Retained, Zero",Active,0.0797,0.5151,0.0429,0.5382685069008784,1.0449786583204783,0.001846530000000006,1.050177445652174,0.046770245944428426
"HasCard, Prod=2, Retained",France,0.301,0.5014,0.1577,0.5239202657807309,1.0449147702048882,0.0067786000000000235,1.0473035589672017,0.06149377269638774
"NoCard, Prod=1, Retained",France,0.1088,0.5014,0.057,0.5238970588235294,1.0448684858865767,0.0024476800000000076,1.0472525096525098,0.048184194777788424
"France, NoCard, Retained",Active,0.123,0.5151,0.0662,0.5382113821138211,1.044867757937917,0.0028426999999999897,1.0500475352112677,0.04896361187376613
"Fair, HasCard, Prod=1",Inactive,0.1206,0.4849,0.0611,0.5066334991708126,1.0448205798531915,0.0026210600000000014,1.0440514285714284,0.04878084186994037
"Fair, France, Retained",Active,0.1375,0.5151,0.074,0.5381818181818181,1.04481036338928,0.003173749999999989,1.0499803149606297,0.049725812769290854
"NoCard, Prod=2",France,0.1344,0.5014,0.0704,0.5238095238095238,1.0446939046859272,0.0030118400000000156,1.04706,0.049424466476222735
"Fair, High, Prod=1",Inactive,0.0839,0.4849,0.0425,0.5065554231227652,1.0446595651119102,0.0018168900000000016,1.043886231884058,0.04666559648638413
"Germany, MedSal",Inactive,0.0616,0.4849,0.0312,0.5064935064935064,1.0445318756310713,0.001330159999999997,1.0437552631578946,0.04543194089229884
"Germany, High, HighSal",HasCard,0.0418,0.7055,0.0308,0.736842105263158,1.0444253795367229,0.0013101000000000015,1.1191000000000002,0.04439126934430634
"Active, Middle, Zero",Retained,0.038,0.7963,0.0316,0.8315789473684212,1.0443035883064438,0.0013406000000000043,1.209468750000001,0.044099844732756265
"Adult, Prod=1",Retained,0.2178,0.7963,0.1811,0.8314967860422406,1.0442004094464907,0.007665860000000024,1.2088790190735699,0.054115867110011845
"France, LowSal, Retained",Active,0.1045,0.5151,0.0562,0.5377990430622009,1.044067255022716,0.0023720500000000005,1.0491107660455485,0.04713265815038022
"HasCard, MedSal, Prod=2",France,0.0812,0.5014,0.0425,0.5233990147783252,1.0438751790552956,0.001786320000000008,1.046158139534884,0.04574560167994078
"Adult, NoCard, Retained",Inactive,0.1136,0.4849,0.0575,0.5061619718309859,1.0438481580346173,0.0024153599999999983,1.0430545454545455,0.04738973473552029
"HasCard, Poor, Spain",Retained,0.0385,0.7963,0.032,0.8311688311688312,1.0437885610559228,0.001342450000000002,1.2065307692307696,0.04363137025481026
"France, VeryHighSal",Inactive,0.1227,0.4849,0.0621,0.5061124694376529,1.0437460701952008,0.0026027700000000042,1.04295,0.04777449035275675
"France, Poor",Inactive,0.1231,0.4849,0.0623,0.5060926076360682,1.0437051095814978,0.002608810000000003,1.0429080592105262,0.04775340389051104
Poor,Inactive,0.2393,0.4849,0.1211,0.506059339740911,1.0436365018373088,0.005063429999999994,1.0428378172588832,0.05496512892803647
"Adult, HighSal, Prod=1",Retained,0.0562,0.7963,0.0467,0.8309608540925266,1.0435273817562811,0.0019479399999999952,1.205046315789473,0.04419556823683735
"Good, HasCard, High",Active,0.0627,0.5151,0.0337,0.5374800637958532,1.0434479980505789,0.0014032299999999984,1.0483872413793103,0.044424274409005426
"France, HasCard, High",Retained,0.1023,0.7963,0.085,0.83088954056696,1.043437825652342,0.0035385100000000086,1.2045381502890176,0.04637354284478647
"France, HasCard, Poor",Prod=1,0.0854,0.5084,0.0453,0.5304449648711943,1.0433614572604137,0.001882639999999998,1.0469486284289276,0.045439953967258584
"High, Inactive, Prod=2",Retained,0.0526,0.7963,0.0437,0.8307984790874525,1.0433234699076386,0.001814620000000003,1.2038898876404498,0.043829939968184704
"Adult, HasCard, Prod=1",France,0.1537,0.5014,0.0804,0.5230969420949902,1.043272720572378,0.0033348200000000022,1.0454954979536153,0.04901082440803194
"Adult, High, MedSal",Retained,0.0449,0.7963,0.0373,0.8307349665924275,1.0432437104011396,0.0015461299999999997,1.2034381578947362,0.043399860155288815
"Active, Medium","HasCard, Retained",0.0795,0.5631,0.0467,0.5874213836477987,1.0431919439669661,0.0019335499999999922,1.058949695121951,0.04497951141440429
"Adult, HasCard, Prod=2",France,0.1568,0.5014,0.082,0.5229591836734694,1.0429979730224759,0.003380480000000019,1.0451935828877006,0.04889156291942454
"Inactive, NoCard, Prod=2",France,0.0633,0.5014,0.0331,0.5229067930489731,1.0428934843417894,0.0013613800000000023,1.04507880794702,0.043908727592560835
"HighSal, Retained, Zero",Active,0.078,0.5151,0.0419,0.5371794871794872,1.0428644674422194,0.0017222000000000001,1.0477063711911356,0.04457985390274334
"HasCard, Youth",France,0.14,0.5014,0.0732,0.5228571428571428,1.0427944612228617,0.0030040000000000067,1.0449700598802394,0.0477188969373492
"Retained, VeryHighSal",France,0.1928,0.5014,0.1008,0.5228215767634855,1.0427235276495523,0.004130080000000008,1.0448921739130437,0.05075943492692759
"Active, Adult, MedSal",HasCard,0.0571,0.7055,0.042,0.7355516637478109,1.042596263285345,0.0017159500000000008,1.1136390728476822,0.04333010115701814
"Fair, LowSal",Prod=1,0.0849,0.5084,0.045,0.5300353356890459,1.0425557350295946,0.0018368399999999993,1.0460360902255639,0.044605689724255985
"Adult, Inactive, NoCard",France,0.066,0.5014,0.0345,0.5227272727272727,1.042535446205171,0.001407600000000002,1.0446857142857144,0.04368308351177736
"France, HighSal, Prod=1",Inactive,0.0643,0.4849,0.0325,0.505443234836703,1.0423659204716498,0.0013209300000000049,1.041538679245283,0.043436999038153415
"Active, Adult, Retained",France,0.2011,0.5014,0.1051,0.5226255594231726,1.0423325876010623,0.004268460000000002,1.044463125,0.05083655106646998
"Adult, Good, Prod=2",HasCard,0.0529,0.7055,0.0389,0.7353497164461247,1.0423100162241314,0.0015790499999999916,1.1127892857142854,0.04285982999381936
"France, Medium",Retained,0.0647,0.7963,0.0537,0.8299845440494591,1.0423013236838616,0.0021793900000000033,1.198126363636364,0.04339200658787426
"HighSal, Spain",Retained,0.0647,0.7963,0.0537,0.8299845440494591,1.0423013236838616,0.0021793900000000033,1.198126363636364,0.04339200658787426
"Prod=2, VeryHighSal",France,0.115,0.5014,0.0601,0.5226086956521739,1.042298954232497,0.0024390000000000037,1.044426229508197,0.04585577709467279
"HighSal, Inactive, Retained",France,0.0907,0.5014,0.0474,0.5226019845644984,1.0422855695343007,0.0019230199999999975,1.044411547344111,0.04461678455305485
"Adult, Prod=1",France,0.2178,0.5014,0.1138,0.5224977043158862,1.04207759137592,0.004595080000000015,1.0441834615384618,0.05162178327182283
"Adult, Prod=2",France,0.2182,0.5014,0.114,0.5224564619615032,1.041995336979464,0.004594520000000005,1.0440932821497122,0.05155130086664607
"Germany, Youth",HasCard,0.0453,0.7055,0.0333,0.7350993377483445,1.0419551208339397,0.0013408500000000045,1.1117375000000003,0.04217635463052886
"Middle, NoCard",Prod=1,0.0708,0.5084,0.0375,0.5296610169491525,1.0418194668551386,0.0015052799999999977,1.0452036036036034,0.043199311235471306
"High, LowSal, Prod=1",Active,0.0628,0.5151,0.0337,0.5366242038216561,1.0417864566524093,0.0013517200000000007,1.0464508591065294,0.0427981068679861
"HasCard, Prod=2, Zero",Active,0.1858,0.5151,0.0997,0.5365984930032293,1.041736542425217,0.0039944199999999985,1.0463927990708477,0.04920706605200025
"Active, MedSal, Zero",HasCard,0.0498,0.7055,0.0366,0.7349397590361446,1.0417289284707931,0.001466100000000005,1.111068181818182,0.042156784939150135
"MedSal, Prod=2",Active,0.115,0.5151,0.0617,0.5365217391304348,1.0415875347125505,0.0024634999999999935,1.0462195121951219,0.04511532932267475
"Active, HighSal, Prod=2",France,0.063,0.5014,0.0329,0.5222222222222221,1.0415281655808182,0.0013118000000000019,1.043581395348837,0.04255319148936176
"Adult, HasCard, Zero",Inactive,0.1196,0.4849,0.0604,0.5050167224080268,1.0414863320437755,0.0024059600000000056,1.0406412162162162,0.04524508727219125
"France, High, VeryHighSal",Retained,0.0375,0.7963,0.0311,0.8293333333333334,1.0414835279835908,0.0012387500000000003,1.1935546875000003,0.04138305424479059
"Fair, France, HighSal",Retained,0.041,0.7963,0.034,0.8292682926829269,1.0414018494071668,0.0013516999999999973,1.1931000000000005,0.04145556032632022
"France, Good",Active,0.1223,0.5151,0.0656,0.5363859362224039,1.0413238909384661,0.0026032700000000047,1.0459130511463846,0.045213619576665254
"France, High, Retained",Active,0.1238,0.5151,0.0664,0.5363489499192245,1.0412520868165882,0.00263062,1.0458296167247387,0.04521544291752722
"Adult, HighSal, Retained",France,0.1,0.5014,0.0522,0.522,1.0410849621061031,0.0020600000000000063,1.0430962343096235,0.043848446147296855
"HasCard, HighSal, Inactive",Prod=1,0.0888,0.5084,0.047,0.5292792792792792,1.041068605978126,0.001854080000000001,1.044355980861244,0.04329292212280278
"Poor, Retained",Active,0.1863,0.5151,0.0999,0.5362318840579711,1.0410248185943916,0.003936870000000009,1.045565625,0.04843075839757675
"LowSal, Zero",HasCard,0.0915,0.7055,0.0672,0.7344262295081967,1.0410010340300448,0.0026467499999999894,1.1089197530864197,0.04335295620724883
"HasCard, MedSal",France,0.1799,0.5014,0.0939,0.5219566425792106,1.0409984893881346,0.0036981400000000025,1.0430016279069767,0.048023183229557606
"HighSal, Inactive",Prod=1,0.1232,0.5084,0.0652,0.5292207792207791,1.0409535389865838,0.00256511999999999,1.0442262068965515,0.04487035958980772
"Germany, MedSal",Prod=1,0.0616,0.5084,0.0326,0.5292207792207791,1.0409535389865838,0.001282559999999995,1.0442262068965515,0.04192490546498658
"Active, HasCard, Retained",France,0.3125,0.5014,0.1631,0.5219199999999999,1.0409254088552053,0.006412500000000015,1.042921686746988,0.057187447745387796
"France, Prod=2",Active,0.2367,0.5151,0.1269,0.5361216730038023,1.0408108580931903,0.004975830000000014,1.0453172131147541,0.05136989165187011
"France, HasCard, Poor",Inactive,0.0854,0.4849,0.0431,0.5046838407494145,1.0407998365630327,0.0016895399999999963,1.0399418439716313,0.04286077414948927
"Good, HighSal","HasCard, Retained",0.0616,0.5631,0.0361,0.586038961038961,1.0407369224630811,0.0014130399999999974,1.055413333333333,0.041711831065076796
"Inactive, Middle, Prod=1",HasCard,0.0696,0.7055,0.0511,0.7341954022988506,1.0406738515929845,0.0019972000000000045,1.1079567567567568,0.04200789846086031
"Adult, Prod=1",Inactive,0.2178,0.4849,0.1099,0.5045913682277319,1.0406091322493956,0.004288780000000006,1.0397477293790547,0.049890546925693655
"Active, Fair, HighSal",Retained,0.0461,0.7963,0.0382,0.8286334056399132,1.040604553108016,0.0014905699999999966,1.1886797468354426,0.04090591997909922
"France, MedSal, Prod=1",HasCard,0.0662,0.7055,0.0486,0.7341389728096677,1.0405938664913787,0.001895899999999999,1.1077215909090907,0.041775849288759485
"France, Prod=2, Zero",Active,0.1739,0.5151,0.0932,0.5359401955146637,1.0404585430298265,0.00362411,1.0449084262701365,0.04707093624159853
"Adult, LowSal, Prod=1",Retained,0.0519,0.7963,0.043,0.8285163776493255,1.040457588408044,0.001672029999999998,1.187868539325842,0.04101299293814062
"HasCard, Inactive, Youth",France,0.0692,0.5014,0.0361,0.5216763005780347,1.0404393709175006,0.0014031200000000077,1.0423903323262842,0.04175718739546739
"HighSal, Retained",France,0.2038,0.5014,0.1063,0.5215897939156036,1.0402668406773108,0.0041146800000000094,1.0422018461538463,0.04861615722660068
"Active, HasCard, Poor",France,0.0811,0.5014,0.0423,0.5215782983970406,1.0402439138353423,0.0016364599999999993,1.0421768041237112,0.04210142304487299
"Prod=1, Retained, Zero",HasCard,0.0567,0.7055,0.0416,0.7336860670194003,1.039951902224522,0.0015981499999999996,1.1058377483443707,0.040726245423187
"Middle, Spain",Prod=1,0.0575,0.5084,0.0304,0.528695652173913,1.039920637635549,0.0011670000000000014,1.0430627306273064,0.040730141002373356
"Churned, High, Inactive",HasCard,0.0627,0.7055,0.046,0.7336523125996809,1.0399040575473861,0.0017651499999999931,1.1056976047904186,0.040939748305725346
"Inactive, NoCard, Zero",Retained,0.0494,0.7963,0.0409,0.8279352226720648,1.0397277692729685,0.0015627799999999997,1.183856470588235,0.04019543441100383
"Fair, Prod=2",Active,0.1548,0.5151,0.0829,0.5355297157622739,1.039661649703502,0.003162520000000002,1.0439849791376914,0.0451356043380144
"France, HasCard, Poor",Retained,0.0854,0.7963,0.0707,0.8278688524590163,1.0396444210209925,0.0026959800000000006,1.1833999999999993,0.04169327932137191
"Churned, Inactive, Middle",HasCard,0.051,0.7055,0.0374,0.7333333333333334,1.0394519253484527,0.001419500000000004,1.104375,0.03999425232301956
"Adult, NoCard, Prod=2",France,0.0614,0.5014,0.032,0.5211726384364821,1.0394348592670166,0.001214040000000003,1.0412938775510205,0.040420573194119
"Adult, High, LowSal",Retained,0.0383,0.7963,0.0317,0.8276762402088772,1.0394025369946969,0.0012017099999999982,1.1820772727272721,0.03941856380115517
"HasCard, HighSal, Prod=2",Active,0.082,0.5151,0.0439,0.5353658536585366,1.039343532631599,0.001661799999999998,1.0436167979002626,0.04123552736710979
"VeryGood, Zero",HasCard,0.0416,0.7055,0.0305,0.733173076923077,1.0392247723927384,0.0011512000000000015,1.103711711711712,0.03938257751991028
"Adult, NoCard, Prod=1",France,0.0641,0.5014,0.0334,0.5210608424336973,1.039211891570996,0.0012602599999999992,1.0410508143322477,0.04031663140222384
"HasCard, Prod=1",Inactive,0.3578,0.4849,0.1803,0.5039128004471771,1.039209734887971,0.0068027799999999805,1.0383255211267604,0.05875169468236338
"France, VeryHighSal","HasCard, Retained",0.1227,0.5631,0.0718,0.5851670741646292,1.039188552947308,0.0027076299999999887,1.0531950884086443,0.04298498145900277
"Adult, Fair, Prod=1",Retained,0.0713,0.7963,0.059,0.8274894810659186,1.039168003347882,0.0022238099999999927,1.1807975609756092,0.04058543654059881
"HasCard, LowSal, Prod=2",Active,0.0809,0.5151,0.0433,0.5352286773794808,1.0390772226353733,0.0016284099999999968,1.0433087765957445,0.04091787754010782
"France, High, Poor",Retained,0.0365,0.7963,0.0302,0.8273972602739726,1.0390521917292135,0.001135050000000002,1.1801666666666668,0.03900823776449692
"Adult, Fair, High",HasCard,0.0558,0.7055,0.0409,0.7329749103942652,1.0389438843292207,0.0015330999999999956,1.1028926174496643,0.03969933020489515
"Prod=1, VeryHighSal",Inactive,0.1221,0.4849,0.0615,0.5036855036855037,1.0387409851216822,0.0022937099999999974,1.03785,0.04248330967191658
"Germany, High, Inactive",HasCard,0.0842,0.7055,0.0617,0.7327790973871734,1.0386663322284526,0.0022968999999999976,1.1020844444444444,0.04064960076000538
"France, HasCard, Prod=1",Inactive,0.1785,0.4849,0.0899,0.503641456582633,1.0386501476234957,0.003345349999999997,1.0377579006772009,0.045297507137503794
"Active, HighSal, Retained",France,0.1131,0.5014,0.0589,0.5207780725022104,1.038647930798186,0.002191660000000005,1.0404365313653137,0.04195495230425285
"Active, VeryGood",France,0.0628,0.5014,0.0327,0.5207006369426752,1.0384934921074496,0.0012120800000000043,1.0402684385382062,0.03955043391663124
"LowSal, Prod=2, Zero",Active,0.0673,0.5151,0.036,0.5349182763744428,1.0384746192476078,0.001333769999999998,1.0426124600638977,0.039722490261248654
"Poor, Spain",Retained,0.0572,0.7963,0.0473,0.826923076923077,1.0384567084303364,0.0017516399999999988,1.1769333333333336,0.039279336168365354
"HasCard, Prod=2, Youth",Inactive,0.0719,0.4849,0.0362,0.5034770514603616,1.0383110980828245,0.0013356900000000005,1.0374142857142856,0.03975596790448734
Poor,Prod=1,0.2393,0.5084,0.1263,0.5277893857083159,1.0381380521406687,0.004639879999999999,1.0410608849557523,0.0482936446105761
"HasCard, Prod=2, VeryHighSal",France,0.0805,0.5014,0.0419,0.5204968944099378,1.0380871448143956,0.0015373000000000053,1.0398264248704663,0.039901835204097
"Good, HasCard",Active,0.1685,0.5151,0.0901,0.5347181008902077,1.0380860044461417,0.0033056499999999933,1.0421639030612244,0.04412348676522302
"Adult, Good",France,0.1051,0.5014,0.0547,0.5204567078972407,1.0380069962051073,0.002002860000000002,1.0397392857142858,0.040915584411604866
"France, HighSal, Zero",Active,0.0606,0.5151,0.0324,0.5346534653465346,1.0379605229014455,0.001184939999999999,1.04201914893617,0.03893146925933808
"Fair, Inactive, Middle",HasCard,0.0437,0.7055,0.032,0.7322654462242563,1.0379382653781095,0.0011696499999999978,1.0999700854700853,0.038221857680644074
"Adult, Spain, Zero",HasCard,0.0549,0.7055,0.0402,0.73224043715847,1.0379028166668602,0.0014680499999999985,1.0998673469387756,0.038639992293321206
"Fair, Prod=2, Retained",France,0.1426,0.5014,0.0742,0.520336605890603,1.037767462885128,0.0027003600000000128,1.039478947368421,0.04244575683898624
"Fair, Germany, High",HasCard,0.056,0.7055,0.041,0.7321428571428572,1.0377645033917182,0.0014920000000000003,1.0994666666666668,0.03854898718478711
"France, VeryHighSal, Zero",HasCard,0.0586,0.7055,0.0429,0.7320819112627986,1.0376781166021243,0.0015577000000000021,1.099216560509554,0.038570239335057745
"HasCard, Prod=2",Active,0.3246,0.5151,0.1735,0.5345040049291435,1.0376703648401155,0.006298539999999991,1.0416845797485108,0.05375010987191701
"Active, HighSal, NoCard",Retained,0.042,0.7963,0.0347,0.8261904761904761,1.037536702487098,0.0012553999999999968,1.1719726027397257,0.037764795774097
"Germany, Inactive, Prod=1",HasCard,0.072,0.7055,0.0527,0.7319444444444445,1.037483266398929,0.001904000000000003,1.098652849740933,0.03893214682981096
"NoCard, Spain",Active,0.0756,0.5151,0.0404,0.5343915343915344,1.0374520178441748,0.0014584399999999983,1.0414329545454546,0.039052358286456035
"Adult, HasCard, HighSal",Inactive,0.0817,0.4849,0.0411,0.5030599755201959,1.037450970344805,0.0014836699999999994,1.0365435960591134,0.03931071192855304
"Inactive, MedSal",Prod=1,0.1225,0.5084,0.0646,0.5273469387755102,1.0372677788660705,0.0023210000000000106,1.0400863557858377,0.04094449295687704
"Active, NoCard, VeryHighSal",Retained,0.0385,0.7963,0.0318,0.825974025974026,1.0372648825493231,0.0011424500000000032,1.1705149253731346,0.03736463923965774
"Fair, Spain",Retained,0.0856,0.7963,0.0707,0.8259345794392524,1.0372153452709436,0.002536720000000006,1.1702496644295306,0.03923890701781099
"Active, High, VeryHighSal",Retained,0.0488,0.7963,0.0403,0.8258196721311475,1.0370710437412376,0.0014405600000000005,1.169477647058823,0.037579799944487007
"Churned, Inactive, Prod=1",HasCard,0.0924,0.7055,0.0676,0.7316017316017316,1.0369974934113841,0.0024117999999999917,1.0972499999999998,0.03930973423633681
"Active, Fair, NoCard",Retained,0.0505,0.7963,0.0417,0.8257425742574257,1.0369742236059596,0.001486849999999998,1.1689602272727269,0.037552264665360865
"MedSal, NoCard, Retained",Active,0.0586,0.5151,0.0313,0.5341296928327646,1.036943686338118,0.0011151400000000006,1.0408476190476192,0.03784520505453439
"HasCard, Medium, Prod=1",Active,0.0674,0.5151,0.036,0.5341246290801186,1.0369338557175667,0.0012822599999999934,1.0408363057324839,0.03819250839945652
"Good, HasCard, VeryHighSal",Retained,0.0413,0.7963,0.0341,0.8256658595641645,1.0368778846718127,0.0012128099999999947,1.1684458333333323,0.037098441284889844
"LowSal, Prod=2, Retained",Active,0.1045,0.5151,0.0558,0.5339712918660288,1.036636171357074,0.001972050000000003,1.040493839835729,0.03946554757058897
"Adult, Prod=1, VeryHighSal",Retained,0.0527,0.7963,0.0435,0.825426944971537,1.0365778537881916,0.00153499,1.166846739130435,0.037250212643071476
"Youth, Zero",Inactive,0.077,0.4849,0.0387,0.5025974025974026,1.0364970150492938,0.0013627000000000014,1.0355796344647519,0.03814938927942535
Germany,Inactive,0.2509,0.4849,0.1261,0.5025906735751294,1.036483137915301,0.004438589999999978,1.0355656249999998,0.04698834477661832
"Adult, Fair",France,0.1476,0.5014,0.0767,0.5196476964769647,1.0363934911786294,0.0026933600000000057,1.0379881523272214,0.0411960523152055
"Good, High",Active,0.0888,0.5151,0.0474,0.5337837837837838,1.0362721486775068,0.001659119999999993,1.0400753623188406,0.038413665107078
"Adult, Poor, Prod=1",Retained,0.0549,0.7963,0.0453,0.825136612021858,1.0362132513146527,0.001583130000000002,1.1649093750000001,0.0369777612096131
"Adult, NoCard",France,0.1282,0.5014,0.0666,0.5195007800312013,1.036100478721981,0.0023205200000000065,1.0376707792207793,0.03996632558229265
"Adult, VeryHighSal",France,0.1053,0.5014,0.0547,0.5194681861348528,1.0360354729454584,0.001902580000000001,1.037600395256917,0.03887569475250252
Adult,Inactive,0.4451,0.4849,0.2236,0.5023590204448438,1.0360054040933055,0.007771009999999995,1.035083566591422,0.06263123043330662
"NoCard, Retained, Zero",Active,0.0877,0.5151,0.0468,0.5336374002280502,1.0359879639449625,0.0016257299999999988,1.0397488997555013,0.03807719008310916
"Adult, LowSal, Prod=2",HasCard,0.0546,0.7055,0.0399,0.7307692307692307,1.0358174780570244,0.0013796999999999976,1.0938571428571426,0.03657599679333721
"Active, Retained",France,0.4416,0.5014,0.2293,0.5192481884057971,1.0355967060346971,0.007881760000000015,1.03712557701366,0.06155647498241202
Adult,France,0.4451,0.5014,0.2311,0.5192091664794428,1.035518880094621,0.007926860000000008,1.037041401869159,0.06181395301323592
"Churned, France, Inactive",HasCard,0.0512,0.7055,0.0374,0.73046875,1.0353915662650601,0.001278399999999999,1.0926376811594203,0.03602636823547444
"Adult, HasCard",France,0.3169,0.5014,0.1645,0.5190911959608709,1.0352835978477681,0.005606340000000015,1.0367870078740158,0.049891808263686284
"HasCard, High, Prod=1",Inactive,0.1775,0.4849,0.0891,0.5019718309859155,1.0352069106741915,0.0030302499999999982,1.0342788461538461,0.04134898461139594
"HasCard, Poor, Prod=1",France,0.0873,0.5014,0.0453,0.5189003436426116,1.0349029590000232,0.0015277799999999994,1.0363757142857142,0.03695171229820261
"HighSal, Spain","HasCard, Retained",0.0647,0.5631,0.0377,0.5826893353941267,1.0347883775424023,0.00126743,1.0469418518518516,0.03594443803191135
"Active, Prod=2",France,0.2446,0.5014,0.1269,0.5188062142273099,1.0347152258223173,0.004257560000000021,1.036172982158029,0.04441423380241219
"High, Spain","HasCard, Retained",0.0702,0.5631,0.0409,0.5826210826210826,1.0346671685687845,0.0013703799999999974,1.0467706484641637,0.03603530164753988
"HasCard, Poor, Retained",Active,0.1306,0.5151,0.0696,0.5329249617151608,1.0346048567562818,0.0023279400000000006,1.0381629508196721,0.03847183551081603
Spain,"HasCard, Retained",0.2477,0.5631,0.1443,0.5825595478401292,1.0345578899664876,0.004820130000000006,1.0466163442940037,0.044401879972795884
Prod=2,Active,0.459,0.5151,0.2446,0.5328976034858388,1.0345517442939989,0.008169100000000012,1.0381021455223882,0.061733442354865185
"Adult, Retained, Zero",Inactive,0.1513,0.4849,0.0759,0.5016523463317911,1.0345480435796888,0.002534629999999996,1.0336157824933687,0.039347631260582466
"Retained, VeryHighSal, Zero",Active,0.0745,0.5151,0.0397,0.5328859060402684,1.034529035216984,0.0013250500000000012,1.0380761494252873,0.0360632893649971
"Middle, Retained, Zero",Active,0.0593,0.5151,0.0316,0.5328836424957842,1.0345246408382531,0.0010545700000000047,1.0380711191335743,0.03547620745660734
"Adult, HasCard, Prod=1",Retained,0.1537,0.7963,0.1266,0.8236824983734548,1.0343871635984614,0.004208689999999987,1.15530221402214,0.03928157490303939
"Churned, Germany, Inactive",HasCard,0.0518,0.7055,0.0378,0.7297297297297297,1.0343440534794184,0.001255100000000002,1.0896499999999998,0.0350176162241128
"France, MedSal",Active,0.1297,0.5151,0.0691,0.5327679259830377,1.0342999922015874,0.002291529999999986,1.03781402640264,0.038104697333936385
"Active, Good",France,0.1265,0.5014,0.0656,0.5185770750988142,1.0342582271615761,0.0021729000000000054,1.035679802955665,0.037920407109051146
"NoCard, Poor",France,0.0727,0.5014,0.0377,0.5185694635488308,1.0342430465672734,0.0012482200000000013,1.0356634285714288,0.035705040245474697
"Prod=2, Zero",Active,0.26,0.5151,0.1385,0.5326923076923077,1.0341531890745637,0.004573999999999995,1.0376460905349794,0.04462874426773338
"Fair, Retained, Youth",HasCard,0.0599,0.7055,0.0437,0.7295492487479132,1.0340882335193666,0.0014405499999999988,1.0889228395061727,0.0350649195749904
"Middle, Retained",Active,0.1532,0.5151,0.0816,0.5326370757180157,1.0340459633430705,0.0026866800000000107,1.0375234636871509,0.03888167217760998
"MedSal, NoCard",Inactive,0.0738,0.4849,0.037,0.5013550135501355,1.0339348598682934,0.001214379999999994,1.032999456521739,0.03543627842915237
"Inactive, LowSal, Zero",Retained,0.0447,0.7963,0.0368,0.8232662192393736,1.0338643968848091,0.0012053900000000006,1.1525810126582279,0.03428782899976791
"HasCard, Prod=1, Youth",France,0.0654,0.5014,0.0339,0.518348623853211,1.0338026004252314,0.0011084400000000022,1.0351885714285716,0.03498538961346397
"MedSal, Prod=2",France,0.115,0.5014,0.0596,0.5182608695652173,1.0336275819011116,0.0019390000000000032,1.035,0.036761081409016856
"Inactive, Zero","HasCard, Retained",0.1744,0.5631,0.1015,0.5819954128440368,1.0335560519340024,0.003295359999999997,1.045203840877915,0.03932485584450296
"High, MedSal",Inactive,0.0978,0.4849,0.049,0.5010224948875256,1.0332491129872667,0.0015767799999999998,1.0323110655737706,0.03566746139821479
"Active, LowSal, Prod=2",HasCard,0.0594,0.7055,0.0433,0.7289562289562289,1.033247666840863,0.0013932999999999932,1.0865403726708072,0.03420989697991389
"Adult, Germany, Retained",Active,0.0808,0.5151,0.043,0.5321782178217822,1.0331551501102354,0.0013799199999999998,1.0365058201058202,0.034912056995972225
"Adult, HasCard, Prod=1",Inactive,0.1537,0.4849,0.077,0.5009759271307742,1.0331530771927702,0.00247087,1.0322147327249023,0.03791707524426418
"Fair, NoCard",Active,0.0949,0.5151,0.0505,0.5321390937829295,1.033079195851154,0.001617010000000002,1.0364191441441442,0.03537730637498623
"Active, HasCard, Prod=1",Retained,0.1775,0.7963,0.146,0.8225352112676056,1.032946391143546,0.004656749999999987,1.1478333333333335,0.03877878169629835
"Adult, France, MedSal",HasCard,0.0623,0.7055,0.0454,0.7287319422150883,1.0329297550887149,0.00144735,1.0856420118343195,0.03399803342981397
"Fair, Inactive, Zero",HasCard,0.0575,0.7055,0.0419,0.728695652173913,1.032878316334391,0.0013337499999999947,1.0854967948717944,0.033773731823274936
"Adult, France, MedSal",Inactive,0.0623,0.4849,0.0312,0.5008025682182985,1.0327955624217333,0.0009907299999999987,1.0318562700964629,0.03386388681525714
"Adult, Churned",HasCard,0.0538,0.7055,0.0392,0.7286245353159851,1.0327775128504395,0.001244099999999998,1.0852123287671234,0.03354179338190566
"High, HighSal, Prod=1",Inactive,0.0639,0.4849,0.032,0.5007824726134585,1.0327541196400465,0.001014890000000001,1.0318147335423198,0.03388026119004383
"Active, Adult, Prod=2",HasCard,0.1094,0.7055,0.0797,0.7285191956124314,1.0326282007263379,0.002518299999999987,1.0847912457912454,0.035478598303034355
"Adult, Fair, Prod=2",Inactive,0.0727,0.4849,0.0364,0.5006877579092159,1.0325587913161804,0.0011477699999999993,1.0316190082644627,0.034004251975782204
"LowSal, Spain",HasCard,0.0615,0.7055,0.0448,0.7284552845528456,1.0325376109891504,0.0014117499999999963,1.0845359281437128,0.033577279473323604
"Fair, HasCard, Prod=2",Active,0.1115,0.5151,0.0593,0.5318385650224215,1.0324957581487508,0.0018663499999999958,1.0357538314176247,0.03542264327489812
"France, Inactive, Poor",Prod=1,0.0623,0.5084,0.0327,0.5248796147672552,1.0324146631928703,0.001026680000000002,1.0346851351351352,0.03348292833104887
"Adult, HasCard, MedSal",Inactive,0.0841,0.4849,0.0421,0.5005945303210464,1.0323665298433624,0.0013199100000000005,1.0314264285714285,0.03423057263094672
"Prod=1, Youth",France,0.091,0.5014,0.0471,0.5175824175824176,1.0322744666581924,0.0014726000000000114,1.0335444191343965,0.03439537159660791
"Adult, Prod=1","HasCard, Retained",0.2178,0.5631,0.1266,0.581267217630854,1.032262862068645,0.003956819999999986,1.043386184210526,0.03995717510824359
"Fair, Inactive, Prod=1",HasCard,0.0839,0.7055,0.0611,0.7282479141835518,1.0322436770851195,0.001908550000000002,1.0837083333333333,0.03409725744461108
"LowSal, NoCard",Prod=1,0.0707,0.5084,0.0371,0.5247524752475248,1.0321645854593329,0.0011561200000000035,1.0344083333333334,0.03353305084573711
"Germany, Inactive",HasCard,0.1261,0.7055,0.0918,0.7279936558287075,1.0318832825353754,0.002836450000000018,1.0826953352769682,0.035356617631477676
"Adult, Fair, HasCard",France,0.1065,0.5014,0.0551,0.5173708920187794,1.0318525967666123,0.0017009000000000121,1.033091439688716,0.03454877279647245
"HasCard, VeryHighSal",Inactive,0.1719,0.4849,0.086,0.5002908667830134,1.031740290334117,0.002645689999999992,1.0307996507566939,0.037149906061227186
"LowSal, Prod=2",France,0.1127,0.5014,0.0583,0.5173025732031943,1.0317163406525616,0.001792220000000004,1.0329452205882352,0.03464593475417076
"Adult, Good, Retained",HasCard,0.0926,0.7055,0.0674,0.7278617710583153,1.031696344519228,0.0020706999999999948,1.0821706349206346,0.0338577825972926
"France, VeryHighSal",Retained,0.1227,0.7963,0.1008,0.8215158924205379,1.0316663222661533,0.003093989999999991,1.141278082191781,0.034987285122643506
"Fair, Germany",HasCard,0.0856,0.7055,0.0623,0.727803738317757,1.0316140869139008,0.0019091999999999998,1.08193991416309,0.03351406916832025
"NoCard, Spain",Retained,0.0756,0.7963,0.0621,0.8214285714285715,1.0315566638560485,0.0018997200000000006,1.1407200000000004,0.033093146200590756
"Active, Good, HasCard",France,0.0901,0.5014,0.0466,0.5172031076581576,1.0315179650142752,0.001423860000000006,1.0327324137931035,0.03358054250172296
"France, Poor",Retained,0.1231,0.7963,0.1011,0.8212835093419983,1.0313744937109108,0.003075469999999997,1.1397940909090907,0.03469047682697531
"Good, HighSal",Prod=1,0.0616,0.5084,0.0323,0.5243506493506493,1.031374211940695,0.0009825600000000004,1.0335344709897611,0.032416681843015854
"Adult, HighSal",Inactive,0.1134,0.4849,0.0567,0.5,1.031140441328109,0.0017123399999999997,1.0302,0.03406271148206631
"HasCard, High, HighSal",Inactive,0.069,0.4849,0.0345,0.5,1.031140441328109,0.0010418999999999984,1.0302,0.032438238453275994
"Fair, HasCard, High",Inactive,0.0914,0.4849,0.0457,0.5,1.031140441328109,0.001380140000000002,1.0302,0.03323794849218583
"Fair, France, VeryHighSal",Retained,0.0385,0.7963,0.0316,0.8207792207792208,1.0307412040427237,0.0009424500000000044,1.1365869565217395,0.031018582515452656
"Fair, Prod=2, Zero",HasCard,0.0865,0.7055,0.0629,0.7271676300578035,1.0307124451563479,0.001874250000000001,1.0794173728813559,0.032618825722274015
"HasCard, Poor",Prod=1,0.1666,0.5084,0.0873,0.5240096038415366,1.0307033907189942,0.0026005600000000156,1.0327939470365701,0.035743669716044923
"Fair, Retained, Zero",HasCard,0.1026,0.7055,0.0746,0.7270955165692008,1.0306102290137502,0.002215700000000001,1.0791321428571428,0.03309680453093269
"Fair, Zero",HasCard,0.1198,0.7055,0.0871,0.7270450751252087,1.030538731573648,0.002581099999999989,1.0789327217125382,0.03366706919495111
"Adult, Retained, Zero",HasCard,0.1513,0.7055,0.11,0.7270323859881032,1.0305207455536542,0.0032578500000000066,1.0788825665859565,0.03489668691153322
"Fair, Retained, Spain",HasCard,0.0707,0.7055,0.0514,0.727015558698727,1.0304968939740993,0.001521149999999999,1.0788160621761658,0.031845860299853306
"Inactive, MedSal, Zero",Retained,0.0423,0.7963,0.0347,0.8203309692671396,1.0301782861574025,0.0010165100000000052,1.133751315789474,0.03058811351283214
"Germany, Inactive, Retained",HasCard,0.0743,0.7055,0.054,0.7267833109017496,1.0301676979472,0.0015813499999999953,1.077899014778325,0.03163471887140453
"Active, HasCard, Prod=2",France,0.1735,0.5014,0.0896,0.5164265129682998,1.0299691124218187,0.002607100000000015,1.0310738974970204,0.03520520050125333
"LowSal, Prod=2, Zero",HasCard,0.0673,0.7055,0.0489,0.7265973254086181,1.029904075703215,0.0014198500000000003,1.077165760869565,0.031130896666734645
"LowSal, Retained, Spain",HasCard,0.0523,0.7055,0.038,0.7265774378585086,1.0298758864046897,0.001102350000000002,1.0770874125874124,0.030610119791406397
"France, HasCard, Inactive",Prod=1,0.1717,0.5084,0.0899,0.5235876528829353,1.0298734321064817,0.002607720000000008,1.031879217603912,0.035019795426444796
"Adult, Fair, Prod=1",HasCard,0.0713,0.7055,0.0518,0.7265077138849929,1.02977705724308,0.001497849999999995,1.0768128205128202,0.03113602149889423
"Active, LowSal, Zero",HasCard,0.0468,0.7055,0.034,0.7264957264957266,1.0297600659046444,0.0009826000000000001,1.0767656250000002,0.03031892572387747
"LowSal, Retained, Zero",HasCard,0.0797,0.7055,0.0579,0.726474278544542,1.0297296648398895,0.0016716500000000037,1.0766811926605504,0.03137165041736604
"MedSal, Poor",Prod=1,0.0617,0.5084,0.0323,0.5235008103727715,1.029702616783579,0.0009317200000000039,1.0316911564625852,0.030742641408330655
"Fair, Inactive",HasCard,0.1623,0.7055,0.1179,0.7264325323475046,1.029670492342317,0.0033973500000000073,1.0765168918918917,0.03439837845111471
"Exceptional, HasCard",Retained,0.0444,0.7963,0.0364,0.8198198198198198,1.029536380534748,0.0010442800000000016,1.1305349999999996,0.030021987221652398
"High, HighSal, Inactive",HasCard,0.0475,0.7055,0.0345,0.7263157894736842,1.0295050169719124,0.0009887500000000035,1.0760576923076923,0.030088630225569735
"Good, HasCard, Prod=1",Active,0.0843,0.5151,0.0447,0.5302491103202847,1.0294100375078328,0.0012770699999999982,1.0322492424242424,0.031199954851717903
"Adult, Good, Retained",Active,0.0926,0.5151,0.0491,0.5302375809935205,1.029387654811727,0.0014017399999999985,1.032223908045977,0.031462063225787304
"Good, Prod=2",France,0.1116,0.5014,0.0576,0.5161290322580645,1.029375812241852,0.001643760000000001,1.03044,0.03212235479513735
"Adult, Prod=2, Zero",HasCard,0.1238,0.7055,0.0899,0.7261712439418416,1.029300133156402,0.0025590999999999947,1.075489675516224,0.03248810022244396
"Adult, Zero",HasCard,0.1647,0.7055,0.1196,0.7261687917425622,1.0292966573246807,0.003404149999999981,1.0754800443458978,0.03407493432556005
"Active, Adult, NoCard",France,0.0622,0.5014,0.0321,0.5160771704180064,1.029272378177117,0.0009129200000000011,1.0303295681063123,0.030326162709968157
"France, LowSal, Zero",HasCard,0.0606,0.7055,0.044,0.726072607260726,1.0291603221271806,0.0012466999999999964,1.0751024096385537,0.030161902181276165
"France, Inactive, Zero",Retained,0.1158,0.7963,0.0949,0.8195164075993091,1.0291553530067927,0.0026884600000000036,1.1286344497607652,0.03203958308952225
"Adult, MedSal, Zero",HasCard,0.0449,0.7055,0.0326,0.7260579064587972,1.0291394847041775,0.0009230499999999947,1.0750447154471539,0.029645500133927288
"Germany, HighSal, Retained",HasCard,0.0438,0.7055,0.0318,0.726027397260274,1.0290962399153423,0.0008991000000000034,1.074925,0.029568693689249616
"Fair, Inactive, Prod=2",HasCard,0.0719,0.7055,0.0522,0.7260083449235049,1.0290692344769736,0.001474549999999998,1.0748502538071065,0.03043646621181737
"Fair, Youth",HasCard,0.0646,0.7055,0.0469,0.7260061919504643,1.0290661827788297,0.0013246999999999912,1.0748418079096043,0.03019585477724525
"Prod=1, Zero",HasCard,0.0905,0.7055,0.0657,0.7259668508287292,1.0290104193178302,0.0018522499999999997,1.0746874999999998,0.0309978470114628
"Adult, HasCard, LowSal",France,0.0787,0.5014,0.0406,0.5158831003811943,1.0288853218611775,0.0011398199999999997,1.0299165354330708,0.03047257596489004
"France, MedSal, Zero",HasCard,0.062,0.7055,0.045,0.7258064516129032,1.028783063944583,0.0012589999999999962,1.0740588235294117,0.02982705520018944
"HighSal, Prod=2, Retained",France,0.1074,0.5014,0.0554,0.515828677839851,1.0287767806937596,0.001549640000000005,1.0298007692307691,0.03133748729020249
"High, Prod=1, Youth",HasCard,0.0474,0.7055,0.0344,0.7257383966244726,1.0286866004599187,0.0009593000000000032,1.0737923076923077,0.029274226230292716
"Good, HasCard, Prod=2",France,0.0793,0.5014,0.0409,0.5157629255989912,1.0286456433964724,0.0011389800000000047,1.0296609375,0.030246466558478676
"France, NoCard, Prod=2",Active,0.0704,0.5151,0.0373,0.5298295454545454,1.0285955066094843,0.0010369599999999965,1.031328096676737,0.029905912427957617
"HasCard, Inactive",Prod=1,0.3448,0.5084,0.1803,0.5229118329466357,1.0285441245999916,0.00500368000000001,1.0304175075987843,0.042356484952158914
Prod=2,France,0.459,0.5014,0.2367,0.5156862745098039,1.028492769265664,0.006557399999999991,1.029497975708502,0.051207804164938836
"Fair, France, Zero",HasCard,0.0798,0.7055,0.0579,0.7255639097744361,1.0284392767887116,0.0016011000000000011,1.0731095890410958,0.030050912563499958
"Active, Fair, Zero",HasCard,0.0623,0.7055,0.0452,0.725521669341894,1.0283794037447116,0.0012473499999999943,1.072944444444444,0.02942970986248584
"Active, LowSal, Retained",France,0.109,0.5014,0.0562,0.5155963302752293,1.0283133830778408,0.0015474000000000043,1.0293068181818181,0.030902141222426006
Spain,Active,0.2477,0.5151,0.1312,0.5296729915220024,1.0282915774063335,0.0036097300000000054,1.0309848068669527,0.036572093547268106
"Fair, Retained",France,0.2667,0.5014,0.1375,0.5155605549306337,1.028242032171188,0.003776620000000036,1.0292308049535606,0.03745578518031846
"Middle, Prod=2, Retained",Active,0.0827,0.5151,0.0438,0.5296251511487303,1.0281987015118041,0.0012012299999999976,1.0308799485861182,0.02989789868718344
"France, MedSal, Retained",HasCard,0.1088,0.7055,0.0789,0.7251838235294118,1.027900529453454,0.0021416000000000074,1.0716254180602007,0.030456933645525545
"Churned, Fair, Prod=1",HasCard,0.0462,0.7055,0.0335,0.7251082251082251,1.0277933736473779,0.0009059000000000011,1.0713307086614174,0.028351636658393953
"Inactive, Poor, Zero",Retained,0.0435,0.7963,0.0356,0.8183908045977012,1.0277418116258963,0.0009609500000000021,1.1216392405063293,0.02822057242874014
"Adult, Good",HasCard,0.1051,0.7055,0.0762,0.725023786869648,1.0276736879796569,0.002051949999999997,1.0710017301038062,0.03009104669827765
"Fair, HasCard, MedSal",France,0.0625,0.5014,0.0322,0.5152,1.0275229357798166,0.0008625000000000022,1.0284653465346536,0.028571428571428643
"Adult, HighSal, Inactive",HasCard,0.0567,0.7055,0.0411,0.7248677248677248,1.027452480322785,0.0010981499999999991,1.0703942307692302,0.028325005938926916
"Fair, Spain",Active,0.0856,0.5151,0.0453,0.5292056074766356,1.0273842117581744,0.001207440000000004,1.0299612903225808,0.029149502007613386
"Active, MedSal, Retained",HasCard,0.1137,0.7055,0.0824,0.7247141600703606,1.0272348122896677,0.0021846499999999963,1.069797124600639,0.02991395996665526
"Adult, LowSal",HasCard,0.1086,0.7055,0.0787,0.7246777163904237,1.0271831557624715,0.0020827000000000068,1.0696555183946492,0.02968789155388261
"France, Prod=1, Zero",HasCard,0.061,0.7055,0.0442,0.7245901639344263,1.0270590558957142,0.0011645000000000058,1.0693154761904764,0.028057671827640015
"NoCard, Prod=2",Active,0.1344,0.5151,0.0711,0.5290178571428571,1.0270197187786005,0.0018705600000000072,1.0295507109004738,0.030393785535459534
"Churned, Germany, High",HasCard,0.0646,0.7055,0.0468,0.7244582043343653,1.0268720118134163,0.0012246999999999952,1.0688033707865165,0.027976056680354196
"HasCard, Poor, Prod=2",France,0.074,0.5014,0.0381,0.5148648648648649,1.026854537026057,0.0009964000000000084,1.0277548746518108,0.028242150076812987
"High, Inactive, Middle",HasCard,0.0479,0.7055,0.0347,0.7244258872651358,1.0268262044863725,0.000906549999999999,1.0686780303030305,0.027439722960348203
"Good, HasCard, Prod=1",France,0.0843,0.5014,0.0434,0.5148279952550415,1.0267810036997238,0.0011319800000000046,1.027676772616137,0.028483661110912724
"Fair, France, Inactive",Prod=1,0.0795,0.5084,0.0415,0.5220125786163522,1.026775331660803,0.0010822000000000054,1.028478947368421,0.028329286728663847
"Active, Poor",Prod=1,0.1182,0.5084,0.0617,0.5219966159052454,1.0267439337239288,0.0016071200000000035,1.0284446017699116,0.029538813528979576
"Fair, Inactive, Zero",Retained,0.0575,0.7963,0.047,0.817391304347826,1.026486631103637,0.0012127499999999986,1.1154999999999997,0.027377391500648985
"France, MedSal",HasCard,0.1297,0.7055,0.0939,0.7239784117193523,1.0261919372350847,0.0023966499999999863,1.0669455307262568,0.029327162104996616
"Adult, HasCard, LowSal",Active,0.0787,0.5151,0.0416,0.5285895806861499,1.0261882754536011,0.001061629999999994,1.0286153638814015,0.027699936961985
"Germany, High",HasCard,0.1652,0.7055,0.1196,0.7239709443099273,1.0261813526717607,0.003051399999999982,1.0669166666666663,0.030562263927193644
"Inactive, Poor",France,0.1211,0.5014,0.0623,0.5144508670520231,1.026028853314765,0.0015804600000000057,1.0268785714285715,0.02886396555449174
Poor,France,0.2393,0.5014,0.1231,0.5144170497283744,1.025961407515705,0.0031149800000000033,1.0268070567986232,0.033264713963805016
"Fair, HasCard, LowSal",Prod=1,0.0602,0.5084,0.0314,0.521594684385382,1.0259533524496107,0.0007943200000000011,1.0275805555555555,0.026917232694854482
"Active, Poor",France,0.1182,0.5014,0.0608,0.5143824027072758,1.0258923069550774,0.0015345200000000045,1.0267337979094076,0.028621927636055523
"Active, Adult, Prod=1",France,0.1079,0.5014,0.0555,0.5143651529193698,1.0258579037083564,0.0013989400000000082,1.0266973282442748,0.028254821349766028
"Germany, Poor",HasCard,0.059,0.7055,0.0427,0.7237288135593221,1.0258381482059844,0.0010755,1.0659815950920246,0.026766581965968733
"Good, VeryHighSal",France,0.0593,0.5014,0.0305,0.5143338954468802,1.0257955633164744,0.0007669800000000039,1.02663125,0.026732098698736866
"Germany, High, Retained",HasCard,0.1006,0.7055,0.0728,0.7236580516898609,1.0257378478949126,0.0018267000000000005,1.0657086330935253,0.02789863572051698
"Active, NoCard, Poor",Retained,0.0371,0.7963,0.0303,0.816711590296496,1.0256330406837824,0.0007572700000000009,1.1113632352941178,0.025955352830952457
"Active, Retained, Zero",HasCard,0.1693,0.7055,0.1225,0.7235676314235086,1.0256096830949801,0.003058849999999988,1.0653600427350427,0.030059232071304388
"Prod=2, Retained, Spain",Active,0.1096,0.5151,0.0579,0.5282846715328468,1.025596333785375,0.0014450400000000016,1.0279504835589943,0.028029551834420376
"Churned, Inactive",HasCard,0.1302,0.7055,0.0942,0.7235023041474654,1.0255170859638063,0.002343899999999996,1.065108333333333,0.028606766618872726
"Fair, High, Prod=1",HasCard,0.0839,0.7055,0.0607,0.7234803337306317,1.0254859443382447,0.0015085499999999974,1.0650237068965516,0.027128647027627815
"Active, HasCard, High",Retained,0.1374,0.7963,0.1122,0.8165938864628821,1.0254852272546555,0.002788379999999993,1.1106500000000001,0.028810423901871027
"Good, HighSal, Retained",HasCard,0.0499,0.7055,0.0361,0.7234468937875752,1.0254385454111625,0.0008955500000000019,1.064894927536232,0.02611038756381095
"Germany, HighSal",HasCard,0.064,0.7055,0.0463,0.7234375,1.025425230333097,0.0011479999999999962,1.0648587570621466,0.02649018847722943
"Inactive, Zero",Retained,0.1744,0.7963,0.1424,0.8165137614678899,1.0253846056359286,0.0035252799999999918,1.1101649999999998,0.029985682867345983
"Active, Good, Zero",HasCard,0.047,0.7055,0.034,0.723404255319149,1.0253781081773905,0.000841500000000002,1.0647307692307693,0.02597061909758663
"Inactive, VeryGood",Prod=1,0.0587,0.5084,0.0306,0.5212947189097104,1.0253633338113894,0.0007569200000000012,1.0269366548042704,0.026278495391924294
"Adult, High, HighSal",HasCard,0.0441,0.7055,0.0319,0.7233560090702947,1.0253097222824872,0.0007874499999999986,1.0645450819672129,0.025823781753380463
"France, HighSal","HasCard, Retained",0.1268,0.5631,0.0732,0.5772870662460569,1.025194576888753,0.0017989199999999955,1.0335619402985075,0.028144079061000356
"Adult, Inactive, MedSal",France,0.0607,0.5014,0.0312,0.514003294892916,1.0251362084023055,0.0007650200000000017,1.0259328813559323,0.026104409448389067
"Active, Prod=1, Retained",France,0.2078,0.5014,0.1068,0.5139557266602502,1.0250413375752898,0.0026090800000000136,1.0258324752475247,0.030837652126964654
"HasCard, Inactive, VeryHighSal",France,0.086,0.5014,0.0442,0.5139534883720931,1.0250368734983908,0.001079600000000007,1.0258277511961724,0.026723566046516403
"Adult, France, Zero",HasCard,0.1098,0.7055,0.0794,0.7231329690346084,1.024993577653591,0.0019360999999999962,1.0636875000000001,0.027391744531979005
"France, Middle",Prod=1,0.1067,0.5084,0.0556,0.521087160262418,1.0249550752604604,0.0013537199999999958,1.0264915851272016,0.0272556610482351
"Fair, Germany, Retained",HasCard,0.0585,0.7055,0.0423,0.723076923076923,1.0249141361827399,0.0010282499999999944,1.0634722222222217,0.025818917300369348
"Active, High",Retained,0.1958,0.7963,0.1598,0.8161389172625128,1.0249138732418845,0.0038844600000000062,1.1079016666666666,0.03022663557001591
"Active, MedSal, Prod=1",France,0.0648,0.5014,0.0333,0.513888888888889,1.0249080352789968,0.0008092800000000094,1.0256914285714287,0.025986636765080177
"Poor, Retained, Zero",Active,0.0754,0.5151,0.0398,0.5278514588859418,1.024755307485812,0.0009614600000000043,1.0270073033707867,0.026127283616873147
"Active, MedSal, Prod=2",HasCard,0.0617,0.7055,0.0446,0.7228525121555917,1.024596048413312,0.0010706499999999994,1.0626111111111114,0.025584147267575304
"Active, Adult, Prod=2",France,0.1094,0.5014,0.0562,0.5137111517367459,1.0245535535236256,0.0013468400000000089,1.0253165413533836,0.026908965366225352
Good,Active,0.2397,0.5151,0.1265,0.5277430120984564,1.024544772080094,0.0030305300000000035,1.0267714664310954,0.031509613170170536
"HasCard, Spain",Active,0.1721,0.5151,0.0908,0.5276002324230099,1.0242675838148125,0.00215129,1.0264611316113161,0.0286177329935674
"France, Poor",Prod=1,0.1231,0.5084,0.0641,0.5207148659626321,1.0242227890689066,0.0015159600000000106,1.0256942372881357,0.026969919029399065
"Fair, Retained, Youth",Active,0.0599,0.5151,0.0316,0.5275459098497496,1.024162123567753,0.0007455100000000013,1.0263431095406361,0.025095296891389188
"Active, Good, Prod=1",France,0.0633,0.5014,0.0325,0.5134281200631912,1.023989070728343,0.0007613800000000059,1.02472012987013,0.025010224109188753
"Good, HighSal",HasCard,0.0616,0.7055,0.0445,0.7224025974025974,1.0239583237457086,0.0010411999999999921,1.0608888888888888,0.0249336666762453
"Active, Adult, Germany",HasCard,0.0515,0.7055,0.0372,0.7223300970873786,1.0238555593017415,0.0008667499999999995,1.060611888111888,0.024564819380912692
"Active, Adult, Spain",HasCard,0.0569,0.7055,0.0411,0.7223198594024605,1.0238410480545153,0.000957049999999994,1.0605727848101265,0.024690794271931642
"Adult, Fair, Prod=1",France,0.0713,0.5014,0.0366,0.5133239831697055,1.023781378479668,0.0008501800000000059,1.0245008645533142,0.025012341712753357
"Active, France, Zero",HasCard,0.126,0.7055,0.091,0.7222222222222222,1.023702653752264,0.0021069999999999978,1.0601999999999998,0.026491814821334246
"Active, Adult, Fair",HasCard,0.0727,0.7055,0.0525,0.7221458046767537,1.023594336891217,0.0012101499999999932,1.059908415841584,0.024857625569369202
"Active, High, NoCard",Retained,0.0584,0.7963,0.0476,0.815068493150685,1.023569625958414,0.0010960799999999993,1.1014888888888892,0.02445506664857955
"HighSal, Retained, Youth",HasCard,0.0475,0.7055,0.0343,0.7221052631578947,1.0235368719459883,0.0007887499999999978,1.0597537878787877,0.02414239036446968
"Inactive, LowSal, Prod=1",HasCard,0.0608,0.7055,0.0439,0.7220394736842105,1.0234436196799581,0.0010056000000000023,1.0595029585798816,0.024389486714811864
"Germany, HighSal",Prod=1,0.064,0.5084,0.0333,0.5203125000000001,1.0234313532651458,0.0007624000000000034,1.0248338762214986,0.024460357793691236
"MedSal, Retained, Zero",HasCard,0.0795,0.7055,0.0574,0.7220125786163522,1.0234054976844114,0.0013127499999999945,1.0594004524886875,0.024845419944848835
"Adult, Germany, Prod=2",HasCard,0.0482,0.7055,0.0348,0.7219917012448133,1.023375905378899,0.0007948999999999942,1.059320895522388,0.02399869092560238
"Fair, High, Inactive",HasCard,0.0633,0.7055,0.0457,0.721958925750395,1.0233294482642026,0.001041849999999997,1.059196022727273,0.024338201129296202
"LowSal, Prod=2",Active,0.1127,0.5151,0.0594,0.5270629991126886,1.0232246148567048,0.0013482300000000058,1.0252951219512196,0.025580384027358103
"Churned, LowSal",HasCard,0.0489,0.7055,0.0353,0.721881390593047,1.0232195472615833,0.0008010499999999976,1.0589007352941175,0.02385935712428393
"HighSal, Prod=2, Zero",Active,0.0647,0.5151,0.0341,0.527047913446677,1.023195327988113,0.0007730300000000009,1.0252624183006536,0.024237679318160683
"Active, Germany, Prod=2",HasCard,0.0568,0.7055,0.041,0.721830985915493,1.0231481019354969,0.0009276000000000006,1.0587088607594937,0.023986842921864347
"Active, HighSal, Prod=1",Retained,0.0653,0.7963,0.0532,0.8147013782542113,1.023108600093195,0.0012016099999999988,1.0993066115702477,0.02416460269106486
"HasCard, HighSal, Retained",France,0.1427,0.5014,0.0732,0.5129642606867555,1.0230639423349732,0.0016502200000000078,1.0237441726618708,0.026296499557959128
"France, Retained, Zero",HasCard,0.2081,0.7055,0.1502,0.7217683805862566,1.0230593629854805,0.0033854499999999843,1.0584706390328151,0.028462702169721292
"Good, Inactive, Zero",Retained,0.0426,0.7963,0.0347,0.8145539906103287,1.022923509494322,0.0007776199999999997,1.0984329113924056,0.02340693364413345
Medium,Active,0.1509,0.5151,0.0795,0.5268389662027833,1.0227896839502684,0.001771410000000001,1.0248096638655462,0.026241769865095802
"Adult, Fair",HasCard,0.1476,0.7055,0.1065,0.7215447154471544,1.022742332313472,0.002368199999999987,1.057620437956204,0.026087071466811048
"Inactive, VeryHighSal",France,0.1211,0.5014,0.0621,0.5127993393889347,1.022735020719854,0.001380460000000007,1.023397627118644,0.025292558459016658
"Prod=1, Retained, VeryHighSal",France,0.086,0.5014,0.0441,0.5127906976744186,1.0227177855492993,0.000979600000000004,1.0233794749403342,0.024303229679909992
"Active, NoCard, Retained",France,0.1291,0.5014,0.0662,0.5127807900852053,1.022698025698455,0.00146926,1.0233586645469,0.025484280421094407
"France, High","HasCard, Retained",0.1476,0.5631,0.085,0.575880758807588,1.0226971387099768,0.0018864399999999892,1.0301348242811499,0.026036381704253583
Inactive,Prod=1,0.4849,0.5084,0.2521,0.5199010105176325,1.0226219719072236,0.00557684,1.023955498281787,0.04294610574994546
"France, Middle, Retained",Active,0.0767,0.5151,0.0404,0.5267275097783571,1.022573305723854,0.0008918299999999962,1.0245683195592283,0.02390880537203499
"Poor, VeryHighSal",Prod=1,0.0579,0.5084,0.0301,0.5198618307426597,1.022544907046931,0.0006636400000000001,1.0238719424460432,0.02340286650202894
"Fair, Prod=1, Retained",France,0.1221,0.5014,0.0626,0.5126945126945127,1.0225259527214057,0.0013790600000000083,1.0231774789915968,0.02509364672521247
"Churned, High",HasCard,0.0987,0.7055,0.0712,0.7213779128672746,1.0225059005914594,0.0015671500000000033,1.0569872727272727,0.024420873968562313
"HasCard, Poor",France,0.1666,0.5014,0.0854,0.5126050420168068,1.0223475110028057,0.001866760000000009,1.022989655172414,0.026228721374421317
"France, Middle, Prod=1",HasCard,0.0556,0.7055,0.0401,0.7212230215827338,1.022286352349729,0.0008741999999999986,1.0563999999999998,0.023083967337057573
"Good, LowSal",Retained,0.057,0.7963,0.0464,0.8140350877192981,1.0222718670341555,0.0010108999999999951,1.095367924528301,0.02310353969356774
"HasCard, Spain, VeryHighSal",Retained,0.0403,0.7963,0.0328,0.8138957816377171,1.0220969253267829,0.0007091099999999989,1.094548,0.022527047324240008
"Germany, Retained, VeryHighSal",HasCard,0.0441,0.7055,0.0318,0.7210884353741497,1.0220955852220406,0.0006874500000000026,1.0558902439024391,0.02261525737870276
"Active, Adult, Retained",HasCard,0.2011,0.7055,0.145,0.7210343112879164,1.022018867877982,0.0031239499999999865,1.0556853832442066,0.026967684013794718
"Good, Zero",HasCard,0.0896,0.7055,0.0646,0.7209821428571429,1.0219449225473323,0.001387200000000005,1.0554880000000002,0.023587087225973632
"Adult, Fair, Inactive",HasCard,0.0749,0.7055,0.054,0.7209612817089454,1.0219153532373428,0.0011580500000000007,1.0554090909090912,0.023181678056826704
"HasCard, Inactive, LowSal",Prod=1,0.0845,0.5084,0.0439,0.5195266272189349,1.0218855767484953,0.0009402000000000021,1.0231576354679806,0.023393617140390368
"Active, Good, Prod=2",HasCard,0.0602,0.7055,0.0434,0.7209302325581396,1.0218713431015445,0.0009289000000000033,1.0552916666666667,0.022774234737658744
"HighSal, Youth",HasCard,0.0516,0.7055,0.0372,0.7209302325581395,1.0218713431015443,0.0007961999999999969,1.0552916666666665,0.022567720167072473
"Good, HasCard",Retained,0.1685,0.7963,0.1371,0.8136498516320474,1.0217880844305505,0.002923449999999994,1.093103503184713,0.02564460193168949
"HasCard, Prod=2",France,0.3246,0.5014,0.1663,0.5123228589032656,1.0217847205888824,0.003545560000000031,1.0223977258370185,0.03156687086479237
"Good, HasCard, Zero",Active,0.0646,0.5151,0.034,0.5263157894736842,1.0217740040257894,0.0007245400000000027,1.0236777777777777,0.02278169766944631
"HighSal, Inactive, Prod=1",HasCard,0.0652,0.7055,0.047,0.7208588957055215,1.0217702277895415,0.0010014000000000065,1.0550219780219783,0.02279245076885274
"HighSal, Inactive",HasCard,0.1232,0.7055,0.0888,0.7207792207792207,1.0216572938047068,0.0018823999999999924,1.054720930232558,0.02417677714210551
"Active, High, HighSal",Retained,0.0504,0.7963,0.041,0.8134920634920635,1.0215899328042992,0.0008664800000000028,1.0921787234042553,0.022255327018308166
"Good, HasCard",France,0.1685,0.5014,0.0863,0.5121661721068249,1.0214722219920722,0.001814099999999999,1.0220693430656935,0.025280646390773476
"Adult, HighSal, Prod=1",HasCard,0.0562,0.7055,0.0405,0.7206405693950179,1.021460764557077,0.0008509000000000017,1.0541974522292996,0.02226094145286069
"Prod=2, Spain, Zero",Active,0.0861,0.5151,0.0453,0.5261324041811847,1.021417985209056,0.0009498900000000018,1.023281617647059,0.02294438578858242
"Inactive, Prod=2",France,0.2144,0.5014,0.1098,0.5121268656716418,1.0213938286231388,0.0022998399999999974,1.0219869980879541,0.026662066560567417
"Inactive, Prod=1, Youth",HasCard,0.0433,0.7055,0.0312,0.720554272517321,1.0213384443902493,0.000651849999999999,1.053871900826446,0.021838223272842242
"Prod=2, VeryHighSal",Active,0.115,0.5151,0.0605,0.5260869565217391,1.0213297544588218,0.0012634999999999938,1.023183486238532,0.023598076294532266
"Good, Retained, Zero",HasCard,0.078,0.7055,0.0562,0.7205128205128205,1.0212796888913118,0.0011709999999999984,1.0537155963302751,0.02259902270323678
"France, HighSal",Active,0.1268,0.5151,0.0667,0.5260252365930599,1.0212099332033777,0.0013853199999999954,1.0230502495840266,0.023785404594999723
"Good, VeryHighSal","HasCard, Retained",0.0593,0.5631,0.0341,0.5750421585160203,1.0212078822873738,0.0007081699999999941,1.028101984126984,0.02207659049681273
"Adult, HighSal",HasCard,0.1134,0.7055,0.0817,0.7204585537918871,1.0212027693719163,0.0016962999999999978,1.0535110410094635,0.02341816591431624
"Good, Prod=1",France,0.1207,0.5014,0.0618,0.512013256006628,1.0211672437308097,0.0012810200000000077,1.021749066213922,0.023573841651770067
"HighSal, Inactive, Zero",Retained,0.0444,0.7963,0.0361,0.8130630630630631,1.0210511905852857,0.0007442799999999999,1.0896722891566266,0.02157510937132216
"Fair, Prod=2",HasCard,0.1548,0.7055,0.1115,0.7202842377260983,1.0209556877761847,0.0022886000000000017,1.0528545034642036,0.024284856292139858
"France, Good, Prod=1",Active,0.0618,0.5151,0.0325,0.5258899676375405,1.020947326029005,0.0006668199999999985,1.022758361774744,0.021869045471688782
"Adult, LowSal, Retained",HasCard,0.0958,0.7055,0.069,0.7202505219206682,1.0209078978322723,0.0014131000000000005,1.0527276119402988,0.022649535661277972
"Germany, Prod=2",HasCard,0.104,0.7055,0.0749,0.7201923076923077,1.0208253829798832,0.0015280000000000016,1.052508591065292,0.02276845317566281
"France, Retained, VeryHighSal",Active,0.1008,0.5151,0.053,0.5257936507936508,1.0207603393392561,0.001077919999999996,1.0225506276150629,0.02261800846035042
"Active, Adult, High",HasCard,0.085,0.7055,0.0612,0.72,1.0205527994330261,0.0012324999999999905,1.051785714285714,0.022009714632665284
"Active, Adult, Fair",France,0.0727,0.5014,0.0372,0.5116918844566712,1.0205262952865402,0.0007482200000000008,1.0210766197183099,0.021690327682751084
"Active, Prod=2, Zero",HasCard,0.1385,0.7055,0.0997,0.7198555956678699,1.0203481157588519,0.001988249999999983,1.0512435567010305,0.023148377226863213
"MedSal, Prod=1",France,0.1294,0.5014,0.0662,0.5115919629057187,1.0203270101829254,0.0013188400000000017,1.0208677215189874,0.022883131611147113
"France, Prod=1, Youth",HasCard,0.0471,0.7055,0.0339,0.7197452229299363,1.0201916696384639,0.0006709499999999965,1.0508295454545453,0.020770317345188357
"Good, MedSal",Retained,0.0618,0.7963,0.0502,0.8122977346278317,1.0200900849275798,0.0009886600000000023,1.0852293103448276,0.020991709988016433
"LowSal, Prod=2, Retained",HasCard,0.1045,0.7055,0.0752,0.7196172248803828,1.020010240794306,0.0014752500000000113,1.0503498293515359,0.02190696389750186
"France, Zero",HasCard,0.2418,0.7055,0.174,0.7196029776674938,1.019990046304031,0.0034100999999999992,1.050296460176991,0.025848425035701613
"France, Poor","HasCard, Retained",0.1231,0.5631,0.0707,0.5743298131600325,1.0199428399219188,0.0013823899999999972,1.0263814885496183,0.02229775296575643
"Active, MedSal",HasCard,0.1312,0.7055,0.0944,0.7195121951219512,1.019861367997096,0.00183839999999999,1.0499565217391302,0.022415488341604898
"Retained, VeryHighSal, Zero",HasCard,0.0745,0.7055,0.0536,0.7194630872483222,1.0197917608055593,0.0010402499999999995,1.0497727272727273,0.02096990735141149
"LowSal, Poor","HasCard, Retained",0.0559,0.5631,0.0321,0.5742397137745975,1.0197828339097805,0.0006227099999999916,1.0261642857142856,0.02054768077593527
"HasCard, High, LowSal",Active,0.0653,0.5151,0.0343,0.5252679938744257,1.019739844446565,0.0006639699999999998,1.0214183870967741,0.02071009516157255
"Fair, Inactive, LowSal",HasCard,0.0417,0.7055,0.03,0.7194244604316546,1.0197370098251661,0.0005806499999999985,1.0496282051282049,0.020197224251278255
"Inactive, Middle",HasCard,0.1226,0.7055,0.0882,0.7194127243066885,1.019720374637404,0.0017057000000000044,1.0495843023255815,0.022041260847474067
"HasCard, Inactive, Zero",Retained,0.125,0.7963,0.1015,0.812,1.0197161873665705,0.001962500000000006,1.0835106382978725,0.022097114707952212
"Adult, Fair, Prod=2",HasCard,0.0727,0.7055,0.0523,0.71939477303989,1.0196949298935365,0.0010101499999999944,1.049517156862745,0.020828784156968688
"France, Poor, Retained",Active,0.1011,0.5151,0.0531,0.5252225519287834,1.019651624788941,0.001023390000000006,1.021320625,0.021440517694885208
"Adult, High, Prod=2",HasCard,0.0563,0.7055,0.0405,0.7193605683836589,1.019646447035661,0.0007803499999999991,1.0493892405063288,0.020417400905550366
MedSal,France,0.2537,0.5014,0.1297,0.5112337406385495,1.0196125660920414,0.0024948200000000365,1.0201195161290324,0.02577423590923174
"Inactive, Youth",HasCard,0.0962,0.7055,0.0692,0.7193347193347194,1.0196098077033584,0.001330899999999996,1.0492925925925927,0.021279773135137767
"Fair, Medium",Retained,0.0521,0.7963,0.0423,0.8119001919385795,1.0195908475933437,0.0008127699999999974,1.0829357142857137,0.020270514615236258
"Adult, France, Prod=2",HasCard,0.114,0.7055,0.082,0.7192982456140351,1.0195581085953722,0.001573000000000005,1.04915625,0.021651158949512812
Good,Retained,0.2397,0.7963,0.1946,0.8118481435127243,1.0195254847579107,0.0037268899999999827,1.0826361419068737,0.02518945366808325
"Adult, Prod=2, Retained",HasCard,0.208,0.7055,0.1496,0.7192307692307693,1.019462465245598,0.002856000000000025,1.0489041095890415,0.024104683195592495
"France, Inactive, LowSal",Retained,0.0595,0.7963,0.0483,0.811764705882353,1.019420703104801,0.0009201500000000015,1.0821562500000006,0.02025595389439786
"Active, Adult",HasCard,0.2215,0.7055,0.1593,0.7191873589164786,1.0194009339709122,0.0030317499999999997,1.048741961414791,0.02444662966309331
"Fair, HasCard, Inactive",Prod=1,0.1179,0.5084,0.0611,0.5182357930449534,1.0193465638177683,0.0011596400000000034,1.0204161971830987,0.021516129768438755
"Inactive, Retained, Youth",HasCard,0.0865,0.7055,0.0622,0.7190751445086706,1.0192418774042107,0.0011742500000000017,1.0483230452674899,0.02066624779785887
"Churned, Fair",HasCard,0.0683,0.7055,0.0491,0.718887262079063,1.0189755663771267,0.0009143499999999943,1.0476223958333333,0.01998733454187819
"Adult, Good, Prod=1",HasCard,0.0498,0.7055,0.0358,0.7188755020080322,1.018958897247388,0.0006661000000000028,1.0475785714285717,0.019581293676485718
"MedSal, Spain","HasCard, Retained",0.0624,0.5631,0.0358,0.5737179487179487,1.0188562399537358,0.0006625599999999995,1.0249082706766914,0.019738974583865605
"MedSal, Prod=2, Zero",HasCard,0.064,0.7055,0.046,0.71875,1.018781006378455,0.0008479999999999946,1.047111111111111,0.01969528056484566
"Good, HasCard, HighSal",Retained,0.0445,0.7963,0.0361,0.8112359550561798,1.0187566935277907,0.0006646500000000027,1.0791250000000003,0.019268819822836524
"LowSal, NoCard",Active,0.0707,0.5151,0.0371,0.5247524752475248,1.018739031736604,0.0006824300000000047,1.0203104166666668,0.019793758337072673
"HasCard, MedSal",Active,0.1799,0.5151,0.0944,0.5247359644246804,1.0187069781104259,0.0017335099999999937,1.0202749707602339,0.022391724655323058
"Adult, LowSal, Prod=1",HasCard,0.0519,0.7055,0.0373,0.7186897880539499,1.018695659892204,0.000684549999999999,1.0468869863013697,0.019357184808448533
"Retained, Youth",Active,0.182,0.5151,0.0955,0.5247252747252747,1.0186862254421951,0.0017517999999999978,1.0202520231213874,0.0224247622217386
"Prod=1, Youth",HasCard,0.091,0.7055,0.0654,0.7186813186813187,1.0186836551117202,0.0011995000000000061,1.04685546875,0.020177094162015692
"Retained, Zero",HasCard,0.3117,0.7055,0.224,0.7186397176772539,1.0186246884156682,0.004095650000000006,1.0467006841505135,0.026564218779186854
"Good, VeryHighSal",Retained,0.0593,0.7963,0.0481,0.8111298482293423,1.0186234437138544,0.0008794099999999971,1.0785187499999997,0.019435475904063065
"Adult, Prod=2",HasCard,0.2182,0.7055,0.1568,0.7186067827681026,1.0185780053410385,0.0028598999999999986,1.0465781758957653,0.023329698341347273
"Active, High, Prod=1",Retained,0.1275,0.7963,0.1034,0.8109803921568628,1.0184357555655692,0.0018717500000000054,1.0776659751037347,0.020747313407192755
"Active, Adult",France,0.2215,0.5014,0.1131,0.5106094808126411,1.0183675325341865,0.002039900000000011,1.018818265682657,0.023167952607857062
"Good, Zero",Active,0.0896,0.5151,0.047,0.5245535714285714,1.018352885708739,0.0008470400000000003,1.0198835680751173,0.019795834423961416
"Adult, Fair, France",HasCard,0.0767,0.7055,0.0551,0.7183833116036505,1.01826124961538,0.0009881500000000001,1.045747685185185,0.01942354251685002
"Active, Prod=1",Retained,0.2563,0.7963,0.2078,0.8107686305111199,1.0181698235729246,0.00370831000000002,1.0764600000000006,0.02399566043569332
"Good, Inactive, Zero",HasCard,0.0426,0.7055,0.0306,0.7183098591549296,1.018157135584592,0.0005456999999999997,1.0454750000000002,0.018626836571269397
"Adult, Good, HasCard",France,0.0762,0.5014,0.0389,0.5104986876640419,1.0181465649462345,0.0006933199999999973,1.0185876675603216,0.01929328452780533
"Good, Prod=1",Active,0.1207,0.5151,0.0633,0.524440762220381,1.0181338812276859,0.0011274299999999918,1.0196416376306618,0.02025577217551862
"Fair, HasCard, Spain",Active,0.0614,0.5151,0.0322,0.5244299674267101,1.0181129245325375,0.0005728599999999945,1.0196184931506849,0.018954488844889723
"France, Prod=2, Zero",HasCard,0.1739,0.7055,0.1249,0.7182288671650373,1.0180423347484582,0.0022135499999999947,1.045174489795918,0.021453308391780553
"France, HasCard, MedSal",Prod=1,0.0939,0.5084,0.0486,0.5175718849840255,1.0180406864359275,0.0008612399999999992,1.0190119205298014,0.01955743036565608
"Germany, Inactive, Prod=2",HasCard,0.0472,0.7055,0.0339,0.7182203389830508,1.0180302466095688,0.0006004000000000009,1.045142857142857,0.018588281333204573
"Adult, HighSal, Prod=2",HasCard,0.055,0.7055,0.0395,0.7181818181818181,1.0179756458991043,0.0006974999999999967,1.0449999999999997,0.018685955394816066
"Good, HighSal",Active,0.0616,0.5151,0.0323,0.5243506493506493,1.017958938751018,0.000569840000000002,1.0194484641638224,0.018800197424507625
"Inactive, Spain, Zero",Retained,0.0586,0.7963,0.0475,0.8105802047781571,1.0179331970088623,0.000836820000000002,1.0753891891891896,0.018713897554593985
"France, Youth, Zero",HasCard,0.0525,0.7055,0.0377,0.7180952380952381,1.017852924302251,0.0006612499999999952,1.044679054054054,0.018511649391460012
"Fair, Prod=2, Retained",HasCard,0.1426,0.7055,0.1024,0.7180925666199158,1.0178491376611138,0.0017956999999999973,1.0446691542288555,0.02045268580884065
"Churned, France, Prod=1",HasCard,0.0564,0.7055,0.0405,0.7180851063829787,1.0178385632643214,0.0007098000000000035,1.0446415094339623,0.01857346961204537
"Spain, VeryHighSal",Retained,0.0591,0.7963,0.0479,0.8104906937394247,1.0178207883202621,0.0008386699999999997,1.07488125,0.018608532540358567
NoCard,Active,0.2945,0.5151,0.1544,0.5242784380305603,1.0178187498166575,0.0027030500000000124,1.0192937187723055,0.024814742052636136
"Adult, MedSal, Prod=2",HasCard,0.0578,0.7055,0.0415,0.7179930795847752,1.0177081213108081,0.0007221000000000033,1.0443006134969328,0.018467416684355843
"Active, High","HasCard, Retained",0.1958,0.5631,0.1122,0.5730337078651685,1.0176411079118601,0.0019450199999999779,1.023265789473684,0.021555948915253496
"Prod=1, Youth",Active,0.091,0.5151,0.0477,0.5241758241758242,1.0176195382951354,0.0008258999999999975,1.0190739030023095,0.01904781673135861
Good,France,0.2397,0.5014,0.1223,0.510221109720484,1.017592959155333,0.0021144200000000196,1.018010391822828,0.02273944237486859
"LowSal, Prod=2",HasCard,0.1127,0.7055,0.0809,0.7178349600709849,1.0174839972657475,0.0013901500000000067,1.0437154088050313,0.019366121887249323
"Active, Germany, High",Prod=1,0.081,0.5084,0.0419,0.5172839506172839,1.0174743324494178,0.0007196000000000008,1.0184040920716113,0.018687948143281213
"Adult, High, Retained",Active,0.1433,0.5151,0.0751,0.5240753663642708,1.0174245124524768,0.0012861699999999893,1.018858797653959,0.019990776859211093
"Adult, LowSal, Retained",Active,0.0958,0.5151,0.0502,0.524008350730689,1.017294410271188,0.0008534200000000006,1.0187153508771931,0.0188015908055458
"Good, HighSal",Retained,0.0616,0.7963,0.0499,0.810064935064935,1.017286117122862,0.0008479199999999951,1.0724717948717948,0.01810782690701085
"Prod=1, Retained, Youth",HasCard,0.0811,0.7055,0.0582,0.7176325524044389,1.017197097667525,0.0009839499999999973,1.0429672489082966,0.0183984735970357
"France, Inactive",Prod=1,0.2423,0.5084,0.1253,0.5171275278580273,1.0171666558969854,0.0021146800000000077,1.0180741880341881,0.022273901748908153
"Good, Prod=2, Zero",HasCard,0.0648,0.7055,0.0465,0.7175925925925927,1.017140457253852,0.0007836000000000024,1.0428196721311478,0.01801926101713629
"Active, MedSal, Prod=1",HasCard,0.0648,0.7055,0.0465,0.7175925925925927,1.017140457253852,0.0007836000000000024,1.0428196721311478,0.01801926101713629
"Active, High, LowSal",HasCard,0.0478,0.7055,0.0343,0.7175732217573221,1.017113000364737,0.0005770999999999971,1.0427481481481478,0.017669683770528553
"France, Inactive, Prod=1",HasCard,0.1253,0.7055,0.0899,0.7174780526735833,1.0169781044274746,0.001500849999999998,1.0423968926553668,0.01908615609254491
"HighSal, NoCard",Prod=1,0.0764,0.5084,0.0395,0.5170157068062827,1.016946708902995,0.0006582400000000044,1.0178384823848239,0.01804277154338292
"Fair, Inactive",Prod=1,0.1623,0.5084,0.0839,0.5169439309919902,1.0168055290951814,0.0013866800000000151,1.0176872448979595,0.01972994049915058
"France, VeryGood",HasCard,0.0605,0.7055,0.0434,0.7173553719008264,1.0168042124745944,0.0007172500000000026,1.0419444444444443,0.01759073730266375
"Germany, High, MedSal",HasCard,0.0421,0.7055,0.0302,0.7173396674584324,1.0167819524570267,0.000498450000000001,1.041886554621849,0.017230365265076993
"High, Youth",HasCard,0.0704,0.7055,0.0505,0.7173295454545454,1.0167676051800785,0.0008328000000000016,1.0418492462311555,0.01773998398118645
"Fair, Spain",HasCard,0.0856,0.7055,0.0614,0.7172897196261683,1.0167111546791896,0.0010092000000000018,1.0417024793388432,0.017975155385707108
"Inactive, Retained, VeryHighSal",HasCard,0.087,0.7055,0.0624,0.7172413793103448,1.0166426354505242,0.0010215000000000016,1.0415243902439024,0.017930112056618108
"Adult, Germany",HasCard,0.1022,0.7055,0.0733,0.7172211350293543,1.016613940509361,0.0011979000000000017,1.0414498269896195,0.018202749361255082
"Good, HasCard, LowSal",Retained,0.0399,0.7963,0.0323,0.8095238095238096,1.0166065672784248,0.0005276300000000012,1.0694250000000007,0.01701415906431319
"HasCard, Medium",Retained,0.1029,0.7963,0.0833,0.8095238095238094,1.0166065672784246,0.0013607299999999906,1.0694249999999994,0.018209000242611687
"Fair, LowSal","HasCard, Retained",0.0849,0.5631,0.0486,0.5724381625441696,1.0165834888015797,0.000792809999999991,1.0218404958677685,0.01782642657956811
"Inactive, VeryHighSal, Zero",Retained,0.043,0.7963,0.0348,0.8093023255813954,1.016328425946748,0.0005590999999999999,1.0681829268292684,0.016787974873587238
"Active, Prod=1, Youth",HasCard,0.0477,0.7055,0.0342,0.7169811320754718,1.0162737520559486,0.0005476500000000037,1.0405666666666669,0.01681524508530605
"France, Good, Zero",HasCard,0.059,0.7055,0.0423,0.7169491525423729,1.0162284231642422,0.0006754999999999955,1.0404491017964073,0.016970528309755366
"HasCard, Middle, Retained",Active,0.1066,0.5151,0.0558,0.5234521575984991,1.0162146332721784,0.0008903400000000034,1.017526377952756,0.017859764918843387
"Fair, High",HasCard,0.1275,0.7055,0.0914,0.7168627450980392,1.0161059462764552,0.0014487499999999848,1.0401315789473682,0.01816694149586483
"Fair, HasCard, Retained",France,0.191,0.5014,0.0973,0.5094240837696334,1.016003358136485,0.001532600000000009,1.0163564567769476,0.01947006759769664
"HighSal, Poor",France,0.0638,0.5014,0.0325,0.5094043887147336,1.0159640780110364,0.0005106800000000064,1.0163156549520769,0.016784053374525706
"France, Inactive, Zero",HasCard,0.1158,0.7055,0.083,0.7167530224525044,1.015950421619425,0.0013031000000000015,1.0397286585365855,0.017756163763854353
"Inactive, Zero",HasCard,0.1744,0.7055,0.125,0.716743119266055,1.0159363845018499,0.0019607999999999987,1.0396923076923077,0.018999999999999986
"Inactive, Spain, Zero",HasCard,0.0586,0.7055,0.042,0.7167235494880546,1.0159086456244573,0.0006577000000000041,1.0396204819277108,0.016634293402935953
"Inactive, Poor, Prod=1",HasCard,0.0646,0.7055,0.0463,0.7167182662538699,1.0159011569863499,0.0007246999999999948,1.0396010928961745,0.016733234785732735
Fair,HasCard,0.335,0.7055,0.2401,0.7167164179104477,1.0158985370807196,0.003757499999999997,1.039594309799789,0.023533427487920113
"Active, France, Poor",Prod=1,0.0608,0.5084,0.0314,0.5164473684210525,1.0158288127872788,0.0004892799999999982,1.016642176870748,0.016590891828253285
"Fair, Inactive, Retained",HasCard,0.12,0.7055,0.086,0.7166666666666667,1.0158280179541697,0.001339999999999994,1.0394117647058823,0.01770613107822402
"NoCard, Prod=1",Active,0.1506,0.5151,0.0788,0.5232403718459495,1.0158034786370598,0.0012259399999999948,1.0170743732590528,0.01831600448928409
"Germany, Prod=2, Retained",HasCard,0.0914,0.7055,0.0655,0.7166301969365427,1.015776324502541,0.0010172999999999988,1.0392779922779924,0.017093658056266395
"Fair, Youth",Active,0.0646,0.5151,0.0338,0.523219814241486,1.0157635687079907,0.000524539999999997,1.0170305194805194,0.01659069372593812
Zero,HasCard,0.3617,0.7055,0.2592,0.7166159800940005,1.0157561730602416,0.004020649999999959,1.0392258536585364,0.024301687255692442
"MedSal, Zero",HasCard,0.0921,0.7055,0.066,0.7166123778501629,1.0157510671157517,0.0010234499999999952,1.0392126436781608,0.01707987463577278
Good,"HasCard, Retained",0.2397,0.5631,0.1371,0.571964956195244,1.0157431294534611,0.002124929999999997,1.0207108187134502,0.020385538243426284
"Inactive, MedSal, Prod=1",France,0.0646,0.5014,0.0329,0.5092879256965944,1.0157318023466184,0.0005095599999999992,1.016074447949527,0.01655777838000482
"Fair, Prod=1",HasCard,0.1683,0.7055,0.1206,0.7165775401069518,1.015701686898585,0.0018643499999999869,1.0390849056603773,0.01858717713584284
"Active, Zero",HasCard,0.1873,0.7055,0.1342,0.7164975974372665,1.0155883734050553,0.002059850000000002,1.0387919020715632,0.018886558154571895
"France, Medium","HasCard, Retained",0.0647,0.5631,0.037,0.5718701700154559,1.0155748002405538,0.0005674300000000007,1.020484837545126,0.01639682021377736
"NoCard, VeryHighSal",Active,0.0736,0.5151,0.0385,0.5230978260869565,1.0155267444903058,0.0005886400000000014,1.0167703703703703,0.016504048628400998
"HighSal, NoCard",France,0.0764,0.5014,0.0389,0.5091623036649214,1.0154812598023963,0.000593040000000003,1.0158144,0.016506327648265897
"HasCard, LowSal, Poor",Retained,0.0397,0.7963,0.0321,0.8085642317380352,1.0154015217104548,0.00048688999999999677,1.06406447368421,0.015794973208982162
"HasCard, MedSal, Poor",Retained,0.0423,0.7963,0.0342,0.8085106382978724,1.0153342186335206,0.0005165100000000047,1.063766666666667,0.015769689442359305
"France, HasCard, Zero",Active,0.174,0.5151,0.091,0.5229885057471264,1.0153145131957415,0.0013726000000000016,1.0165373493975902,0.01826091583960835
"Inactive, VeryHighSal, Zero",HasCard,0.043,0.7055,0.0308,0.7162790697674419,1.0152786247589538,0.0004635000000000021,1.0379918032786888,0.015724870740544794
"Fair, France, Prod=1",HasCard,0.08,0.7055,0.0573,0.7162499999999999,1.0152374202693124,0.0008599999999999927,1.0378854625550658,0.016313832612489428
"HasCard, Prod=1, Youth",Active,0.0654,0.5151,0.0342,0.5229357798165137,1.015212152623789,0.0005124599999999993,1.016425,0.016032752542601933
"Good, HasCard, MedSal",Retained,0.0428,0.7963,0.0346,0.8084112149532711,1.0152093619907963,0.0005183600000000024,1.0632146341463415,0.015651382041551903
"Germany, Retained",HasCard,0.1695,0.7055,0.1214,0.7162241887905604,1.0152008345720203,0.001817749999999979,1.0377910602910598,0.018029173985620095
"NoCard, Prod=2, Zero",Active,0.0742,0.5151,0.0388,0.522911051212938,1.015164145239639,0.0005795800000000031,1.016372316384181,0.016134833512615535
"Active, Adult, France",HasCard,0.1131,0.7055,0.081,0.7161803713527851,1.0151387262264848,0.0012079499999999993,1.0376308411214952,0.016814706238542063
"Fair, Retained",HasCard,0.2667,0.7055,0.191,0.7161604799400075,1.015110531452881,0.0028431500000000165,1.0375581241743725,0.02029947101355642
"MedSal, Prod=1, Retained",HasCard,0.0951,0.7055,0.0681,0.7160883280757097,1.015008260915251,0.0010069499999999926,1.0372944444444439,0.0163403067878602
"Active, Poor, Prod=1",France,0.0617,0.5014,0.0314,0.5089141004862237,1.0149862395018423,0.0004636200000000014,1.01530099009901,0.015735871419446112
"Active, Adult, HighSal",HasCard,0.0567,0.7055,0.0406,0.7160493827160493,1.014953058421048,0.0005981499999999987,1.0371521739130434,0.015618317206286043
"France, Inactive, LowSal",HasCard,0.0595,0.7055,0.0426,0.7159663865546219,1.0148354168031493,0.0006227499999999983,1.0368491124260355,0.01554337543959482
"Adult, Retained, Spain",Active,0.1014,0.5151,0.053,0.5226824457593688,1.0147203373313314,0.0007688599999999962,1.0158855371900826,0.016143770813298597
"Adult, Fair, Retained",HasCard,0.1288,0.7055,0.0922,0.7158385093167702,1.0146541592016587,0.0013316000000000022,1.0363825136612022,0.016577727581474404
"Active, Fair, Retained",HasCard,0.1467,0.7055,0.105,0.7157464212678937,1.014523630429332,0.0015031499999999948,1.0360467625899281,0.016776883025564557
"Active, LowSal",Prod=1,0.1272,0.5084,0.0656,0.5157232704402516,1.0144045445323595,0.0009315200000000051,1.015122077922078,0.01626947754353813
"Adult, Inactive, Zero",HasCard,0.0844,0.7055,0.0604,0.7156398104265402,1.0143725165507302,0.0008557999999999968,1.0356583333333331,0.015474960869577739
"Prod=2, Retained, Zero",HasCard,0.2514,0.7055,0.1799,0.7155926809864758,1.0143057136590727,0.0025372999999999923,1.0354867132867134,0.01884043098720348
"LowSal, NoCard",Retained,0.0707,0.7963,0.0571,0.8076379066478077,1.0142382351473158,0.0008015899999999979,1.0589404411764707,0.015106374438097446
"Inactive, VeryGood",HasCard,0.0587,0.7055,0.042,0.7155025553662692,1.0141779665007358,0.0005871500000000016,1.0351586826347305,0.014851547758166302
"Good, NoCard",Retained,0.0712,0.7963,0.0575,0.8075842696629214,1.0141708773865645,0.0008034400000000025,1.0586452554744528,0.015044002546530398
"Inactive, LowSal",HasCard,0.1181,0.7055,0.0845,0.7154953429297206,1.0141677433447494,0.0011804499999999996,1.0351324404761906,0.015840596989689416
"Active, Adult, HasCard",France,0.1593,0.5014,0.081,0.5084745762711864,1.0141096455348753,0.0011269800000000135,1.0143931034482758,0.016549700646287024
"Medium, Prod=1, Retained",France,0.0769,0.5014,0.0391,0.5084525357607282,1.0140656875961873,0.0005423400000000092,1.0143476190476193,0.015026094935862152
"Germany, NoCard",Active,0.0718,0.5151,0.0375,0.5222841225626741,1.0139470443849234,0.0005158200000000002,1.0150384839650146,0.014819219995690589
"Active, Fair, Prod=2",HasCard,0.0829,0.7055,0.0593,0.715319662243667,1.0139187274892516,0.0008140499999999967,1.0344936440677965,0.014968548671365413
"Fair, HasCard, LowSal",Retained,0.0602,0.7963,0.0486,0.8073089700996677,1.0138251539616574,0.0006627400000000019,1.0571327586206893,0.014510135682489182
"Inactive, Prod=1",HasCard,0.2521,0.7055,0.1803,0.7151923839746133,1.0137383188867657,0.002443449999999986,1.0340313370473537,0.0181202504746697
"Retained, VeryHighSal, Youth",HasCard,0.0474,0.7055,0.0339,0.7151898734177216,1.0137347603369546,0.00045930000000000276,1.0340222222222224,0.014222834942653542
"Adult, HasCard, Retained",Active,0.2777,0.5151,0.145,0.5221462009362621,1.013679287393248,0.00195672999999999,1.0147455162019592,0.01868294289792655
"Prod=1, Retained, VeryHighSal",HasCard,0.086,0.7055,0.0615,0.7151162790697675,1.013630445173306,0.0008270000000000013,1.0337551020408164,0.014712422835388114
LowSal,Prod=1,0.2453,0.5084,0.1264,0.51528740317978,1.0135472131781669,0.001689480000000021,1.0142092514718253,0.017710532980663166
"LowSal, Poor, Retained",HasCard,0.0449,0.7055,0.0321,0.7149220489977727,1.0133551367792668,0.00042304999999999426,1.0330507812499994,0.013798688855466989
"Churned, High, Prod=1",HasCard,0.0698,0.7055,0.0499,0.7148997134670487,1.0133234776287012,0.0006560999999999997,1.0329698492462311,0.014134913559649931
"Inactive, VeryHigh",HasCard,0.0484,0.7055,0.0346,0.7148760330578512,1.0132899122010648,0.00045379999999999726,1.0328840579710143,0.013782689088289307
"VeryHighSal, Youth",HasCard,0.0512,0.7055,0.0366,0.71484375,1.01324415308292,0.0004783999999999969,1.0327671232876712,0.013776389388033342
"HasCard, LowSal, Prod=2",France,0.0809,0.5014,0.0411,0.5080346106304079,1.0132321711815075,0.0005367400000000008,1.0134859296482412,0.014208864537693064
"Fair, LowSal",Retained,0.0849,0.7963,0.0685,0.8068315665488811,1.0132256267096333,0.0008941300000000069,1.05452012195122,0.014264006885291254
"HighSal, Inactive, Prod=2",HasCard,0.0533,0.7055,0.0381,0.7148217636022515,1.0132129888054593,0.0004968500000000001,1.0326875000000002,0.013774883716803807
"Active, Germany, High",HasCard,0.081,0.7055,0.0579,0.7148148148148148,1.0132031393548049,0.0007544999999999982,1.0326623376623376,0.014179638827966837
"Active, High, Prod=2",HasCard,0.0631,0.7055,0.0451,0.7147385103011094,1.0130949827088722,0.0005829499999999987,1.032386111111111,0.013796264938459328
"Prod=2, Zero",HasCard,0.26,0.7055,0.1858,0.7146153846153845,1.0129204601210269,0.0023699999999999832,1.031940700808625,0.017237366537689345
MedSal,"HasCard, Retained",0.2537,0.5631,0.1447,0.5703586913677572,1.0128905902464165,0.0018415300000000079,1.0168947706422018,0.017052844250479357
"High, Retained, Youth",HasCard,0.0627,0.7055,0.0448,0.7145135566188197,1.0127761256113672,0.0005651499999999934,1.0315726256983235,0.013458823596652843
"Fair, France, Inactive",HasCard,0.0795,0.7055,0.0568,0.7144654088050315,1.0127078792417172,0.0007127499999999981,1.0313986784140972,0.013632173267743306
"Fair, Prod=2",France,0.1548,0.5014,0.0786,0.5077519379844961,1.01266840443657,0.000983280000000017,1.012903937007874,0.014801140161053423
"France, NoCard, Poor",Retained,0.0377,0.7963,0.0304,0.8063660477453581,1.0126410244196384,0.00037949000000000316,1.0519849315068495,0.0129722785869382
"Inactive, LowSal",Prod=1,0.1181,0.5084,0.0608,0.5148179508890771,1.0126238215756829,0.0007579600000000089,1.0132279232111694,0.014135896777890008
Fair,"HasCard, Retained",0.335,0.5631,0.191,0.5701492537313433,1.0125186534032022,0.0023614999999999886,1.0163993055555554,0.018592292248946884
"Fair, HasCard, HighSal",Active,0.0604,0.5151,0.0315,0.521523178807947,1.0124697705454222,0.0003879599999999997,1.0134242214532871,0.013107908127065205
"Germany, VeryHighSal",HasCard,0.0637,0.7055,0.0455,0.7142857142857142,1.0124531740407006,0.0005596499999999949,1.0307499999999996,0.013136815123357778
"Germany, MedSal, Retained",HasCard,0.042,0.7055,0.03,0.7142857142857142,1.0124531740407006,0.0003689999999999978,1.0307499999999996,0.012839248434237921
"Adult, Prod=2, Spain",HasCard,0.056,0.7055,0.04,0.7142857142857143,1.0124531740407006,0.0004919999999999994,1.03075,0.013029661016949136
"HasCard, Inactive, Prod=2",France,0.1511,0.5014,0.0767,0.5076108537392455,1.012387023811818,0.0009384600000000021,1.0126137096774195,0.014413314692239993
"Poor, Prod=1",France,0.1263,0.5014,0.0641,0.5075217735550278,1.012209360899537,0.0007731800000000122,1.0124305466237946,0.013805757678401663
"Retained, VeryHigh",HasCard,0.0745,0.7055,0.0532,0.7140939597315437,1.012181374530891,0.000640249999999995,1.0300586854460094,0.013003538018465837
"Prod=2, VeryHighSal, Zero",HasCard,0.064,0.7055,0.0457,0.7140624999999999,1.0121367824238128,0.0005479999999999929,1.0299453551912565,0.01281116160766035
"High, LowSal",Active,0.0917,0.5151,0.0478,0.5212649945474372,1.011968539210711,0.0005653300000000028,1.0128776765375853,0.013021014475061987
"Adult, MedSal",HasCard,0.1178,0.7055,0.0841,0.7139219015280135,1.0119374933068936,0.0009920999999999958,1.0294391691394655,0.013371877839721253
Germany,HasCard,0.2509,0.7055,0.1791,0.7138302112395377,1.0118075283338592,0.00209005000000001,1.0291093314763233,0.015578344115302107
"France, Zero",Active,0.2418,0.5151,0.126,0.5210918114143921,1.0116323265664766,0.0014488200000000034,1.0125113989637307,0.015165617816633416
"Active, Prod=1","HasCard, Retained",0.2563,0.5631,0.146,0.5696449473273508,1.0116230639803778,0.0016774699999999865,1.0152082502266546,0.015449133451586813
"Poor, Prod=2, Retained",Active,0.0973,0.5151,0.0507,0.5210688591983557,1.0115877678088832,0.0005807700000000013,1.0124628755364808,0.012689741426607778
"Adult, HighSal, Retained",Active,0.1,0.5151,0.0521,0.521,1.0114540865851291,0.0005900000000000002,1.0123173277661797,0.012582640221795697
"Adult, Good, HasCard",Active,0.0762,0.5151,0.0397,0.520997375328084,1.0114489911242166,0.0004493799999999992,1.0123117808219178,0.012253080175357159
"Adult, France, Retained",HasCard,0.2091,0.7055,0.1492,0.713534194165471,1.0113879435371667,0.0016799499999999856,1.0280459098497494,0.01423658932691797
"Adult, High, Inactive",Retained,0.0847,0.7963,0.0682,0.8051948051948051,1.0111701685229249,0.0007533899999999927,1.0456599999999996,0.012069020204903616
"Germany, Prod=1, Retained",HasCard,0.0771,0.7055,0.055,0.7133592736705577,1.011140005202775,0.0006059500000000009,1.0274185520361991,0.011937666840689937
"Inactive, Middle, Retained",France,0.0716,0.5014,0.0363,0.5069832402234636,1.0111353016024405,0.00039976000000000594,1.0113246458923513,0.011861990711232985
"Fair, Prod=1, Retained",HasCard,0.1221,0.7055,0.0871,0.7133497133497133,1.0111264540747176,0.0009584499999999996,1.0273842857142854,0.01253447815205605
"Adult, Poor",Prod=1,0.1068,0.5084,0.0549,0.5140449438202247,1.0111033513379715,0.0006028800000000001,1.0116161849710983,0.012294470180281375
"Active, High, MedSal",HasCard,0.0488,0.7055,0.0348,0.7131147540983606,1.0107934147389943,0.00037159999999999277,1.0265428571428568,0.011225989192115246
"France, MedSal, Prod=2",HasCard,0.0596,0.7055,0.0425,0.7130872483221476,1.0107544271043907,0.0004521999999999998,1.0264444444444443,0.011314334325818796
"Youth, Zero",HasCard,0.077,0.7055,0.0549,0.712987012987013,1.0106123500878992,0.0005764999999999937,1.0260859728506786,0.011376934720273317
"Active, LowSal, Retained",HasCard,0.109,0.7055,0.0777,0.7128440366972477,1.0104096905701598,0.0008005000000000095,1.0255750798722045,0.011562789340567255
"France, Inactive, NoCard",Retained,0.0706,0.7963,0.0568,0.8045325779036828,1.0103385381184011,0.0005812200000000073,1.0421173913043484,0.011010056465325336
"Inactive, Retained, Zero",HasCard,0.1424,0.7055,0.1015,0.7127808988764045,1.0103201968481992,0.0010368000000000044,1.0253496332518337,0.011910888905227606
"Germany, MedSal",HasCard,0.0616,0.7055,0.0439,0.7126623376623377,1.010152144099699,0.00044119999999999576,1.0249265536723164,0.010709840041790604
"Prod=1, VeryGood",HasCard,0.0616,0.7055,0.0439,0.7126623376623377,1.010152144099699,0.00044119999999999576,1.0249265536723164,0.010709840041790604
"HasCard, MedSal",Retained,0.1799,0.7963,0.1447,0.8043357420789327,1.0100913500928452,0.0014456300000000033,1.0410690340909086,0.012182090154191786
"MedSal, Prod=1",HasCard,0.1294,0.7055,0.0922,0.7125193199381763,1.0099494258514192,0.0009083000000000147,1.024416666666667,0.01131565584459934
"High, MedSal, Prod=1",HasCard,0.0647,0.7055,0.0461,0.7125193199381763,1.0099494258514192,0.0004541500000000073,1.024416666666667,0.01053288782028032
"Good, HasCard, Inactive",France,0.0784,0.5014,0.0397,0.5063775510204082,1.0099273055851778,0.00039024000000000697,1.0100837209302327,0.010665931989924625
"LowSal, NoCard",France,0.0707,0.5014,0.0358,0.5063649222065063,1.009902118481265,0.0003510200000000005,1.0100578796561603,0.010550982387776723
"VeryHighSal, Zero",HasCard,0.0873,0.7055,0.0622,0.7124856815578464,1.0099017456525108,0.0006098499999999951,1.0242968127490035,0.010742480967920614
"France, Inactive, Middle",HasCard,0.0553,0.7055,0.0394,0.7124773960216998,1.0098900014481924,0.00038584999999999314,1.024267295597484,0.01036640966245544
"Retained, Spain, Zero",HasCard,0.1036,0.7055,0.0738,0.7123552123552124,1.0097168141108608,0.000710200000000008,1.0238322147651007,0.010735504499177198
"Active, HasCard",France,0.3607,0.5014,0.1826,0.5062378708067646,1.0096487251830168,0.0017450200000000138,1.0097979786636722,0.01494840759737053
"France, Retained, VeryHighSal",HasCard,0.1008,0.7055,0.0718,0.7123015873015873,1.0096408041128098,0.0006855999999999945,1.023641379310345,0.010619157604654997
"France, NoCard",Active,0.1471,0.5151,0.0765,0.5200543847722637,1.0096182969758567,0.0007287899999999931,1.0103228045325778,0.011169734630867132
"Fair, Zero",Active,0.1198,0.5151,0.0623,0.5200333889816361,1.0095775363650477,0.0005910199999999977,1.0102786086956523,0.010777865675501258
"Active, Good",HasCard,0.1265,0.7055,0.0901,0.7122529644268775,1.0095718843754464,0.0008542500000000008,1.0234684065934065,0.010854186692011115
"Inactive, Poor, Prod=1",France,0.0646,0.5014,0.0327,0.5061919504643962,1.0095571409341768,0.0003095600000000004,1.0097040752351096,0.010120447580357793
"Active, Prod=2, Retained",HasCard,0.231,0.7055,0.1645,0.7121212121212122,1.0093851341193651,0.0015294999999999892,1.0230000000000001,0.012090861300943388
"High, LowSal",HasCard,0.0917,0.7055,0.0653,0.7121046892039258,1.0093617139672937,0.0006056499999999992,1.0229412878787876,0.01021125745401561
"Active, HasCard, HighSal",France,0.0903,0.5014,0.0457,0.5060908084163898,1.0093554216521536,0.0004235799999999998,1.0094973094170403,0.010188753403928335
"Active, Fair, High",Retained,0.0642,0.7963,0.0516,0.8037383177570094,1.009341099782757,0.00047754000000000546,1.0379000000000005,0.009889560977549481
"Germany, High, Middle",HasCard,0.0455,0.7055,0.0324,0.7120879120879121,1.0093379335051909,0.0002997500000000014,1.022881679389313,0.00969255443674865
"France, HasCard, HighSal",Active,0.0879,0.5151,0.0457,0.5199089874857792,1.0093360269574436,0.0004227099999999928,1.0100168246445496,0.01014107200134714
"Good, Prod=2, Retained",HasCard,0.1028,0.7055,0.0732,0.7120622568093385,1.009301568829679,0.0006745999999999974,1.0227905405405406,0.010271786663548242
"Adult, Germany, Inactive",HasCard,0.0507,0.7055,0.0361,0.7120315581854043,1.0092580555427417,0.00033114999999999534,1.022681506849315,0.0096630466595446
"Adult, HighSal, Retained",HasCard,0.1,0.7055,0.0712,0.712,1.0092133238837704,0.0006499999999999978,1.0225694444444442,0.01014357053682893
Adult,HasCard,0.4451,0.7055,0.3169,0.711974837115255,1.009177657144231,0.002881950000000022,1.022480109204368,0.016388887640966483
"Inactive, Prod=2, VeryHighSal",HasCard,0.0545,0.7055,0.0388,0.7119266055045872,1.0091092919979974,0.00035025000000000334,1.0223089171974522,0.009547394876435949
"Active, Fair, High",HasCard,0.0642,0.7055,0.0457,0.7118380062305296,1.0089837083352653,0.0004069000000000017,1.0219945945945945,0.009514554298432022
"Active, Good, Retained",HasCard,0.1107,0.7055,0.0788,0.7118337850045167,1.00897772502412,0.0007011499999999837,1.0219796238244512,0.010005445451021819
"Active, Spain",Prod=1,0.1312,0.5084,0.0673,0.5129573170731707,1.0089640383028535,0.0005979200000000018,1.0093571205007825,0.01022605687953396
"Adult, France",HasCard,0.2311,0.7055,0.1645,0.7118130679359584,1.008948359937574,0.0014589500000000144,1.021906156156156,0.011534655950691128
LowSal,HasCard,0.2453,0.7055,0.1746,0.7117814920505504,1.0089036031900076,0.0015408500000000103,1.0217942008486565,0.011693426045957819
"Retained, Youth, Zero",HasCard,0.0739,0.7055,0.0526,0.7117726657645468,1.0088910925082166,0.000463550000000007,1.0217629107981223,0.009515967652073949
"MedSal, Retained",HasCard,0.2033,0.7055,0.1447,0.7117560255779636,1.0088675061346046,0.001271849999999991,1.0217039249146755,0.011032464687395207
"France, Inactive, VeryHighSal",HasCard,0.0621,0.7055,0.0442,0.711755233494364,1.0088663834080283,0.0003884499999999985,1.0217011173184358,0.009370360953685366
"HighSal, Inactive, Zero",HasCard,0.0444,0.7055,0.0316,0.7117117117117118,1.0088046941342477,0.00027579999999999966,1.021546875,0.0091333697166867
"Adult, HasCard, Spain",Active,0.0791,0.5151,0.0411,0.5195954487989886,1.0087273321665473,0.0003555899999999959,1.0093576315789472,0.009394966682069876
"LowSal, Poor",Retained,0.0559,0.7963,0.0449,0.8032200357781754,1.0086902370691642,0.00038683000000000467,1.0351663636363637,0.009125481922779703
Exceptional,Retained,0.0645,0.7963,0.0518,0.8031007751937984,1.0085404686597996,0.00043864999999999876,1.03453937007874,0.009052000767660818
LowSal,"HasCard, Retained",0.2453,0.5631,0.1393,0.5678760701182226,1.0084817441275484,0.0011715700000000107,1.0110525471698113,0.011144042916127235
"Good, NoCard",France,0.0712,0.5014,0.036,0.5056179775280899,1.0084124003352413,0.00030031999999999975,1.0085318181818184,0.008981720738826676
"France, Good, Retained",HasCard,0.1036,0.7055,0.0737,0.7113899613899615,1.0083486341459411,0.0006102000000000052,1.020408026755853,0.009236402870641395
Youth,HasCard,0.1968,0.7055,0.14,0.7113821138211383,1.0083375107315922,0.0011576000000000086,1.0203802816901408,0.010294536141149762
"HighSal, Prod=2, Retained",HasCard,0.1074,0.7055,0.0764,0.7113594040968343,1.0083053211861577,0.0006292999999999993,1.0203,0.00922799797755365
"High, Prod=2",HasCard,0.1157,0.7055,0.0823,0.7113223854796888,1.0082528497231593,0.0006736499999999979,1.0201691616766466,0.009256245268995815
"Active, France, Retained",HasCard,0.2293,0.7055,0.1631,0.7112952464020933,1.0082143818598062,0.0013288499999999925,1.020073262839879,0.010571500647129958
"HasCard, Retained, Youth",Active,0.1294,0.5151,0.0672,0.5193199381761978,1.0081924639413664,0.000546060000000001,1.0087790996784565,0.009333669718748992
"HasCard, MedSal",Prod=1,0.1799,0.5084,0.0922,0.5125069483046136,1.0080781831325996,0.0007388400000000045,1.008424629418472,0.009771307186759198
"Inactive, NoCard",Prod=1,0.1401,0.5084,0.0718,0.5124910778015703,1.0080469665648513,0.0005731600000000031,1.0083918008784774,0.009283323415529678
"Adult, France, Good",HasCard,0.0547,0.7055,0.0389,0.7111517367458866,1.0080109663301016,0.00030914999999999415,1.0195664556962023,0.008407173142079843
Inactive,HasCard,0.4849,0.7055,0.3448,0.7110744483398639,1.0079014150813095,0.0027030499999999846,1.0192937187723055,0.015219320826582367
"Adult, France, LowSal",HasCard,0.0571,0.7055,0.0406,0.7110332749562172,1.0078430545091668,0.0003159499999999954,1.0191484848484849,0.008253282113090874
"Retained, Youth",HasCard,0.182,0.7055,0.1294,0.7109890109890109,1.0077803132374357,0.0009989999999999999,1.018992395437262,0.009437955128616938
"Active, Good, High",HasCard,0.0474,0.7055,0.0337,0.7109704641350212,1.0077540242877692,0.00025930000000000397,1.0189270072992704,0.008077222357552248
"HasCard, VeryGood",France,0.0859,0.5014,0.0434,0.5052386495925495,1.0076558627693448,0.000329740000000002,1.0077585882352942,0.008311668146301944
"Active, Adult, Prod=1",HasCard,0.1079,0.7055,0.0767,0.710843373493976,1.0075738816356852,0.000576550000000009,1.0184791666666668,0.00842612840773735
"LowSal, Prod=1",Active,0.1264,0.5151,0.0656,0.5189873417721519,1.007546771058342,0.0004913599999999962,1.0080815789473685,0.008573997141070246
"Active, Fair, Spain",HasCard,0.0453,0.7055,0.0322,0.7108167770419426,1.0075361829084941,0.00024085000000000079,1.018385496183206,0.007834726788097096
"High, Prod=1, Retained",France,0.1839,0.5014,0.0929,0.5051658510059814,1.007510672129999,0.0006925400000000054,1.0076103296703296,0.009134520835990615
"Fair, HasCard, Zero",Active,0.0871,0.5151,0.0452,0.5189437428243399,1.0074621293425352,0.0003347900000000015,1.007990214797136,0.00811354847965788
"Active, High, Poor",Retained,0.0455,0.7963,0.0365,0.8021978021978021,1.0074065078460406,0.00026835000000000053,1.0298166666666662,0.007702519428518139
"Active, LowSal, Prod=2",France,0.0594,0.5014,0.03,0.505050505050505,1.007280624352822,0.0002168399999999994,1.0073755102040816,0.007684456729746949
"Fair, France",HasCard,0.1638,0.7055,0.1164,0.7106227106227107,1.0072611064815176,0.0008390999999999954,1.0177025316455697,0.008620859706527024
"Spain, Zero",HasCard,0.1199,0.7055,0.0852,0.7105921601334445,1.007217803165761,0.0006105499999999875,1.0175951008645532,0.00814234724713831
"Good, Prod=2",HasCard,0.1116,0.7055,0.0793,0.7105734767025089,1.0071913206272274,0.0005661999999999889,1.0175294117647058,0.008036891917288274
"Inactive, Prod=1, VeryHighSal",HasCard,0.0615,0.7055,0.0437,0.7105691056910569,1.0071851250050416,0.00031174999999999953,1.0175140449438203,0.007601350321670602
"Fair, France, Zero",Active,0.0798,0.5151,0.0414,0.518796992481203,1.0071772325397068,0.00029502,1.0076828125000001,0.007744063199871483
"Active, LowSal, Prod=1",Retained,0.0656,0.7963,0.0526,0.8018292682926829,1.006943699978253,0.00036271999999999693,1.027901538461538,0.007379941663628251
"Active, France, Good",HasCard,0.0656,0.7055,0.0466,0.7103658536585366,1.006897028573404,0.00031919999999999865,1.0168,0.007330677876418335
"Active, Poor, Prod=2",HasCard,0.0535,0.7055,0.038,0.7102803738317757,1.0067758665227153,0.00025574999999999903,1.0164999999999997,0.007110684794394835
LowSal,Active,0.2453,0.5151,0.1272,0.518548715858133,1.0066952356011125,0.0008459700000000014,1.0071631668077903,0.008812385778680034
"LowSal, Poor",HasCard,0.0559,0.7055,0.0397,0.7101967799642218,1.006657377695566,0.0002625500000000003,1.0162067901234566,0.007004925459108771
"HighSal, Prod=2",France,0.1163,0.5014,0.0587,0.5047291487532244,1.0066397063287285,0.0003871800000000078,1.006721875,0.0074639712730219165
"Inactive, VeryHighSal",HasCard,0.1211,0.7055,0.086,0.7101568951279933,1.006600843554916,0.0005639499999999936,1.0160669515669511,0.007461096984338161
"France, Good, Prod=2",HasCard,0.0576,0.7055,0.0409,0.7100694444444444,1.0064768879439325,0.00026319999999999816,1.0157604790419161,0.006828531222369307
"France, Prod=1",HasCard,0.2514,0.7055,0.1785,0.7100238663484486,1.0064122839807919,0.00113729999999998,1.015600823045267,0.008511125529559793
"Good, LowSal","HasCard, Retained",0.057,0.5631,0.0323,0.5666666666666667,1.0063339844906174,0.00020329999999999654,1.008230769230769,0.006674568024452509
MedSal,Retained,0.2537,0.7963,0.2033,0.8013401655498621,1.0063294807859626,0.0012786900000000267,1.0253708333333336,0.008427804418835344
"Prod=2, Retained, Spain",HasCard,0.1096,0.7055,0.0778,0.70985401459854,1.006171530260156,0.00047719999999999707,1.0150062893081757,0.006888674856856413
"Poor, VeryHighSal",HasCard,0.0579,0.7055,0.0411,0.7098445595854922,1.0061581283989967,0.0002515499999999962,1.0149732142857142,0.006496590548990858
Medium,Retained,0.1509,0.7963,0.1209,0.8011928429423458,1.006144471860286,0.0007383299999999815,1.0246109999999995,0.007192259911457668
"Inactive, Prod=2, Youth",HasCard,0.051,0.7055,0.0362,0.7098039215686276,1.006100526674171,0.00021950000000000441,1.0148310810810814,0.0063893950596441845
"Fair, HighSal, Retained",France,0.0674,0.5014,0.034,0.5044510385756676,1.0060850390420177,0.00020564000000000693,1.006156886227545,0.006485347731200783
"Active, Fair, Retained",France,0.1467,0.5014,0.074,0.5044308111792775,1.0060446972063772,0.0004446200000000067,1.0061158184319121,0.007041343464641356
"Fair, HighSal",HasCard,0.0851,0.7055,0.0604,0.709753231492362,1.0060286768141204,0.0003619500000000067,1.0146538461538464,0.0065499504523710604
"LowSal, Youth",HasCard,0.0503,0.7055,0.0357,0.7097415506958251,1.0060121200507797,0.00021335000000000104,1.0146130136986302,0.006292713989881547
"HasCard, LowSal",Prod=1,0.1746,0.5084,0.0893,0.5114547537227949,1.006008563577488,0.0005333600000000105,1.006252754982415,0.0072360993115830295
"Adult, Retained",HasCard,0.3913,0.7055,0.2777,0.7096856631740353,1.0059329031524242,0.0016378499999999963,1.0144176936619718,0.009689356686703206
NoCard,Prod=1,0.2945,0.5084,0.1506,0.5113752122241088,1.0058521090167365,0.0008762000000000214,1.006088950660181,0.008246720182817243
"Adult, MedSal, Retained",HasCard,0.1033,0.7055,0.0733,0.7095837366892546,1.005788429042175,0.0004218500000000014,1.0140616666666664,0.006418106347497309
"Prod=2, Retained",HasCard,0.4242,0.7055,0.301,0.7095709570957095,1.0057703148061083,0.0017268999999999757,1.0140170454545452,0.009963892501433659
"Good, MedSal",Prod=1,0.0618,0.5084,0.0316,0.511326860841424,1.0057570040153896,0.00018088000000000826,1.00598940397351,0.006101098521543011
"NoCard, Zero",Active,0.1025,0.5151,0.0531,0.5180487804878049,1.0057246757674334,0.0003022500000000039,1.0061184210526317,0.006342162000535153
"Inactive, Middle, Retained",HasCard,0.0716,0.7055,0.0508,0.7094972067039106,1.0056657784605394,0.00028620000000000034,1.0137596153846153,0.006068352291810149
"Adult, Germany, High",Prod=1,0.0665,0.5084,0.034,0.5112781954887218,1.0056612814490988,0.0001914000000000013,1.0058892307692309,0.006030435741516786
"Fair, LowSal, Retained",HasCard,0.0685,0.7055,0.0486,0.7094890510948905,1.0056542184194053,0.0002732499999999957,1.0137311557788942,0.006035886187374135
"HasCard, Prod=2, VeryHighSal",Active,0.0805,0.5151,0.0417,0.5180124223602485,1.005654091167246,0.00023444999999999716,1.006042525773196,0.006114521107420678
"Adult, Poor, Prod=2",HasCard,0.0506,0.7055,0.0359,0.7094861660079052,1.0056501289977393,0.0002016999999999991,1.0137210884353742,0.005917826417857784
"Germany, Middle",HasCard,0.0678,0.7055,0.0481,0.7094395280235988,1.0055840227124009,0.0002670999999999993,1.0135583756345174,0.005956891818294934
"Good, NoCard",Prod=1,0.0712,0.5084,0.0364,0.5112359550561798,1.0055781964126276,0.00020192000000000127,1.0058022988505748,0.005972494344587405
"Poor, Retained, VeryHighSal",HasCard,0.0437,0.7055,0.031,0.7093821510297482,1.0055026945850436,0.0001696499999999969,1.0133582677165351,0.005722660927701757
"Active, HighSal",France,0.1323,0.5014,0.0667,0.5041572184429327,1.0054990395750554,0.0003647799999999951,1.0055606707317073,0.006302829914995167
"HasCard, Inactive, LowSal",France,0.0845,0.5014,0.0426,0.5041420118343195,1.0054687112770633,0.00023170000000000135,1.0055298329355609,0.005940979941179974
LowSal,Retained,0.2453,0.7963,0.1964,0.8006522625356706,1.0054656066001137,0.0010676099999999966,1.021832515337423,0.0072027244340085
"Active, Prod=2",HasCard,0.2446,0.7055,0.1735,0.7093213409648405,1.0054165003045223,0.0009346999999999828,1.0131462728551333,0.007131744618382481
"HasCard, Inactive, Poor",France,0.0855,0.5014,0.0431,0.5040935672514619,1.0053720926435221,0.00023030000000000272,1.0054316037735849,0.005842960602512568
"LowSal, Retained",HasCard,0.1964,0.7055,0.1393,0.7092668024439919,1.0053391955265654,0.0007398000000000127,1.012956217162872,0.0066088102462109
Zero,Active,0.3617,0.5151,0.1873,0.5178324578379873,1.0053047133333086,0.0009883299999999817,1.0056670298165138,0.008266836654591317
HighSal,Active,0.2555,0.5151,0.1323,0.5178082191780822,1.0052576571114,0.0006919499999999967,1.0056164772727272,0.007025062095579188
"HasCard, VeryGood",Prod=1,0.0859,0.5084,0.0439,0.5110593713620489,1.0052308642054464,0.00022844000000000336,1.0054390476190478,0.005692642650612521
"Active, HasCard, Spain",Prod=1,0.0908,0.5084,0.0464,0.5110132158590308,1.0051400784009261,0.00023727999999999944,1.0053441441441442,0.005624497474096199
"HasCard, Zero",Active,0.2592,0.5151,0.1342,0.517746913580247,1.0051386402256786,0.0006860800000000333,1.0054886400000003,0.006901146865032056
MedSal,HasCard,0.2537,0.7055,0.1799,0.7091052424122981,1.0051101947729244,0.0009146500000000168,1.0123936314363147,0.0068125598980541685
"Fair, LowSal",HasCard,0.0849,0.7055,0.0602,0.7090694935217903,1.0050595230641959,0.0003030499999999922,1.0122692307692305,0.005501096225708721
"Inactive, NoCard",France,0.1401,0.5014,0.0706,0.5039257673090649,1.005037429814649,0.0003538599999999975,1.005091510791367,0.005828795561246787
"Good, Retained, VeryHighSal",HasCard,0.0481,0.7055,0.0341,0.7089397089397089,1.0048755619272982,0.00016544999999999754,1.011817857142857,0.005097075489397731
"HighSal, Inactive, Retained",HasCard,0.0907,0.7055,0.0643,0.7089305402425579,1.0048625659001529,0.00031114999999999615,1.0117859848484847,0.005321715352280729
"Adult, High",HasCard,0.1697,0.7055,0.1203,0.7088980553918681,1.0048165207538882,0.0005766500000000119,1.0116730769230773,0.005773133908174001
"Inactive, LowSal",France,0.1181,0.5014,0.0595,0.5038103302286198,1.0048072002964097,0.000284660000000006,1.0048576791808874,0.005424880009833734
"LowSal, Retained, Youth",HasCard,0.0474,0.7055,0.0336,0.7088607594936709,1.0047636562631763,0.0001593000000000011,1.0115434782608694,0.004976980294532292
"Churned, Germany",HasCard,0.0814,0.7055,0.0577,0.7088452088452089,1.004741614238425,0.0002723000000000031,1.0114894514767931,0.005137423726332157
"HasCard, Middle, Retained",France,0.1066,0.5014,0.0537,0.5037523452157598,1.0046915540800956,0.00025076000000000265,1.0047402646502837,0.0052268258142997475
"Active, VeryHighSal, Zero",HasCard,0.0443,0.7055,0.0314,0.708803611738149,1.004682653066122,0.00014634999999999648,1.01134496124031,0.004876873522525474
"France, Medium, Prod=1",HasCard,0.0467,0.7055,0.0331,0.708779443254818,1.0046483958253976,0.00015314999999999773,1.0112610294117648,0.00485354895365844
HighSal,Prod=1,0.2555,0.5084,0.1305,0.5107632093933464,1.0046483268948592,0.0006038000000000154,1.0048304000000001,0.006214667459196461
"Adult, MedSal, Prod=1",HasCard,0.057,0.7055,0.0404,0.7087719298245614,1.0046377460305618,0.00018649999999999917,1.0112349397590361,0.004895372888296231
"France, LowSal, Prod=1",HasCard,0.0618,0.7055,0.0438,0.7087378640776699,1.0045894600675689,0.00020009999999999473,1.0111166666666667,0.004869423524498839
"Inactive, Prod=2, Zero",HasCard,0.1215,0.7055,0.0861,0.7086419753086419,1.0044535440235889,0.00038175000000000014,1.0107838983050845,0.005047009572461772
"Adult, Prod=1, Retained",Active,0.1811,0.5151,0.0937,0.5173937051352844,1.0044529317322546,0.0004153900000000016,1.0047527459954233,0.005413592667259494
"Adult, Inactive, Prod=2",HasCard,0.1088,0.7055,0.0771,0.708639705882353,1.0044503272605996,0.00034160000000001134,1.0107760252365934,0.00497150987199834
"France, Inactive",HasCard,0.2423,0.7055,0.1717,0.7086256706562113,1.0044304332476417,0.00075734999999999,1.0107273371104815,0.005821421524493668
"HighSal, NoCard",Retained,0.0764,0.7963,0.0611,0.799738219895288,1.0043177444371318,0.00026268000000000125,1.0171686274509808,0.0046548090833634205
"Prod=2, Youth, Zero",HasCard,0.0621,0.7055,0.044,0.7085346215780998,1.0043013771482634,0.0001884499999999928,1.0104116022099445,0.004566536459595247
"HasCard, Medium, Prod=1",Retained,0.0674,0.7963,0.0539,0.7997032640949555,1.0042738466594945,0.00022938000000000125,1.0169911111111112,0.004563219630160006
"Fair, High, Retained",HasCard,0.095,0.7055,0.0673,0.708421052631579,1.004140400611735,0.00027749999999999997,1.0100180505415162,0.0045561639562279885
"Good, High, Retained",HasCard,0.0679,0.7055,0.0481,0.7083946980854197,1.0041030447702617,0.00019654999999999673,1.0099267676767674,0.004383948703227678
"Adult, Medium, Retained",Active,0.0582,0.5151,0.0301,0.5171821305841924,1.004042187117438,0.00012117999999999851,1.0043124555160141,0.004274701233024431
"Active, Prod=1, Zero",HasCard,0.0432,0.7055,0.0306,0.7083333333333333,1.004016064257028,0.00012239999999999474,1.0097142857142853,0.0041806020066887835
"Active, LowSal",HasCard,0.1272,0.7055,0.0901,0.7083333333333333,1.004016064257028,0.00036039999999999683,1.0097142857142853,0.0045829514207149
"France, VeryHigh",HasCard,0.0432,0.7055,0.0306,0.7083333333333333,1.004016064257028,0.00012239999999999474,1.0097142857142853,0.0041806020066887835
MedSal,Active,0.2537,0.5151,0.1312,0.5171462357114703,1.0039725018665702,0.0005191300000000065,1.0042377959183675,0.005301867260599512
"France, MedSal",Prod=1,0.1297,0.5084,0.0662,0.510408635312259,1.0039508955787944,0.0002605200000000002,1.0041026771653543,0.004521828601659396
"Fair, HasCard, MedSal",Prod=1,0.0625,0.5084,0.0319,0.5104,1.003933910306845,0.0001250000000000001,1.0040849673202614,0.004179728317659356
"Active, NoCard",Prod=1,0.1544,0.5084,0.0788,0.5103626943005181,1.003860531668997,0.00030303999999999054,1.0040084656084656,0.0045478775770904645
"LowSal, Middle",HasCard,0.0538,0.7055,0.0381,0.70817843866171,1.0037965112143303,0.00014410000000000117,1.0091783439490445,0.0039972016814322124
"Active, Germany, Retained",HasCard,0.0952,0.7055,0.0674,0.7079831932773109,1.0035197636815179,0.00023639999999999772,1.0085035971223018,0.0038764571149713513
VeryGood,Active,0.1215,0.5151,0.0628,0.516872427983539,1.0034409395914172,0.00021534999999998916,1.0036686541737647,0.0039034036737488477
"HighSal, Medium",Retained,0.0398,0.7963,0.0318,0.7989949748743719,1.0033843713102748,0.00010725999999999791,1.0134075,0.003512763981298377
"Middle, Prod=2",Active,0.095,0.5151,0.0491,0.5168421052631579,1.0033820719533253,0.00016549999999999898,1.0036056644880174,0.003724499555535528
"France, Inactive, Youth",HasCard,0.051,0.7055,0.0361,0.707843137254902,1.003321243451314,0.00011950000000000155,1.008020134228188,0.0034881446864902708
"High, Inactive",HasCard,0.1872,0.7055,0.1325,0.7077991452991453,1.0032588877379807,0.00043039999999999745,1.0078683729433273,0.003996434407963132
MedSal,Prod=1,0.2537,0.5084,0.1294,0.5100512416239653,1.0032479182218044,0.00041892000000001706,1.0033702333065166,0.0043379383630031505
France,Active,0.5014,0.5151,0.2591,0.5167530913442362,1.0032092629474592,0.0008288600000000423,1.0034208006603385,0.006415957734532355
Active,France,0.5151,0.5014,0.2591,0.503009124441856,1.0032092629474592,0.0008288600000000423,1.003237734375,0.006597229380156388
"France, Prod=1, Retained",HasCard,0.195,0.7055,0.138,0.7076923076923077,1.0031074524341712,0.0004274999999999973,1.0075,0.003848231163921121
"Fair, France, Inactive",Retained,0.0795,0.7963,0.0635,0.7987421383647799,1.003066857170388,0.00019415000000000404,1.0121343750000003,0.0033215429820322583
"Active, Retained",HasCard,0.4416,0.7055,0.3125,0.7076539855072463,1.0030531332491088,0.0009511999999999854,1.007367931835786,0.00545100286532943
"Fair, France, Retained",HasCard,0.1375,0.7055,0.0973,0.7076363636363635,1.003028155402358,0.0002937499999999815,1.0073072139303478,0.0035003053457852633
"Adult, France, Inactive",HasCard,0.118,0.7055,0.0835,0.7076271186440679,1.0030150512318468,0.0002510000000000012,1.0072753623188409,0.003408149687020533
"Active, Fair",HasCard,0.1727,0.7055,0.1222,0.7075854082223509,1.0029559294434456,0.0003601500000000035,1.007131683168317,0.0035624533735538607
"Adult, High, VeryHighSal",HasCard,0.0424,0.7055,0.03,0.7075471698113207,1.0029017290025808,8.679999999999799e-05,1.007,0.0030214424951266355
"Adult, Spain",HasCard,0.1118,0.7055,0.0791,0.7075134168157424,1.0028538863440715,0.00022510000000000585,1.0068837920489297,0.0032039685370575163
"Retained, VeryHighSal",HasCard,0.1928,0.7055,0.1364,0.7074688796680497,1.0027907578569095,0.00037959999999997995,1.0067304964539003,0.0034477096163849034
"MedSal, Prod=2, Retained",HasCard,0.1063,0.7055,0.0752,0.7074317968015051,1.0027381953245997,0.00020534999999999304,1.006602893890675,0.0030555198445857564
"Inactive, MedSal, Prod=1",HasCard,0.0646,0.7055,0.0457,0.7074303405572755,1.0027361311938703,0.00012469999999999148,1.0065978835978833,0.002917110549366341
"France, Retained",HasCard,0.4204,0.7055,0.2974,0.7074215033301617,1.0027236050037729,0.0008077999999999697,1.0065674796747968,0.0046863477026336
"High, Prod=2, Retained",HasCard,0.0998,0.7055,0.0706,0.7074148296593186,1.002714145512854,0.0001910999999999996,1.0065445205479449,0.003006886099595111
"Fair, France, Prod=2",HasCard,0.0786,0.7055,0.0556,0.7073791348600508,1.0026635504749124,0.00014769999999999367,1.0064217391304344,0.0028830853268328317
"Fair, HasCard, MedSal",Retained,0.0625,0.7963,0.0499,0.7984,1.0026371970362928,0.00013124999999999942,1.0104166666666665,0.0028056112224448776
"Prod=2, Spain, Zero",HasCard,0.0861,0.7055,0.0609,0.7073170731707318,1.0025755820988402,0.00015645000000000242,1.0062083333333336,0.0028109919216997687
"Adult, HighSal",France,0.1134,0.5014,0.057,0.5026455026455027,1.0024840499511423,0.00014124000000000775,1.002504255319149,0.002794828261721454
"High, Inactive, Prod=2",HasCard,0.0526,0.7055,0.0372,0.7072243346007604,1.0024441312555072,9.069999999999218e-05,1.0058896103896102,0.0025735402607246598
"High, NoCard",Active,0.1131,0.5151,0.0584,0.5163572060123784,1.0024407028001912,0.00014219000000000037,1.0025994515539305,0.0027452478001720702
Prod=2,HasCard,0.459,0.7055,0.3246,0.7071895424836601,1.0023948157103615,0.0007754999999999845,1.005770089285714,0.004416070739132278
HasCard,Retained,0.7055,0.7963,0.5631,0.798157335223246,1.002332456641022,0.0013103500000000157,1.0092018960674158,0.00790162630526693
Retained,HasCard,0.7963,0.7055,0.5631,0.7071455481602411,1.002332456641022,0.0013103500000000157,1.0056189965694682,0.011423804353957345
"Adult, Retained, Spain",HasCard,0.1014,0.7055,0.0717,0.7071005917159763,1.0022687338284568,0.00016229999999999023,1.0054646464646462,0.002519027739104937
Exceptional,"HasCard, Retained",0.0645,0.5631,0.0364,0.5643410852713179,1.002204022857961,8.004999999999818e-05,1.0028487544483986,0.0023508025913156322
"France, NoCard, Zero",Active,0.0678,0.5151,0.035,0.5162241887905605,1.0021824670754427,7.622000000000184e-05,1.002323780487805,0.0023361020014099317
"France, LowSal",HasCard,0.1222,0.7055,0.0864,0.707037643207856,1.0021795084448704,0.00018790000000000473,1.0052486033519554,0.0024775216661182195
"Active, Prod=2, VeryHighSal",France,0.0605,0.5014,0.0304,0.5024793388429752,1.002152650265208,6.530000000000424e-05,1.002169435215947,0.002286350522394479
"Active, Fair, France",HasCard,0.0843,0.7055,0.0596,0.7069988137603797,1.0021244702485892,0.0001263499999999973,1.0051153846153849,0.0023151320770481328
VeryGood,HasCard,0.1215,0.7055,0.0859,0.7069958847736626,1.0021203186019314,0.0001817500000000083,1.0051053370786518,0.002408460288233506
"France, LowSal, Prod=1",Active,0.0618,0.5151,0.0319,0.5161812297734627,1.0020990677023154,6.681999999999522e-05,1.0022347826086955,0.0022326485252556327
"Adult, Inactive, Poor",HasCard,0.0546,0.7055,0.0386,0.706959706959707,1.0020690389223346,7.970000000000199e-05,1.0049812500000002,0.0021840140039964986
Elderly,HasCard,0.0464,0.7055,0.0328,0.706896551724138,1.0019795205161417,6.480000000000374e-05,1.0047647058823532,0.002071738418726589
"Fair, MedSal",Retained,0.0836,0.7963,0.0667,0.7978468899521531,1.0019425969510902,0.0001293200000000022,1.0076520710059174,0.0021157033879394146
"HasCard, LowSal",Retained,0.1746,0.7963,0.1393,0.797823596792669,1.0019133452124438,0.0002660200000000057,1.0075359773371106,0.0023136555775520413
"HasCard, LowSal",Active,0.1746,0.5151,0.0901,0.5160366552119129,1.001818394897909,0.0001635399999999898,1.0019353846153845,0.0021990481458959636
"HasCard, Medium",Active,0.1029,0.5151,0.0531,0.5160349854227405,1.0018151532182886,9.620999999999935e-05,1.0019319277108434,0.002019690566023463
"Fair, NoCard",Retained,0.0949,0.7963,0.0757,0.79768177028451,1.0017352383329274,0.00013113000000000707,1.0068296875,0.0019138575811485843
"France, Poor, Prod=1",HasCard,0.0641,0.7055,0.0453,0.7067082683307332,1.001712641149161,7.74499999999928e-05,1.0041196808510637,0.0018268116511191387
"Fair, Retained, VeryHighSal",HasCard,0.0641,0.7055,0.0453,0.7067082683307332,1.001712641149161,7.74499999999928e-05,1.0041196808510637,0.0018268116511191387
HighSal,Retained,0.2555,0.7963,0.2038,0.7976516634050881,1.0016974298695065,0.00034534999999999427,1.0066798839458415,0.002276096015859807
"Adult, Prod=2, VeryHighSal",HasCard,0.0508,0.7055,0.0359,0.7066929133858268,1.0016908765213703,6.060000000000093e-05,1.0040671140939599,0.0017783631311868821
HasCard,France,0.7055,0.5014,0.3543,0.5021970233876684,1.0015895959067977,0.0005623000000000156,1.001601082004556,0.005389042790801686
France,HasCard,0.5014,0.7055,0.3543,0.7066214599122458,1.0015895959067977,0.0005623000000000156,1.0038225696804897,0.003183058768333527
VeryGood,Retained,0.1215,0.7963,0.0969,0.7975308641975308,1.0015457292446701,0.0001495499999999983,1.0060792682926827,0.0017567941414351237
"High, MedSal",HasCard,0.0978,0.7055,0.0691,0.7065439672801636,1.0014797551809547,0.00010209999999999386,1.0035574912891985,0.0016377396818388925
"France, Prod=2, Retained",HasCard,0.2232,0.7055,0.1577,0.7065412186379928,1.0014758591608686,0.00023239999999999372,1.0035480916030532,0.001897121795219202
"Inactive, Prod=2, Retained",HasCard,0.1932,0.7055,0.1365,0.7065217391304348,1.0014482482359104,0.00019739999999998648,1.0034814814814814,0.001792456428053727
"Inactive, Retained",HasCard,0.3547,0.7055,0.2506,0.7065125458133633,1.0014352173116419,0.00035914999999997477,1.0034500480307393,0.0022209211452098093
"Adult, France, Prod=1",HasCard,0.1138,0.7055,0.0804,0.7065026362038664,1.0014211710898178,0.00011409999999999199,1.0034161676646707,0.001601392720441911
"LowSal, Prod=1",HasCard,0.1264,0.7055,0.0893,0.7064873417721519,1.0013994922355094,0.00012479999999999436,1.0033638814016173,0.0015997440409533752
"Active, Fair, Prod=1",Retained,0.0844,0.7963,0.0673,0.7973933649289099,1.0013730565476704,9.228000000000014e-05,1.0053964912280697,0.0014975686418084576
"HighSal, Retained, Zero",HasCard,0.078,0.7055,0.0551,0.7064102564102565,1.001290228788457,7.100000000000162e-05,1.0031004366812228,0.0013975772702757283
"France, Retained, VeryGood",HasCard,0.0514,0.7055,0.0363,0.7062256809338521,1.001028605150747,3.729999999999706e-05,1.0024701986754965,0.0010832260271624605
"Prod=2, VeryHighSal, Zero",Active,0.064,0.5151,0.033,0.515625,1.0010192195690157,3.3600000000001684e-05,1.0010838709677419,0.0010878010878011424
"Active, Good, Prod=1",HasCard,0.0633,0.7055,0.0447,0.7061611374407583,1.000937118980522,4.184999999999606e-05,1.0022499999999999,0.0009995106338616065
"High, Inactive, LowSal",HasCard,0.0439,0.7055,0.031,0.7061503416856492,1.000921816705385,2.8549999999998715e-05,1.0022131782945733,0.0009632546197421216
"MedSal, Prod=2",HasCard,0.115,0.7055,0.0812,0.706086956521739,1.0008319723908419,6.749999999998424e-05,1.001997041420118,0.0009393003256238936
"Good, High",HasCard,0.0888,0.7055,0.0627,0.7060810810810811,1.0008236443388818,5.159999999999887e-05,1.001977011494253,0.000903167808578814
Fair,Active,0.335,0.5151,0.1727,0.5155223880597014,1.0008200117641262,0.00014149999999998886,1.0008718422674059,0.001232090068831507
"Active, France, Prod=2",HasCard,0.1269,0.7055,0.0896,0.706067769897557,1.000804776608869,7.204999999999018e-05,1.0019316353887395,0.0009210049986090994
"Inactive, Poor",HasCard,0.1211,0.7055,0.0855,0.7060280759702725,1.0007485130691318,6.395000000000706e-05,1.0017963483146066,0.0008510106000390846
"High, Inactive, Prod=1",HasCard,0.1262,0.7055,0.0891,0.7060221870047543,1.0007401658465687,6.589999999999374e-05,1.0017762803234498,0.0008464390092526924
"Inactive, Poor, Retained",HasCard,0.0864,0.7055,0.061,0.7060185185185185,1.000734966007822,4.479999999999068e-05,1.001763779527559,0.0008038815997242162
"Active, France, LowSal",Prod=1,0.0627,0.5084,0.0319,0.5087719298245613,1.0007315692851324,2.3320000000000285e-05,1.0007571428571427,0.0007799365013961694
"Fair, LowSal",France,0.0849,0.5014,0.0426,0.5017667844522968,1.0007315206467828,3.1139999999998946e-05,1.0007361702127662,0.0007988044098928347
"Fair, Middle",HasCard,0.0806,0.7055,0.0569,0.705955334987593,1.0006454074948163,3.669999999999368e-05,1.001548523206751,0.0007015349278373587
"HasCard, HighSal",Retained,0.1791,0.7963,0.1427,0.7967615857063093,1.0005796630746067,8.266999999997915e-05,1.0022711538461535,0.000705722085498646
"France, HasCard",Active,0.3543,0.5151,0.1826,0.51538244425628,1.0005483289774413,0.00010007000000000765,1.0005828188701222,0.000848735446099724
"Germany, Prod=1",HasCard,0.1349,0.7055,0.0952,0.7057079318013344,1.000294729697143,2.8050000000015562e-05,1.0007065491183882,0.0003405882061530697
"Inactive, Prod=1, Retained",HasCard,0.1597,0.7055,0.1127,0.7056981840951784,1.0002809129626908,3.1649999999980305e-05,1.0006734042553187,0.00033420691748109466
"Adult, Prod=1",HasCard,0.2178,0.7055,0.1537,0.7056932966023876,1.000273985262066,4.2100000000017124e-05,1.000656786271451,0.0003501792568448992
"France, Good",HasCard,0.1223,0.7055,0.0863,0.705641864268193,1.000201083300061,1.734999999999931e-05,1.0004819444444444,0.00022905648136766537
"HighSal, Spain",Prod=1,0.0647,0.5084,0.0329,0.508500772797527,1.0001982155734206,6.520000000002912e-06,1.000205031446541,0.0002118852686767899
"Inactive, Prod=2, Spain",HasCard,0.0574,0.7055,0.0405,0.705574912891986,1.000106184113375,4.299999999998749e-06,1.0002544378698224,0.00011263827658194563
"Middle, Prod=1, Retained",France,0.0698,0.5014,0.035,0.501432664756447,1.0000651471010111,2.280000000007276e-06,1.0000655172413795,7.003102251458291e-05
"MedSal, Medium",Retained,0.0383,0.7963,0.0305,0.7963446475195822,1.0000560687172952,1.7099999999985183e-06,1.0002192307692306,5.829840258962589e-05
"Germany, High, Prod=1",HasCard,0.0927,0.7055,0.0654,0.7055016181229773,1.000002293583242,1.4999999999043556e-07,1.0000054945054944,2.527915773729892e-06
"Inactive, LowSal, Prod=2",HasCard,0.0533,0.7055,0.0376,0.7054409005628518,0.9999162304221854,-3.1500000000003747e-06,0.9997993630573249,-8.848545762572939e-05
"Active, Retained, VeryGood",HasCard,0.0533,0.7055,0.0376,0.7054409005628518,0.9999162304221854,-3.1500000000003747e-06,0.9997993630573249,-8.848545762572939e-05
Fair,Retained,0.335,0.7963,0.2667,0.7961194029850746,0.9997732048035597,-6.050000000001887e-05,0.99911420204978,-0.0003410064481220344
"Active, Fair, Germany",HasCard,0.0431,0.7055,0.0304,0.7053364269141531,0.9997681458740654,-7.0500000000014995e-06,0.9994448818897637,-0.00024229460205436607
"Adult, France, HighSal",HasCard,0.057,0.7055,0.0402,0.7052631578947368,0.9996642918422917,-1.3499999999999623e-05,0.9991964285714284,-0.00035599294342875587
"France, Youth",HasCard,0.1038,0.7055,0.0732,0.7052023121387283,0.9995780469719749,-3.090000000000037e-05,0.9989901960784312,-0.00047080161516950797
"Adult, Germany, Prod=1",HasCard,0.0502,0.7055,0.0354,0.7051792828685259,0.9995454044911778,-1.609999999999806e-05,0.9989121621621623,-0.0004786108513267645
"HasCard, Inactive, VeryHighSal",Prod=1,0.086,0.5084,0.0437,0.508139534883721,0.9994876767972483,-2.239999999999187e-05,0.999470449172577,-0.0005605016489756301
"High, HighSal",Active,0.0979,0.5151,0.0504,0.5148110316649642,0.9994390053678203,-2.829000000000026e-05,0.9994044210526315,-0.0006218384657537194
"Prod=2, Spain",Active,0.1183,0.5151,0.0609,0.514792899408284,0.9994038039376509,-3.6330000000001084e-05,0.9993670731707316,-0.0006761351645001882
"HasCard, HighSal",Prod=1,0.1791,0.5084,0.091,0.5080960357342267,0.9994021159209809,-5.444000000000282e-05,0.9993820658342792,-0.0007282325485705001
"HighSal, Prod=2",HasCard,0.1163,0.7055,0.082,0.7050730868443681,0.999394878588757,-4.9649999999998307e-05,0.998552478134111,-0.0006847043394257765
"Prod=2, Spain",HasCard,0.1183,0.7055,0.0834,0.7049873203719358,0.9992733102366205,-6.064999999999543e-05,0.9982621776504299,-0.000824111281247717
"Active, Fair, Prod=1",HasCard,0.0844,0.7055,0.0595,0.7049763033175355,0.9992576942842458,-4.420000000000812e-05,0.9982248995983932,-0.0008106759790472928
"France, LowSal, Prod=2",HasCard,0.0583,0.7055,0.0411,0.7049742710120068,0.9992548136243895,-3.065000000000012e-05,0.9982180232558138,-0.0007912838470697488
"France, Retained, Youth",Active,0.0987,0.5151,0.0508,0.5146909827760892,0.9992059459834773,-4.036999999999791e-05,0.9991572025052192,-0.0008809330689442597
"HighSal, Spain",Active,0.0647,0.5151,0.0333,0.5146831530139104,0.9991907455133187,-2.696999999999422e-05,0.9991410828025479,-0.0008651867706300441
"Fair, France",Active,0.1638,0.5151,0.0843,0.5146520146520146,0.9991302944127637,-7.337999999999789e-05,0.9990769811320753,-0.0010398917084153553
"Active, Retained, VeryHighSal",France,0.1058,0.5014,0.053,0.500945179584121,0.9990928990508996,-4.811999999999872e-05,0.9990886363636364,-0.0010143185010682537
"Adult, Inactive",HasCard,0.2236,0.7055,0.1576,0.7048300536672629,0.9990503949925768,-0.00014980000000000548,0.9977303030303029,-0.0012227529343622101
"Inactive, LowSal, Retained",HasCard,0.0874,0.7055,0.0616,0.7048054919908466,0.9990155804264303,-6.0700000000003806e-05,0.9976472868217052,-0.00107859606950359
"High, HighSal",HasCard,0.0979,0.7055,0.069,0.7048008171603678,0.9990089541606914,-6.844999999999768e-05,0.9976314878892736,-0.001098480502171648
"Fair, HasCard",Retained,0.2401,0.7963,0.191,0.7955018742190754,0.9989977071695032,-0.0001916299999999982,0.9960971486761709,-0.001318562334255092
"France, LowSal, Prod=2",Active,0.0583,0.5151,0.03,0.5145797598627787,0.9989900210886793,-3.0329999999998553e-05,0.9989282685512367,-0.0010724389553107493
"Good, Inactive",France,0.1132,0.5014,0.0567,0.5008833922261484,0.9989696693780384,-5.8479999999992704e-05,0.9989649557522124,-0.0011616995139454142
"HasCard, VeryHighSal",France,0.1719,0.5014,0.0861,0.5008726003490401,0.9989481458895895,-9.065999999999241e-05,0.9989433566433568,-0.001269924514711814
"Inactive, Prod=2",HasCard,0.2144,0.7055,0.1511,0.7047574626865672,0.9989475020362398,-0.00015919999999999823,0.9974849921011061,-0.0013393530184574811
"Active, France",HasCard,0.2591,0.7055,0.1826,0.7047472018525667,0.9989329579767068,-0.00019505000000000217,0.9974503267973859,-0.001439659872697326
"Active, Spain, Zero",HasCard,0.0613,0.7055,0.0432,0.7047308319738989,0.9989097547468445,-4.7149999999995806e-05,0.9973950276243093,-0.0011613589402099855
"Inactive, VeryHighSal",Prod=1,0.1211,0.5084,0.0615,0.5078447563996696,0.9989078607389255,-6.723999999999619e-05,0.9988718120805369,-0.0012424336548003448
High,HasCard,0.383,0.7055,0.2699,0.7046997389033942,0.9988656823577522,-0.00030650000000004285,0.9972900088417328,-0.0018371466864229933
"France, Inactive, MedSal",HasCard,0.0606,0.7055,0.0427,0.7046204620462047,0.9987533126097868,-5.329999999999918e-05,0.9970223463687151,-0.001327003551290534
"Adult, Inactive, Prod=1",Retained,0.1099,0.7963,0.0874,0.7952684258416743,0.9987045408033082,-0.00011336999999998765,0.9949613333333337,-0.0014551758475463937
"France, NoCard, Prod=1",Active,0.0729,0.5151,0.0375,0.51440329218107,0.9986474319182099,-5.0790000000001945e-05,0.9985652542372881,-0.0014587684650964566
"Germany, LowSal",HasCard,0.0616,0.7055,0.0434,0.7045454545454546,0.9986469943946911,-5.880000000000468e-05,0.9967692307692309,-0.0014416937842403421
"HasCard, Prod=2, Spain",Active,0.0834,0.5151,0.0429,0.5143884892086331,0.9986186938626153,-5.9339999999998005e-05,0.9985348148148149,-0.0015067996428777689
"Good, Retained",HasCard,0.1946,0.7055,0.1371,0.7045220966084276,0.9986138860502163,-0.00019030000000000435,0.9966904347826088,-0.0017204493166299766
"Adult, Prod=1, Spain",HasCard,0.0538,0.7055,0.0379,0.704460966542751,0.9985272381895833,-5.589999999999762e-05,0.9964842767295601,-0.0015563712661009982
"Middle, Retained",France,0.1532,0.5014,0.0767,0.5006527415143603,0.9985096559919433,-0.00011447999999998626,0.9985035294117649,-0.001759497258393212
"Active, Prod=2, Spain",HasCard,0.0609,0.7055,0.0429,0.7044334975369458,0.998488302674622,-6.495000000000112e-05,0.9963916666666667,-0.001609572084295511
"Middle, Prod=2, Retained",France,0.0827,0.5014,0.0414,0.5006045949214026,0.9984136316741178,-6.577999999999445e-05,0.9984072639225182,-0.0017291414752114629
"Middle, NoCard",Active,0.0708,0.5151,0.0364,0.5141242937853108,0.9981057926331018,-6.907999999999914e-05,0.9979918604651163,-0.002038241518047323
"Retained, Spain, Youth",HasCard,0.0436,0.7055,0.0307,0.7041284403669725,0.9980559041346173,-5.979999999999874e-05,0.9953643410852714,-0.0020325424318723977
"Fair, HasCard, VeryHighSal",Retained,0.057,0.7963,0.0453,0.7947368421052631,0.9980369736346391,-8.910000000000168e-05,0.992384615384615,-0.0020814352792767926
"Prod=2, Retained, Youth",HasCard,0.0997,0.7055,0.0702,0.7041123370110332,0.9980330786832504,-0.00013834999999999542,0.9953101694915255,-0.0021842641098171805
"France, HasCard, HighSal",Prod=1,0.0879,0.5084,0.0446,0.5073947667804323,0.9980227513383798,-8.835999999999566e-05,0.9979593533487298,-0.0021673851219655912
"MedSal, Middle",HasCard,0.0588,0.7055,0.0414,0.7040816326530612,0.9979895572686905,-8.339999999999737e-05,0.9952068965517241,-0.002135773749343067
"Churned, HighSal",HasCard,0.0517,0.7055,0.0364,0.7040618955512572,0.9979615812207756,-7.43500000000008e-05,0.9951405228758168,-0.002149311685462206
"Adult, HasCard, Poor",Prod=1,0.0749,0.5084,0.038,0.507343124165554,0.9979211726309088,-7.915999999999479e-05,0.9978547425474255,-0.002246759852138305
"Churned, Zero",HasCard,0.05,0.7055,0.0352,0.704,0.9978738483345144,-7.499999999999868e-05,0.9949324324324322,-0.002237803968372331
"Prod=1, Retained",HasCard,0.3675,0.7055,0.2587,0.7039455782312924,0.9977967090450637,-0.0005712500000000231,0.9947495404411761,-0.003479010225397372
"Adult, Retained",Active,0.3913,0.5151,0.2011,0.5139279325325837,0.9977245826685764,-0.00045862999999998766,0.9975886961093586,-0.0037326989408161563
"Active, Youth",HasCard,0.1006,0.7055,0.0708,0.7037773359840955,0.9975582366890086,-0.00017330000000000123,0.9941845637583896,-0.002714138988348172
Prod=1,HasCard,0.5084,0.7055,0.3578,0.7037765538945713,0.9975571281283788,-0.0008761999999999937,0.9941819389110228,-0.004956704358437688
HasCard,Prod=1,0.7055,0.5084,0.3578,0.5071580439404677,0.9975571281283787,-0.0008761999999999937,0.9974800115041702,-0.008246720182816985
"Adult, LowSal",Active,0.1086,0.5151,0.0558,0.5138121546961326,0.9974998149798731,-0.0001398599999999986,0.9973511363636364,-0.0028039305549039635
"France, HighSal",Prod=1,0.1268,0.5084,0.0643,0.5070977917981072,0.997438614866458,-0.00016511999999999083,0.99735808,-0.0029322409409877786
"Active, Retained, Youth",HasCard,0.0955,0.7055,0.0672,0.7036649214659685,0.9973988964790481,-0.0001752500000000018,0.9938074204946993,-0.0028749467868266214
"Good, Inactive",Prod=1,0.1132,0.5084,0.0574,0.5070671378091873,0.997378319844979,-0.00015087999999999213,0.9972960573476705,-0.002955348538387254
"MedSal, Poor",Retained,0.0617,0.7963,0.049,0.794165316045381,0.9973192465721223,-0.00013171000000000016,0.9896291338582682,-0.0028565287764206176
VeryGood,Prod=1,0.1215,0.5084,0.0616,0.5069958847736625,0.9972381683195566,-0.00017059999999999298,0.9971519198664441,-0.0031426034609162734
"MedSal, NoCard",Retained,0.0738,0.7963,0.0586,0.7940379403794038,0.9971592871774504,-0.0001669400000000043,0.9890171052631578,-0.003066367928150012
"France, HasCard, LowSal",Prod=1,0.0864,0.5084,0.0438,0.5069444444444444,0.9971369874989072,-0.00012576000000000254,0.9970478873239437,-0.0031329219878510222
"Middle, Prod=1, Retained",HasCard,0.0698,0.7055,0.0491,0.7034383954154727,0.9970778106526899,-0.00014390000000000236,0.9930483091787436,-0.0031407748088471276
"Germany, Medium",Retained,0.0524,0.7963,0.0416,0.7938931297709922,0.9969774328406282,-0.00012612000000000734,0.9883222222222217,-0.003189174809868522
"France, LowSal, Retained",HasCard,0.1045,0.7055,0.0735,0.7033492822966507,0.9969514986486899,-0.0002247499999999958,0.99275,-0.003403034340742472
"Churned, Prod=1",HasCard,0.1409,0.7055,0.0991,0.7033356990773598,0.9969322453258112,-0.00030495000000001216,0.9927045454545453,-0.003569097827572982
"HasCard, Poor, Prod=2",Active,0.074,0.5151,0.038,0.5135135135135135,0.9969200417657027,-0.00011739999999999667,0.9967388888888888,-0.003325270355243013
"France, Middle, Zero",HasCard,0.0519,0.7055,0.0365,0.7032755298651252,0.9968469594119421,-0.00011545000000000305,0.9925032467532465,-0.0033250674661805943
"Prod=1, Retained, VeryGood",HasCard,0.0438,0.7055,0.0308,0.7031963470319635,0.9967347229368725,-0.00010089999999999752,0.9922384615384617,-0.003414336694881389
"France, Retained, Youth",HasCard,0.0987,0.7055,0.0694,0.7031408308004053,0.9966560323180799,-0.00023284999999999278,0.992052901023891,-0.0037088023889241604
"HasCard, VeryHighSal",Retained,0.1719,0.7963,0.1364,0.7934845840605003,0.996464377823057,-0.00048397000000000023,0.986367042253521,-0.00426642815502305
"Adult, Germany, Retained",HasCard,0.0808,0.7055,0.0568,0.702970297029703,0.9964143118776797,-0.00020439999999999348,0.9914833333333335,-0.003899650023580929
Good,HasCard,0.2397,0.7055,0.1685,0.7029620358781811,0.9964026022369682,-0.0006083499999999797,0.9914557584269663,-0.004726190170984834
"High, NoCard, Prod=1",Active,0.0762,0.5151,0.0391,0.5131233595800525,0.9961626083868229,-0.00015061999999999715,0.9959401617250674,-0.004152605924259389
"France, Inactive, Retained",HasCard,0.1911,0.7055,0.1343,0.7027734170591314,0.9961352474261254,-0.0005210499999999951,0.9908265845070425,-0.004773429518327433
"France, LowSal",Active,0.1222,0.5151,0.0627,0.5130932896890344,0.9961042315842253,-0.00024521999999999045,0.995878655462185,-0.004435699184273987
"Exceptional, Retained",HasCard,0.0518,0.7055,0.0364,0.7027027027027027,0.9960350144616623,-0.00014489999999999642,0.9905909090909092,-0.004180686440438243
"Active, France, Youth",HasCard,0.0528,0.7055,0.0371,0.7026515151515151,0.9959624594635225,-0.00015040000000000192,0.990420382165605,-0.004261646990551892
"Adult, Inactive, LowSal",HasCard,0.0528,0.7055,0.0371,0.7026515151515151,0.9959624594635225,-0.00015040000000000192,0.990420382165605,-0.004261646990551892
"HighSal, Zero",HasCard,0.0908,0.7055,0.0638,0.7026431718061673,0.9959506333184511,-0.00025940000000000685,0.9903925925925923,-0.004451968511504869
"Active, France, Prod=1",HasCard,0.1261,0.7055,0.0886,0.7026169706582078,0.99591349490887,-0.00036354999999999027,0.9903053333333335,-0.004673414397458504
"Fair, Middle, Retained",HasCard,0.0538,0.7055,0.0378,0.7026022304832714,0.9958926016772096,-0.00015590000000000048,0.9902562500000001,-0.004339927387642105
"Active, Prod=1, Retained",HasCard,0.2078,0.7055,0.146,0.7025986525505292,0.9958875301921037,-0.0006029000000000173,0.9902443365695788,-0.005185607595121945
"France, Prod=2",HasCard,0.2367,0.7055,0.1663,0.7025771018166456,0.9958569834396109,-0.0006918499999999939,0.9901725852272728,-0.005420805236191453
"France, Good, Prod=1",Retained,0.0618,0.7963,0.049,0.7928802588996764,0.9957054613834941,-0.00021133999999999736,0.9834890625,-0.004576128864343078
"France, LowSal, Prod=1",Retained,0.0618,0.7963,0.049,0.7928802588996764,0.9957054613834941,-0.00021133999999999736,0.9834890625,-0.004576128864343078
"Churned, France",HasCard,0.081,0.7055,0.0569,0.7024691358024691,0.9957039486923729,-0.00024550000000000266,0.9898132780082984,-0.004672932774484885
"France, High, Inactive",Retained,0.0724,0.7963,0.0574,0.792817679558011,0.9956268737385545,-0.00025212000000000845,0.9831919999999996,-0.004712844014060179
"France, Poor, Zero",HasCard,0.0598,0.7055,0.042,0.7023411371237459,0.9955225189564081,-0.0001888999999999988,0.9893876404494384,-0.004760908630375525
"High, Youth",Active,0.0704,0.5151,0.0361,0.5127840909090908,0.9955039621609219,-0.00016304000000000318,0.9952466472303205,-0.004834883279559783
"Spain, Youth",HasCard,0.0477,0.7055,0.0335,0.7023060796645703,0.9954728273062654,-0.00015234999999999554,0.9892711267605634,-0.004752857642008446
"Good, Spain",HasCard,0.0608,0.7055,0.0427,0.7023026315789473,0.9954679398709388,-0.00019439999999999735,0.9892596685082872,-0.0048240320172791
"France, Good, Prod=1",HasCard,0.0618,0.7055,0.0434,0.7022653721682848,0.9954151270989153,-0.00019990000000000285,0.9891358695652173,-0.004885406784043584
"France, Prod=1, VeryHighSal",HasCard,0.0591,0.7055,0.0415,0.7021996615905246,0.9953219866626855,-0.00019504999999999523,0.9889176136363638,-0.004970389170896663
"France, High, Prod=1",HasCard,0.1098,0.7055,0.0771,0.7021857923497268,0.9953023279230713,-0.00036390000000000033,0.9888715596330275,-0.0052740414549223855
"Active, Poor, Prod=1",Retained,0.0617,0.7963,0.0489,0.7925445705024311,0.9952839011709546,-0.00023171000000000302,0.9818976562499999,-0.005024658144994555
"France, HighSal, Inactive",HasCard,0.0601,0.7055,0.0422,0.7021630615640599,0.9952701085245357,-0.00020055000000000073,0.9887960893854749,-0.005030813260877599
"Good, VeryHighSal",Active,0.0593,0.5151,0.0304,0.5126475548060708,0.9952388949836358,-0.00014542999999999848,0.9949678200692041,-0.005059717751040123
"Active, High, Retained",HasCard,0.1598,0.7055,0.1122,0.7021276595744681,0.9952199285251142,-0.0005389000000000088,0.9886785714285714,-0.005684039146354239
"HighSal, Retained, Spain",HasCard,0.0537,0.7055,0.0377,0.702048417132216,0.9951076075580666,-0.0001853500000000008,0.9884156249999999,-0.005168587702581611
"Poor, Prod=2, Retained",HasCard,0.0973,0.7055,0.0683,0.7019527235354573,0.9949719681579835,-0.0003451500000000024,0.9880982758620689,-0.005566974991435462
"France, LowSal",Prod=1,0.1222,0.5084,0.0618,0.5057283142389525,0.9947449139239821,-0.00032647999999999705,0.9945947019867549,-0.005982278909644961
"Active, Prod=1, VeryHighSal",Retained,0.0606,0.7963,0.048,0.7920792079207921,0.9946994950656689,-0.0002557799999999971,0.9797000000000001,-0.005640507923570591
"Retained, VeryGood",HasCard,0.0969,0.7055,0.068,0.7017543859649124,0.9946908376540218,-0.00036295000000000077,0.9874411764705884,-0.005875472996216043
"Active, High",HasCard,0.1958,0.7055,0.1374,0.7017364657814096,0.9946654369686883,-0.0007369000000000125,0.9873818493150683,-0.006624774192202891
"France, VeryHighSal",HasCard,0.1227,0.7055,0.0861,0.7017114914425427,0.9946300374805709,-0.00046485000000000276,0.9872991803278687,-0.006116416786337156
"Fair, HighSal",Retained,0.0851,0.7963,0.0674,0.792009400705053,0.9946118305978312,-0.0003651299999999913,0.9793711864406784,-0.005886403203384578
"France, High, Inactive",HasCard,0.0724,0.7055,0.0508,0.7016574585635358,0.9945534494167765,-0.0002782000000000062,0.9871203703703699,-0.005869163642071443
"Poor, Retained, Zero",HasCard,0.0754,0.7055,0.0529,0.7015915119363396,0.9944599743959456,-0.00029469999999999497,0.9869022222222225,-0.0059891021508740585
"HasCard, Middle, Prod=2",Active,0.0654,0.5151,0.0335,0.5122324159021407,0.9944329565174543,-0.00018753999999999993,0.9941210031347963,-0.00595428591748199
"Adult, High, MedSal",HasCard,0.0449,0.7055,0.0315,0.7015590200445434,0.9944139192693741,-0.0001769500000000021,0.9867947761194028,-0.0058471512692234665
NoCard,Retained,0.2945,0.7963,0.2332,0.7918505942275043,0.9944124001350048,-0.001310349999999988,0.9786239804241436,-0.007901626305266763
"Active, HasCard, Poor",Prod=1,0.0811,0.5084,0.041,0.5055487053020962,0.9943916312000318,-0.0002312400000000006,0.9942334164588529,-0.006100330975404001
"Poor, Youth",HasCard,0.0469,0.7055,0.0329,0.7014925373134329,0.9943196843563896,-0.00018794999999999923,0.986575,-0.0059581663493415826
"Prod=2, Youth",HasCard,0.1025,0.7055,0.0719,0.7014634146341464,0.9942784048676774,-0.0004137499999999905,0.9864787581699348,-0.006370873367824441
"Good, MedSal","HasCard, Retained",0.0618,0.5631,0.0346,0.5598705501618123,0.9942648733116893,-0.00019958000000000475,0.9926624999999999,-0.006110595720317462
"Fair, Middle, Prod=1",HasCard,0.0432,0.7055,0.0303,0.7013888888888888,0.9941727695094101,-0.00017760000000000345,0.9862325581395347,-0.00608873091100591
"HasCard, VeryGood",Retained,0.0859,0.7963,0.068,0.7916181606519208,0.9941205081651648,-0.00040216999999999337,0.9775324022346367,-0.006428448919509934
"Adult, Poor",HasCard,0.1068,0.7055,0.0749,0.7013108614232209,0.9940621706920211,-0.00044740000000001445,0.9859749216300936,-0.006643099550870855
"Fair, France, HasCard",Active,0.1164,0.5151,0.0596,0.5120274914089347,0.9940351221295567,-0.00035763999999999935,0.9937035211267605,-0.006745353657662538
"France, Good",Prod=1,0.1223,0.5084,0.0618,0.5053147996729354,0.9939315493173395,-0.00037732000000000043,0.993763305785124,-0.006908195985366321
VeryGood,"HasCard, Retained",0.1215,0.5631,0.068,0.5596707818930041,0.9939101081388814,-0.0004166500000000045,0.9922121495327102,-0.006926314092094368
"Inactive, Medium, Retained",HasCard,0.0522,0.7055,0.0366,0.7011494252873562,0.9938333455525956,-0.0002271000000000009,0.9854423076923073,-0.006504073422998498
"Prod=2, Retained, VeryGood",HasCard,0.0522,0.7055,0.0366,0.7011494252873562,0.9938333455525956,-0.0002271000000000009,0.9854423076923073,-0.006504073422998498
"France, Middle",HasCard,0.1067,0.7055,0.0748,0.7010309278350516,0.9936653831822134,-0.0004768500000000009,0.9850517241379312,-0.007085892127712798
"Poor, Retained",HasCard,0.1863,0.7055,0.1306,0.7010198604401503,0.9936496958754788,-0.0008346499999999923,0.9850152603231598,-0.007792902347972976
HighSal,HasCard,0.2555,0.7055,0.1791,0.7009784735812133,0.9935910327161068,-0.0011552499999999966,0.9848789267015707,-0.008589525871555242
"Good, HasCard, Inactive",Prod=1,0.0784,0.5084,0.0396,0.5051020408163266,0.9935130621878966,-0.000258559999999991,0.993336082474227,-0.0070348958696103995
"Poor, Spain","HasCard, Retained",0.0572,0.5631,0.032,0.5594405594405595,0.9935012598837852,-0.00020931999999999895,0.9916936507936508,-0.006890304197779215
"Medium, Prod=1, Retained",HasCard,0.0769,0.7055,0.0539,0.7009102730819247,0.9934943629793404,-0.0003529499999999977,0.9846543478260872,-0.007043779800606804
"High, LowSal, Retained",HasCard,0.0662,0.7055,0.0464,0.7009063444108762,0.9934887943456785,-0.0003041000000000016,0.9846414141414143,-0.006969588209867837
"Prod=1, Retained, VeryHigh",HasCard,0.0468,0.7055,0.0328,0.7008547008547009,0.9934155929903628,-0.00021739999999999954,0.9844714285714288,-0.006905454356026661
"Fair, France, High",HasCard,0.0478,0.7055,0.0335,0.700836820083682,0.9933902481696414,-0.0002228999999999981,0.9844125874125873,-0.006939255827854095
"Adult, High, Prod=1",HasCard,0.1096,0.7055,0.0768,0.7007299270072992,0.9932387342413879,-0.0005228000000000038,0.9840609756097558,-0.007587200561000102
"High, LowSal, Prod=1",HasCard,0.0628,0.7055,0.044,0.7006369426751593,0.9931069350462924,-0.00030539999999999734,0.9837553191489363,-0.0073515605817698
"Adult, Inactive, Prod=1",HasCard,0.1099,0.7055,0.077,0.7006369426751592,0.9931069350462922,-0.0005344500000000058,0.983755319148936,-0.007737561376039486
"Adult, Good, Inactive",HasCard,0.0521,0.7055,0.0365,0.7005758157389634,0.9930202916214932,-0.0002565500000000012,0.9835544871794868,-0.007360514590488029
"LowSal, Zero",Active,0.0915,0.5151,0.0468,0.5114754098360657,0.9929633271909641,-0.00033164999999999584,0.9925805369127518,-0.007739889310131072
"Adult, Germany",Retained,0.1022,0.7963,0.0808,0.7906066536203522,0.9928502494290496,-0.0005818600000000035,0.9728102803738315,-0.007957157763309271
"Fair, HighSal, Retained",HasCard,0.0674,0.7055,0.0472,0.7002967359050445,0.9926247142523663,-0.0003507000000000024,0.982638613861386,-0.007904092503350335
"Active, Retained, Spain",HasCard,0.1171,0.7055,0.082,0.7002561912894962,0.9925672449177835,-0.000614049999999991,0.9825056980056982,-0.008410278605459127
HasCard,Active,0.7055,0.5151,0.3607,0.5112686038270731,0.9925618400836208,-0.0027030499999999846,0.9921605278422275,-0.024814742052635886
Active,HasCard,0.5151,0.7055,0.3607,0.7002523781789944,0.9925618400836207,-0.0027030499999999846,0.9824931994818654,-0.015219320826582367
"Fair, VeryHighSal",HasCard,0.0814,0.7055,0.057,0.7002457002457003,0.9925523745509572,-0.00042769999999999614,0.98247131147541,-0.0081022355501923
"Spain, Zero",Active,0.1199,0.5151,0.0613,0.5112593828190158,0.9925439386896056,-0.0004604900000000009,0.9921418088737202,-0.008463237507677746
"Medium, Prod=1",Retained,0.0973,0.7963,0.0769,0.7903391572456321,0.9925143253116063,-0.0005799900000000024,0.9715691176470589,-0.008285853147578482
"Good, NoCard",Active,0.0712,0.5151,0.0364,0.5112359550561798,0.9924984567194327,-0.00027511999999999676,0.9920942528735632,-0.008071955178233088
VeryHighSal,HasCard,0.2455,0.7055,0.1719,0.70020366598778,0.9924927937459674,-0.0013002500000000028,0.9823335597826087,-0.009925663441191846
"HighSal, Retained",HasCard,0.2038,0.7055,0.1427,0.7001962708537781,0.9924823116283177,-0.0010809000000000235,0.9823093289689031,-0.00942382577509222
High,Active,0.383,0.5151,0.1958,0.5112271540469974,0.9924813706988883,-0.001483299999999993,0.9920763888888888,-0.012129176176018141
"Adult, France, VeryHighSal",HasCard,0.0547,0.7055,0.0383,0.70018281535649,0.9924632393430048,-0.0002908500000000022,0.9822652439024391,-0.007969401444109854
"France, Good, Inactive",HasCard,0.0567,0.7055,0.0397,0.7001763668430335,0.9924540989979214,-0.00030184999999999934,0.9822441176470589,-0.007995844333082725
"High, HighSal, Retained",HasCard,0.0737,0.7055,0.0516,0.7001356852103121,0.9923964354504778,-0.00039535000000000264,0.9821108597285069,-0.0082035705607707
"France, Middle, Retained",HasCard,0.0767,0.7055,0.0537,0.7001303780964797,0.9923889129645354,-0.00041185000000000527,0.9820934782608692,-0.008238143454311562
Youth,Active,0.1968,0.5151,0.1006,0.5111788617886178,0.9923876175278933,-0.0007716800000000107,0.9919783783783782,-0.009459923308521516
"Poor, Prod=1, Retained",HasCard,0.0887,0.7055,0.0621,0.7001127395715896,0.9923639115118208,-0.0004778500000000019,0.9820357142857141,-0.008373112260507295
"Prod=2, Retained, VeryHighSal",HasCard,0.106,0.7055,0.0742,0.7000000000000001,0.9922041105598867,-0.0005830000000000002,0.9816666666666668,-0.00871218121336924
"High, Inactive, MedSal",HasCard,0.049,0.7055,0.0343,0.7,0.9922041105598866,-0.00026950000000000585,0.9816666666666665,-0.008194278903456673
"Good, LowSal",HasCard,0.057,0.7055,0.0399,0.7,0.9922041105598866,-0.0003135000000000013,0.9816666666666665,-0.008263221153846187
"Prod=2, VeryHighSal",HasCard,0.115,0.7055,0.0805,0.7,0.9922041105598866,-0.0006325000000000081,0.9816666666666665,-0.008800000000000112
"HasCard, VeryGood",Active,0.0859,0.5151,0.0439,0.5110593713620489,0.992155642325857,-0.0003470900000000013,0.9917359523809525,-0.008575188111101698
"Adult, High, Retained",HasCard,0.1433,0.7055,0.1003,0.6999302163293789,0.9921051967815434,-0.0007981500000000114,0.9814383720930231,-0.009203211617021074
"HighSal, Zero",Active,0.0908,0.5151,0.0464,0.5110132158590308,0.9920660373889163,-0.00037108000000000974,0.9916423423423423,-0.008719402903710838
HighSal,"HasCard, Retained",0.2555,0.5631,0.1427,0.5585127201565557,0.9918535254067762,-0.0011720500000000078,0.9896094858156026,-0.010911702767469689
"High, Prod=1",HasCard,0.2537,0.7055,0.1775,0.6996452502956247,0.991701276110028,-0.0014853499999999964,0.980507217847769,-0.011088541106771273
"Active, Germany",HasCard,0.1248,0.7055,0.0873,0.6995192307692308,0.9915226516927439,-0.0007463999999999943,0.9800960000000002,-0.009674489211855687
"MedSal, NoCard",Prod=1,0.0738,0.5084,0.0372,0.5040650406504065,0.99147332936744,-0.0003199200000000013,0.9912590163934426,-0.009199828840393706
"Active, Retained, VeryHighSal",HasCard,0.1058,0.7055,0.074,0.6994328922495273,0.9914002725011017,-0.0006419000000000147,0.9798144654088047,-0.009607454870107248
"Poor, Prod=2",HasCard,0.1058,0.7055,0.074,0.6994328922495273,0.9914002725011017,-0.0006419000000000147,0.9798144654088047,-0.009607454870107248
"Active, Germany",Prod=1,0.1248,0.5084,0.0629,0.5040064102564102,0.991358006011822,-0.000548319999999991,0.9911418416801293,-0.009862154306598592
"Inactive, Medium, Prod=1",HasCard,0.0449,0.7055,0.0314,0.6993318485523384,0.9912570496843918,-0.00027695000000000497,0.9794851851851848,-0.009150202414569914
"France, Poor, Retained",HasCard,0.1011,0.7055,0.0707,0.6993076162215628,0.9912227019441003,-0.000626050000000003,0.9794062499999999,-0.009754857874034689
"Middle, Prod=1",HasCard,0.1247,0.7055,0.0872,0.6992782678428228,0.9911811025412087,-0.0007758500000000085,0.9793106666666666,-0.010062642984275097
"Active, HasCard, LowSal",Prod=1,0.0901,0.5084,0.0454,0.5038845726970034,0.9911183569964662,-0.00040683999999999165,0.9908984340044744,-0.009752542771050924
"High, VeryHighSal",Active,0.0956,0.5151,0.0488,0.5104602510460251,0.9909925277538829,-0.00044356000000000256,0.9905222222222222,-0.009950137151994257
"France, HasCard",Prod=1,0.3543,0.5084,0.1785,0.5038103302286198,0.9909723253906763,-0.0016261200000000087,0.9907501706484642,-0.01391230606662689
"Retained, Spain",HasCard,0.2064,0.7055,0.1443,0.6991279069767442,0.9909679758706509,-0.0013151999999999886,0.9788212560386473,-0.011354406670092227
"Active, Fair, LowSal",HasCard,0.0432,0.7055,0.0302,0.6990740740740741,0.9908916712602042,-0.00027760000000000284,0.9786461538461538,-0.009515661077929796
Churned,HasCard,0.2037,0.7055,0.1424,0.6990672557682868,0.9908820067587338,-0.001310349999999988,0.9786239804241438,-0.011423804353957102
"Adult, Prod=1, Retained",HasCard,0.1811,0.7055,0.1266,0.69906129210381,0.9908735536552941,-0.0011660500000000296,0.978604587155963,-0.011122314555519285
"Active, VeryGood",HasCard,0.0628,0.7055,0.0439,0.6990445859872613,0.9908498738302782,-0.00040539999999999327,0.978550264550265,-0.009757276319133536
"NoCard, Poor",Active,0.0727,0.5151,0.0371,0.5103163686382394,0.9907131986764499,-0.00034776999999999725,0.990231179775281,-0.01000759699113101
"Active, Middle",Prod=1,0.1094,0.5084,0.0551,0.5036563071297989,0.9906693688627045,-0.0005189599999999919,0.9904427255985269,-0.01046479786058024
"High, Retained",HasCard,0.2843,0.7055,0.1987,0.698909602532536,0.9906585436322267,-0.0018736500000000045,0.9781115654205604,-0.013003941332801819
"Active, High, Poor",HasCard,0.0455,0.7055,0.0318,0.698901098901099,0.9906464902921318,-0.00030024999999999497,0.9780839416058396,-0.009795014248034717
"High, Middle",HasCard,0.091,0.7055,0.0636,0.698901098901099,0.9906464902921318,-0.0006004999999999899,0.9780839416058396,-0.010280263434960255
"Poor, Retained, Youth",HasCard,0.0435,0.7055,0.0304,0.6988505747126438,0.9905748755671776,-0.00028924999999999784,0.9779198473282446,-0.009849541234419008
Good,Prod=1,0.2397,0.5084,0.1207,0.5035460992907802,0.9904525949857991,-0.0011634799999999945,0.9902228571428573,-0.012519733580654724
"France, Inactive",Retained,0.2423,0.7963,0.1911,0.7886917044985555,0.9904454407868335,-0.0018434900000000032,0.9639943359375001,-0.012571539162994885
"France, HighSal, Inactive",Retained,0.0601,0.7963,0.0474,0.7886855241264559,0.9904376794254124,-0.00045763000000000054,0.9639661417322832,-0.010167546900179064
"High, Inactive, VeryHighSal",HasCard,0.0468,0.7055,0.0327,0.6987179487179487,0.9903868869141724,-0.0003174000000000024,0.9774893617021275,-0.010080337815177368
"Fair, Medium",HasCard,0.0521,0.7055,0.0364,0.6986564299424185,0.9902996880828043,-0.00035654999999999715,0.9772898089171976,-0.010228022803140814
"HighSal, Prod=2, Zero",HasCard,0.0647,0.7055,0.0452,0.6986089644513138,0.9902324088608275,-0.00044584999999999764,0.9771358974358976,-0.01043621921654734
"Prod=1, VeryHighSal",HasCard,0.1221,0.7055,0.0853,0.6986076986076987,0.9902306146104871,-0.0008415499999999965,0.9771317934782611,-0.01111303030038917
"Active, France, LowSal",HasCard,0.0627,0.7055,0.0438,0.6985645933014353,0.990169515664685,-0.00043485000000000745,0.976992063492063,-0.010481194950226253
"France, Poor, Zero",Active,0.0598,0.5151,0.0305,0.5100334448160535,0.9901639386838545,-0.0003029800000000013,0.989659385665529,-0.010455128320153755
"France, Inactive, Prod=2",HasCard,0.1098,0.7055,0.0767,0.6985428051001822,0.9901386323177636,-0.0007638999999999979,0.9769214501510575,-0.011064241252890954
"Adult, Inactive, VeryHighSal",HasCard,0.0534,0.7055,0.0373,0.698501872659176,0.9900806132660184,-0.0003737000000000046,0.9767888198757761,-0.010473102874624446
"Middle, VeryHighSal",HasCard,0.0597,0.7055,0.0417,0.6984924623115578,0.9900672747151776,-0.00041835000000000483,0.9767583333333334,-0.01055670034414325
"France, Good, Inactive",Retained,0.0567,0.7963,0.0447,0.7883597883597883,0.9900286178070932,-0.00045021000000000644,0.9624824999999995,-0.010564411442538255
"Good, Inactive, Prod=2",HasCard,0.0514,0.7055,0.0359,0.6984435797665369,0.9899979869121713,-0.0003627000000000005,0.9765999999999998,-0.010538261997405981
"Good, Prod=1",HasCard,0.1207,0.7055,0.0843,0.6984258492129246,0.9899728550147762,-0.0008538500000000032,0.9765425824175824,-0.011387879567088572
"Churned, MedSal",HasCard,0.0504,0.7055,0.0352,0.6984126984126985,0.989954214617574,-0.00035720000000000196,0.9765000000000001,-0.010573327744743587
"Middle, Prod=2, Zero",HasCard,0.051,0.7055,0.0356,0.6980392156862746,0.9894248273370299,-0.0003804999999999989,0.9752922077922079,-0.011137161238581085
"Adult, Prod=2, Retained",Active,0.208,0.5151,0.106,0.5096153846153846,0.9893523288980481,-0.0011407999999999974,0.9888156862745098,-0.013406539683733494
"Inactive, MedSal",HasCard,0.1225,0.7055,0.0855,0.6979591836734694,0.9893113872054846,-0.0009237499999999871,0.9750337837837839,-0.01216260697827501
"MedSal, Poor, Retained",HasCard,0.049,0.7055,0.0342,0.6979591836734694,0.9893113872054846,-0.00036950000000000177,0.9750337837837839,-0.011233154069016307
"MedSal, Youth",HasCard,0.0437,0.7055,0.0305,0.6979405034324943,0.9892849091885106,-0.00033035000000000356,0.9749734848484847,-0.011199254174082669
"Germany, Good",HasCard,0.0566,0.7055,0.0395,0.6978798586572439,0.9891989491952429,-0.0004312999999999956,0.974777777777778,-0.011441653667801959
"Adult, Poor, Retained",HasCard,0.094,0.7055,0.0656,0.6978723404255319,0.989188292594659,-0.0007169999999999954,0.9747535211267605,-0.011920080597699697
"France, Good, HasCard",Prod=1,0.0863,0.5084,0.0434,0.5028968713789108,0.9891755927988019,-0.00047491999999999673,0.9889296037296039,-0.01183468520664341
"Inactive, Spain",HasCard,0.1165,0.7055,0.0813,0.6978540772532188,0.9891624057451719,-0.0008907500000000096,0.974694602272727,-0.01224915531365139
"France, High",Active,0.1476,0.5151,0.0752,0.5094850948509485,0.9890993881788944,-0.0008287599999999978,0.9885530386740331,-0.012764048986250229
"LowSal, Prod=1, Retained",HasCard,0.091,0.7055,0.0635,0.6978021978021979,0.9890888700243768,-0.0007004999999999928,0.9745272727272729,-0.011990346102495511
"Fair, LowSal, Prod=1",HasCard,0.045,0.7055,0.0314,0.6977777777777777,0.9890542562406488,-0.0003475000000000006,0.9744485294117645,-0.011455603355914902
"Adult, High, Inactive",HasCard,0.0847,0.7055,0.0591,0.6977567886658796,0.9890245055505027,-0.0006558499999999995,0.9743808593750002,-0.01197897793026055
"High, Retained, VeryHighSal",HasCard,0.0708,0.7055,0.0494,0.6977401129943502,0.9890008688793057,-0.0005494000000000054,0.9743271028037381,-0.011827293104175879
"Adult, Inactive, Retained",HasCard,0.1902,0.7055,0.1327,0.6976866456361724,0.9889250824042132,-0.0014860999999999902,0.9741547826086956,-0.01364063261841393
"Fair, VeryHighSal",Retained,0.0814,0.7963,0.0641,0.7874692874692876,0.9889103195645957,-0.000718819999999995,0.9584497109826594,-0.012060519708703183
"Good, Retained, Spain",HasCard,0.0516,0.7055,0.036,0.6976744186046511,0.9889077513885911,-0.00040380000000000277,0.9741153846153843,-0.01168869513868393
"Inactive, Retained, Spain",HasCard,0.0893,0.7055,0.0623,0.6976483762597984,0.9888708380720034,-0.0007011500000000045,0.9740314814814812,-0.012207126461756247
VeryHigh,HasCard,0.0969,0.7055,0.0676,0.6976264189886481,0.9888397150795862,-0.0007629500000000122,0.9739607508532422,-0.012342970702856303
"NoCard, Spain",Prod=1,0.0756,0.5084,0.038,0.5026455026455027,0.9886811617732154,-0.00043503999999999765,0.9884297872340427,-0.01223320015837016
"Fair, NoCard",Prod=1,0.0949,0.5084,0.0477,0.5026343519494204,0.9886592288540922,-0.0005471599999999979,0.988407627118644,-0.012514972977164179
"Inactive, Medium",HasCard,0.0714,0.7055,0.0498,0.6974789915966385,0.9886307464162133,-0.0005727000000000093,0.9734861111111106,-0.012232741197745117
"HighSal, Prod=1",HasCard,0.1305,0.7055,0.091,0.6973180076628352,0.9884025622435652,-0.0010677500000000062,0.9729683544303797,-0.013314877684564358
"HasCard, High",Active,0.2699,0.5151,0.1374,0.5090774360874398,0.9883079714374681,-0.0016254899999999795,0.9877321509433963,-0.01594536381403265
"Inactive, Retained, VeryGood",HasCard,0.0436,0.7055,0.0304,0.6972477064220184,0.9883029148433995,-0.0003598000000000004,0.9727424242424243,-0.012223809180834929
"Fair, VeryHighSal","HasCard, Retained",0.0814,0.5631,0.0453,0.5565110565110565,0.9882988039620964,-0.0005363400000000032,0.9851429362880885,-0.012724881206920679
"HasCard, VeryHigh",Retained,0.0676,0.7963,0.0532,0.7869822485207101,0.9882986921018587,-0.0006298799999999993,0.9562583333333334,-0.012539027693836538
"High, Poor",HasCard,0.0938,0.7055,0.0654,0.697228144989339,0.9882751877949526,-0.000775899999999996,0.9726795774647887,-0.012922754273802435
"France, HighSal, Prod=1",Retained,0.0643,0.7963,0.0506,0.7869362363919129,0.9882409096972409,-0.0006020899999999996,0.9560518248175182,-0.012557011677735128
"France, Prod=2, VeryHighSal",HasCard,0.0601,0.7055,0.0419,0.6971713810316139,0.9881947286061147,-0.0005005500000000024,0.9724972527472525,-0.012550661495458203
Fair,Prod=1,0.335,0.5084,0.1683,0.5023880597014925,0.9881747830477823,-0.002013999999999988,0.9879184163167366,-0.01767697823730499
"Good, Retained, Youth",HasCard,0.0449,0.7055,0.0313,0.6971046770601336,0.9881001800994097,-0.0003769500000000009,0.9722830882352939,-0.012452273716799746
"Fair, HasCard",Active,0.2401,0.5151,0.1222,0.5089546022490629,0.9880695054340184,-0.0014755099999999993,0.9874850720949957,-0.015641124334276165
"Adult, Spain",Active,0.1118,0.5151,0.0569,0.5089445438282648,0.9880499783115216,-0.0006881799999999966,0.987464845173042,-0.013433994263935423
"Fair, HasCard",Prod=1,0.2401,0.5084,0.1206,0.5022907122032486,0.9879833048844388,-0.001466839999999997,0.9877251882845188,-0.015753707572850287
"High, MedSal, Retained",HasCard,0.0736,0.7055,0.0513,0.6970108695652174,0.9879672141250424,-0.0006248000000000017,0.9719820627802691,-0.012976353461911698
"Fair, LowSal",Active,0.0849,0.5151,0.0432,0.5088339222614842,0.9878352208532016,-0.000531990000000003,0.9872424460431656,-0.013278401649747694
"Active, HighSal, Prod=2",HasCard,0.063,0.7055,0.0439,0.6968253968253968,0.9877043186752612,-0.0005464999999999984,0.9713874345549737,-0.013111552561371144
"Adult, HasCard, High",Active,0.1203,0.5151,0.0612,0.5087281795511222,0.9876299350633316,-0.0007665300000000083,0.9870299492385786,-0.014037938860713535
"Adult, Retained, VeryHighSal",Active,0.0922,0.5151,0.0469,0.5086767895878525,0.9875301680991118,-0.0005922200000000044,0.986926710816777,-0.013718945775624845
"Active, Poor, Retained",HasCard,0.0999,0.7055,0.0696,0.6966966966966966,0.9875218946799386,-0.0008794500000000038,0.9709752475247523,-0.013843848566289261
"France, Youth",Active,0.1038,0.5151,0.0528,0.5086705202312138,0.9875179969544047,-0.0006673800000000021,0.9869141176470587,-0.013907591972282387
"High, Prod=1, VeryHighSal",HasCard,0.0623,0.7055,0.0434,0.6966292134831461,0.9874262416486833,-0.0005526500000000018,0.9707592592592593,-0.013397955772321342
"Good, VeryHighSal",HasCard,0.0593,0.7055,0.0413,0.6964586846543003,0.9871845282130408,-0.0005361499999999991,0.9702138888888892,-0.013612338671634774
"Active, France, Middle",Retained,0.0514,0.7963,0.0404,0.7859922178988327,0.9870554036152615,-0.0005298200000000003,0.9518345454545454,-0.013636436170349677
"HasCard, LowSal, Prod=1",Active,0.0893,0.5151,0.0454,0.5083986562150056,0.9869902081440605,-0.000598429999999997,0.9863683371298405,-0.014267285043632887
"Adult, Germany","HasCard, Retained",0.1022,0.5631,0.0568,0.5557729941291586,0.9869880911546058,-0.0007488200000000042,0.9835061674008811,-0.014471668715863178
"Adult, Retained, VeryHighSal",HasCard,0.0922,0.7055,0.0642,0.6963123644251625,0.9869771288804572,-0.0008471000000000173,0.969746428571428,-0.014326579720626067
"Churned, Good",HasCard,0.0451,0.7055,0.0314,0.696230598669623,0.9868612312822438,-0.00041805000000000314,0.9694854014598537,-0.013750780789759694
Poor,HasCard,0.2393,0.7055,0.1666,0.6961972419557041,0.9868139503270079,-0.00222615000000001,0.9693789546079778,-0.0172624940513934
"Adult, HasCard, Prod=2",Active,0.1568,0.5151,0.0797,0.5082908163265306,0.9867808509542431,-0.0010676800000000014,0.9861520103761349,-0.01563891518941065
"HasCard, High, VeryHighSal",Active,0.0665,0.5151,0.0338,0.5082706766917292,0.9867417524591908,-0.0004541500000000073,0.9861116207951068,-0.014189327463683331
"Good, LowSal, Retained",HasCard,0.0464,0.7055,0.0323,0.6961206896551725,0.9867054424594932,-0.0004351999999999967,0.9691347517730499,-0.013932427725531068
VeryHighSal,"HasCard, Retained",0.2455,0.5631,0.1364,0.5556008146639511,0.9866823204829533,-0.0018410500000000107,0.9831251145737853,-0.017574842596786787
"Active, Adult, NoCard",Prod=1,0.0622,0.5084,0.0312,0.5016077170418006,0.986639884031866,-0.0004224799999999959,0.9863716129032258,-0.014233618940065574
"France, High, Prod=1",Active,0.1098,0.5151,0.0558,0.5081967213114754,0.9865981776576886,-0.0007579799999999984,0.9859633333333333,-0.01502999932184754
"Adult, France, NoCard",Prod=1,0.0666,0.5084,0.0334,0.5015015015015014,0.9864309628275009,-0.00045943999999999846,0.9861614457831325,-0.014523154733681
"France, Inactive, MedSal",Retained,0.0606,0.7963,0.0476,0.7854785478547855,0.9864103326067883,-0.0006557799999999947,0.9495553846153849,-0.014453655863783135
"Middle, Retained",HasCard,0.1532,0.7055,0.1066,0.695822454308094,0.9862827134062282,-0.0014826000000000006,0.9681845493562231,-0.01615886741009519
"France, Inactive, NoCard",Prod=1,0.0706,0.5084,0.0354,0.5014164305949009,0.9862636321693568,-0.0004930399999999932,0.9859931818181821,-0.014764417346932464
"MedSal, Spain",Active,0.0624,0.5151,0.0317,0.5080128205128205,0.9862411580524568,-0.0004422399999999965,0.9855947882736156,-0.01466110775171583
VeryHighSal,Retained,0.2455,0.7963,0.1928,0.7853360488798371,0.9862313812380222,-0.00269164999999999,0.9489250474383303,-0.018167276089747955
France,Prod=1,0.5014,0.5084,0.2514,0.5013960909453531,0.9862236249908598,-0.003511759999999975,0.9859529600000002,-0.02725256441496864
"Active, France, Poor",HasCard,0.0608,0.7055,0.0423,0.6957236842105263,0.9861427132679325,-0.0005944000000000019,0.9678702702702703,-0.01474112754745735
"High, Inactive, Poor",HasCard,0.0483,0.7055,0.0336,0.6956521739130433,0.9860413521092039,-0.000475650000000008,0.9676428571428567,-0.014656684159780749
"High, VeryHighSal",HasCard,0.0956,0.7055,0.0665,0.6956066945606695,0.9859768881086739,-0.0009457999999999966,0.9674982817869416,-0.015482481125712846
"Churned, Germany, Prod=1",HasCard,0.0578,0.7055,0.0402,0.6955017301038062,0.9858281078721562,-0.0005778999999999992,0.9671647727272726,-0.015028212680285223
"Active, Adult, Poor",HasCard,0.0522,0.7055,0.0363,0.6954022988505747,0.9856871705890499,-0.0005271000000000026,0.9668490566037735,-0.015089212715817896
"Spain, VeryHighSal","HasCard, Retained",0.0591,0.5631,0.0328,0.5549915397631134,0.9856003192383473,-0.00047921000000000075,0.9817790874524716,-0.015290326677138687
"Inactive, MedSal, Retained",HasCard,0.0896,0.7055,0.0623,0.6953125,0.9855598866052445,-0.0009127999999999983,0.9665641025641025,-0.015838774875621863
"Good, Youth",HasCard,0.0489,0.7055,0.034,0.6952965235173825,0.9855372409884939,-0.000498949999999998,0.966513422818792,-0.015195050607025385
"Prod=1, VeryHigh",HasCard,0.062,0.7055,0.0431,0.6951612903225807,0.985345556800256,-0.0006410000000000027,0.9660846560846561,-0.015607955430886774
"Adult, Germany, HasCard",Active,0.0733,0.5151,0.0372,0.5075034106412005,0.9852522047004475,-0.0005568300000000082,0.9845753462603878,-0.01589577183260005
"Active, High, LowSal",Retained,0.0478,0.7963,0.0375,0.7845188284518828,0.9852051091948798,-0.0005631400000000036,0.9453262135922328,-0.015526056336475
"Good, High, Prod=1",HasCard,0.0587,0.7055,0.0408,0.6950596252129472,0.9852014531721434,-0.0006128499999999981,0.9657625698324022,-0.015706897528287612
"France, HighSal, Prod=2",HasCard,0.0587,0.7055,0.0408,0.6950596252129472,0.9852014531721434,-0.0006128499999999981,0.9657625698324022,-0.015706897528287612
"Good, Prod=1, Retained",HasCard,0.0905,0.7055,0.0629,0.6950276243093922,0.9851560939892164,-0.0009477499999999972,0.9656612318840578,-0.016296880937764865
"VeryHighSal, Zero",Active,0.0873,0.5151,0.0443,0.5074455899198167,0.9851399532514399,-0.0006682300000000058,0.9844597674418604,-0.016258305183057226
"France, VeryGood",Prod=1,0.0605,0.5084,0.0303,0.5008264462809917,0.9851031594826746,-0.0004581999999999954,0.9848278145695365,-0.015840940637958982
"Inactive, Middle, Prod=2",HasCard,0.0459,0.7055,0.0319,0.6949891067538125,0.9851014978792524,-0.0004824500000000023,0.9655392857142854,-0.015604057669518133
"Fair, HighSal","HasCard, Retained",0.0851,0.5631,0.0472,0.554641598119859,0.9849788636474143,-0.0007198100000000013,0.9810076517150396,-0.01639542911444277
"Good, Inactive, Retained",HasCard,0.0839,0.7055,0.0583,0.6948748510131108,0.9849395478569961,-0.000891450000000002,0.9651777343749997,-0.016417102884563006
"Active, NoCard, Prod=1",Retained,0.0788,0.7963,0.0618,0.784263959390863,0.9848850425604208,-0.0009484400000000018,0.9442094117647062,-0.016386712878335027
Middle,HasCard,0.232,0.7055,0.1612,0.6948275862068966,0.9848725530926953,-0.002476000000000006,0.9650282485875705,-0.01960759469612984
Spain,HasCard,0.2477,0.7055,0.1721,0.6947920872022608,0.9848222355808091,-0.0026523499999999978,0.9649160052910053,-0.020074827142368187
"High, Inactive, Retained",HasCard,0.1245,0.7055,0.0865,0.6947791164658634,0.9848038504122798,-0.0013347500000000095,0.9648749999999999,-0.017319682607652057
"Middle, Retained, Zero",HasCard,0.0593,0.7055,0.0412,0.6947723440134908,0.9847942509050187,-0.000636150000000002,0.9648535911602211,-0.016148812263298673
"France, HighSal, Zero",HasCard,0.0606,0.7055,0.0421,0.6947194719471946,0.9847193082171434,-0.0006533000000000025,0.9646864864864861,-0.016250419132959482
"Fair, MedSal",Active,0.0836,0.5151,0.0424,0.5071770334928231,0.9846185856975792,-0.0006623599999999938,0.983923300970874,-0.016761088443361456
"HasCard, Poor",Retained,0.1666,0.7963,0.1306,0.7839135654261704,0.9844450149769816,-0.0020635800000000093,0.9426783333333331,-0.01860663147638514
"Adult, VeryHighSal",Prod=1,0.1053,0.5084,0.0527,0.500474833808167,0.9844115535172444,-0.0008345199999999983,0.9841346007604561,-0.01739119199436656
"MedSal, Poor","HasCard, Retained",0.0617,0.5631,0.0342,0.5542949756888169,0.9843633025906888,-0.0005432699999999985,0.9802447272727273,-0.016647805466407862
"HasCard, Spain, Zero",Active,0.0852,0.5151,0.0432,0.5070422535211268,0.9843569278220282,-0.000686519999999996,0.9836542857142857,-0.01707511438625385
"France, Inactive","HasCard, Retained",0.2423,0.5631,0.1343,0.5542715641766406,0.984321726472457,-0.002139129999999989,0.9801932407407408,-0.020588702946267315
"Active, Good",Prod=1,0.1265,0.5084,0.0633,0.500395256916996,0.9842550293410623,-0.0010126000000000024,0.9839778481012659,-0.017984145322408385
"France, HasCard, LowSal",Active,0.0864,0.5151,0.0438,0.5069444444444444,0.9841670441553959,-0.0007046400000000064,0.9834591549295774,-0.017304382676757116
"Good, HasCard",Prod=1,0.1685,0.5084,0.0843,0.5002967359050445,0.9840612429288839,-0.0013654000000000027,0.9837838479809977,-0.01910696556226245
"Inactive, Poor, Zero",HasCard,0.0435,0.7055,0.0302,0.6942528735632185,0.9840579355963409,-0.0004892499999999966,0.963214285714286,-0.016655007310501308
"France, HasCard, Youth",Active,0.0732,0.5151,0.0371,0.5068306010928961,0.9839460320188238,-0.0006053199999999995,0.9832321329639888,-0.017299997713606317
"Adult, Germany, High",Active,0.0665,0.5151,0.0337,0.5067669172932331,0.9838223981619746,-0.0005541500000000033,0.9831051829268292,-0.01731010117733063
"Medium, Prod=1","HasCard, Retained",0.0973,0.5631,0.0539,0.5539568345323741,0.9837628032896005,-0.0008896300000000024,0.9795016129032257,-0.017955941609634568
VeryHighSal,Active,0.2455,0.5151,0.1244,0.5067209775967413,0.983733212185481,-0.002057049999999991,0.9830136251032203,-0.021446179685842382
"Medium, NoCard",Retained,0.048,0.7963,0.0376,0.7833333333333333,0.9837163548076521,-0.0006224000000000021,0.9401538461538461,-0.017090637493959022
"Churned, Middle, Prod=1",HasCard,0.0549,0.7055,0.0381,0.6939890710382515,0.9836840128111289,-0.0006319499999999992,0.9623839285714288,-0.017247421279215792
"HighSal, Spain",HasCard,0.0647,0.7055,0.0449,0.6939721792890263,0.9836600698639636,-0.0007458499999999924,0.9623308080808082,-0.017450530897628835
"Active, HighSal, Zero",HasCard,0.0464,0.7055,0.0322,0.6939655172413793,0.9836506268481635,-0.0005351999999999996,0.9623098591549296,-0.01713126802112087
"France, LowSal, Zero",Active,0.0606,0.5151,0.0307,0.5066006600660066,0.9834996312677278,-0.0005150599999999977,0.9827739130434782,-0.017546118773727006
"High, Prod=1, Retained",HasCard,0.1839,0.7055,0.1276,0.6938553561718325,0.9834944807538376,-0.002141450000000017,0.961963587921847,-0.020149928756130076
"NoCard, VeryHighSal",Prod=1,0.0736,0.5084,0.0368,0.5,0.983477576711251,-0.0006182399999999991,0.9832000000000001,-0.01781170483460557
"Adult, NoCard",Prod=1,0.1282,0.5084,0.0641,0.5,0.983477576711251,-0.0010768799999999884,0.9832000000000001,-0.01890614449696131
"France, Poor",HasCard,0.1231,0.7055,0.0854,0.69374492282697,0.9833379487271013,-0.0014470500000000053,0.9616167108753316,-0.018956744352572327
"France, HighSal, Prod=1",HasCard,0.0643,0.7055,0.0446,0.6936236391912909,0.9831660371244378,-0.0007636499999999977,0.9612360406091371,-0.017969981553501498
"Adult, Inactive, MedSal",HasCard,0.0607,0.7055,0.0421,0.6935749588138386,0.9830970358807066,-0.0007238499999999981,0.9610833333333334,-0.01797564242713509
"Active, High, Prod=1",HasCard,0.1275,0.7055,0.0884,0.6933333333333334,0.9827545476021734,-0.001551250000000004,0.9603260869565218,-0.019715875330848644
"Fair, France, Prod=1",Retained,0.08,0.7963,0.0626,0.7825,0.9826698480472184,-0.0011039999999999939,0.9365517241379309,-0.018808777429466978
"France, HighSal",HasCard,0.1268,0.7055,0.0879,0.693217665615142,0.9825905961943897,-0.0015573999999999866,0.9599640102827763,-0.019887199457347696
"Active, Prod=2, Youth",HasCard,0.0515,0.7055,0.0357,0.6932038834951457,0.9825710609428004,-0.0006332499999999949,0.9599208860759496,-0.01835789266177108
"Active, HighSal, Retained",HasCard,0.1131,0.7055,0.0784,0.6931918656056586,0.9825540263723013,-0.0013920500000000058,0.9598832853025933,-0.01962706808218999
"France, High",HasCard,0.1476,0.7055,0.1023,0.693089430894309,0.9824088318842082,-0.0018318000000000084,0.9595629139072848,-0.020574550904660337
"France, HasCard, Inactive",Retained,0.1717,0.7963,0.1343,0.7821782178217822,0.982265751377348,-0.0024247099999999966,0.935168181818182,-0.021331997248063145
"HasCard, LowSal, Zero",Active,0.0672,0.5151,0.034,0.505952380952381,0.9822410812509824,-0.0006147199999999922,0.9814843373493978,-0.0190139660104322
"Churned, Middle",HasCard,0.0788,0.7055,0.0546,0.6928934010152284,0.9821309723816136,-0.0009933999999999985,0.9589504132231406,-0.019367950506639354
"France, Prod=2, VeryHighSal",Active,0.0601,0.5151,0.0304,0.5058236272878536,0.9819911226710417,-0.0005575100000000006,0.9812286195286195,-0.019138379847630355
"France, NoCard, Prod=1",Retained,0.0729,0.7963,0.057,0.7818930041152263,0.9819075776908531,-0.001050270000000006,0.9339452830188678,-0.01948734733501115
"Medium, Prod=1",HasCard,0.0973,0.7055,0.0674,0.6927029804727647,0.9818610637459456,-0.0012451500000000004,0.9583561872909699,-0.020054880939093182
"HasCard, Youth",Active,0.14,0.5151,0.0708,0.5057142857142857,0.9817788501539229,-0.0013140000000000096,0.9810115606936415,-0.021124722677727557
"Active, High, VeryHighSal",HasCard,0.0488,0.7055,0.0338,0.6926229508196721,0.9817476269591383,-0.0006284000000000081,0.9581066666666664,-0.019170833973988437
"Poor, Prod=2",Active,0.1058,0.5151,0.0535,0.5056710775047258,0.9816949670058742,-0.0009975800000000049,0.9809258126195027,-0.020426608525290612
"Good, Inactive",HasCard,0.1132,0.7055,0.0784,0.6925795053003534,0.9816860457836334,-0.0014625999999999945,0.9579712643678161,-0.020603563545920262
"Adult, France, Poor",HasCard,0.0579,0.7055,0.0401,0.692573402417962,0.9816773953479262,-0.0007484500000000047,0.957952247191011,-0.019426807306940304
"Good, MedSal",HasCard,0.0618,0.7055,0.0428,0.6925566343042071,0.9816536276459349,-0.0007999000000000062,0.9578999999999999,-0.019531259537940212
"Active, Prod=1",HasCard,0.2563,0.7055,0.1775,0.6925477955520875,0.9816410992942416,-0.0033196499999999796,0.9578724619289342,-0.024530690242258568
"High, VeryGood",HasCard,0.0478,0.7055,0.0331,0.6924686192468619,0.9815288720720934,-0.0006229000000000026,0.9576258503401358,-0.019380399692352956
"Adult, Medium, Retained",HasCard,0.0582,0.7055,0.0403,0.6924398625429553,0.9814881113294901,-0.0007600999999999997,0.9575363128491619,-0.019633399664829625
"Fair, HasCard, HighSal",Retained,0.0604,0.7963,0.0472,0.7814569536423841,0.9813599819695895,-0.0008965200000000048,0.9320818181818181,-0.019814505883881953
"Adult, Fair, Retained",Active,0.1288,0.5151,0.0651,0.5054347826086957,0.9812362310399838,-0.0012448799999999899,0.9804571428571429,-0.021478260869565044
"Prod=1, Spain",Retained,0.1221,0.7963,0.0954,0.7813267813267813,0.98119651051963,-0.0018282300000000001,0.9315269662921349,-0.02136284587418844
"Adult, France, High",HasCard,0.0718,0.7055,0.0497,0.692200557103064,0.9811489115564338,-0.0009549000000000016,0.9567918552036198,-0.020279723844062143
"Adult, Inactive, Spain",HasCard,0.0549,0.7055,0.038,0.6921675774134791,0.981102165008475,-0.000731950000000002,0.9566893491124262,-0.01997366679628612
"Adult, Poor, Prod=1",HasCard,0.0549,0.7055,0.038,0.6921675774134791,0.981102165008475,-0.000731950000000002,0.9566893491124262,-0.01997366679628612
"Adult, Medium",Active,0.0655,0.5151,0.0331,0.5053435114503816,0.9810590398959068,-0.0006390500000000021,0.980276234567901,-0.020241677488834757
"HasCard, Prod=1, Spain",Retained,0.0841,0.7963,0.0657,0.7812128418549346,0.9810534244065485,-0.0012688299999999986,0.9310418478260868,-0.020650367020346814
"Middle, Zero",HasCard,0.0786,0.7055,0.0544,0.6921119592875318,0.9810233299610656,-0.001052300000000006,0.9565165289256197,-0.02056218816229192
"Active, LowSal, Prod=1",HasCard,0.0656,0.7055,0.0454,0.6920731707317073,0.9809683497260202,-0.000880800000000001,0.9563960396039601,-0.020340598800625203
"Active, Spain",HasCard,0.1312,0.7055,0.0908,0.6920731707317073,0.9809683497260202,-0.001761600000000002,0.9563960396039601,-0.02184289778476118
"Poor, Zero",Active,0.0879,0.5151,0.0444,0.5051194539249146,0.9806240612015427,-0.0008772900000000028,0.9798324137931034,-0.021203624548726055
"France, Inactive, Poor",HasCard,0.0623,0.7055,0.0431,0.6918138041733547,0.9806007146326785,-0.0008526500000000034,0.9555911458333332,-0.02066152751607083
"Poor, Zero",HasCard,0.0879,0.7055,0.0608,0.6916951080773606,0.9804324706978887,-0.0012134500000000048,0.9552232472324721,-0.02141289269837043
Medium,"HasCard, Retained",0.1509,0.5631,0.0833,0.5520212060967528,0.9803253526846967,-0.0016717900000000063,0.9752693786982246,-0.023090441649118852
"HasCard, VeryHighSal, Zero",Active,0.0622,0.5151,0.0314,0.5048231511254019,0.9800488276556045,-0.0006392200000000028,0.9792461038961038,-0.021246328043411446
"Active, France, VeryHighSal",HasCard,0.0606,0.7055,0.0419,0.6914191419141914,0.980041306752929,-0.0008533000000000013,0.9543689839572191,-0.021218894041302897
"HasCard, HighSal, Zero",Active,0.0638,0.5151,0.0322,0.5047021943573669,0.979814005741345,-0.0006633799999999981,0.9790069620253166,-0.021532005886587702
"Germany, HighSal",Active,0.064,0.5151,0.0323,0.5046875000000001,0.9797854785478549,-0.0006663999999999975,0.9789779179810727,-0.021566901408450623
"Poor, Prod=1",HasCard,0.1263,0.7055,0.0873,0.6912114014251782,0.9797468482284596,-0.001804649999999991,0.9537269230769233,-0.023113229658398224
"Prod=2, VeryGood",HasCard,0.056,0.7055,0.0387,0.6910714285714286,0.9795484458843778,-0.0008080000000000032,0.9532947976878612,-0.02163852943696983
"High, Poor, Retained",HasCard,0.067,0.7055,0.0463,0.691044776119403,0.9795106677808688,-0.0009685000000000041,0.9532125603864733,-0.02192843428488634
"High, Middle, Prod=1",HasCard,0.0602,0.7055,0.0416,0.6910299003322259,0.9794895823277475,-0.0008710999999999997,0.9531666666666665,-0.021795601246835487
"HasCard, MedSal, Prod=1",Active,0.0922,0.5151,0.0465,0.5043383947939262,0.9791077359618058,-0.000992220000000002,0.9782884026258204,-0.02296544004710579
"Adult, Good",Active,0.1051,0.5151,0.053,0.5042816365366317,0.9789975471493529,-0.0011370100000000008,0.9781763915547024,-0.023411303751067362
"HasCard, HighSal",Active,0.1791,0.5151,0.0903,0.5041876046901173,0.9788149964863468,-0.0019544100000000036,0.9779908783783784,-0.02568831287637186
"Active, VeryHighSal",HasCard,0.1244,0.7055,0.0859,0.6905144694533762,0.9787589928467416,-0.0018641999999999964,0.9515792207792209,-0.024185814310238484
Prod=1,Active,0.5084,0.5151,0.2563,0.5041306058221873,0.9787043405594783,-0.005576840000000027,0.9778784609282031,-0.042385603469137556
"Middle, Prod=2, Retained",HasCard,0.0827,0.7055,0.0571,0.6904474002418379,0.9786639266361983,-0.0012448499999999987,0.9513730468749998,-0.02321499037347628
"Adult, Germany",Active,0.1022,0.5151,0.0515,0.5039138943248532,0.9782836232282144,-0.0011432200000000003,0.9774512820512821,-0.024128787047339895
"Good, Inactive, Prod=1",HasCard,0.0574,0.7055,0.0396,0.6898954703832754,0.977881602244189,-0.0008956999999999993,0.9496797752808992,-0.02343374322980136
"Fair, VeryHighSal",Active,0.0814,0.5151,0.041,0.5036855036855037,0.977840232353919,-0.0009291400000000019,0.9770014851485148,-0.02407613649967589
"HasCard, High, MedSal",Active,0.0691,0.5151,0.0348,0.5036179450072359,0.9777090759216382,-0.0007934100000000013,0.9768685131195335,-0.02390600664743729
Poor,Retained,0.2393,0.7963,0.1863,0.7785206853322189,0.9776725924051474,-0.00425459000000003,0.9197247169811316,-0.029146417488165828
"Fair, High",Active,0.1275,0.5151,0.0642,0.5035294117647058,0.9775372000867905,-0.0014752500000000113,0.9766943127962083,-0.025661096108436914
"Prod=2, Retained, Youth",Active,0.0997,0.5151,0.0502,0.5035105315947844,0.9775005466798378,-0.0011554699999999987,0.9766571717171718,-0.024928949032513737
"Fair, Germany",Active,0.0856,0.5151,0.0431,0.5035046728971962,0.9774891727765409,-0.0009925599999999965,0.9766456470588235,-0.02456637098051631
"France, HasCard, High",Active,0.1023,0.5151,0.0515,0.5034213098729228,0.9773273342514517,-0.001194730000000005,0.9764816929133858,-0.02519130743545572
"Active, Prod=1, Spain",HasCard,0.0673,0.7055,0.0464,0.6894502228826151,0.977250493100801,-0.001080150000000002,0.9483181818181817,-0.0243510500946516
"HasCard, Poor, Zero",Active,0.0608,0.5151,0.0306,0.5032894736842105,0.9770713913496613,-0.0007180799999999994,0.9762225165562913,-0.02437673130193904
"Prod=1, VeryGood",Active,0.0616,0.5151,0.031,0.5032467532467533,0.9769884551480359,-0.0007301600000000005,0.9761385620915033,-0.02448512033308565
"Germany, LowSal",Active,0.0616,0.5151,0.031,0.5032467532467533,0.9769884551480359,-0.0007301600000000005,0.9761385620915033,-0.02448512033308565
"Active, Prod=2, VeryHighSal",HasCard,0.0605,0.7055,0.0417,0.6892561983471075,0.9769754760412579,-0.0009827499999999975,0.9477260638297874,-0.02447092746744881
"Good, MedSal, Retained",HasCard,0.0502,0.7055,0.0346,0.6892430278884462,0.9769568077795127,-0.0008161000000000002,0.9476858974358973,-0.024231587586158572
"Active, Poor, Zero",HasCard,0.0444,0.7055,0.0306,0.6891891891891891,0.9768804949527841,-0.0007242000000000047,0.9475217391304346,-0.024167744570767397
"France, Medium, Retained",HasCard,0.0537,0.7055,0.037,0.6890130353817505,0.9766308084787392,-0.00088535,0.9469850299401199,-0.02466262470942339
"Medium, Retained",HasCard,0.1209,0.7055,0.0833,0.6889991728701407,0.9766111592773078,-0.0019949499999999953,0.9469428191489363,-0.026520133606331323
"France, MedSal, Prod=1",Active,0.0662,0.5151,0.0333,0.5030211480362539,0.9765504718234398,-0.000799619999999994,0.9756954407294834,-0.0250702614440559
"France, Prod=2, Youth",HasCard,0.0556,0.7055,0.0383,0.6888489208633094,0.9763981869075966,-0.0009257999999999975,0.946485549132948,-0.024956653382330038
"Prod=1, Spain",HasCard,0.1221,0.7055,0.0841,0.6887796887796888,0.9763000549676666,-0.002041550000000003,0.9462749999999999,-0.02690748506648092
"Active, France, Middle",HasCard,0.0514,0.7055,0.0354,0.688715953307393,0.9762097141139517,-0.000862700000000001,0.94608125,-0.025047077589325506
"Prod=1, Retained, Spain",HasCard,0.0954,0.7055,0.0657,0.6886792452830188,0.9761576828958453,-0.0016047000000000006,0.9459696969696968,-0.026290645071867985
"France, HighSal, Retained",HasCard,0.1063,0.7055,0.0732,0.6886171213546566,0.9760696263000093,-0.0017946500000000087,0.9457809667673714,-0.026700741175618298
"High, HighSal, Prod=1",HasCard,0.0639,0.7055,0.044,0.6885758998435054,0.9760111975102841,-0.0010814500000000046,0.9456557788944722,-0.025584429563861824
"Adult, Medium",HasCard,0.0655,0.7055,0.0451,0.6885496183206107,0.9759739451745013,-0.0011102500000000001,0.9455759803921567,-0.025666840822818466
"Adult, HasCard",Active,0.3169,0.5151,0.1593,0.5026822341432629,0.9758925143530632,-0.003935190000000005,0.9750305203045685,-0.034900972053786276
"Adult, France, Retained",Active,0.2091,0.5151,0.1051,0.5026303204208512,0.9757917305782395,-0.0026074100000000044,0.9749287499999999,-0.030413852632070127
"Middle, Prod=2",HasCard,0.095,0.7055,0.0654,0.6884210526315789,0.9757917117385952,-0.001622499999999999,0.9451858108108108,-0.026681686249681362
Exceptional,HasCard,0.0645,0.7055,0.0444,0.6883720930232559,0.9757223147034101,-0.0011047500000000016,0.9450373134328359,-0.025908193884048115
"Inactive, Poor, Prod=2",HasCard,0.0523,0.7055,0.036,0.6883365200764818,0.9756718923833902,-0.0008976499999999998,0.9449294478527607,-0.025636265755815027
"High, Prod=1",Active,0.2537,0.5151,0.1275,0.5025620811982657,0.9756592529572233,-0.0031808700000000023,0.9747950079239304,-0.03234757172790078
"Prod=2, Youth",Active,0.1025,0.5151,0.0515,0.5024390243902439,0.9754203540870586,-0.0012977500000000003,0.9745539215686274,-0.027310128580146895
"Adult, MedSal, Retained",Active,0.1033,0.5151,0.0519,0.5024201355275896,0.9753836838042896,-0.001309829999999998,0.9745169260700389,-0.027374491520747918
"Prod=1, Senior",HasCard,0.05,0.7055,0.0344,0.688,0.9751948972360027,-0.0008750000000000008,0.9439102564102562,-0.026076590672031014
"Inactive, Prod=1, Spain",HasCard,0.0548,0.7055,0.0377,0.687956204379562,0.9751328198151126,-0.0009614000000000011,0.9437777777777775,-0.026271032675109274
VeryHigh,"HasCard, Retained",0.0969,0.5631,0.0532,0.5490196078431372,0.9749948638663419,-0.001364390000000007,0.968778260869565,-0.027614026587297148
"France, Prod=1","HasCard, Retained",0.2514,0.5631,0.138,0.5489260143198091,0.9748286526723656,-0.003563339999999998,0.9685772486772487,-0.03334270919828492
"Adult, VeryGood",HasCard,0.0554,0.7055,0.0381,0.6877256317689532,0.9748059982550719,-0.000984699999999998,0.9430809248554917,-0.02663225686401992
"HighSal, Prod=1, Retained",HasCard,0.0954,0.7055,0.0656,0.6876310272536689,0.9746719025565823,-0.0017046999999999896,0.9427953020134231,-0.027924633140070522
"Adult, VeryHighSal",HasCard,0.1053,0.7055,0.0724,0.6875593542260209,0.974570310738513,-0.0018891499999999922,0.942579027355623,-0.028337775665738484
"France, Prod=1",Retained,0.2514,0.7963,0.195,0.7756563245823389,0.9740755049382631,-0.005189820000000012,0.907981914893617,-0.034331740258874345
"Fair, HasCard, LowSal",Active,0.0602,0.5151,0.0302,0.5016611295681064,0.9739101719435185,-0.0008090199999999971,0.9730326666666668,-0.027714725576188162
"Active, Medium, Prod=1",HasCard,0.0524,0.7055,0.036,0.6870229007633587,0.9738099231231165,-0.0009682000000000024,0.940963414634146,-0.027598355842630717
"France, Prod=1",Active,0.2514,0.5151,0.1261,0.5015910898965791,0.973774198983846,-0.0033961400000000197,0.9728959297685553,-0.034727275330130904
"Fair, Prod=1",Active,0.1683,0.5151,0.0844,0.5014854426619133,0.9735690985476865,-0.002291329999999994,0.9726897497020264,-0.031610302619193675
"Adult, Prod=2",Active,0.2182,0.5151,0.1094,0.5013748854262144,0.9733544659798378,-0.002994820000000009,0.9724740808823529,-0.03383069897408321
"Inactive, MedSal, Prod=2",HasCard,0.0533,0.7055,0.0366,0.6866791744840526,0.9733227136556379,-0.0010031500000000013,0.939931137724551,-0.028136979392954835
"France, High, Retained",HasCard,0.1238,0.7055,0.085,0.6865912762520194,0.9731981236740176,-0.002340899999999993,0.939667525773196,-0.030473366233651177
"France, MedSal, Prod=1",Retained,0.0662,0.7963,0.0513,0.7749244712990937,0.9731564376479891,-0.0014150599999999958,0.9050295302013425,-0.02869198483343125
"Adult, Germany, HasCard",Retained,0.0733,0.7963,0.0568,0.7748976807639836,0.973122793876659,-0.0015687900000000005,0.9049218181818179,-0.02894160816229395
"Adult, Retained, VeryGood",HasCard,0.0488,0.7055,0.0335,0.6864754098360656,0.9730338906251815,-0.0009284000000000028,0.9393202614379085,-0.028310402029664405
"Active, Prod=1, VeryHighSal",HasCard,0.0606,0.7055,0.0416,0.6864686468646864,0.9730243045566073,-0.001153300000000003,0.9392999999999999,-0.02866599357631206
"Adult, Poor, Retained",Active,0.094,0.5151,0.0471,0.5010638297872341,0.9727505917049778,-0.0013193999999999984,0.9718678038379531,-0.02999181669394432
"Active, Poor",HasCard,0.1182,0.7055,0.0811,0.6861252115059222,0.9725375074499252,-0.0022900999999999894,0.9382722371967656,-0.031029449862392283
"High, Middle, Retained",HasCard,0.0532,0.7055,0.0365,0.6860902255639098,0.972487917170673,-0.0010326000000000016,0.9381676646706586,-0.029013115749013836
"Adult, High",Active,0.1697,0.5151,0.085,0.5008839127872717,0.9724013061294345,-0.002412469999999986,0.9715174734356554,-0.033052981196764156
"Poor, Prod=2, Zero",Active,0.0613,0.5151,0.0307,0.500815660685155,0.972268803504475,-0.0008756299999999988,0.971384640522876,-0.029488726909258887
"Prod=2, Youth, Zero",Active,0.0621,0.5151,0.0311,0.500805152979066,0.97224840415272,-0.0008877100000000034,0.9713641935483871,-0.0295348078944918
"Fair, Inactive, Spain",Retained,0.0403,0.7963,0.0312,0.7741935483870966,0.9722385387254762,-0.0008908900000000053,0.9020999999999995,-0.028893545435764417
"Fair, HasCard, MedSal",Active,0.0625,0.5151,0.0313,0.5008,0.9722384003106194,-0.0008937499999999987,0.9713541666666667,-0.02955766845804047
"MedSal, Prod=1",Active,0.1294,0.5151,0.0648,0.500772797527048,0.9721855902291748,-0.0018539399999999984,0.971301238390093,-0.031817016373422324
"Fair, Prod=1, Spain",Retained,0.0425,0.7963,0.0329,0.7741176470588235,0.9721432212216796,-0.0009427500000000061,0.9017968749999997,-0.02905731325802543
"Retained, Youth, Zero",Active,0.0739,0.5151,0.037,0.5006765899864682,0.9719988157376592,-0.00106589,0.9711140921409215,-0.03016818660015018
"MedSal, Poor",HasCard,0.0617,0.7055,0.0423,0.6855753646677472,0.9717581356027599,-0.001229350000000004,0.936631443298969,-0.030043177521491105
VeryHigh,Active,0.0969,0.5151,0.0485,0.500515995872033,0.9716870430441331,-0.0014131900000000017,0.9708018595041321,-0.03125590254600727
"Middle, Poor",HasCard,0.0553,0.7055,0.0379,0.6853526220614828,0.971442412560571,-0.0011141500000000013,0.9359683908045977,-0.030178816564585386
"HighSal, Prod=1",Active,0.1305,0.5151,0.0653,0.500383141762452,0.9714291239806873,-0.001920550000000007,0.9705437116564416,-0.03271867104835026
"Active, France, HighSal",HasCard,0.0667,0.7055,0.0457,0.6851574212893553,0.971165728262729,-0.0013568499999999997,0.9353880952380952,-0.030831431813647583
Senior,HasCard,0.0797,0.7055,0.0546,0.6850690087829361,0.9710404093308803,-0.0016283499999999937,0.9351254980079683,-0.03138883271940991
"France, HasCard, Prod=1",Retained,0.1785,0.7963,0.138,0.7731092436974791,0.9708768600998106,-0.004139549999999992,0.8977888888888894,-0.035228248978461135
"Active, France, High",HasCard,0.0752,0.7055,0.0515,0.6848404255319148,0.9707164075576397,-0.0015536000000000091,0.934447257383966,-0.031589563406858145
"HasCard, High, HighSal",Active,0.069,0.5151,0.0345,0.5,0.9706853038245001,-0.0010418999999999984,0.9698,-0.03141905950894709
"Adult, HighSal",Active,0.1134,0.5151,0.0567,0.5,0.9706853038245001,-0.0017123399999999997,0.9698,-0.03294066317626526
"Fair, HasCard, High",Active,0.0914,0.5151,0.0457,0.5,0.9706853038245001,-0.001380140000000002,0.9698,-0.032168726033233966
"Retained, Spain, VeryHighSal",HasCard,0.0479,0.7055,0.0328,0.6847599164926932,0.9706022912724213,-0.0009934499999999999,0.9342086092715234,-0.03083110377182531
"Active, High, HighSal",HasCard,0.0504,0.7055,0.0345,0.6845238095238095,0.9702676251223381,-0.0010572000000000012,0.9335094339622642,-0.03126108863813785
"Active, Germany, HasCard",Retained,0.0873,0.7963,0.0674,0.7720504009163803,0.969547156745423,-0.002116989999999999,0.8936185929648243,-0.033268759889723824
"Active, Middle, Retained",HasCard,0.0816,0.7055,0.0558,0.6838235294117647,0.9692750239713178,-0.001768800000000001,0.9314418604651162,-0.03336381497342666
"HighSal, Poor, Retained",HasCard,0.0487,0.7055,0.0333,0.6837782340862424,0.9692108208167858,-0.001057849999999999,0.9313084415584417,-0.032314439026714784
Poor,"HasCard, Retained",0.2393,0.5631,0.1306,0.5457584621813623,0.9692034490878392,-0.004149830000000021,0.9618230910763568,-0.0400960411991625
"High, Spain",HasCard,0.0702,0.7055,0.048,0.6837606837606838,0.9691859443808416,-0.0015261000000000025,0.9312567567567568,-0.03306359884306658
"High, Prod=1, Spain",HasCard,0.0512,0.7055,0.035,0.68359375,0.9689493267186392,-0.0011216000000000004,0.9307654320987654,-0.03267151379567488
"Poor, Prod=2, Zero",HasCard,0.0613,0.7055,0.0419,0.6835236541598695,0.9688499704604812,-0.0013471499999999983,0.9305592783505154,-0.033116856299171916
"France, Middle, Prod=2",HasCard,0.0458,0.7055,0.0313,0.6834061135371179,0.9686833643332642,-0.001011900000000003,0.9302137931034482,-0.03277052278683204
"Active, Fair, HighSal",HasCard,0.0461,0.7055,0.0315,0.6832971800433839,0.9685289582471778,-0.001023550000000005,0.9298938356164382,-0.03294186937183406
"France, Medium",HasCard,0.0647,0.7055,0.0442,0.6831530139103557,0.9683246122046146,-0.0014458499999999916,0.9294707317073175,-0.03379250883055253
"High, Retained, Spain",HasCard,0.0599,0.7055,0.0409,0.682804674457429,0.9678308638659517,-0.001359450000000005,0.9284499999999998,-0.03414884974807559
"France, Inactive, Poor",Retained,0.0623,0.7963,0.048,0.7704654895666132,0.9675568122147598,-0.0016094899999999981,0.8874482517482519,-0.034524268920736075
"Active, HighSal",HasCard,0.1323,0.7055,0.0903,0.6825396825396826,0.9674552551944473,-0.003037650000000003,0.927675,-0.03732171238673193
"Active, Fair, Germany",Retained,0.0431,0.7963,0.0332,0.7703016241299304,0.9673510286700118,-0.0011205300000000015,0.8868151515151516,-0.03406942192382341
"Active, Middle, Prod=2",HasCard,0.0491,0.7055,0.0335,0.6822810590631365,0.9670886733708526,-0.0011400499999999966,0.9269198717948719,-0.03455199544176112
"France, Inactive, VeryHighSal",Retained,0.0621,0.7963,0.0478,0.7697262479871175,0.9666284666421167,-0.0016502300000000025,0.8845993006993006,-0.0355026746999098
Medium,HasCard,0.1509,0.7055,0.1029,0.6819085487077535,0.9665606643625139,-0.003559950000000006,0.9258343750000001,-0.0391494379227457
"MedSal, Retained, Spain",HasCard,0.0525,0.7055,0.0358,0.6819047619047619,0.9665552968175222,-0.0012387500000000037,0.9258233532934131,-0.035232549044703854
"Spain, VeryHighSal",HasCard,0.0591,0.7055,0.0403,0.6818950930626058,0.9665415918676198,-0.001395049999999995,0.9257952127659574,-0.03548542834845785
"HighSal, Poor",HasCard,0.0638,0.7055,0.0435,0.6818181818181818,0.9664325752206687,-0.0015109000000000025,0.9255714285714284,-0.03577313924745955
"Good, Middle",HasCard,0.0559,0.7055,0.0381,0.6815742397137746,0.9660868032796238,-0.001337449999999997,0.9248623595505618,-0.03584920630240538
VeryHigh,Retained,0.0969,0.7963,0.0745,0.7688338493292053,0.9655077851679081,-0.002661469999999999,0.8811843749999997,-0.03805230073537631
"Active, VeryHigh",HasCard,0.0485,0.7055,0.033,0.6804123711340206,0.9644399307356777,-0.0012167500000000026,0.9215,-0.0373050243360289
"Active, Medium, Retained",HasCard,0.0687,0.7055,0.0467,0.6797671033478894,0.963525305950233,-0.0017678500000000014,0.9196431818181817,-0.039060255998953616
"Good, HasCard, High",Retained,0.0627,0.7963,0.0481,0.7671451355661881,0.9633870847245863,-0.001828010000000005,0.8747938356164381,-0.03896667259263817
"Germany, Medium",HasCard,0.0524,0.7055,0.0356,0.6793893129770993,0.9629898128661931,-0.0013682,0.9185595238095238,-0.03897699212255674
"Churned, Poor",HasCard,0.053,0.7055,0.036,0.6792452830188679,0.9627856598424774,-0.0013915000000000038,0.9181470588235292,-0.039215409979286256
"Inactive, Spain",Retained,0.1165,0.7963,0.0893,0.7665236051502146,0.9626065617860285,-0.0034689499999999984,0.8724650735294116,-0.042116541513133515
"Active, Senior",HasCard,0.0461,0.7055,0.0313,0.6789587852494577,0.9623795680360847,-0.0012235500000000038,0.9173277027027028,-0.03936697530486855
"NoCard, VeryHighSal",Retained,0.0736,0.7963,0.0564,0.7663043478260869,0.9623312166596596,-0.0022076800000000035,0.8716465116279069,-0.04054014349765251
"HasCard, Inactive, Spain",Retained,0.0813,0.7963,0.0623,0.7662976629766298,0.9623228217714803,-0.002439190000000001,0.8716215789473686,-0.040875118560449925
"NoCard, Poor",Retained,0.0727,0.7963,0.0557,0.7661623108665749,0.9621528454936267,-0.00219101,0.8711170588235293,-0.04069361211642592
"Good, High","HasCard, Retained",0.0888,0.5631,0.0481,0.5416666666666666,0.9619368969395606,-0.0019032800000000072,0.9532363636363634,-0.04161812297734643
"Fair, Inactive, NoCard",Retained,0.0444,0.7963,0.034,0.7657657657657658,0.9616548609390504,-0.0013557199999999978,0.8696423076923079,-0.040055403691767265
"HasCard, HighSal, Poor",Retained,0.0435,0.7963,0.0333,0.7655172413793104,0.9613427619983805,-0.0013390499999999944,0.8687205882352944,-0.04034437564965862
"Good, High",Retained,0.0888,0.7963,0.0679,0.7646396396396397,0.96024066261414,-0.0028114399999999984,0.8654813397129187,-0.04346562377863858
"Active, HasCard, Middle",Retained,0.073,0.7963,0.0558,0.7643835616438357,0.9599190777895714,-0.002329899999999996,0.8645406976744189,-0.043101199670714824
"France, Poor, Prod=2",HasCard,0.0563,0.7055,0.0381,0.6767317939609236,0.9592229538779924,-0.0016196500000000003,0.9110082417582418,-0.04310489367557144
"Active, Germany","HasCard, Retained",0.1248,0.5631,0.0674,0.5400641025641026,0.959090929788852,-0.0028748799999999963,0.9499149825783972,-0.046471449336085144
"Poor, Retained, Spain",HasCard,0.0473,0.7055,0.032,0.6765327695560254,0.9589408498313612,-0.0013701500000000005,0.9104477124183006,-0.04300999323530014
"Active, Adult, VeryHighSal",HasCard,0.0519,0.7055,0.0351,0.676300578034682,0.9586117335714841,-0.0015154500000000015,0.9097946428571426,-0.043555223695283335
"HighSal, Poor",Retained,0.0638,0.7963,0.0487,0.7633228840125392,0.9585870702154203,-0.0021039399999999986,0.860666225165563,-0.044110642037802024
"Good, High, Prod=1",Retained,0.0587,0.7963,0.0448,0.7632027257240204,0.9584361744619118,-0.0019428100000000031,0.8602294964028774,-0.0440416158030334
"Active, Germany",Retained,0.1248,0.7963,0.0952,0.7628205128205129,0.9579561883969772,-0.004178239999999986,0.8588432432432435,-0.047752798715571344
"Active, Germany, Prod=1",HasCard,0.0629,0.7055,0.0425,0.6756756756756758,0.9577259754439061,-0.0018759499999999943,0.9080416666666669,-0.044983897925074255
"MedSal, Spain",HasCard,0.0624,0.7055,0.0421,0.6746794871794872,0.9563139435570336,-0.0019232,0.9052610837438424,-0.04645841546655535
"HasCard, Prod=1, VeryHigh",Retained,0.0431,0.7963,0.0328,0.7610208816705337,0.9556961969992889,-0.001520529999999999,0.85237572815534,-0.04620709669871165
"Prod=1, Spain","HasCard, Retained",0.1221,0.5631,0.0657,0.538083538083538,0.9555736780030865,-0.0030545100000000103,0.9458420212765956,-0.05029445499891837
"Active, HighSal, Prod=1",HasCard,0.0653,0.7055,0.044,0.6738131699846861,0.9550859957259902,-0.0020691499999999988,0.9028568075117371,-0.04790148150463178
"Adult, Prod=1, VeryHighSal",HasCard,0.0527,0.7055,0.0355,0.6736242884250474,0.9548182684975867,-0.0016798500000000036,0.9023343023255812,-0.04757568891783975
"Churned, VeryHighSal",HasCard,0.0527,0.7055,0.0355,0.6736242884250474,0.9548182684975867,-0.0016798500000000036,0.9023343023255812,-0.04757568891783975
"High, Poor, Prod=1",HasCard,0.064,0.7055,0.0431,0.6734375,0.9545535081502481,-0.002052000000000005,0.9018181818181819,-0.04840353260869577
"Poor, Spain",HasCard,0.0572,0.7055,0.0385,0.673076923076923,0.9540424139998909,-0.0018546000000000049,0.9008235294117645,-0.048610310229500756
"HasCard, Middle, Zero",Retained,0.0544,0.7963,0.0412,0.7573529411764707,0.9510899675706024,-0.0021187199999999975,0.8394909090909094,-0.05157867676271933
"Poor, VeryHighSal","HasCard, Retained",0.0579,0.5631,0.031,0.5354058721934369,0.9508184553248746,-0.001603490000000006,0.9403907063197025,-0.05204684797324402
"France, VeryHigh",Retained,0.0432,0.7963,0.0327,0.7569444444444444,0.9505769740605857,-0.0017001599999999992,0.8380799999999999,-0.05153949129852741
"High, NoCard",Retained,0.1131,0.7963,0.0856,0.7568523430592395,0.9504613123938711,-0.004461530000000005,0.8377625454545452,-0.055505356607232915
"HighSal, Middle",HasCard,0.0597,0.7055,0.04,0.6700167504187604,0.9497048198706738,-0.002118350000000005,0.8924695431472079,-0.05331818118894007
"Inactive, Spain","HasCard, Retained",0.1165,0.5631,0.0623,0.534763948497854,0.9496784736243189,-0.0033011500000000096,0.9390931734317342,-0.05658157248831071
"Churned, Senior",HasCard,0.0448,0.7055,0.03,0.6696428571428571,0.9491748506631568,-0.0016064000000000009,0.8914594594594593,-0.053082372845511296
"France, Poor, Prod=1",Retained,0.0641,0.7963,0.0484,0.7550702028081122,0.9482232862088562,-0.0026428300000000057,0.8316668789808913,-0.05512741969767049
"Prod=1, VeryHigh",Retained,0.062,0.7963,0.0468,0.7548387096774194,0.9479325752573394,-0.0025705999999999993,0.8308815789473685,-0.05531859949643846
"Poor, VeryHighSal",Retained,0.0579,0.7963,0.0437,0.7547495682210709,0.947820630693295,-0.0024057699999999946,0.8305795774647888,-0.05520918386783031
"Middle, Zero",Retained,0.0786,0.7963,0.0593,0.7544529262086513,0.9474481052475843,-0.0032891800000000096,0.8295761658031086,-0.05678029008324115
"HasCard, Poor, VeryHighSal",Retained,0.0411,0.7963,0.031,0.7542579075425792,0.9472031992246379,-0.0017279299999999956,0.8289178217821784,-0.05493544029455223
"Active, Medium",HasCard,0.0795,0.7055,0.0531,0.6679245283018868,0.9467392321784363,-0.002987250000000004,0.8868465909090908,-0.05759575674143663
"Active, Middle",HasCard,0.1094,0.7055,0.073,0.6672760511882998,0.9458200583817148,-0.00418170000000001,0.8851181318681318,-0.06043312065090953
"High, HighSal",Retained,0.0979,0.7963,0.0737,0.752808988764045,0.9453836352681716,-0.004257769999999994,0.8240590909090911,-0.06018684090223497
"High, MedSal",Retained,0.0978,0.7963,0.0736,0.7525562372188139,0.9450662278272183,-0.00427814,0.8232173553719009,-0.060528245165609645
Elderly,Retained,0.0464,0.7963,0.0349,0.7521551724137931,0.9445625673914267,-0.0020483199999999993,0.8218852173913045,-0.057978496961133295
"Middle, Spain",HasCard,0.0575,0.7055,0.0383,0.6660869565217391,0.9441345946445628,-0.0022662500000000044,0.8819661458333332,-0.05907230737149422
"Medium, Prod=2",HasCard,0.0496,0.7055,0.033,0.6653225806451614,0.943051141949201,-0.001992799999999996,0.8799518072289159,-0.059743374505336254
"Fair, Inactive, LowSal",Retained,0.0417,0.7963,0.0313,0.750599520383693,0.9426089669517682,-0.001905709999999998,0.8167586538461538,-0.05973918904092406
"Active, Poor, Prod=1",HasCard,0.0617,0.7055,0.041,0.6645056726094004,0.9418932283620133,-0.0025293499999999997,0.8778091787439616,-0.06169199005357362
"Good, Prod=1",Retained,0.1207,0.7963,0.0905,0.7497928748964374,0.9415959750049446,-0.005613409999999999,0.8141254966887416,-0.06589278138787552
"France, Middle, Zero",Retained,0.0519,0.7963,0.0389,0.7495183044315992,0.9412511671877423,-0.0024279700000000015,0.8132330769230767,-0.06176616790124215
"Fair, Inactive","HasCard, Retained",0.1623,0.5631,0.086,0.529882932840419,0.9410103584450701,-0.005391130000000008,0.929342988204456,-0.06962286136990373
"Prod=1, VeryHigh","HasCard, Retained",0.062,0.5631,0.0328,0.5290322580645161,0.9394996591449407,-0.0021122000000000016,0.9276643835616438,-0.0642423947491682
"High, HighSal, Prod=1",Retained,0.0639,0.7963,0.0478,0.7480438184663537,0.9393994957507895,-0.003083569999999994,0.8084739130434783,-0.064470516411017
"HasCard, High, HighSal",Retained,0.069,0.7963,0.0516,0.7478260869565216,0.9391260667543911,-0.003344700000000006,0.8077758620689651,-0.06509186658181595
"Fair, High","HasCard, Retained",0.1275,0.5631,0.0673,0.527843137254902,0.9373879191172118,-0.004495250000000006,0.9253280730897009,-0.07111105838059315
"France, Prod=1, VeryHighSal",Retained,0.0591,0.7963,0.0441,0.7461928934010152,0.9370750890380701,-0.002961329999999998,0.802578,-0.06661407418104857
"Good, HasCard, Prod=1",Retained,0.0843,0.7963,0.0629,0.7461447212336891,0.9370145940395443,-0.004228090000000004,0.8024257009345792,-0.06838734492270362
"Active, Middle",Retained,0.1094,0.7963,0.0816,0.7458866544789763,0.9366905117154041,-0.005515219999999987,0.8016107913669066,-0.07053777182177648
"Adult, Germany, Inactive",Retained,0.0507,0.7963,0.0378,0.7455621301775147,0.9362829714649187,-0.002572410000000004,0.800588372093023,-0.06689237946273605
"High, HighSal","HasCard, Retained",0.0979,0.5631,0.0516,0.5270684371807968,0.9360121420365773,-0.003527490000000008,0.9238123110151187,-0.07044293806295865
"Fair, High",Retained,0.1275,0.7963,0.095,0.7450980392156863,0.9357001622701071,-0.006528249999999999,0.7991307692307692,-0.07301006813676561
"Fair, LowSal, Prod=1",Retained,0.045,0.7963,0.0335,0.7444444444444445,0.9348793726540807,-0.0023334999999999953,0.7970869565217391,-0.06798053953271559
"MedSal, Prod=1","HasCard, Retained",0.1294,0.5631,0.0681,0.526275115919629,0.9346032958970503,-0.004765140000000001,0.9222652528548123,-0.07439370521287061
"Good, HasCard, Inactive",Retained,0.0784,0.7963,0.0583,0.7436224489795918,0.9338471040808638,-0.004129920000000002,0.7945313432835821,-0.07137879542060731
"Inactive, NoCard",Retained,0.1401,0.7963,0.1041,0.7430406852248393,0.9331165204380752,-0.007461630000000011,0.7927324999999998,-0.07694209011147164
"HasCard, High, VeryHighSal",Retained,0.0665,0.7963,0.0494,0.7428571428571428,0.9328860264437308,-0.003553950000000007,0.7921666666666664,-0.07155289482240895
"Inactive, VeryGood",Retained,0.0587,0.7963,0.0436,0.7427597955706985,0.9327637769316821,-0.003142810000000003,0.7918668874172186,-0.07113086811385888
"HasCard, High, MedSal",Retained,0.0691,0.7963,0.0513,0.7424023154848046,0.9323148505397522,-0.003724329999999998,0.7907679775280898,-0.07234588525529576
High,Retained,0.383,0.7963,0.2843,0.7422976501305483,0.9321834109387772,-0.020682900000000004,0.7904468085106382,-0.10547333958877285
"High, MedSal, Prod=1",Retained,0.0647,0.7963,0.048,0.7418856259659969,0.9316659876503792,-0.0035206099999999935,0.7891850299401199,-0.0727173246478725
"High, MedSal","HasCard, Retained",0.0978,0.5631,0.0513,0.5245398773006135,0.9315217142614339,-0.003771180000000006,0.9188993548387095,-0.0753421701824669
"Middle, Zero","HasCard, Retained",0.0786,0.5631,0.0412,0.5241730279898219,0.9308702326226636,-0.0030596600000000057,0.9181909090909091,-0.07458703201796932
"Good, Inactive",Retained,0.1132,0.7963,0.0839,0.741166077738516,0.9307623731489588,-0.006241159999999996,0.7869911262798636,-0.07739180553268397
"High, VeryHighSal",Retained,0.0956,0.7963,0.0708,0.7405857740585774,0.9300336230799666,-0.005326280000000003,0.7852306451612903,-0.07679424664565487
"Active, Churned",HasCard,0.0735,0.7055,0.0482,0.6557823129251701,0.9295284378811766,-0.0036542499999999978,0.8555632411067193,-0.07563926224681258
"Inactive, LowSal",Retained,0.1181,0.7963,0.0874,0.7400508044030484,0.9293618038466009,-0.006643029999999994,0.7836146579804564,-0.07934715135696387
"Active, Middle, Prod=1",HasCard,0.0551,0.7055,0.0361,0.6551724137931034,0.9286639458442288,-0.002773050000000006,0.8540499999999999,-0.07518312848356237
"Fair, Inactive",Retained,0.1623,0.7963,0.12,0.7393715341959334,0.9285087708099126,-0.009239490000000017,0.7815723404255317,-0.08417635044221003
"High, NoCard, Prod=1",Retained,0.0762,0.7963,0.0563,0.7388451443569554,0.9278477261797756,-0.004378060000000003,0.779996984924623,-0.07764169681492522
"HasCard, MedSal, Prod=1",Retained,0.0922,0.7963,0.0681,0.7386117136659435,0.9275545820242916,-0.005318860000000009,0.7793004149377589,-0.07922038771499107
"HighSal, Poor","HasCard, Retained",0.0638,0.5631,0.0333,0.5219435736677117,0.9269109814734713,-0.0026257799999999942,0.9139088524590165,-0.07768294890956645
"HighSal, Inactive","HasCard, Retained",0.1232,0.5631,0.0643,0.5219155844155844,0.9268612758223839,-0.0050739200000000095,0.9138553480475381,-0.08256699194951014
"Inactive, LowSal","HasCard, Retained",0.1181,0.5631,0.0616,0.5215918712955123,0.9262863990330532,-0.004902110000000001,0.9132369911504424,-0.08276795354833047
"Good, Prod=1","HasCard, Retained",0.1207,0.5631,0.0629,0.5211267605633803,0.9254604165572371,-0.005066170000000009,0.9123499999999999,-0.08391291370775646
"Adult, Germany, High",Retained,0.0665,0.7963,0.049,0.7368421052631579,0.9253322934360892,-0.003953950000000005,0.7740599999999999,-0.07956362202173448
"High, VeryGood",Retained,0.0478,0.7963,0.0352,0.7364016736401674,0.9247791958309273,-0.00286314,0.7727666666666667,-0.07869967988415798
"Fair, HasCard, High",Retained,0.0914,0.7963,0.0673,0.7363238512035011,0.9246814657836256,-0.005481819999999998,0.7725385892116182,-0.08227180904869533
"HighSal, Inactive",Retained,0.1232,0.7963,0.0907,0.7362012987012987,0.9245275633571501,-0.007404160000000007,0.7721796923076922,-0.08517389639838627
"HasCard, High",Retained,0.2699,0.7963,0.1987,0.7361985920711375,0.9245241643490362,-0.016221369999999985,0.7721717696629213,-0.10057129840840444
"HasCard, Inactive, Medium",Retained,0.0498,0.7963,0.0366,0.7349397590361446,0.9229433116113834,-0.0030557399999999943,0.7685045454545455,-0.08076904167941991
"MedSal, Prod=1",Retained,0.1294,0.7963,0.0951,0.7349304482225658,0.922931619016157,-0.007941219999999985,0.7684775510204085,-0.08752075267745892
"Active, Prod=1, Zero",Retained,0.0432,0.7963,0.0317,0.7337962962962963,0.9215073418263171,-0.00270016,0.7652034782608695,-0.08174693134149058
"Fair, NoCard, Prod=1",Retained,0.0477,0.7963,0.035,0.7337526205450735,0.9214524934636111,-0.0029835099999999948,0.7650779527559058,-0.0821586489622048
High,"HasCard, Retained",0.383,0.5631,0.1987,0.518798955613577,0.9213265061509093,-0.016967300000000046,0.9079365165491047,-0.12157256966636412
"Active, Churned, Prod=1",HasCard,0.0485,0.7055,0.0315,0.6494845360824743,0.9206017520658741,-0.002716750000000004,0.8401911764705883,-0.08310899691027573
"Inactive, VeryGood","HasCard, Retained",0.0587,0.5631,0.0304,0.5178875638841567,0.9197079806147339,-0.002653970000000002,0.906220141342756,-0.084874105717746
"Fair, Prod=1","HasCard, Retained",0.1683,0.5631,0.0871,0.5175282234105764,0.9190698337960865,-0.0076697300000000135,0.9055451970443349,-0.09573902644836917
Inactive,Retained,0.4849,0.7963,0.3547,0.7314910290781604,0.9186123685522547,-0.03142586999999997,0.7586338709677419,-0.14675944502228144
"Inactive, MedSal",Retained,0.1225,0.7963,0.0896,0.7314285714285714,0.9185339337292119,-0.007946750000000002,0.7584574468085106,-0.0917948614283693
"Inactive, Medium",Retained,0.0714,0.7963,0.0522,0.7310924369747899,0.9181118133552554,-0.004655819999999998,0.7575093749999998,-0.08763279535708918
"HighSal, Prod=1",Retained,0.1305,0.7963,0.0954,0.7310344827586207,0.9180390339804354,-0.008517150000000001,0.7573461538461539,-0.09311673168979785
Inactive,"HasCard, Retained",0.4849,0.5631,0.2506,0.5168075891936481,0.9177900713792365,-0.022447190000000006,0.9041946649594534,-0.14813571458032584
"High, VeryHighSal","HasCard, Retained",0.0956,0.5631,0.0494,0.5167364016736401,0.9176636506369029,-0.00443236000000001,0.9040614718614717,-0.09025423073069871
"Fair, HasCard, Inactive",Retained,0.1179,0.7963,0.086,0.7294317217981339,0.9160262737638251,-0.007883770000000012,0.7528598746081501,-0.09414089568050976
"HasCard, Inactive, LowSal",Retained,0.0845,0.7963,0.0616,0.7289940828402367,0.9154766832101427,-0.005687350000000008,0.7516441048034934,-0.09161006827244236
"Inactive, VeryHighSal","HasCard, Retained",0.1211,0.5631,0.0624,0.5152766308835672,0.9150712677740493,-0.005791410000000011,0.901338841567291,-0.09551302000485877
"HasCard, Inactive, MedSal",Retained,0.0855,0.7963,0.0623,0.7286549707602339,0.9150508235090216,-0.005783650000000008,0.7507047413793102,-0.09215944038115283
"Good, Inactive","HasCard, Retained",0.1132,0.5631,0.0583,0.515017667844523,0.9146113795853719,-0.005442920000000011,0.9008575591985427,-0.09525026179769637
"Fair, Inactive, MedSal",Retained,0.0412,0.7963,0.03,0.7281553398058253,0.9144233829032089,-0.0028075600000000006,0.749325,-0.08892686962570114
"Middle, Spain",Retained,0.0575,0.7963,0.0418,0.7269565217391304,0.9129178974496175,-0.003987250000000005,0.7460350318471336,-0.09190653182355155
"HasCard, Inactive",Retained,0.3448,0.7963,0.2506,0.7267981438515081,0.9127190052134976,-0.023964240000000026,0.7456025477707006,-0.12736275636520422
"Fair, High, Prod=1",Retained,0.0839,0.7963,0.0609,0.7258641239570918,0.9115460554528341,-0.005909569999999996,0.7430621739130434,-0.09577899924246419
"HasCard, Inactive, VeryHighSal",Retained,0.086,0.7963,0.0624,0.7255813953488373,0.9111910025729464,-0.006081799999999998,0.7422966101694917,-0.09636000088726364
"Fair, HighSal, Prod=1",Retained,0.0419,0.7963,0.0304,0.7255369928400954,0.9111352415422522,-0.002964970000000001,0.7421765217391303,-0.09239196652292016
"Fair, Prod=1",Retained,0.1683,0.7963,0.1221,0.7254901960784313,0.9110764737893148,-0.011917290000000011,0.7420499999999999,-0.10502789071724813
"Inactive, Medium","HasCard, Retained",0.0714,0.5631,0.0366,0.5126050420168067,0.9103268371813295,-0.0036053400000000055,0.8963982758620688,-0.09590685276959798
"High, Prod=1",Retained,0.2537,0.7963,0.1839,0.7248718959400868,0.9103000074596093,-0.018121309999999974,0.740382378223496,-0.1166363554211515
"Fair, MedSal, Prod=1",Retained,0.0414,0.7963,0.03,0.7246376811594203,0.910005878637976,-0.002966820000000002,0.7397526315789473,-0.0935173154646741
"HasCard, HighSal, Inactive",Retained,0.0888,0.7963,0.0643,0.724099099099099,0.9093295229173666,-0.006411440000000004,0.7383085714285711,-0.09863511052035648
"HasCard, Inactive, VeryGood",Retained,0.042,0.7963,0.0304,0.7238095238095238,0.9089658719195326,-0.003044600000000005,0.7375344827586207,-0.09464744247352957
"HasCard, Prod=1",Retained,0.3578,0.7963,0.2587,0.7230296254891,0.9079864692818034,-0.02621614,0.7354577194752773,-0.13629161925390612
Prod=1,Retained,0.5084,0.7963,0.3675,0.7228560188827695,0.9077684526971864,-0.03733892,0.7349970191625267,-0.17127794103831745
"NoCard, Prod=1",Retained,0.1506,0.7963,0.1088,0.7224435590969455,0.9072504823520601,-0.011122780000000013,0.733904784688995,-0.10742755040444295
"Fair, HasCard, Prod=1",Retained,0.1206,0.7963,0.0871,0.7222222222222222,0.9069725257091827,-0.008933780000000002,0.73332,-0.10445259133922417
"High, LowSal",Retained,0.0917,0.7963,0.0662,0.7219193020719737,0.9065921161270548,-0.006820710000000008,0.732521176470588,-0.10187741121493803
"Active, Middle","HasCard, Retained",0.1094,0.5631,0.0558,0.510054844606947,0.9057979836742088,-0.005803139999999998,0.8917324626865673,-0.10456368104287994
"HasCard, Prod=1, VeryHighSal",Retained,0.0853,0.7963,0.0615,0.7209847596717468,0.9054185101993555,-0.006424390000000002,0.7300676470588235,-0.10249760523714377
"HasCard, HighSal, Prod=1",Retained,0.091,0.7963,0.0656,0.720879120879121,0.9052858481465792,-0.006863299999999989,0.7297913385826774,-0.10321729727778704
"LowSal, Prod=1",Retained,0.1264,0.7963,0.091,0.7199367088607594,0.904102359488584,-0.00965232000000002,0.7273355932203388,-0.10827065240215604
Prod=1,"HasCard, Retained",0.5084,0.5631,0.2587,0.5088512981904013,0.9036606254491232,-0.027580040000000028,0.8895472967561073,-0.1782151833429658
"Inactive, MedSal","HasCard, Retained",0.1225,0.5631,0.0623,0.5085714285714286,0.9031636096100666,-0.006679750000000005,0.8890406976744185,-0.10888293016887274
"HasCard, High, Prod=1",Retained,0.1775,0.7963,0.1276,0.7188732394366197,0.9027668459583319,-0.013743250000000012,0.7245841683366734,-0.11578699052397241
"France, Middle",Retained,0.1067,0.7963,0.0767,0.7188378631677601,0.9027224201529073,-0.008265209999999995,0.724493,-0.10764610454730389
"Inactive, VeryHighSal",Retained,0.1211,0.7963,0.087,0.7184145334434351,0.9021907992508289,-0.009431930000000005,0.7234038123167152,-0.10980609975548408
"France, HasCard, Middle",Retained,0.0748,0.7963,0.0537,0.7179144385026737,0.9015627759671904,-0.005863240000000006,0.7221213270142176,-0.10555556355686273
"High, Prod=1, VeryHighSal",Retained,0.0623,0.7963,0.0446,0.7158908507223114,0.8990215380162142,-0.005009489999999998,0.716977966101695,-0.10696973430582489
"High, LowSal","HasCard, Retained",0.0917,0.5631,0.0464,0.5059978189749181,0.8985931787869261,-0.005236270000000008,0.8844090507726267,-0.11051322048593355
"High, Poor",Retained,0.0938,0.7963,0.067,0.7142857142857144,0.8970057946574337,-0.007692939999999995,0.7129500000000003,-0.11245617127970063
"Inactive, Poor",Retained,0.1211,0.7963,0.0864,0.7134599504541701,0.8959687937387544,-0.010031929999999994,0.7108953890489913,-0.11669256169295655
"HasCard, Inactive, Poor",Retained,0.0855,0.7963,0.061,0.7134502923976608,0.8959566650730387,-0.007083650000000011,0.7108714285714285,-0.1126747009415739
"Adult, Germany, Prod=1",Retained,0.0502,0.7963,0.0358,0.7131474103585657,0.8955763033512064,-0.004174260000000006,0.7101208333333331,-0.10933936836480525
"Inactive, Poor","HasCard, Retained",0.1211,0.5631,0.061,0.5037159372419487,0.8945408226637341,-0.007191410000000009,0.8803425956738766,-0.1182713856961786
"Prod=1, VeryHighSal","HasCard, Retained",0.1221,0.5631,0.0615,0.5036855036855037,0.8944867762129349,-0.007254510000000006,0.880288613861386,-0.1184499527800964
"France, Middle","HasCard, Retained",0.1067,0.5631,0.0537,0.5032802249297095,0.8937670483567918,-0.00638277000000001,0.8795703773584905,-0.11743183170453596
"HasCard, Poor, Prod=1",Retained,0.0873,0.7963,0.0621,0.711340206185567,0.8933068016897739,-0.007416989999999998,0.705675,-0.11571750723839958
"High, Prod=1","HasCard, Retained",0.2537,0.5631,0.1276,0.5029562475364604,0.8931917022490861,-0.015258469999999996,0.8789970658207771,-0.13810276111030906
"HasCard, LowSal, Prod=1",Retained,0.0893,0.7963,0.0635,0.7110862262038073,0.8929878515682624,-0.007609589999999999,0.7050546511627905,-0.11628517166510999
"Prod=1, VeryGood",Retained,0.0616,0.7963,0.0438,0.711038961038961,0.8929284955908088,-0.005252080000000006,0.7049393258426966,-0.11330370626051701
"HighSal, Prod=1","HasCard, Retained",0.1305,0.5631,0.0656,0.5026819923371648,0.8927046569653078,-0.007884550000000004,0.8785123266563944,-0.12144323148308596
"HasCard, High, LowSal",Retained,0.0653,0.7963,0.0464,0.7105666156202144,0.8923353203820349,-0.005598390000000002,0.7037888888888889,-0.11432642269607365
"LowSal, Prod=1","HasCard, Retained",0.1264,0.5631,0.0635,0.502373417721519,0.8921566643962333,-0.007675840000000017,0.8779675675675676,-0.12155040488086696
"Active, Germany, High",Retained,0.081,0.7963,0.0575,0.7098765432098766,0.8914687218509062,-0.007000299999999994,0.7021148936170214,-0.1169781494181421
"HasCard, High, Poor",Retained,0.0654,0.7963,0.0463,0.7079510703363915,0.8890506973959456,-0.005778020000000002,0.6974858638743456,-0.11779857288481146
"Prod=1, VeryGood","HasCard, Retained",0.0616,0.5631,0.0308,0.5,0.8879417510211329,-0.003886960000000002,0.8737999999999999,-0.11854217546496341
"Inactive, Medium, Prod=1",Retained,0.0449,0.7963,0.0317,0.7060133630289531,0.8866173088395745,-0.004053870000000001,0.6928886363636361,-0.11808349067623172
"Prod=1, VeryHighSal",Retained,0.1221,0.7963,0.086,0.7043407043407043,0.8845167704893938,-0.011228230000000006,0.6889686980609416,-0.12946543102815108
"France, Inactive, Prod=1",Retained,0.1253,0.7963,0.0882,0.7039106145251397,0.8839766602098954,-0.011576389999999992,0.6879679245283019,-0.13047505362923356
"Poor, Prod=1",Retained,0.1263,0.7963,0.0887,0.702296120348377,0.8819491653250998,-0.011872689999999991,0.6842369680851066,-0.1328488971899704
"HasCard, Prod=1, VeryGood",Retained,0.0439,0.7963,0.0308,0.7015945330296127,0.8810681062785543,-0.004157569999999999,0.6826282442748091,-0.12371713516706365
"Good, Middle",Retained,0.0559,0.7963,0.0392,0.7012522361359571,0.880638247062611,-0.005313169999999999,0.6818461077844312,-0.12554188860658158
"Inactive, VeryHigh",Retained,0.0484,0.7963,0.0339,0.7004132231404959,0.8795846077364008,-0.00464092,0.679936551724138,-0.12576964435926566
"Germany, HasCard, VeryHighSal",Retained,0.0455,0.7963,0.0318,0.698901098901099,0.8776856698494273,-0.004431649999999995,0.6765218978102191,-0.127402094308569
"Germany, Good",Retained,0.0566,0.7963,0.0394,0.696113074204947,0.8741844458180924,-0.0056705800000000015,0.6703151162790696,-0.13236481146129347
"MedSal, Middle",Retained,0.0588,0.7963,0.0409,0.6955782312925171,0.8735127857497389,-0.005922440000000001,0.6691374301675979,-0.13333567475176467
"High, Inactive, NoCard",Retained,0.0547,0.7963,0.038,0.6946983546617916,0.8724078295388568,-0.0055576099999999976,0.6672089820359283,-0.13398608115285293
"High, LowSal, Prod=1",Retained,0.0628,0.7963,0.0435,0.6926751592356688,0.8698670843095175,-0.006507640000000002,0.6628165803108809,-0.13765255149353248
"Germany, VeryHighSal",Retained,0.0637,0.7963,0.0441,0.6923076923076923,0.8694056163602817,-0.006624310000000008,0.662025,-0.13825087435829275
"High, Poor, Prod=1",Retained,0.064,0.7963,0.0441,0.6890625,0.8653302775335929,-0.0068632,0.6551155778894473,-0.14256514224940176
"High, HighSal, Inactive",Retained,0.0475,0.7963,0.0327,0.6884210526315789,0.8645247427245748,-0.005124250000000004,0.6537668918918919,-0.14127677759091295
"Germany, HasCard, HighSal",Retained,0.0463,0.7963,0.0318,0.6868250539956804,0.8625204746900419,-0.005068690000000001,0.6504351724137931,-0.14319809810898584
"Fair, High, Inactive",Retained,0.0633,0.7963,0.0434,0.6856240126382307,0.8610121972098841,-0.007005789999999998,0.6479502512562815,-0.14699958475464114
"Germany, HighSal",Retained,0.064,0.7963,0.0438,0.684375,0.8594436770061534,-0.0071632000000000015,0.6453861386138613,-0.14873754152823923
"Fair, Germany",Retained,0.0856,0.7963,0.0585,0.6834112149532711,0.8582333479257453,-0.00966327999999999,0.6434214022140222,-0.1530072987892774
"Germany, HasCard, MedSal",Retained,0.0439,0.7963,0.03,0.683371298405467,0.8581832204011892,-0.004957570000000001,0.6433402877697841,-0.14736878715194188
"Active, Middle, Prod=1",Retained,0.0551,0.7963,0.0376,0.6823956442831216,0.8569579860393339,-0.006276130000000005,0.641364,-0.1501309552087498
"Germany, MedSal",Retained,0.0616,0.7963,0.042,0.6818181818181819,0.8562328039911866,-0.007052080000000002,0.6402000000000001,-0.1517722632663638
"Fair, Germany, HasCard",Retained,0.0623,0.7963,0.0423,0.6789727126805778,0.8526594407642569,-0.007309490000000002,0.6345254999999999,-0.1556064818559976
"Germany, HasCard",Retained,0.1791,0.7963,0.1214,0.6778336125069793,0.8512289495252785,-0.02121733000000002,0.6322819757365683,-0.1755317639546907
"Active, Germany, Prod=1",Retained,0.0629,0.7963,0.0426,0.6772655007949125,0.8505155102284473,-0.007487269999999997,0.6311689655172413,-0.15793352687420378
Germany,Retained,0.2509,0.7963,0.1695,0.6755679553607015,0.848383718900793,-0.030291669999999993,0.6278664619164619,-0.19261653579977422
"Inactive, Prod=1, Spain",Retained,0.0548,0.7963,0.037,0.6751824817518247,0.8478996380156031,-0.006637240000000003,0.6271213483146065,-0.15951207460578853
"Germany, NoCard",Retained,0.0718,0.7963,0.0481,0.6699164345403898,0.8412864932065677,-0.009074340000000007,0.6171164556962023,-0.16891682098317312
"Fair, Middle",Retained,0.0806,0.7963,0.0538,0.6674937965260546,0.8382441247344651,-0.010381780000000007,0.6126201492537313,-0.1734763683150781
"High, Inactive, MedSal",Retained,0.049,0.7963,0.0326,0.6653061224489795,0.8354968258809236,-0.006418700000000006,0.6086158536585363,-0.17152530777925956
"High, Inactive",Retained,0.1872,0.7963,0.1245,0.6650641025641025,0.8351928953461039,-0.02456736000000001,0.6081760765550238,-0.19534965381943656
"Fair, HasCard, Middle",Retained,0.0569,0.7963,0.0378,0.664323374340949,0.8342626828342948,-0.007509469999999997,0.6068340314136125,-0.17399686968892672
"HasCard, Middle",Retained,0.1612,0.7963,0.1066,0.6612903225806451,0.830453751828011,-0.021763560000000015,0.6013999999999999,-0.19575130842301713
Middle,Retained,0.232,0.7963,0.1532,0.6603448275862068,0.8292663915436479,-0.0315416,0.599725888324873,-0.21140595928128303
"Middle, NoCard",Retained,0.0708,0.7963,0.0466,0.6581920903954802,0.8265629667154091,-0.009778040000000002,0.5959487603305784,-0.18421756649929277
"HighSal, Middle",Retained,0.0597,0.7963,0.0392,0.6566164154103852,0.8245842212864312,-0.008339110000000004,0.5932141463414633,-0.18449819652570967
"France, Inactive, Middle",Retained,0.0553,0.7963,0.0363,0.6564195298372513,0.8243369707864514,-0.007735390000000002,0.5928742105263156,-0.18405325021414298
"Inactive, NoCard, Prod=1",Retained,0.0718,0.7963,0.047,0.6545961002785515,0.8220470931540268,-0.010174340000000004,0.5897443548387097,-0.18911504033290874
"Fair, Inactive, Prod=1",Retained,0.0839,0.7963,0.0548,0.6531585220500596,0.820241770752304,-0.012009569999999997,0.5873,-0.19304312602824053
"Active, Senior",Retained,0.0461,0.7963,0.0301,0.6529284164859002,0.8199528023180964,-0.006609430000000003,0.5869106249999999,-0.18712031259997366
"HasCard, High, Inactive",Retained,0.1325,0.7963,0.0865,0.6528301886792452,0.8198294470416241,-0.01900975000000002,0.5867445652173913,-0.20212709399937287
"High, Inactive, VeryHighSal",Retained,0.0468,0.7963,0.0305,0.6517094017094017,0.8184219536724874,-0.006766840000000003,0.5848564417177914,-0.18880986979707282
"LowSal, Middle",Retained,0.0538,0.7963,0.035,0.650557620817844,0.8169755378850232,-0.007840939999999998,0.5829287234042555,-0.19143882724570616
"HighSal, Inactive, Prod=1",Retained,0.0652,0.7963,0.0422,0.647239263803681,0.8128083182263983,-0.009718759999999993,0.5774452173913044,-0.19766706828844838
"Germany, LowSal",Retained,0.0616,0.7963,0.0396,0.6428571428571429,0.8073052151916902,-0.009452080000000002,0.5703600000000001,-0.20277898393399915
"Good, Inactive, Prod=1",Retained,0.0574,0.7963,0.0369,0.6428571428571429,0.8073052151916902,-0.008807619999999995,0.5703600000000001,-0.20205801572670143
"Germany, Poor",Retained,0.059,0.7963,0.0379,0.6423728813559323,0.8066970756698886,-0.009081699999999998,0.5695876777251186,-0.20296297289565898
"Middle, VeryHighSal",Retained,0.0597,0.7963,0.0381,0.6381909547738693,0.8014453783421692,-0.00943911,0.5630041666666666,-0.20853210924047832
"High, Inactive, Prod=1",Retained,0.1262,0.7963,0.0805,0.6378763866877971,0.8010503411877397,-0.019993060000000007,0.5625150984682713,-0.2213238520706942
"Inactive, MedSal, Prod=1",Retained,0.0646,0.7963,0.0411,0.6362229102167182,0.7989738920214972,-0.010340980000000007,0.5599582978723403,-0.21196648541218463
"Inactive, Prod=1",Retained,0.2521,0.7963,0.1597,0.6334787782625942,0.7955277888516818,-0.04104722999999999,0.5557659090909092,-0.2557669207310803
"HasCard, Prod=1, Zero",Retained,0.0657,0.7963,0.0416,0.6331811263318113,0.7951539951422973,-0.010716909999999996,0.5553149377593362,-0.2161373707011908
"Inactive, LowSal, Prod=1",Retained,0.0608,0.7963,0.0384,0.631578947368421,0.7931419658023622,-0.010015040000000003,0.5529,-0.2173387684807745
"High, Inactive, Poor",Retained,0.0483,0.7963,0.0305,0.6314699792960662,0.7930051228130933,-0.007961290000000003,0.5527365168539324,-0.215238992823105
"France, Middle, Prod=1",Retained,0.0556,0.7963,0.035,0.6294964028776979,0.7905266895362274,-0.009274279999999996,0.5497922330097088,-0.21910363473309089
"Prod=1, Zero",Retained,0.0905,0.7963,0.0567,0.6265193370165746,0.7867880660763212,-0.015365149999999994,0.5454097633136095,-0.22955741344432848
"HasCard, Inactive, Prod=1",Retained,0.1803,0.7963,0.1127,0.625069328896284,0.7849671341156398,-0.030872889999999986,0.5433004437869823,-0.250483720163423
"France, Prod=1, Zero",Retained,0.061,0.7963,0.038,0.6229508196721312,0.7823066930454994,-0.010574300000000002,0.5402478260869565,-0.228602374163087
"Inactive, Prod=1, VeryHighSal",Retained,0.0615,0.7963,0.038,0.6178861788617886,0.7759464760288693,-0.010972450000000002,0.5330872340425532,-0.23528131496533222
"Inactive, Poor, Prod=1",Retained,0.0646,0.7963,0.0398,0.6160990712074303,0.7737022117385789,-0.011640980000000002,0.5306056451612903,-0.23820347494060765
"Fair, Germany, High",Retained,0.056,0.7963,0.0345,0.6160714285714286,0.7736674978920364,-0.010092799999999999,0.5305674418604651,-0.2365825300978884
"Middle, Poor",Retained,0.0553,0.7963,0.0337,0.6094032549728752,0.7652935513912786,-0.01033539,0.5215097222222221,-0.24507834385932958
"Germany, High",Retained,0.1652,0.7963,0.1006,0.608958837772397,0.7647354486655745,-0.03094876000000002,0.5209170278637769,-0.26928440739917064
"Germany, HasCard, High",Retained,0.1196,0.7963,0.0728,0.6086956521739131,0.7644049380558999,-0.022437479999999996,0.5205666666666667,-0.2593011027312881
"Germany, Inactive",Retained,0.1261,0.7963,0.0743,0.5892149088025378,0.7399408624921987,-0.026113429999999993,0.4958797297297299,-0.28682145595216385
"Germany, HasCard, Inactive",Retained,0.0918,0.7963,0.054,0.588235294117647,0.7387106544237686,-0.01910034,0.49469999999999986,-0.28029732706769894
"High, Middle",Retained,0.091,0.7963,0.0532,0.5846153846153846,0.7341647427042379,-0.019263299999999997,0.49038888888888893,-0.28486692959845966
"Inactive, Middle",Retained,0.1226,0.7963,0.0716,0.5840130505709624,0.7334083267248053,-0.026026380000000002,0.48967882352941167,-0.2929307981634297
"Germany, HasCard, Prod=1",Retained,0.0952,0.7963,0.055,0.5777310924369747,0.72551939273763,-0.02080776,0.4823940298507462,-0.29484541692030924
"HasCard, Inactive, Middle",Retained,0.0882,0.7963,0.0508,0.5759637188208616,0.7232999106126605,-0.019433660000000005,0.48038342245989296,-0.29555503846966913
"HasCard, High, Middle",Retained,0.0636,0.7963,0.0365,0.5738993710691823,0.7207074859590384,-0.014144680000000007,0.4780560885608855,-0.2927094352866777
"Germany, Prod=1",Retained,0.1349,0.7963,0.0771,0.5715344699777614,0.7177376239831237,-0.03032087,0.475417474048443,-0.3125215934680738
"HasCard, Middle, Prod=1",Retained,0.0872,0.7963,0.0491,0.5630733944954128,0.7071121367517429,-0.020337360000000006,0.4662110236220472,-0.31213410800935126
"Middle, Prod=1",Retained,0.1247,0.7963,0.0698,0.5597433841218925,0.7029302827098989,-0.02949861000000001,0.46268469945355184,-0.32561130884804884
"High, Middle, Prod=1",Retained,0.0602,0.7963,0.0331,0.5498338870431894,0.6904858558874662,-0.014837259999999998,0.45249963099630996,-0.3229377790314605
"Germany, High, Inactive",Retained,0.0842,0.7963,0.0431,0.5118764845605701,0.6428186419195907,-0.023948460000000005,0.4173124087591241,-0.37762017450800583
"Germany, Middle",Retained,0.0678,0.7963,0.0347,0.5117994100294986,0.6427218510982025,-0.019289139999999996,0.41724652567975834,-0.3735564469150491
