num__CreditScore,num__Balance,num__EstimatedSalary,num__Tenure,num__NumOfProducts,num__Age,cat__Geography_Germany,cat__Geography_Spain,bin__Gender,remainder__HasCrCard,remainder__IsActiveMember,remainder__AgeGroup,Exited
0.7593984962406015,-0.7604224355583985,0.6135593614461357,0.4,0.0,1.6666666666666667,0.0,0.0,1.0,1.0,0.0,2.0,1
0.6541353383458647,0.03974769259674178,-0.3625005286274609,-0.4,0.0,-0.4166666666666667,1.0,0.0,1.0,1.0,0.0,1.0,1
0.7744360902255639,0.13170621482914371,0.1834634086946345,-1.0,1.0,0.0,1.0,0.0,0.0,1.0,1.0,1.0,0
-0.6842105263157895,-0.7604224355583985,-0.16715426454472948,0.0,1.0,0.0,0.0,0.0,1.0,1.0,0.0,1.0,0
0.3007518796992481,0.1056565652846032,0.08203582707934579,0.2,1.0,1.0,1.0,0.0,1.0,0.0,1.0,1.0,0
0.05263157894736842,-0.7604224355583985,0.34100198125100534,0.8,1.0,0.08333333333333333,0.0,0.0,0.0,1.0,1.0,1.0,0
0.9774436090225563,-0.7604224355583985,0.8542274290128383,0.8,0.0,-0.25,0.0,0.0,1.0,1.0,0.0,1.0,1
-0.7969924812030075,0.4643794664859718,0.2650773048189233,0.6,0.0,-1.0833333333333333,0.0,0.0,1.0,1.0,1.0,0.0,0
0.7819548872180451,0.21455503797425116,-0.5351187377130051,-0.6,1.0,0.3333333333333333,1.0,0.0,1.0,0.0,1.0,1.0,0
0.24812030075187969,-0.1080507700210749,-0.9176963520425082,0.2,0.0,-0.25,0.0,1.0,1.0,0.0,0.0,1.0,0
-0.9097744360902256,0.23964999857599742,0.4298473732741034,0.0,0.0,1.3333333333333333,0.0,0.0,0.0,1.0,0.0,2.0,1
-0.6917293233082706,0.14170322226909693,-0.6095940486066403,-0.4,0.0,-0.5,0.0,0.0,0.0,1.0,0.0,1.0,0
0.6090225563909775,0.041013664196058106,0.16348516195420576,0.8,0.0,-0.5,0.0,1.0,0.0,1.0,1.0,1.0,0
0.16541353383458646,0.11370760561153383,-0.7913327327529145,-0.2,0.0,-0.8333333333333334,1.0,0.0,0.0,0.0,1.0,0.0,0
-0.06015037593984962,-0.7604224355583985,-0.03070528932819022,0.8,1.0,0.0,0.0,1.0,1.0,1.0,1.0,1.0,0
0.3233082706766917,-0.7604224355583985,-0.6226052217788638,0.8,2.0,-0.4166666666666667,0.0,1.0,1.0,0.0,1.0,1.0,0
0.7368421052631579,0.4292082087265776,-0.3143177102784216,0.6,1.0,0.4166666666666667,1.0,0.0,1.0,1.0,0.0,1.0,0
0.7669172932330827,0.011993705869386083,0.0681743526437697,0.2,1.0,-0.16666666666666666,1.0,0.0,1.0,0.0,1.0,1.0,0
0.6917293233082706,-0.7604224355583985,-0.737996796421764,-0.4,1.0,-0.25,0.0,1.0,1.0,1.0,0.0,1.0,0
-0.48120300751879697,-0.2340845185298386,0.6550540426553492,0.8,0.0,-1.25,0.0,1.0,0.0,1.0,1.0,0.0,1
0.3308270676691729,0.5079763536437367,-0.2441278400709965,0.6,0.0,0.5833333333333334,0.0,0.0,1.0,0.0,0.0,1.0,0
0.9172932330827067,-0.3171135455787972,0.14125017743356766,-0.6,0.0,1.25,0.0,0.0,0.0,1.0,0.0,2.0,1
0.39097744360902253,-0.7604224355583985,0.8544039490611385,-1.0,1.0,-0.5,0.0,0.0,1.0,1.0,0.0,1.0,0
0.5338345864661654,-0.7604224355583985,0.5238121533337771,0.4,1.0,0.9166666666666666,0.0,0.0,1.0,1.0,1.0,1.0,0
-0.8721804511278195,-0.24540430097358296,-0.39200748498155025,-0.8,0.0,0.75,0.0,0.0,1.0,1.0,0.0,1.0,0
0.2932330827067669,-0.7604224355583985,0.8032963355863832,0.2,1.0,-0.16666666666666666,0.0,1.0,1.0,0.0,1.0,1.0,0
-0.3082706766917293,0.24626638077970234,-0.9131357567702966,0.4,1.0,0.25,1.0,0.0,0.0,1.0,0.0,1.0,0
0.2932330827067669,0.03272365782271611,0.583451398789785,0.4,1.0,-0.5833333333333334,1.0,0.0,1.0,0.0,0.0,0.0,0
0.05263157894736842,0.29310114034205587,0.8114239237049076,0.8,1.0,-0.25,1.0,0.0,1.0,1.0,0.0,1.0,0
0.44360902255639095,-0.7604224355583985,-0.9834031036404962,0.8,1.0,-0.6666666666666666,0.0,0.0,0.0,0.0,1.0,0.0,0
-0.6992481203007519,0.13855936929260446,-0.13855771008421883,-0.4,0.0,-1.0833333333333333,0.0,1.0,1.0,1.0,0.0,0.0,1
0.48120300751879697,0.09772641827229973,-0.7370024785121723,-0.4,0.0,0.5833333333333334,0.0,0.0,0.0,1.0,0.0,1.0,1
-0.518796992481203,-0.045510221694285764,-0.40301642814442,-0.4,0.0,0.9166666666666666,0.0,0.0,1.0,1.0,0.0,1.0,1
-0.44360902255639095,-0.7604224355583985,-0.350344562892486,0.2,0.0,0.3333333333333333,0.0,0.0,0.0,1.0,0.0,1.0,0
1.2932330827067668,0.29142124821054594,0.5478481125220763,0.6,2.0,1.9166666666666667,1.0,0.0,1.0,0.0,0.0,2.0,1
-0.6390977443609023,-0.7604224355583985,-0.4505961959520745,-0.4,0.0,0.9166666666666666,0.0,0.0,0.0,1.0,0.0,1.0,0
-0.7518796992481203,0.34376969878408203,-0.9048358392936747,0.0,0.0,-0.3333333333333333,0.0,0.0,1.0,0.0,1.0,1.0,0
-0.6616541353383458,-0.7604224355583985,-0.9365393305857911,0.2,0.0,-0.8333333333333334,0.0,0.0,0.0,0.0,0.0,0.0,0
0.7819548872180451,-0.7604224355583985,-0.6518416230849794,0.8,1.0,0.4166666666666667,0.0,0.0,0.0,1.0,0.0,1.0,0
0.6090225563909775,-0.7604224355583985,0.3288996767930183,0.0,1.0,-0.4166666666666667,0.0,1.0,0.0,1.0,0.0,1.0,0
0.9022556390977443,0.4332091271396913,-0.8358399069462353,0.8,0.0,0.8333333333333334,0.0,0.0,1.0,0.0,1.0,1.0,0
-0.18045112781954886,0.14279470947977133,-0.8873871340444647,1.0,1.0,1.1666666666666667,1.0,0.0,0.0,0.0,0.0,2.0,1
-0.5488721804511278,-0.7604224355583985,-0.8987757946244946,-0.6,1.0,0.6666666666666666,0.0,0.0,0.0,0.0,0.0,1.0,0
0.18045112781954886,-0.2660760392310167,-0.6010178522124994,-0.8,0.0,-0.25,0.0,0.0,0.0,1.0,1.0,1.0,0
-1.8120300751879699,-0.29269795369456986,-0.4698042756027856,-1.0,1.0,-0.6666666666666666,0.0,0.0,1.0,1.0,1.0,0.0,0
-0.7894736842105263,0.1918197299691511,-0.5409617863992429,0.6,1.0,1.0,1.0,0.0,1.0,1.0,0.0,1.0,1
0.5639097744360902,-0.1122409808827555,-0.40102278393938434,-0.4,1.0,-0.5,1.0,0.0,0.0,1.0,0.0,1.0,0
0.5263157894736842,-0.06174009042083454,0.5461901323810929,0.2,1.0,0.25,1.0,0.0,0.0,0.0,1.0,1.0,0
-1.1428571428571428,-0.7604224355583985,-0.15925225821346534,0.0,3.0,1.0833333333333333,0.0,1.0,0.0,1.0,1.0,1.0,1
0.2631578947368421,0.22266382189993755,1.0168341814157456,0.8,0.0,-0.25,0.0,0.0,0.0,1.0,0.0,1.0,0
0.7443609022556391,-0.7604224355583985,-0.7081436481721374,-0.2,0.0,0.9166666666666666,0.0,0.0,0.0,0.0,1.0,1.0,1
-0.6616541353383458,0.3047100325271965,-0.3707937001149758,-0.2,0.0,-0.3333333333333333,0.0,0.0,0.0,1.0,0.0,1.0,0
-0.8045112781954887,0.13606495551568695,0.8294637206966309,0.0,0.0,1.3333333333333333,1.0,0.0,1.0,1.0,0.0,2.0,1
-0.6842105263157895,-0.09334056865065558,-0.7178301730461197,-0.2,1.0,-0.25,0.0,1.0,1.0,1.0,1.0,1.0,0
-0.6090225563909775,0.3332819099294663,0.048097982425420654,0.8,2.0,0.0,1.0,0.0,1.0,1.0,0.0,1.0,1
1.443609022556391,0.5008484274016646,0.47517663823087464,-0.6,0.0,-1.5833333333333333,0.0,0.0,1.0,0.0,0.0,0.0,0
-0.07518796992481203,-0.7604224355583985,-0.015417140408436485,0.2,1.0,-0.08333333333333333,0.0,1.0,0.0,1.0,1.0,1.0,0
-0.9699248120300752,-0.7604224355583985,0.6991408190729554,-0.2,1.0,-0.4166666666666667,0.0,1.0,1.0,1.0,0.0,1.0,0
-0.5789473684210527,-0.7604224355583985,-0.3418855014001123,-0.8,1.0,0.75,0.0,0.0,1.0,1.0,1.0,1.0,0
0.5789473684210527,0.09442414255946503,0.223478060778551,0.6,0.0,-0.08333333333333333,0.0,0.0,0.0,0.0,0.0,1.0,0
-0.41353383458646614,0.2720525408770029,-0.907063753302245,-1.0,0.0,1.9166666666666667,0.0,0.0,0.0,0.0,0.0,2.0,1
1.0150375939849625,0.09308115337863317,0.01759435728674786,1.0,0.0,0.16666666666666666,0.0,1.0,1.0,1.0,1.0,1.0,0
-0.045112781954887216,-0.7604224355583985,-0.06332562186712375,-0.2,2.0,0.75,0.0,0.0,0.0,1.0,0.0,1.0,1
-0.8120300751879699,0.5051257629333811,-0.9217900430989492,1.0,1.0,-1.3333333333333333,0.0,0.0,0.0,1.0,0.0,0.0,0
0.6466165413533834,0.50315206008907,0.8379635647595152,0.0,1.0,-0.16666666666666666,0.0,0.0,1.0,1.0,0.0,1.0,0
-0.5338345864661654,-0.06076268011625038,-0.9596524180218591,-0.2,0.0,1.4166666666666667,0.0,0.0,1.0,0.0,0.0,2.0,1
0.15789473684210525,-0.7604224355583985,-0.14016949042101493,-1.0,0.0,2.3333333333333335,0.0,0.0,1.0,1.0,1.0,3.0,0
0.11278195488721804,0.37119571440642857,-0.260474598220771,0.2,0.0,0.08333333333333333,0.0,0.0,0.0,1.0,1.0,1.0,1
0.518796992481203,-0.7604224355583985,0.23645243764655438,0.4,1.0,0.25,0.0,0.0,0.0,1.0,1.0,1.0,0
-0.7819548872180451,-0.7604224355583985,-0.6921649552765199,0.2,0.0,-0.3333333333333333,0.0,1.0,1.0,1.0,1.0,1.0,0
-1.1353383458646618,-0.7604224355583985,0.13509660882449484,0.6,1.0,-0.6666666666666666,0.0,0.0,0.0,1.0,0.0,0.0,0
-1.218045112781955,-0.7604224355583985,0.7319711971818121,-0.8,2.0,0.16666666666666666,0.0,0.0,1.0,1.0,0.0,1.0,1
0.40601503759398494,0.6963473334660313,-0.3478633676565342,-0.6,1.0,0.5833333333333334,1.0,0.0,0.0,1.0,0.0,1.0,0
0.48872180451127817,0.04649797413596046,-0.513731294732903,-0.6,1.0,-0.08333333333333333,0.0,1.0,1.0,0.0,1.0,1.0,0
-0.42857142857142855,-0.7604224355583985,0.7015729525699473,0.4,1.0,-1.1666666666666667,0.0,1.0,1.0,1.0,1.0,0.0,0
0.5864661654135338,-0.7604224355583985,0.889683632275623,-0.6,1.0,2.0833333333333335,0.0,1.0,1.0,1.0,1.0,3.0,0
0.03759398496240601,-0.13132426090250274,-0.023040414735233425,-0.2,0.0,0.16666666666666666,0.0,0.0,0.0,1.0,0.0,1.0,0
-0.39849624060150374,-0.7604224355583985,0.21815179574269322,-0.4,1.0,-1.0,0.0,1.0,1.0,1.0,1.0,0.0,0
-0.24812030075187969,0.5537616213399658,-0.3498149005356291,-0.6,1.0,-0.3333333333333333,0.0,0.0,0.0,1.0,1.0,1.0,0
-0.09774436090225563,0.010223711785950315,-0.8020893145960081,-0.4,0.0,-0.5,0.0,0.0,0.0,0.0,0.0,1.0,0
-1.112781954887218,0.29680229347858916,0.36522345513974747,-0.4,1.0,0.4166666666666667,0.0,0.0,1.0,0.0,0.0,1.0,0
0.3157894736842105,0.1917389516105116,0.14344507698029602,0.4,0.0,0.08333333333333333,0.0,1.0,1.0,1.0,0.0,1.0,0
-1.5112781954887218,-0.2787102132795469,0.6959787899969759,0.8,0.0,0.08333333333333333,1.0,0.0,0.0,1.0,1.0,1.0,0
0.11278195488721804,0.38741430080160577,-0.8205989799502307,-0.8,0.0,0.25,0.0,1.0,0.0,1.0,0.0,1.0,0
0.8270676691729323,-0.7604224355583985,-0.44918853289174376,0.2,1.0,-1.5,0.0,1.0,0.0,1.0,0.0,0.0,0
-0.09022556390977443,0.277209976605224,-1.0064635519191383,1.0,0.0,1.5,0.0,0.0,1.0,1.0,0.0,2.0,0
-0.7218045112781954,-0.7604224355583985,0.09952684807840889,1.0,1.0,0.75,0.0,0.0,0.0,0.0,0.0,1.0,0
1.4210526315789473,0.08678294858951072,-0.3947074138036993,0.8,0.0,3.0833333333333335,0.0,0.0,1.0,0.0,1.0,3.0,0
-1.3759398496240602,-0.7604224355583985,0.6243389409793669,0.0,0.0,0.9166666666666666,0.0,0.0,0.0,1.0,0.0,1.0,1
-0.5488721804511278,0.3501795516440687,-0.9224159891185154,-1.0,0.0,0.3333333333333333,1.0,0.0,1.0,0.0,1.0,1.0,0
0.9172932330827067,-0.03163499119488471,0.9420061370613784,0.8,1.0,0.25,0.0,0.0,1.0,1.0,0.0,1.0,0
-0.07518796992481203,-0.7604224355583985,-0.5312390784927775,-1.0,0.0,-0.9166666666666666,0.0,0.0,1.0,0.0,0.0,0.0,0
-0.7142857142857143,0.6328046947347827,0.5263646925151335,0.2,0.0,0.4166666666666667,0.0,0.0,1.0,1.0,0.0,1.0,1
0.44360902255639095,0.0033769036338860757,-0.499165579919337,-0.8,1.0,0.6666666666666666,1.0,0.0,0.0,1.0,0.0,1.0,0
-0.07518796992481203,-0.1260688882700147,0.7695666966871703,0.6,1.0,-0.5833333333333334,0.0,0.0,1.0,1.0,0.0,0.0,0
-0.13533834586466165,0.07813308285513029,0.7561511730163503,-0.4,0.0,-0.8333333333333334,1.0,0.0,1.0,1.0,0.0,0.0,0
1.3082706766917294,0.2576361502193846,0.9276101963070056,-0.2,0.0,-0.6666666666666666,0.0,1.0,0.0,0.0,1.0,0.0,0
-1.669172932330827,0.1711081118042998,-0.9865838375044544,-0.8,0.0,-0.16666666666666666,0.0,0.0,1.0,0.0,0.0,1.0,0
0.6090225563909775,-0.7604224355583985,-0.8860323145654723,0.0,1.0,-0.75,0.0,0.0,0.0,0.0,0.0,0.0,0
-0.15037593984962405,0.2276872799431214,0.015858798271033637,-0.2,0.0,0.4166666666666667,0.0,0.0,1.0,1.0,0.0,1.0,0
-0.849624060150376,-0.7604224355583985,0.5461504741421,0.2,0.0,0.08333333333333333,0.0,1.0,1.0,1.0,1.0,1.0,1
-0.2857142857142857,0.6492096746461609,-0.866558994888508,0.4,0.0,0.3333333333333333,0.0,1.0,0.0,0.0,0.0,1.0,1
0.40601503759398494,-0.7604224355583985,-0.8900497555026128,0.6,1.0,-1.4166666666666667,0.0,1.0,1.0,1.0,1.0,0.0,0
-0.09022556390977443,-0.5081554606542601,0.429280710189114,0.0,0.0,-0.5833333333333334,1.0,0.0,0.0,0.0,1.0,0.0,0
0.44360902255639095,-0.45452011915865626,0.7765732240704559,-0.6,1.0,0.5,1.0,0.0,1.0,1.0,1.0,1.0,0
0.38345864661654133,0.10096405562831826,0.17192398547925844,0.2,0.0,0.3333333333333333,0.0,0.0,0.0,1.0,0.0,1.0,0
0.06766917293233082,0.09745485882414831,0.9084299183083719,-1.0,0.0,0.8333333333333334,1.0,0.0,0.0,0.0,0.0,1.0,1
0.08270676691729323,-0.07389233655084797,0.510593592102491,-0.2,1.0,0.5,0.0,0.0,1.0,1.0,0.0,1.0,0
-0.631578947368421,-0.7604224355583985,0.4497701189223333,0.4,1.0,-0.3333333333333333,0.0,0.0,1.0,1.0,0.0,1.0,0
0.5639097744360902,-0.1288041484819055,0.8331846447489313,0.0,1.0,0.16666666666666666,1.0,0.0,1.0,0.0,0.0,1.0,0
0.18796992481203006,0.5846187192916388,-0.4974571070720071,1.0,0.0,-0.25,0.0,1.0,0.0,1.0,1.0,1.0,0
-0.7142857142857143,-0.7604224355583985,0.45618299926420164,-0.4,0.0,-0.08333333333333333,0.0,0.0,1.0,0.0,1.0,1.0,0
-0.09022556390977443,-0.7604224355583985,0.06695199985996961,-0.4,0.0,0.16666666666666666,0.0,1.0,1.0,1.0,1.0,1.0,0
-0.7593984962406015,0.2559064277909834,-0.12786449965394872,0.4,1.0,-0.16666666666666666,0.0,0.0,1.0,0.0,0.0,1.0,0
-0.5789473684210527,0.21052583538318534,0.12158848112138786,0.6,0.0,1.25,0.0,1.0,1.0,0.0,0.0,2.0,1
-0.3458646616541353,0.17586909894404823,-0.5383708155223678,0.2,1.0,0.25,0.0,0.0,1.0,1.0,0.0,1.0,0
0.44360902255639095,0.20958407411175436,0.030475210214858404,0.0,0.0,1.3333333333333333,1.0,0.0,0.0,1.0,0.0,2.0,0
1.4887218045112782,-0.2304697065681072,0.9689524794895742,0.6,1.0,-0.75,0.0,0.0,1.0,1.0,1.0,0.0,0
-0.14285714285714285,-0.7604224355583985,-0.5196479360275811,-0.8,0.0,-0.5,0.0,0.0,1.0,1.0,0.0,1.0,0
-0.045112781954887216,0.06974905705369201,-0.8583354297431428,-0.2,0.0,-0.6666666666666666,1.0,0.0,0.0,1.0,0.0,0.0,0
-0.19548872180451127,0.3448902536679427,-0.4768328807686034,0.4,0.0,0.08333333333333333,0.0,0.0,1.0,1.0,0.0,1.0,1
0.48120300751879697,-0.7604224355583985,0.6969752543576472,-0.4,1.0,0.25,0.0,0.0,0.0,0.0,1.0,1.0,0
0.9548872180451128,0.24550419661593523,-0.9491175339116914,-0.6,0.0,0.0,1.0,0.0,0.0,1.0,1.0,1.0,1
-0.12781954887218044,-0.7604224355583985,-0.8185027149412035,0.6,1.0,-0.4166666666666667,0.0,1.0,0.0,1.0,1.0,1.0,1
0.924812030075188,-0.7604224355583985,-0.5993676401801845,-0.2,0.0,-0.8333333333333334,0.0,1.0,1.0,1.0,1.0,0.0,0
0.19548872180451127,0.11026046162990741,-0.39357398542176436,0.0,0.0,-0.9166666666666666,0.0,0.0,1.0,1.0,0.0,0.0,1
1.406015037593985,-0.7604224355583985,-0.3101694380373875,-0.4,0.0,1.1666666666666667,0.0,0.0,0.0,1.0,1.0,2.0,1
0.3007518796992481,-0.7604224355583985,-0.07786271733296304,-0.6,1.0,-0.5,0.0,0.0,0.0,1.0,0.0,1.0,1
-1.150375939849624,0.622533463962882,0.5567820507628015,-0.4,0.0,-1.3333333333333333,0.0,0.0,0.0,1.0,1.0,0.0,0
-0.9172932330827067,-0.7604224355583985,0.43364015233158887,0.6,1.0,-0.25,0.0,0.0,0.0,0.0,1.0,1.0,0
-0.7819548872180451,-0.13278140533894808,-0.17581754552552478,-0.8,1.0,-0.3333333333333333,0.0,0.0,0.0,0.0,1.0,1.0,0
-0.8646616541353384,0.3232011468489839,0.0747632419741575,-0.4,0.0,0.3333333333333333,1.0,0.0,0.0,1.0,0.0,1.0,0
0.19548872180451127,0.03169046265746141,0.9610898247614343,-0.6,1.0,0.9166666666666666,1.0,0.0,1.0,0.0,1.0,1.0,0
-0.8947368421052632,-0.1301627292178967,-0.8883192048727508,-0.2,1.0,0.5,1.0,0.0,1.0,0.0,1.0,1.0,0
0.5338345864661654,-0.7604224355583985,0.4184392924224016,-0.2,1.0,-1.4166666666666667,0.0,0.0,0.0,1.0,1.0,0.0,0
-0.8120300751879699,-0.7604224355583985,-0.012657110956061327,0.6,0.0,0.08333333333333333,0.0,0.0,1.0,1.0,1.0,1.0,0
1.4661654135338347,-0.7604224355583985,-0.23631680238072097,0.0,1.0,-0.5,0.0,1.0,1.0,1.0,1.0,1.0,0
-0.5789473684210527,0.08509381121423779,-0.3679094831358578,0.8,1.0,0.8333333333333334,1.0,0.0,1.0,1.0,1.0,1.0,1
-0.5864661654135338,-0.7604224355583985,-0.7275148581048909,0.0,1.0,-0.25,0.0,1.0,1.0,0.0,0.0,1.0,0
-0.6015037593984962,0.008255258359707987,0.21004567213496372,0.0,0.0,-0.5,0.0,1.0,1.0,0.0,1.0,1.0,0
0.49624060150375937,0.435690926643339,-0.8413914471334851,-0.8,0.0,-0.5,0.0,0.0,0.0,0.0,1.0,1.0,0
-0.11278195488721804,0.3923169438796858,-0.1501109319136775,0.6,1.0,-0.16666666666666666,1.0,0.0,1.0,1.0,1.0,1.0,0
0.39097744360902253,-0.7604224355583985,-0.6525895079682527,-0.6,0.0,-1.0833333333333333,0.0,1.0,0.0,1.0,0.0,0.0,1
-0.05263157894736842,0.41140915574510206,0.5158320570680015,0.6,0.0,-0.3333333333333333,1.0,0.0,1.0,0.0,0.0,1.0,0
-0.41353383458646614,0.2667479647438114,0.9547182380498576,0.6,0.0,-0.16666666666666666,1.0,0.0,0.0,1.0,1.0,1.0,0
-0.40601503759398494,0.13442784222396065,-0.2567982385813594,0.6,0.0,-0.16666666666666666,0.0,0.0,1.0,1.0,1.0,1.0,0
0.38345864661654133,-0.7604224355583985,-0.3248270413995475,0.2,1.0,-0.5,0.0,1.0,1.0,1.0,1.0,1.0,0
0.5413533834586466,0.4499659747607195,-0.21348295800890096,-0.6,1.0,-0.25,0.0,0.0,1.0,0.0,0.0,1.0,0
-0.2932330827067669,0.5844719706342854,-0.9617513405417467,-0.4,0.0,0.0,0.0,1.0,1.0,0.0,1.0,1.0,0
0.3308270676691729,-0.7604224355583985,0.9882618511888467,0.6,1.0,-0.5833333333333334,0.0,0.0,0.0,1.0,1.0,0.0,0
1.2105263157894737,0.31512346768409255,0.1664646404764713,-0.8,0.0,-0.8333333333333334,0.0,1.0,1.0,0.0,1.0,0.0,0
0.46616541353383456,-0.055833084802115934,-0.544213557572737,0.8,0.0,-0.9166666666666666,0.0,0.0,0.0,1.0,0.0,0.0,0
1.0676691729323309,-0.7604224355583985,-0.3213348677051487,0.8,1.0,0.0,0.0,1.0,0.0,1.0,0.0,1.0,0
0.2631578947368421,-0.7604224355583985,-0.8355901009253633,0.0,0.0,-0.08333333333333333,0.0,1.0,0.0,1.0,0.0,1.0,0
-0.40601503759398494,-0.7604224355583985,0.9831600436087312,-0.8,1.0,2.25,0.0,0.0,1.0,1.0,0.0,3.0,1
0.9097744360902256,-0.7604224355583985,-0.7617041441709865,-0.2,1.0,0.3333333333333333,0.0,0.0,1.0,1.0,1.0,1.0,0
-0.8045112781954887,0.13867031221775808,0.3741315337555625,0.6,0.0,0.0,1.0,0.0,0.0,1.0,0.0,1.0,1
-0.15037593984962405,0.0062618897850202,-0.06041298996419131,0.0,1.0,0.16666666666666666,0.0,1.0,0.0,1.0,0.0,1.0,0
1.3082706766917294,0.6068245412175102,0.637351647330933,0.6,1.0,1.5833333333333333,0.0,1.0,0.0,0.0,1.0,2.0,1
-0.8796992481203008,0.3387632425874788,-0.30577442613416633,-0.8,2.0,1.0833333333333333,0.0,1.0,0.0,0.0,0.0,1.0,1
-0.6015037593984962,0.4335479888284549,0.29311036476508573,-0.2,0.0,-0.16666666666666666,0.0,1.0,1.0,1.0,0.0,1.0,0
0.40601503759398494,-0.07400476811694646,0.390731879768587,0.2,1.0,-0.5833333333333334,0.0,1.0,1.0,0.0,0.0,0.0,1
0.3157894736842105,0.3731700440469268,-0.6913764922466483,1.0,0.0,-0.5833333333333334,0.0,0.0,1.0,1.0,1.0,0.0,0
-0.5789473684210527,-0.7604224355583985,-0.17605069099754148,-0.6,1.0,-0.5833333333333334,0.0,1.0,1.0,1.0,1.0,0.0,0
-0.19548872180451127,-0.12145128075811322,-0.811392340210452,1.0,0.0,0.5833333333333334,0.0,0.0,0.0,1.0,0.0,1.0,1
-0.05263157894736842,-0.7604224355583985,-0.3113313835550929,-0.8,1.0,0.0,0.0,0.0,0.0,1.0,1.0,1.0,0
0.7969924812030075,-0.09931777544235268,-0.245824967391192,-0.6,0.0,-0.4166666666666667,0.0,0.0,0.0,1.0,1.0,1.0,0
-0.6992481203007519,0.17003002236212916,-0.8082845856831972,0.2,0.0,2.0833333333333335,0.0,0.0,1.0,1.0,1.0,3.0,0
0.3308270676691729,0.4195568010344017,-0.9595693197014953,-0.4,0.0,-0.5,1.0,0.0,1.0,0.0,0.0,1.0,0
-1.2932330827067668,0.2550545334229078,-0.9605290899699027,1.0,0.0,0.5833333333333334,1.0,0.0,1.0,1.0,0.0,1.0,1
-0.6390977443609023,-0.7604224355583985,-0.9290168372477747,-0.8,1.0,-0.08333333333333333,0.0,0.0,1.0,0.0,0.0,1.0,0
0.5112781954887218,0.07189175982000603,-0.3019648843158694,0.4,0.0,-0.6666666666666666,1.0,0.0,0.0,1.0,1.0,0.0,1
-0.9323308270676691,0.28320238320446345,0.7058833329734622,0.4,0.0,2.0833333333333335,1.0,0.0,0.0,0.0,0.0,3.0,1
0.2631578947368421,0.43306707945374245,0.27646167249679415,0.8,1.0,-0.8333333333333334,1.0,0.0,0.0,0.0,0.0,0.0,0
-0.9097744360902256,-0.7604224355583985,-0.9693778856511409,-0.8,0.0,0.0,0.0,0.0,0.0,1.0,0.0,1.0,0
-0.7819548872180451,-0.7604224355583985,-0.6965461685656587,1.0,0.0,-0.16666666666666666,0.0,0.0,0.0,1.0,1.0,1.0,0
0.6466165413533834,-0.7604224355583985,-0.5192571797191549,0.8,1.0,-0.9166666666666666,0.0,0.0,1.0,1.0,1.0,0.0,0
-0.2781954887218045,-0.7604224355583985,-0.9839310283940984,0.6,1.0,-0.5833333333333334,0.0,0.0,1.0,0.0,0.0,0.0,0
-0.6842105263157895,0.2086984894486109,-0.29537190650723477,0.2,0.0,-0.75,0.0,1.0,1.0,1.0,1.0,0.0,0
0.0,0.42595733030110233,0.16237892195261117,-0.6,0.0,0.6666666666666666,1.0,0.0,1.0,0.0,1.0,1.0,0
1.4887218045112782,0.2328638329550553,0.3357821188615172,0.6,1.0,1.6666666666666667,0.0,1.0,0.0,1.0,1.0,2.0,0
0.5037593984962406,0.24550020079024107,0.7833970986880714,-0.2,0.0,0.25,0.0,1.0,1.0,1.0,1.0,1.0,0
-1.3233082706766917,-0.7604224355583985,-0.7840831453378638,0.2,0.0,0.25,0.0,0.0,1.0,1.0,1.0,1.0,0
0.12781954887218044,-0.2611496562473423,0.8430576042309619,-1.0,1.0,0.8333333333333334,1.0,0.0,1.0,1.0,1.0,1.0,0
-0.46616541353383456,-0.2447858098357563,0.6224642714913095,-1.0,1.0,-0.25,0.0,1.0,1.0,0.0,1.0,1.0,0
-1.1428571428571428,-0.7604224355583985,0.41724463907872295,0.2,0.0,-0.25,0.0,0.0,0.0,1.0,1.0,1.0,0
-0.24812030075187969,-0.05203994932509532,-0.806367804869199,-0.2,0.0,-0.16666666666666666,0.0,0.0,0.0,1.0,1.0,1.0,0
-1.1654135338345866,-0.08938376101922393,-0.3701495603672119,-0.2,0.0,-0.6666666666666666,0.0,0.0,0.0,0.0,0.0,0.0,1
0.47368421052631576,-0.7604224355583985,-0.3939192574096962,1.0,1.0,-0.4166666666666667,0.0,0.0,0.0,1.0,0.0,1.0,0
-2.210526315789474,0.3642251140073708,0.4345252056600381,0.6,2.0,1.25,0.0,1.0,0.0,1.0,0.0,2.0,1
-0.24812030075187969,0.1560137627205837,-0.964592321863406,-0.4,0.0,0.5833333333333334,0.0,0.0,1.0,1.0,0.0,1.0,1
1.4887218045112782,0.5695123827308404,0.5765107981182268,-0.8,0.0,1.5833333333333333,1.0,0.0,1.0,0.0,0.0,2.0,1
-0.9548872180451128,-0.7604224355583985,0.32784260074233995,-1.0,0.0,0.0,0.0,1.0,0.0,0.0,1.0,1.0,0
-0.11278195488721804,0.24981819972460928,-0.5382483655988798,0.8,0.0,-0.8333333333333334,0.0,0.0,1.0,1.0,0.0,0.0,0
0.24060150375939848,-0.13939355666838874,0.9927595861080156,0.8,0.0,-1.0833333333333333,0.0,1.0,0.0,0.0,1.0,0.0,0
-0.09022556390977443,0.1689074303906597,0.7054946209041594,1.0,0.0,-0.5,1.0,0.0,0.0,1.0,0.0,1.0,0
0.6766917293233082,0.742826856289228,0.09210370476178678,-0.6,0.0,-0.75,0.0,0.0,0.0,1.0,0.0,0.0,1
-0.03007518796992481,0.16599032093492608,0.747577736345026,0.4,0.0,1.4166666666666667,0.0,1.0,0.0,1.0,0.0,2.0,1
-0.06015037593984962,-0.6628052756964989,0.5860874451393296,0.2,0.0,0.75,0.0,1.0,0.0,0.0,0.0,1.0,1
0.9398496240601504,0.1917763243331799,-0.2655677177846121,1.0,1.0,0.0,1.0,0.0,0.0,1.0,1.0,1.0,0
-1.6917293233082706,-0.7604224355583985,-0.8748115882294247,0.6,0.0,-0.3333333333333333,0.0,0.0,1.0,1.0,1.0,1.0,0
-0.007518796992481203,0.10195282661379748,0.28856489686238684,0.6,0.0,-0.16666666666666666,1.0,0.0,1.0,1.0,0.0,1.0,1
0.8421052631578947,-0.16503680723498307,0.6017920055685074,-0.8,0.0,0.9166666666666666,0.0,1.0,0.0,1.0,0.0,1.0,1
-0.5714285714285714,0.26262850350177314,0.7582373190417171,0.4,0.0,-0.6666666666666666,1.0,0.0,1.0,0.0,1.0,0.0,0
-0.3082706766917293,-0.7604224355583985,0.031692043553025545,-0.8,1.0,0.25,0.0,0.0,1.0,1.0,1.0,1.0,0
0.43609022556390975,-0.7604224355583985,0.16309317910230559,0.0,1.0,0.0,0.0,0.0,0.0,1.0,0.0,1.0,0
0.3609022556390977,0.3721264283950581,0.9221306133368973,0.0,1.0,0.16666666666666666,1.0,0.0,0.0,1.0,1.0,1.0,0
0.5488721804511278,-0.16562615235009986,0.5218992565741133,0.4,0.0,-0.16666666666666666,0.0,0.0,1.0,1.0,0.0,1.0,0
-0.5413533834586466,0.22616549714985976,-0.04874600622751898,0.6,0.0,2.0,0.0,1.0,1.0,1.0,1.0,3.0,0
0.5939849624060151,-0.0644744104384443,-0.6714050937072827,-0.2,0.0,1.0,1.0,0.0,0.0,1.0,1.0,1.0,1
0.23308270676691728,0.34428437680338575,-0.47600649710299386,-0.4,0.0,2.9166666666666665,0.0,0.0,1.0,0.0,1.0,3.0,0
-0.5338345864661654,0.486931044858667,0.03138816740734135,1.0,0.0,-1.0833333333333333,0.0,1.0,0.0,1.0,1.0,0.0,1
-0.06015037593984962,0.3461469016739729,-0.03857366792587538,0.8,0.0,-0.3333333333333333,0.0,0.0,1.0,1.0,0.0,1.0,0
-0.46616541353383456,0.23016265478584932,-0.41565340334511636,0.4,0.0,-1.0833333333333333,0.0,0.0,1.0,1.0,0.0,0.0,0
-0.706766917293233,0.11210214552726665,0.9998108823281024,1.0,1.0,-1.0,1.0,0.0,1.0,1.0,0.0,0.0,0
-0.47368421052631576,0.18833772044960553,-0.9803886686292217,-0.6,1.0,-1.4166666666666667,1.0,0.0,0.0,1.0,0.0,0.0,0
0.8721804511278195,0.20195713975506135,-0.7657009382929814,-0.4,0.0,0.9166666666666666,1.0,0.0,1.0,1.0,1.0,1.0,1
0.7443609022556391,-0.18694317728236765,-0.1045043659198252,0.0,0.0,-0.08333333333333333,1.0,0.0,1.0,1.0,1.0,1.0,0
-0.3458646616541353,0.24698414076369396,0.9652035493612842,0.4,0.0,0.08333333333333333,0.0,1.0,1.0,1.0,1.0,1.0,0
0.2857142857142857,-0.7604224355583985,-0.8851486922044093,0.0,0.0,1.4166666666666667,0.0,0.0,1.0,1.0,0.0,2.0,1
-0.045112781954887216,0.6119470330582886,-0.33037418647268213,-0.4,1.0,0.4166666666666667,0.0,0.0,0.0,0.0,0.0,1.0,1
0.16541353383458646,0.029048046630815717,0.8453942717608935,0.2,0.0,-0.08333333333333333,1.0,0.0,0.0,1.0,0.0,1.0,0
-0.9548872180451128,-0.7604224355583985,0.7010509561098028,0.4,1.0,1.9166666666666667,0.0,1.0,0.0,0.0,1.0,2.0,0
0.5639097744360902,-0.7604224355583985,0.1940195528916849,-0.2,1.0,1.25,0.0,0.0,1.0,1.0,1.0,2.0,0
0.045112781954887216,-0.19764297994734056,-0.31997473320443565,0.8,0.0,-0.16666666666666666,0.0,1.0,1.0,1.0,1.0,1.0,0
1.4511278195488722,-0.7604224355583985,-0.4421787347258606,0.8,1.0,-0.75,0.0,0.0,0.0,1.0,1.0,0.0,0
-0.045112781954887216,-0.036487882325597215,-0.8233137295060238,-1.0,0.0,-1.0833333333333333,1.0,0.0,1.0,1.0,1.0,0.0,0
0.2932330827067669,0.09479363891188342,0.504945666040576,0.6,2.0,0.3333333333333333,1.0,0.0,0.0,1.0,1.0,1.0,1
-0.7443609022556391,0.15257006611798749,0.47280440094019677,-0.4,0.0,0.8333333333333334,0.0,1.0,1.0,0.0,0.0,1.0,1
0.5939849624060151,0.27780480618697984,0.879226327040186,-0.8,0.0,-0.5,0.0,0.0,1.0,1.0,1.0,1.0,0
-0.03759398496240601,0.15242778338346855,0.5117831348483616,-0.4,0.0,0.0,1.0,0.0,1.0,1.0,1.0,1.0,1
0.16541353383458646,-0.7604224355583985,-0.48969697093590264,-0.4,0.0,-0.75,0.0,0.0,0.0,1.0,0.0,0.0,0
0.7969924812030075,0.20123256336253278,0.030805661469146053,0.0,0.0,-1.1666666666666667,1.0,0.0,0.0,1.0,0.0,0.0,1
-0.2932330827067669,0.02657165324428338,0.5131742395717933,-0.2,0.0,-0.9166666666666666,0.0,0.0,1.0,0.0,1.0,0.0,0
0.849624060150376,-0.08618427988110779,0.048791490548013225,0.0,1.0,-0.25,1.0,0.0,1.0,1.0,1.0,1.0,0
-0.7669172932330827,-0.7604224355583985,0.8664933748126488,-1.0,1.0,-1.0,0.0,0.0,1.0,1.0,1.0,0.0,0
0.48872180451127817,-0.7604224355583985,0.6044110847333284,0.4,1.0,0.08333333333333333,0.0,0.0,1.0,1.0,1.0,1.0,0
0.2781954887218045,-0.252652337035048,-0.21317110933063577,-0.6,1.0,-0.75,1.0,0.0,0.0,0.0,0.0,0.0,0
-0.16541353383458646,0.0819251997883466,-0.5446882298971761,0.4,0.0,0.3333333333333333,0.0,1.0,1.0,0.0,1.0,1.0,0
-0.7368421052631579,-0.036184042873799435,0.2717505190131487,0.2,0.0,0.5833333333333334,0.0,0.0,0.0,1.0,0.0,1.0,0
1.1954887218045114,0.5538032249368984,-0.9152418341271159,-0.2,1.0,-0.75,1.0,0.0,0.0,1.0,1.0,0.0,0
-0.45112781954887216,-0.09686073438810339,-0.3294589806171635,0.6,0.0,0.6666666666666666,0.0,1.0,1.0,0.0,1.0,1.0,0
0.849624060150376,0.04429588243089896,-0.9235783434840455,0.4,0.0,0.0,1.0,0.0,1.0,1.0,0.0,1.0,0
-0.11278195488721804,0.2226353810229384,0.76750170853673,0.6,0.0,0.25,0.0,0.0,1.0,1.0,1.0,1.0,0
-0.5338345864661654,-0.15018518497480227,0.5199782850699124,0.0,1.0,-1.0,0.0,0.0,1.0,1.0,0.0,0.0,0
0.12030075187969924,-0.7604224355583985,-0.29297350295577823,-0.6,1.0,2.9166666666666665,0.0,0.0,1.0,1.0,1.0,3.0,0
1.1278195488721805,-0.7604224355583985,0.3595751202300075,0.0,1.0,0.3333333333333333,0.0,1.0,1.0,1.0,1.0,1.0,0
0.24060150375939848,-0.0510145107626586,-0.967637624885443,0.8,0.0,-1.5833333333333333,1.0,0.0,1.0,0.0,1.0,0.0,0
1.1428571428571428,0.08886030785329785,0.29467717184116826,0.4,0.0,-1.0,0.0,0.0,1.0,1.0,0.0,0.0,0
0.39849624060150374,0.36861237392043666,-0.8970589403967589,0.6,0.0,0.16666666666666666,0.0,1.0,0.0,1.0,1.0,1.0,0
1.0,0.079482496696882,0.47990118148077804,0.8,0.0,0.08333333333333333,1.0,0.0,0.0,0.0,0.0,1.0,0
0.3609022556390977,-0.7604224355583985,-0.5048812725081908,-0.6,1.0,-0.9166666666666666,0.0,0.0,0.0,0.0,0.0,0.0,0
-0.18796992481203006,-0.7604224355583985,0.07568550045465153,-0.8,0.0,-0.4166666666666667,0.0,0.0,0.0,1.0,0.0,1.0,0
0.6992481203007519,-0.7604224355583985,-0.5049341160895291,0.8,1.0,-0.25,0.0,1.0,1.0,1.0,0.0,1.0,0
-0.007518796992481203,-0.07947262465693193,0.7629846555578454,-0.6,0.0,-0.16666666666666666,0.0,0.0,1.0,1.0,0.0,1.0,0
0.3007518796992481,-0.7604224355583985,0.6094125201724878,0.6,0.0,0.5833333333333334,0.0,1.0,0.0,0.0,1.0,1.0,0
0.6541353383458647,0.2300576664244752,0.3574741534709967,0.6,0.0,1.4166666666666667,1.0,0.0,1.0,1.0,0.0,2.0,1
0.924812030075188,0.22061270972649388,-0.8550138478035866,-0.2,1.0,0.08333333333333333,1.0,0.0,0.0,1.0,1.0,1.0,1
-0.5939849624060151,-0.7604224355583985,0.9663979982810506,0.2,1.0,0.0,0.0,0.0,0.0,1.0,0.0,1.0,0
1.4887218045112782,0.31281113819958833,-0.004367414675056138,-1.0,1.0,-0.08333333333333333,1.0,0.0,0.0,1.0,1.0,1.0,0
-1.5413533834586466,-0.7604224355583985,-0.6701800834126223,-0.6,1.0,0.5,0.0,0.0,1.0,1.0,0.0,1.0,1
0.3684210526315789,0.21009365941203623,-0.016887766033765936,0.4,0.0,-0.3333333333333333,0.0,1.0,0.0,1.0,0.0,1.0,0
0.24812030075187969,-0.7604224355583985,-0.8240417852698009,0.8,1.0,0.16666666666666666,0.0,1.0,1.0,1.0,1.0,1.0,0
0.17293233082706766,-0.7604224355583985,0.9413589309549294,1.0,1.0,-0.4166666666666667,0.0,1.0,1.0,1.0,0.0,1.0,0
-0.9473684210526315,-0.7604224355583985,0.015829974499394495,0.8,1.0,-0.5833333333333334,0.0,0.0,1.0,0.0,0.0,0.0,0
-0.41353383458646614,0.08620739299051476,0.903340785010821,-1.0,1.0,-1.0833333333333333,0.0,1.0,1.0,1.0,1.0,0.0,0
-0.03007518796992481,0.040956939141106645,0.597369294225165,0.8,0.0,-0.75,0.0,1.0,0.0,1.0,1.0,0.0,0
0.15789473684210525,-0.1609661577460315,-0.4073277284555404,1.0,1.0,3.3333333333333335,1.0,0.0,0.0,0.0,1.0,3.0,0
-0.7969924812030075,-0.7604224355583985,-0.8068416594979887,0.2,0.0,-1.4166666666666667,0.0,0.0,0.0,0.0,1.0,0.0,0
-0.21052631578947367,0.20642188734678302,0.2900602577811088,1.0,1.0,1.1666666666666667,0.0,0.0,1.0,1.0,1.0,2.0,0
-0.3609022556390977,0.21563500780498365,-0.9421866433759691,0.8,0.0,-1.1666666666666667,0.0,1.0,1.0,1.0,1.0,0.0,0
-1.406015037593985,0.15970002944766834,-0.25091134096592604,-0.8,0.0,1.3333333333333333,1.0,0.0,1.0,0.0,0.0,2.0,1
-0.9774436090225563,-0.7604224355583985,0.47062381106733187,-0.4,1.0,-0.5833333333333334,0.0,1.0,1.0,1.0,0.0,0.0,0
1.4887218045112782,-0.7604224355583985,-0.9912632030697319,-0.4,1.0,0.5,0.0,0.0,0.0,0.0,0.0,1.0,0
-1.6015037593984962,0.4662915866048796,0.8294676047509653,0.2,0.0,-0.6666666666666666,0.0,0.0,0.0,1.0,0.0,0.0,0
-0.07518796992481203,-0.7604224355583985,-0.2796707190726105,0.6,0.0,-0.25,0.0,1.0,1.0,1.0,0.0,1.0,0
0.8646616541353384,0.40764124881462077,0.9270613181023891,0.6,0.0,3.3333333333333335,0.0,1.0,1.0,1.0,1.0,3.0,0
0.23308270676691728,0.5123553085073206,-0.9222090099072774,0.0,0.0,1.6666666666666667,1.0,0.0,0.0,0.0,0.0,2.0,1
1.4887218045112782,-0.7604224355583985,-0.04734355597695284,1.0,1.0,-0.6666666666666666,0.0,1.0,0.0,1.0,1.0,0.0,0
-0.5413533834586466,-0.7604224355583985,0.03818148065006298,-0.8,1.0,2.3333333333333335,0.0,1.0,0.0,0.0,1.0,3.0,0
0.7142857142857143,0.3358017873014932,0.31192656377585276,0.0,3.0,0.8333333333333334,0.0,0.0,0.0,0.0,1.0,1.0,1
0.40601503759398494,-0.013071246864892767,-0.24239248547919465,0.6,0.0,0.4166666666666667,0.0,1.0,0.0,1.0,1.0,1.0,0
-0.10526315789473684,0.4604842415799432,0.09751337475387681,-0.6,0.0,1.5,0.0,1.0,0.0,0.0,1.0,2.0,1
-0.6616541353383458,0.10555267381655685,-0.1266014665115941,-1.0,0.0,-0.5,0.0,0.0,1.0,1.0,1.0,1.0,0
0.022556390977443608,-0.118312050403502,1.0154911163117124,-1.0,0.0,0.25,1.0,0.0,0.0,1.0,1.0,1.0,1
0.9548872180451128,-0.7604224355583985,-0.7512070784846006,0.0,1.0,0.4166666666666667,0.0,0.0,0.0,0.0,0.0,1.0,0
1.3909774436090225,-0.7604224355583985,-0.542252110133894,-0.6,1.0,0.08333333333333333,0.0,0.0,0.0,1.0,1.0,1.0,0
-0.48120300751879697,0.2686316439857201,-0.9445611293296827,-0.6,1.0,0.3333333333333333,1.0,0.0,1.0,0.0,1.0,1.0,0
-0.42857142857142855,-0.7604224355583985,-0.5928199422681321,0.8,1.0,-0.3333333333333333,0.0,0.0,0.0,1.0,1.0,1.0,0
-0.08270676691729323,-0.7604224355583985,0.27126276355832013,-0.2,1.0,-0.16666666666666666,0.0,0.0,0.0,0.0,0.0,1.0,0
0.2857142857142857,-0.03507712080701267,-0.29269763288608364,-0.4,1.0,0.4166666666666667,0.0,0.0,0.0,0.0,0.0,1.0,0
0.2706766917293233,0.42014591110094823,0.9892015879138453,0.6,1.0,0.25,1.0,0.0,0.0,0.0,1.0,1.0,0
0.18796992481203006,0.23249645203976912,-0.7496281081857341,-0.4,0.0,-0.25,1.0,0.0,1.0,1.0,1.0,1.0,1
0.05263157894736842,0.45857243485912885,0.5541517282828022,-0.6,0.0,-0.4166666666666667,0.0,0.0,0.0,0.0,1.0,1.0,0
-0.15789473684210525,-0.7604224355583985,0.6012301464454579,-0.6,1.0,-0.3333333333333333,0.0,1.0,1.0,1.0,1.0,1.0,0
0.23308270676691728,0.011846095367274961,0.904985375385547,0.6,0.0,-1.0833333333333333,0.0,1.0,0.0,1.0,0.0,0.0,0
-0.6466165413533834,-0.7604224355583985,-0.9793997679533067,-0.4,1.0,-1.3333333333333333,0.0,0.0,0.0,1.0,1.0,0.0,0
0.43609022556390975,0.26657073812184995,0.20342039534818052,-0.4,1.0,2.0833333333333335,0.0,1.0,1.0,1.0,0.0,3.0,1
-0.7744360902255639,0.2971837773080898,-0.9541029220737326,-0.4,0.0,0.5,1.0,0.0,0.0,1.0,0.0,1.0,0
0.05263157894736842,0.07075960920668009,-0.7415100257791332,-0.8,1.0,0.5,0.0,0.0,1.0,1.0,0.0,1.0,0
-0.6691729323308271,-0.7604224355583985,-0.8149038319645664,0.2,1.0,-0.4166666666666667,0.0,1.0,1.0,1.0,1.0,1.0,0
0.5864661654135338,0.1526441064176134,0.4725530617399824,-0.8,0.0,0.16666666666666666,0.0,0.0,1.0,0.0,0.0,1.0,0
0.6691729323308271,0.23990816025564507,-0.2574390053345698,-1.0,1.0,-0.08333333333333333,1.0,0.0,0.0,1.0,0.0,1.0,0
-1.0075187969924813,-0.7604224355583985,-0.23438376986569237,-0.4,1.0,0.75,0.0,0.0,1.0,1.0,0.0,1.0,0
-0.631578947368421,0.01745223881608543,0.35931591070916835,-0.8,0.0,0.25,1.0,0.0,1.0,0.0,0.0,1.0,1
0.924812030075188,0.2982407123789387,-0.6297309283030402,0.2,0.0,3.3333333333333335,1.0,0.0,0.0,1.0,0.0,3.0,0
-0.09022556390977443,-0.7604224355583985,-0.9884228350198095,-0.4,1.0,-0.6666666666666666,0.0,0.0,0.0,1.0,0.0,0.0,0
0.8045112781954887,0.11000613907690705,0.007060393084185676,-0.6,1.0,0.5833333333333334,0.0,0.0,1.0,1.0,0.0,1.0,0
-0.8270676691729323,-0.7604224355583985,0.9935490712574487,0.4,1.0,-0.6666666666666666,0.0,0.0,0.0,0.0,1.0,0.0,0
1.0902255639097744,-0.7604224355583985,0.5166239953043829,-0.8,0.0,-0.6666666666666666,0.0,0.0,1.0,0.0,1.0,0.0,0
-0.46616541353383456,0.5707588452988269,0.29446487760820955,0.2,0.0,0.0,0.0,1.0,1.0,1.0,1.0,1.0,0
0.3082706766917293,0.38803028475468315,-0.8668962943438588,0.2,0.0,-1.0,1.0,0.0,1.0,0.0,1.0,0.0,0
0.18045112781954886,-0.1291624408524758,-0.3150679460366868,-0.8,0.0,-1.4166666666666667,0.0,0.0,1.0,0.0,0.0,0.0,0
0.3609022556390977,-0.7604224355583985,0.05988373645515904,0.6,1.0,0.4166666666666667,0.0,0.0,0.0,1.0,1.0,1.0,0
0.42105263157894735,-0.7604224355583985,0.22497812344725673,-0.4,0.0,-0.25,0.0,0.0,1.0,0.0,1.0,1.0,1
-0.2781954887218045,0.05651002468440905,-0.3741090471252058,-0.8,0.0,2.0,0.0,0.0,0.0,1.0,0.0,3.0,1
0.8872180451127819,-0.0568426184112997,0.06618990751478913,-0.6,0.0,-0.08333333333333333,0.0,0.0,1.0,1.0,1.0,1.0,0
-0.6390977443609023,0.5411077032115353,0.29007998468864893,0.0,1.0,-0.16666666666666666,0.0,0.0,0.0,1.0,0.0,1.0,0
0.9473684210526315,0.20507451059264015,0.8358295835386624,0.4,0.0,-0.6666666666666666,1.0,0.0,0.0,1.0,0.0,0.0,0
0.45864661654135336,-0.08352846608595832,0.31230035289955527,0.0,0.0,0.5,0.0,0.0,1.0,1.0,1.0,1.0,0
0.3308270676691729,0.13347808930114147,0.6177809196597417,-0.2,0.0,0.5,1.0,0.0,1.0,0.0,1.0,1.0,0
-0.518796992481203,0.04314774851479658,-0.06887900186958443,0.0,0.0,0.8333333333333334,0.0,1.0,1.0,1.0,0.0,1.0,0
-0.21052631578947367,-0.7604224355583985,0.12427910865552559,-1.0,1.0,-0.08333333333333333,0.0,1.0,0.0,1.0,0.0,1.0,0
1.0075187969924813,0.5393665417527157,-0.33187465798921245,0.4,1.0,0.0,0.0,0.0,1.0,1.0,1.0,1.0,0
-0.21804511278195488,0.18376618245747114,0.43668525092971366,-0.2,0.0,-0.8333333333333334,0.0,0.0,1.0,0.0,0.0,0.0,0
-0.9699248120300752,0.5056188164842227,-0.49151971675022715,-0.6,0.0,-0.25,0.0,0.0,1.0,1.0,1.0,1.0,0
-0.48120300751879697,-0.7604224355583985,-0.07063806963521707,-0.6,1.0,-0.08333333333333333,0.0,0.0,0.0,1.0,0.0,1.0,1
0.09774436090225563,0.6716637862117296,-0.3650401891023402,-0.8,1.0,-0.6666666666666666,0.0,1.0,1.0,1.0,1.0,0.0,0
-0.3082706766917293,-0.7604224355583985,-0.26433810795192425,0.4,0.0,1.25,0.0,1.0,1.0,0.0,1.0,2.0,1
0.007518796992481203,-0.7604224355583985,0.7254975007260244,-0.4,0.0,1.1666666666666667,0.0,0.0,1.0,1.0,0.0,2.0,1
-1.8120300751879699,-0.7604224355583985,-0.23330338948900797,0.8,0.0,1.4166666666666667,0.0,0.0,0.0,0.0,1.0,2.0,0
-0.2631578947368421,-0.7604224355583985,-0.8829134189349951,0.0,1.0,-0.16666666666666666,0.0,0.0,0.0,0.0,1.0,1.0,0
-0.3007518796992481,0.671062923716671,0.7399135772357621,-0.8,0.0,-1.0833333333333333,0.0,0.0,1.0,1.0,1.0,0.0,0
0.21804511278195488,-0.7604224355583985,-0.33811316473385994,0.6,0.0,-0.6666666666666666,0.0,0.0,1.0,1.0,0.0,0.0,0
1.1578947368421053,-0.7604224355583985,0.04598147944907245,-0.8,1.0,2.5,0.0,0.0,0.0,0.0,1.0,3.0,0
0.5939849624060151,0.24975677369825297,0.8306313900838815,-0.8,0.0,0.0,0.0,1.0,0.0,1.0,1.0,1.0,0
-0.11278195488721804,0.09905937871413467,-0.11300196131967401,-0.4,0.0,0.16666666666666666,1.0,0.0,0.0,1.0,1.0,1.0,1
0.03759398496240601,0.09673803903443771,-0.3371289658079288,0.6,0.0,0.3333333333333333,0.0,1.0,1.0,1.0,1.0,1.0,0
-0.11278195488721804,-0.7604224355583985,1.0055624513135708,-0.4,1.0,-0.4166666666666667,0.0,0.0,1.0,1.0,1.0,1.0,0
0.6390977443609023,0.5126460635887081,0.5103890659782012,-0.6,1.0,0.25,1.0,0.0,0.0,1.0,0.0,1.0,0
-0.16541353383458646,-0.7604224355583985,0.34568942156082005,-0.8,1.0,-0.75,0.0,0.0,0.0,1.0,1.0,0.0,0
-0.6992481203007519,-0.7604224355583985,-0.8017591699775889,0.0,0.0,0.75,0.0,0.0,0.0,1.0,0.0,1.0,1
0.8796992481203008,-0.0040192130268305246,1.006162026648446,-0.6,1.0,0.9166666666666666,0.0,0.0,1.0,0.0,1.0,1.0,0
-0.14285714285714285,0.21331985773763631,-0.4020034054468497,0.6,0.0,-0.9166666666666666,0.0,0.0,0.0,1.0,1.0,0.0,0
-0.3458646616541353,0.09617337401919614,-0.24108662552720622,-0.8,0.0,1.3333333333333333,0.0,1.0,0.0,1.0,1.0,2.0,0
1.218045112781955,0.1709255574147462,0.02307179380577659,-0.8,0.0,-0.5,0.0,0.0,1.0,1.0,0.0,1.0,0
-0.8571428571428571,-0.7604224355583985,0.5459040411157815,0.8,0.0,0.4166666666666667,0.0,1.0,0.0,0.0,0.0,1.0,0
1.2706766917293233,0.3037782216452388,0.33046801704844314,-1.0,1.0,0.6666666666666666,1.0,0.0,1.0,1.0,1.0,1.0,0
-0.6165413533834586,-0.7604224355583985,-1.0080805450656989,-0.4,1.0,0.75,0.0,0.0,0.0,0.0,0.0,1.0,0
0.46616541353383456,0.3456615263764258,-0.005630652241322988,0.0,0.0,-0.25,0.0,0.0,1.0,0.0,1.0,1.0,0
0.022556390977443608,-0.7604224355583985,-0.09154726287241408,0.8,0.0,0.08333333333333333,0.0,1.0,1.0,0.0,1.0,1.0,0
-1.2781954887218046,0.28250162506705256,-0.19920077916174195,-0.6,0.0,-0.16666666666666666,0.0,0.0,0.0,0.0,1.0,1.0,0
-0.21804511278195488,0.262487317660582,-0.5270685240452989,-1.0,0.0,-0.16666666666666666,0.0,0.0,0.0,1.0,1.0,1.0,0
-1.5037593984962405,-0.7604224355583985,0.5127756129427423,0.6,1.0,-0.16666666666666666,0.0,0.0,0.0,1.0,1.0,1.0,0
-0.43609022556390975,-0.1233597967989441,0.8628842706403952,0.4,0.0,1.0833333333333333,0.0,0.0,1.0,1.0,1.0,1.0,0
1.0977443609022557,0.2507183573991077,0.5897696308602427,-0.2,0.0,0.08333333333333333,1.0,0.0,0.0,1.0,0.0,1.0,0
0.23308270676691728,-0.7604224355583985,-0.6200434835214524,0.8,1.0,-0.3333333333333333,0.0,0.0,0.0,1.0,1.0,1.0,0
0.5488721804511278,0.05558518691003543,-0.382467327628799,0.6,0.0,0.25,1.0,0.0,1.0,1.0,0.0,1.0,0
0.7969924812030075,-0.7604224355583985,-0.9076785582185889,-0.8,1.0,1.5833333333333333,0.0,1.0,1.0,1.0,1.0,2.0,0
-0.10526315789473684,0.3703656012058618,-0.26030410867788456,0.8,0.0,0.3333333333333333,1.0,0.0,0.0,1.0,0.0,1.0,1
0.5488721804511278,-0.7604224355583985,-0.3896371897180395,0.2,0.0,-0.5,0.0,0.0,0.0,0.0,0.0,1.0,0
0.45112781954887216,0.6724969550437093,-0.9851795474386772,-0.6,0.0,-0.3333333333333333,0.0,0.0,1.0,1.0,0.0,1.0,0
-0.05263157894736842,-0.7604224355583985,-0.026397055375754812,0.6,1.0,0.16666666666666666,0.0,0.0,1.0,0.0,0.0,1.0,0
0.2631578947368421,-0.7604224355583985,0.9066574607764815,-0.6,2.0,0.16666666666666666,0.0,1.0,0.0,0.0,0.0,1.0,1
0.09022556390977443,-0.7604224355583985,-0.8600406318078755,0.2,1.0,1.6666666666666667,0.0,0.0,1.0,1.0,1.0,2.0,0
1.1954887218045114,0.4093139327899768,0.8881483064820396,-0.8,1.0,-0.25,1.0,0.0,0.0,1.0,1.0,1.0,0
0.924812030075188,-0.10619090903428377,0.3004456057994042,-0.4,1.0,-0.3333333333333333,1.0,0.0,1.0,1.0,0.0,1.0,0
0.9924812030075187,0.310716698739697,0.7203283354667952,0.0,0.0,0.08333333333333333,0.0,0.0,1.0,0.0,1.0,1.0,0
0.8270676691729323,0.5630635901577172,-0.6950608244186409,1.0,0.0,1.9166666666666667,0.0,1.0,0.0,1.0,0.0,2.0,1
-0.015037593984962405,-0.7604224355583985,-1.0062210029471543,0.2,1.0,-0.8333333333333334,0.0,0.0,0.0,1.0,0.0,0.0,0
-0.3157894736842105,0.1442169883782977,-0.5812374878192097,0.4,0.0,-0.08333333333333333,1.0,0.0,1.0,0.0,1.0,1.0,0
-0.5263157894736842,-0.7604224355583985,-0.2706164773594769,0.2,1.0,-0.3333333333333333,0.0,1.0,1.0,0.0,1.0,1.0,0
-0.8721804511278195,-0.7604224355583985,0.3756361959622955,-0.2,0.0,-0.75,0.0,1.0,0.0,1.0,1.0,0.0,0
-1.3533834586466165,0.04258394534431267,0.8358650510874523,0.6,0.0,-0.6666666666666666,0.0,0.0,1.0,0.0,1.0,0.0,0
-0.7819548872180451,-0.16366819775999505,0.3484465890784226,0.2,0.0,1.6666666666666667,0.0,0.0,1.0,1.0,1.0,2.0,0
0.556390977443609,-0.7604224355583985,-0.9470904663969892,-0.2,1.0,0.08333333333333333,0.0,0.0,0.0,0.0,0.0,1.0,0
-1.2481203007518797,-0.7604224355583985,-0.6955272175746307,-0.6,1.0,-0.9166666666666666,0.0,0.0,1.0,1.0,1.0,0.0,0
-0.03759398496240601,0.36106410248525084,-0.9862582924240628,0.2,1.0,-0.5833333333333334,1.0,0.0,1.0,1.0,0.0,0.0,0
0.6691729323308271,-0.7604224355583985,-0.6055024017893227,0.0,0.0,0.16666666666666666,0.0,0.0,1.0,0.0,1.0,1.0,0
-2.0977443609022557,-0.7604224355583985,-0.2213969231390366,0.4,0.0,0.4166666666666667,0.0,0.0,1.0,1.0,0.0,1.0,1
1.4887218045112782,0.1796470346135267,0.9412511995531294,0.0,0.0,-0.08333333333333333,1.0,0.0,1.0,1.0,0.0,1.0,1
-0.6691729323308271,0.6778620170089764,-0.34179872344932655,-0.6,0.0,-0.16666666666666666,0.0,0.0,0.0,1.0,1.0,1.0,1
-0.8270676691729323,-0.24376797117709081,-0.3204724032190124,0.6,0.0,0.08333333333333333,0.0,0.0,1.0,1.0,1.0,1.0,1
0.6766917293233082,-0.7604224355583985,-0.974863499126663,0.6,1.0,-1.0833333333333333,0.0,1.0,1.0,1.0,0.0,0.0,0
0.6842105263157895,0.27328599742410276,-0.03114674276687515,-0.6,0.0,2.3333333333333335,1.0,0.0,1.0,1.0,1.0,3.0,1
0.3157894736842105,0.21163910376136869,-0.2201652690672253,-0.2,0.0,-0.3333333333333333,1.0,0.0,1.0,1.0,1.0,1.0,0
-1.7969924812030076,-0.7604224355583985,-0.9496794952466971,0.8,1.0,-0.25,0.0,0.0,1.0,0.0,0.0,1.0,0
0.8120300751879699,-0.7604224355583985,-0.7599026584435447,-0.8,1.0,1.6666666666666667,0.0,1.0,0.0,1.0,1.0,2.0,0
-0.8345864661654135,-0.7604224355583985,0.2590960655679478,0.0,1.0,-0.08333333333333333,0.0,0.0,1.0,1.0,0.0,1.0,0
-1.1879699248120301,0.610205636550899,-0.6067569513393154,0.4,0.0,0.08333333333333333,1.0,0.0,0.0,1.0,0.0,1.0,0
-1.4285714285714286,0.6256865621831373,-0.1927683763362457,-0.2,0.0,-0.8333333333333334,0.0,0.0,1.0,1.0,0.0,0.0,0
1.4887218045112782,-0.7604224355583985,-0.8479023487413175,0.0,1.0,0.08333333333333333,0.0,0.0,1.0,1.0,0.0,1.0,0
-0.3458646616541353,-0.10885487117986829,0.17824385294101486,0.0,0.0,-0.4166666666666667,0.0,0.0,1.0,1.0,1.0,1.0,0
-0.8872180451127819,0.5762265451397656,-0.9629021449562299,0.0,0.0,-0.25,0.0,1.0,1.0,0.0,1.0,1.0,0
-0.045112781954887216,0.05542519718322496,0.8416941989476513,-1.0,1.0,1.0833333333333333,0.0,0.0,1.0,1.0,0.0,1.0,1
0.5864661654135338,0.4576819141760103,-0.4674015791491699,-1.0,0.0,-0.16666666666666666,0.0,0.0,0.0,1.0,1.0,1.0,0
-0.6466165413533834,-0.7604224355583985,0.830525089649468,0.2,0.0,0.4166666666666667,0.0,0.0,0.0,1.0,0.0,1.0,1
0.18796992481203006,-0.7604224355583985,-0.6254828971927872,-0.4,1.0,0.0,0.0,0.0,0.0,1.0,1.0,1.0,0
0.9323308270676691,0.057150532038314904,-0.2038504010477748,-0.6,0.0,0.16666666666666666,0.0,1.0,1.0,0.0,0.0,1.0,0
-0.12030075187969924,0.18422531066467465,0.9271963400964858,-0.4,0.0,0.9166666666666666,1.0,0.0,0.0,1.0,0.0,1.0,1
-1.0225563909774436,0.09662208173978563,0.22403337833640588,0.2,0.0,0.8333333333333334,0.0,0.0,0.0,0.0,0.0,1.0,0
-0.45112781954887216,0.10197938710223467,-0.5675378149102459,0.4,0.0,-0.5,0.0,1.0,1.0,0.0,0.0,1.0,0
0.3609022556390977,0.17201187355687528,0.4341911769872847,-0.2,0.0,-0.9166666666666666,0.0,0.0,1.0,1.0,0.0,0.0,0
-0.5488721804511278,0.5126222453335906,-0.827801754289357,1.0,0.0,-0.9166666666666666,0.0,0.0,0.0,1.0,1.0,0.0,0
-0.9774436090225563,0.11264299228739046,0.7076811390704821,-0.8,0.0,-1.0,1.0,0.0,1.0,1.0,1.0,0.0,0
-0.8195488721804511,-0.7604224355583985,0.025127787304074,0.0,1.0,0.4166666666666667,0.0,0.0,0.0,0.0,0.0,1.0,0
-0.15037593984962405,0.3964136054104106,1.0244488699382244,0.0,0.0,0.25,0.0,0.0,1.0,1.0,1.0,1.0,0
0.0,-0.7604224355583985,0.15565664601942564,1.0,1.0,3.1666666666666665,0.0,1.0,0.0,1.0,1.0,3.0,0
0.5413533834586466,0.5870557812174177,0.6936729904778066,-1.0,1.0,-0.16666666666666666,1.0,0.0,0.0,0.0,1.0,1.0,0
0.47368421052631576,0.6131020617324514,0.8954205849513596,0.6,0.0,-0.4166666666666667,0.0,0.0,1.0,1.0,0.0,1.0,0
0.6541353383458647,0.10610574310233314,0.6201784033035928,-0.8,0.0,1.75,1.0,0.0,1.0,0.0,1.0,2.0,1
-0.09022556390977443,-0.7604224355583985,0.5806982175384728,-0.4,0.0,0.75,0.0,1.0,0.0,1.0,1.0,1.0,0
-0.11278195488721804,0.32091381086244836,0.41754912849614395,-0.6,1.0,0.3333333333333333,1.0,0.0,1.0,1.0,0.0,1.0,0
-0.6240601503759399,0.215229078924178,0.9643375074566818,1.0,0.0,-0.16666666666666666,0.0,0.0,1.0,1.0,1.0,1.0,0
0.9172932330827067,0.27531078415767934,0.6482137119127908,-0.6,1.0,0.4166666666666667,1.0,0.0,1.0,1.0,1.0,1.0,0
0.8646616541353384,0.27577524013247495,0.16476189149868672,0.2,0.0,-0.16666666666666666,1.0,0.0,0.0,1.0,0.0,1.0,1
0.5263157894736842,-0.7604224355583985,0.1272145338246832,0.2,1.0,0.25,0.0,0.0,1.0,1.0,1.0,1.0,0
0.2556390977443609,-0.7604224355583985,-0.9263527848222403,-0.2,0.0,-0.16666666666666666,0.0,0.0,1.0,1.0,0.0,1.0,0
0.9624060150375939,0.3801947056171397,0.5637154965974279,0.2,0.0,-0.3333333333333333,0.0,1.0,0.0,1.0,1.0,1.0,0
-0.45864661654135336,0.27195570086606385,0.19762804379220156,0.8,0.0,-0.3333333333333333,0.0,0.0,1.0,1.0,0.0,1.0,0
1.4887218045112782,0.21642649469050745,-0.2916203188680844,-0.8,0.0,2.0833333333333335,0.0,0.0,0.0,1.0,0.0,3.0,1
1.1729323308270676,0.21281129098115886,0.7358792713258538,-0.4,0.0,0.16666666666666666,1.0,0.0,1.0,0.0,1.0,1.0,0
-0.21804511278195488,0.16777951065159813,0.6045153409286187,0.0,0.0,0.9166666666666666,0.0,0.0,1.0,1.0,1.0,1.0,0
-1.0676691729323309,0.7412653502875955,0.32570473546715273,0.2,0.0,1.25,0.0,0.0,0.0,1.0,1.0,2.0,1
0.46616541353383456,0.4377501871672178,-0.49620869023938435,0.2,0.0,-0.5,0.0,1.0,0.0,1.0,1.0,1.0,0
0.39097744360902253,0.5448397260602933,0.5762327815974531,0.2,0.0,-1.1666666666666667,0.0,0.0,1.0,1.0,1.0,0.0,0
0.9022556390977443,0.02139047761046799,0.999541860459471,0.2,1.0,-0.5833333333333334,1.0,0.0,1.0,0.0,0.0,0.0,0
-1.1353383458646618,-0.7604224355583985,-0.7366001722526992,0.0,0.0,-0.25,0.0,0.0,0.0,1.0,0.0,1.0,0
0.9398496240601504,0.08075998567614012,-1.0114858385973557,-1.0,0.0,0.75,1.0,0.0,0.0,1.0,0.0,1.0,0
-1.2406015037593985,-0.7604224355583985,0.6061495056838154,-0.8,1.0,-0.5,0.0,1.0,0.0,1.0,0.0,1.0,0
-0.21804511278195488,-0.7604224355583985,0.17082786446132442,0.0,1.0,-1.0833333333333333,0.0,0.0,0.0,1.0,0.0,0.0,0
-0.03007518796992481,0.013636460326798185,-0.10551289129132413,-0.6,1.0,0.4166666666666667,0.0,1.0,1.0,1.0,0.0,1.0,0
-0.23308270676691728,-0.7604224355583985,0.3514499851984311,-1.0,0.0,0.8333333333333334,0.0,0.0,1.0,1.0,1.0,1.0,1
-0.7443609022556391,-0.7604224355583985,-0.6702002191679871,-0.6,1.0,0.0,0.0,0.0,1.0,1.0,0.0,1.0,0
-0.42105263157894735,-0.7604224355583985,0.22610746335094487,0.4,1.0,0.4166666666666667,0.0,0.0,1.0,1.0,1.0,1.0,0
0.06015037593984962,0.6539454332393702,0.24943437819931413,0.2,0.0,-0.6666666666666666,1.0,0.0,0.0,1.0,1.0,0.0,0
-1.6541353383458646,0.43521832231810864,0.11057596054005225,0.8,0.0,0.4166666666666667,0.0,0.0,1.0,1.0,0.0,1.0,1
1.0,0.25699094189407384,0.7233323448585408,-0.2,1.0,2.0,0.0,1.0,0.0,1.0,0.0,3.0,1
0.8796992481203008,0.3148399207588591,-0.286878501797589,0.4,0.0,-0.25,1.0,0.0,0.0,1.0,1.0,1.0,1
0.15037593984962405,-0.7604224355583985,-0.07583360557913743,0.8,0.0,0.6666666666666666,0.0,0.0,0.0,1.0,1.0,1.0,1
-1.3157894736842106,-0.010808512628709238,0.6465188332556312,-0.6,1.0,-1.0833333333333333,1.0,0.0,0.0,0.0,0.0,0.0,1
0.43609022556390975,0.29947393387746807,0.4369889226514855,-0.6,0.0,-0.8333333333333334,0.0,1.0,0.0,1.0,0.0,0.0,0
1.4887218045112782,0.002231746999673566,-0.10866858322602148,0.2,0.0,0.25,0.0,0.0,1.0,0.0,1.0,1.0,0
-0.9924812030075187,0.28791212975589936,-0.09345167603971609,0.6,1.0,2.0,1.0,0.0,1.0,1.0,1.0,3.0,0
-0.21804511278195488,0.4004654510137428,0.1024511321443442,0.4,1.0,-1.0833333333333333,0.0,0.0,0.0,1.0,1.0,0.0,0
-0.6541353383458647,0.07158760697011465,0.5123747376506557,0.2,0.0,-0.08333333333333333,0.0,0.0,1.0,1.0,0.0,1.0,0
0.8947368421052632,-0.7604224355583985,-0.06676760949104457,0.0,1.0,0.3333333333333333,0.0,1.0,0.0,0.0,1.0,1.0,0
0.43609022556390975,-0.7604224355583985,0.3550962945227295,0.2,1.0,-1.1666666666666667,0.0,1.0,1.0,1.0,1.0,0.0,0
0.5338345864661654,0.2120482449726342,0.6413941301973345,-0.4,0.0,-0.5833333333333334,0.0,0.0,1.0,1.0,0.0,0.0,0
-0.38345864661654133,-0.039173077192026756,0.6664738778820098,-0.4,0.0,0.25,0.0,0.0,0.0,0.0,1.0,1.0,1
0.43609022556390975,0.4823823065778461,-0.1629979175591581,0.0,0.0,0.8333333333333334,0.0,0.0,1.0,0.0,0.0,1.0,1
-0.7293233082706767,0.33592385585897144,0.0641190932828474,1.0,0.0,0.25,0.0,0.0,1.0,1.0,1.0,1.0,0
-0.38345864661654133,0.24125945448595876,0.7543113578053459,1.0,0.0,0.25,0.0,0.0,1.0,0.0,0.0,1.0,0
0.6766917293233082,0.49697114453649777,-0.7198165602022675,0.2,0.0,-0.4166666666666667,0.0,0.0,1.0,1.0,0.0,1.0,0
0.849624060150376,-0.04313427239676955,-0.5346451897200838,-0.6,0.0,0.6666666666666666,0.0,1.0,1.0,1.0,1.0,1.0,0
0.2781954887218045,0.2594597353768352,0.5254659427845579,-1.0,1.0,0.6666666666666666,1.0,0.0,1.0,1.0,0.0,1.0,0
-0.45112781954887216,-0.7604224355583985,-0.8773151678837772,0.8,3.0,1.9166666666666667,0.0,0.0,1.0,1.0,1.0,2.0,1
0.18796992481203006,0.40148994938189864,0.8531326367503347,-1.0,1.0,-1.0833333333333333,0.0,0.0,0.0,0.0,0.0,0.0,0
1.1804511278195489,0.1648746237215169,0.013012399715697466,1.0,0.0,1.0833333333333333,1.0,0.0,1.0,1.0,1.0,1.0,1
-0.022556390977443608,-0.7604224355583985,-0.08462894440730036,-0.8,0.0,-0.4166666666666667,0.0,1.0,1.0,0.0,1.0,1.0,1
-0.7368421052631579,-0.7604224355583985,0.17683363458177995,0.6,1.0,2.4166666666666665,0.0,1.0,1.0,1.0,1.0,3.0,0
-0.8195488721804511,0.34365405488752354,0.5955301944978538,-0.2,0.0,-0.5833333333333334,0.0,0.0,1.0,1.0,0.0,0.0,0
-0.7969924812030075,-0.7604224355583985,1.0051819162007611,-0.6,0.0,0.6666666666666666,0.0,1.0,0.0,0.0,0.0,1.0,1
0.9172932330827067,0.2644658781753446,0.5401221151793316,0.8,0.0,-0.08333333333333333,1.0,0.0,1.0,1.0,0.0,1.0,0
-0.8646616541353384,-0.06339914157911668,0.9239244331676266,-1.0,1.0,-0.75,0.0,0.0,1.0,1.0,1.0,0.0,0
0.022556390977443608,0.13128798507316222,-0.23102672037734623,-0.4,1.0,-0.75,0.0,1.0,0.0,0.0,1.0,0.0,0
-0.007518796992481203,0.19458037542662782,-0.4590996174334247,-0.4,0.0,-0.6666666666666666,1.0,0.0,1.0,1.0,0.0,0.0,1
-0.06766917293233082,-0.10908647237107877,-0.7981328941966992,-0.4,0.0,-0.25,0.0,1.0,1.0,1.0,1.0,1.0,0
0.21804511278195488,0.4002774905070738,-0.48474582377917735,-0.6,0.0,-0.6666666666666666,0.0,0.0,0.0,1.0,1.0,0.0,0
1.4887218045112782,0.1366155176167141,0.002479048784872259,0.0,0.0,0.16666666666666666,1.0,0.0,0.0,1.0,0.0,1.0,0
-0.631578947368421,-0.7604224355583985,-0.33587237201881276,-0.2,2.0,1.1666666666666667,0.0,0.0,1.0,1.0,1.0,2.0,0
-0.08270676691729323,-0.7604224355583985,0.5335639916477501,0.8,0.0,0.25,0.0,0.0,0.0,0.0,0.0,1.0,1
-1.2406015037593985,-0.05879579368047629,-0.09577352283600359,1.0,0.0,1.3333333333333333,0.0,0.0,0.0,0.0,1.0,2.0,0
0.38345864661654133,0.4358603966624826,0.8607185015011743,0.2,0.0,0.16666666666666666,0.0,1.0,1.0,0.0,0.0,1.0,0
0.2556390977443609,-0.7604224355583985,0.43833505411420387,0.6,1.0,-1.25,0.0,1.0,1.0,0.0,0.0,0.0,0
0.2706766917293233,0.20754056184208194,0.5950481629125706,0.4,0.0,0.08333333333333333,0.0,0.0,0.0,1.0,1.0,1.0,0
0.3383458646616541,-0.7604224355583985,-0.7451625700327579,-0.2,1.0,0.25,0.0,0.0,1.0,0.0,1.0,1.0,0
1.0601503759398496,0.17582498816236636,-0.7110471832109708,0.6,1.0,1.5833333333333333,0.0,0.0,1.0,1.0,0.0,2.0,0
-1.2932330827067668,0.19251852936847652,-0.17385037421713628,0.0,0.0,0.16666666666666666,0.0,1.0,1.0,1.0,1.0,1.0,0
-0.3157894736842105,0.2537361459924278,0.032620025903065036,-0.2,1.0,-0.08333333333333333,0.0,0.0,1.0,1.0,0.0,1.0,0
0.42857142857142855,-0.7604224355583985,-0.537994368887805,-1.0,1.0,-0.08333333333333333,0.0,0.0,1.0,1.0,0.0,1.0,0
-1.0827067669172932,0.362028820167042,0.3078194829531539,0.4,0.0,1.9166666666666667,0.0,0.0,0.0,1.0,1.0,2.0,0
-1.0150375939849625,-0.7604224355583985,0.04043443658789408,0.0,1.0,-0.6666666666666666,0.0,1.0,0.0,1.0,0.0,0.0,0
-0.8646616541353384,0.4823658531779292,0.21920396561947547,0.4,0.0,0.6666666666666666,0.0,0.0,0.0,1.0,0.0,1.0,1
0.3684210526315789,0.3383276192372996,0.48249205014569674,0.8,0.0,0.16666666666666666,0.0,0.0,1.0,0.0,1.0,1.0,0
-0.5488721804511278,0.33435185102120185,0.37172893951390307,0.2,0.0,-0.5,1.0,0.0,1.0,0.0,1.0,1.0,0
-0.6466165413533834,0.16891730243060987,0.7477282945564596,-0.2,1.0,1.4166666666666667,1.0,0.0,1.0,1.0,1.0,2.0,0
0.9172932330827067,0.14057686952050363,-0.24676879259443726,0.8,0.0,-0.08333333333333333,0.0,0.0,0.0,1.0,0.0,1.0,0
-0.5639097744360902,0.23666417658823008,-0.44218824043778415,-0.6,0.0,0.0,0.0,0.0,1.0,1.0,0.0,1.0,0
1.4887218045112782,0.23556156374523096,0.19913648784131288,-1.0,0.0,2.4166666666666665,1.0,0.0,0.0,0.0,1.0,3.0,1
0.37593984962406013,0.2990164510102564,-0.40577441335767184,-0.2,0.0,-0.9166666666666666,0.0,1.0,0.0,0.0,1.0,0.0,0
0.23308270676691728,-0.7604224355583985,-0.027516889567519492,0.6,0.0,0.5,0.0,0.0,1.0,1.0,0.0,1.0,0
-0.7218045112781954,-0.7604224355583985,-1.0122001979590063,0.6,1.0,0.08333333333333333,0.0,1.0,1.0,0.0,0.0,1.0,1
0.12781954887218044,0.33547436464314784,0.9132526872481516,0.4,0.0,-0.5833333333333334,1.0,0.0,0.0,1.0,0.0,0.0,0
-0.08270676691729323,-0.7604224355583985,-0.9761964452470357,-0.6,1.0,0.0,0.0,0.0,0.0,1.0,0.0,1.0,0
1.2781954887218046,0.06665863845216753,0.8501785067931984,-0.4,0.0,0.0,0.0,0.0,1.0,1.0,0.0,1.0,0
-0.8571428571428571,-0.7604224355583985,-0.5954254272427828,0.6,1.0,-0.5833333333333334,0.0,1.0,0.0,1.0,1.0,0.0,0
0.21804511278195488,-0.2150325783194568,-0.2792339673839093,0.4,0.0,0.0,0.0,0.0,0.0,1.0,1.0,1.0,0
-0.9924812030075187,-0.029817830698354062,-0.22600279830783004,-0.2,0.0,-0.5,0.0,0.0,1.0,1.0,0.0,1.0,0
0.7142857142857143,-0.01985357335918768,0.9759189397860424,0.0,1.0,0.3333333333333333,0.0,1.0,0.0,1.0,0.0,1.0,0
-0.39849624060150374,0.2168935361995757,-0.09257674169492724,-0.8,0.0,2.0,1.0,0.0,1.0,0.0,1.0,3.0,1
-0.5263157894736842,0.42624283596442136,-0.5984850399386832,-0.6,0.0,1.25,0.0,0.0,1.0,0.0,1.0,2.0,0
0.05263157894736842,0.1667835315099649,0.6350147753770888,-0.2,0.0,-0.5,0.0,0.0,1.0,0.0,0.0,1.0,0
-0.21804511278195488,0.4095904282581033,0.014179660255123589,-0.8,1.0,0.4166666666666667,1.0,0.0,1.0,1.0,0.0,1.0,0
0.5864661654135338,-0.7604224355583985,-0.8715904806427806,-0.6,1.0,-0.6666666666666666,0.0,1.0,1.0,1.0,0.0,0.0,0
0.6766917293233082,0.4555321599525892,0.2224205758800482,0.0,0.0,1.5,1.0,0.0,1.0,0.0,1.0,2.0,1
-1.4360902255639099,0.17890874705440066,-0.43623316744758744,0.8,0.0,1.1666666666666667,0.0,0.0,1.0,0.0,0.0,2.0,1
-0.3157894736842105,-0.7604224355583985,-0.4428652924354338,0.2,2.0,0.3333333333333333,0.0,0.0,1.0,0.0,0.0,1.0,1
-0.16541353383458646,-0.7604224355583985,-0.948427807631477,0.4,1.0,-0.9166666666666666,0.0,1.0,1.0,1.0,1.0,0.0,0
-0.15037593984962405,0.17683060429537945,0.9866716375748017,-0.2,1.0,0.4166666666666667,1.0,0.0,1.0,1.0,1.0,1.0,0
-0.13533834586466165,-0.010405561029793238,-0.015408861239986988,-0.4,0.0,1.8333333333333333,1.0,0.0,0.0,0.0,0.0,2.0,1
1.4511278195488722,-0.12004247797761389,1.0253325945112437,-0.6,1.0,0.3333333333333333,1.0,0.0,0.0,0.0,0.0,1.0,0
0.3082706766917293,0.08227416856563055,0.5640506496016994,1.0,1.0,-0.25,0.0,1.0,0.0,0.0,0.0,1.0,0
-1.0676691729323309,0.21061444869416604,-0.773529147591893,0.4,0.0,1.0833333333333333,1.0,0.0,0.0,1.0,1.0,1.0,0
-1.3157894736842106,0.16175819307821918,-0.25966886137030726,-0.4,0.0,-0.08333333333333333,1.0,0.0,0.0,0.0,0.0,1.0,0
0.007518796992481203,0.45196945042392783,-0.7590661557942747,-0.6,1.0,-0.5,1.0,0.0,1.0,0.0,0.0,1.0,0
0.9774436090225563,0.39462535588801956,-0.585708545417819,0.2,0.0,-0.25,0.0,1.0,1.0,0.0,1.0,1.0,0
0.3157894736842105,0.09399940979304007,-0.8176753091560324,0.2,1.0,-0.5,1.0,0.0,1.0,1.0,1.0,1.0,1
-1.6015037593984962,0.10907103751496618,0.3994445291242109,0.4,1.0,-0.75,0.0,0.0,1.0,1.0,0.0,0.0,0
-1.0225563909774436,0.06211099706467431,0.592129807140093,-0.6,0.0,-0.6666666666666666,0.0,0.0,0.0,1.0,0.0,0.0,0
-0.03759398496240601,0.26718452828827177,-0.7110201992545429,-0.2,0.0,1.1666666666666667,1.0,0.0,1.0,1.0,0.0,2.0,0
0.11278195488721804,-0.7604224355583985,0.8267198407333299,-0.2,1.0,-1.0833333333333333,0.0,0.0,1.0,0.0,0.0,0.0,0
1.0225563909774436,0.11771573218080139,-0.10301278684348152,-0.2,0.0,-0.4166666666666667,0.0,0.0,1.0,0.0,0.0,1.0,0
-0.924812030075188,-0.02224417401758219,-0.212102687752823,0.0,0.0,2.9166666666666665,1.0,0.0,1.0,1.0,1.0,3.0,0
-0.2932330827067669,0.14119301017262786,-0.20568449238923392,0.4,0.0,0.4166666666666667,0.0,0.0,1.0,1.0,1.0,1.0,0
0.5639097744360902,-0.7604224355583985,-0.6039658494522655,-0.8,0.0,-0.75,0.0,1.0,1.0,1.0,0.0,0.0,0
-1.1353383458646618,-0.013502090894143975,0.33380196663469575,-0.2,1.0,-0.8333333333333334,1.0,0.0,1.0,1.0,0.0,0.0,0
0.20300751879699247,0.12134989647481594,0.8175757547107255,-0.8,0.0,-0.5833333333333334,0.0,0.0,0.0,1.0,1.0,0.0,0
-0.8421052631578947,-0.11379512202918687,0.1496953380999028,-0.8,0.0,0.16666666666666666,1.0,0.0,1.0,1.0,0.0,1.0,0
-0.2706766917293233,0.31131395715667864,-0.40987546367495686,-0.4,0.0,-0.5,0.0,0.0,0.0,1.0,0.0,1.0,1
0.6842105263157895,0.5073291082308171,-0.06355621204023629,-0.6,1.0,0.5,0.0,1.0,1.0,0.0,1.0,1.0,1
0.3308270676691729,-0.7604224355583985,0.937479373946658,0.6,1.0,-0.6666666666666666,0.0,0.0,1.0,1.0,0.0,0.0,0
0.13533834586466165,-0.38524636948875257,-0.4610444043234126,0.0,0.0,0.6666666666666666,0.0,0.0,0.0,1.0,1.0,1.0,0
-1.0075187969924813,-0.7604224355583985,0.9707032680867571,-0.2,1.0,0.25,0.0,0.0,1.0,0.0,1.0,1.0,0
0.15789473684210525,-0.43012372290766526,-0.8059244094033469,0.6,0.0,-0.25,0.0,0.0,0.0,1.0,0.0,1.0,1
-0.3308270676691729,-0.06489122990300454,0.7090961613916569,-0.2,0.0,-0.25,0.0,0.0,0.0,1.0,1.0,1.0,0
0.6390977443609023,-0.7604224355583985,-0.1632993406178944,0.8,0.0,1.4166666666666667,0.0,0.0,1.0,1.0,0.0,2.0,1
0.0,-0.7604224355583985,0.44918372892980374,-0.2,1.0,0.0,0.0,0.0,0.0,1.0,0.0,1.0,0
1.4887218045112782,-0.7604224355583985,-0.8230313178711347,0.8,1.0,-0.4166666666666667,0.0,1.0,0.0,1.0,1.0,1.0,0
0.022556390977443608,-0.7604224355583985,-0.8549613108581169,-0.4,1.0,1.1666666666666667,0.0,0.0,0.0,0.0,1.0,2.0,0
0.8796992481203008,-0.7604224355583985,0.05056261932447349,0.2,1.0,0.08333333333333333,0.0,1.0,1.0,0.0,0.0,1.0,0
0.03007518796992481,0.36445358121764476,0.28616485791963153,1.0,0.0,0.5833333333333334,0.0,0.0,1.0,0.0,0.0,1.0,0
0.6992481203007519,0.15808179839108472,0.2344137179688492,1.0,2.0,0.6666666666666666,1.0,0.0,1.0,1.0,1.0,1.0,1
0.2781954887218045,-0.024940181118242845,0.587018391636098,-0.8,2.0,0.8333333333333334,0.0,0.0,1.0,1.0,0.0,1.0,1
-1.2481203007518797,0.03433946004407393,-0.49145941169608875,-0.8,0.0,0.0,1.0,0.0,1.0,0.0,0.0,1.0,0
-0.5639097744360902,0.08697067404760965,0.06092701389175465,-0.2,0.0,-0.16666666666666666,0.0,0.0,0.0,1.0,0.0,1.0,0
-0.3383458646616541,-0.7604224355583985,0.1702808260719192,-1.0,1.0,-1.3333333333333333,0.0,0.0,0.0,1.0,0.0,0.0,0
-0.9097744360902256,-0.7604224355583985,-0.6646858841327822,-0.4,1.0,0.5833333333333334,0.0,0.0,1.0,1.0,1.0,1.0,0
0.3533834586466165,0.07650443131193253,0.6554168950997418,-0.4,0.0,1.8333333333333333,1.0,0.0,1.0,0.0,1.0,2.0,0
0.3233082706766917,-0.42246450854732587,-0.2260579927641601,0.8,0.0,0.6666666666666666,0.0,0.0,1.0,0.0,1.0,1.0,0
0.7368421052631579,0.5580967004704379,-0.8074228366807538,0.0,2.0,0.25,1.0,0.0,1.0,1.0,0.0,1.0,1
0.13533834586466165,-0.7604224355583985,0.4222094826375745,-0.4,0.0,-0.08333333333333333,0.0,0.0,1.0,1.0,0.0,1.0,1
0.3383458646616541,0.2311606710150913,-0.2669010727528096,-0.6,0.0,-0.25,0.0,0.0,0.0,1.0,0.0,1.0,0
-0.2706766917293233,-0.7604224355583985,0.38523195661920157,-0.6,1.0,0.75,0.0,0.0,1.0,1.0,0.0,1.0,0
-0.11278195488721804,0.363899650087111,0.6904368577336059,-0.6,0.0,0.75,1.0,0.0,0.0,1.0,0.0,1.0,1
-0.20300751879699247,-0.08546119212952397,0.6540937613271609,0.0,1.0,-0.16666666666666666,1.0,0.0,0.0,1.0,0.0,1.0,1
-0.24060150375939848,-0.7604224355583985,-0.10828815032516821,0.8,1.0,0.3333333333333333,0.0,0.0,0.0,0.0,0.0,1.0,0
1.1578947368421053,-0.7604224355583985,0.41622159960944805,0.8,1.0,-0.5,0.0,0.0,1.0,0.0,1.0,1.0,0
-1.7067669172932332,-0.7604224355583985,0.4241237081526685,0.0,1.0,0.16666666666666666,0.0,1.0,0.0,1.0,0.0,1.0,0
0.17293233082706766,-0.7604224355583985,0.5892534604815998,-0.8,1.0,2.6666666666666665,0.0,0.0,1.0,1.0,0.0,3.0,0
0.07518796992481203,-0.7604224355583985,0.5973051051166922,0.8,1.0,-0.5833333333333334,0.0,1.0,0.0,0.0,1.0,0.0,0
1.0225563909774436,0.3258975456972615,-0.35468438033937705,0.2,1.0,0.4166666666666667,1.0,0.0,0.0,1.0,0.0,1.0,0
0.06766917293233082,0.15792940856804524,-0.16757558222804952,-0.6,0.0,-0.16666666666666666,1.0,0.0,1.0,1.0,1.0,1.0,0
-1.0902255639097744,0.12847374854167054,0.44426477853927104,-0.8,0.0,-0.3333333333333333,0.0,0.0,0.0,0.0,0.0,1.0,0
-0.3458646616541353,-0.7604224355583985,0.07553586215082317,0.4,0.0,-0.16666666666666666,0.0,1.0,1.0,1.0,0.0,1.0,1
1.3609022556390977,-0.7604224355583985,0.4335185201037503,-0.8,1.0,-0.5833333333333334,0.0,0.0,1.0,1.0,0.0,0.0,0
1.3984962406015038,-0.2772316010736862,0.5234520606122012,0.2,0.0,0.25,0.0,1.0,0.0,0.0,1.0,1.0,1
-1.2706766917293233,0.31168494215004167,0.9496815394858203,0.0,0.0,0.5833333333333334,0.0,0.0,0.0,1.0,0.0,1.0,1
0.9924812030075187,-0.7604224355583985,-0.9464746393610836,-0.6,0.0,-1.1666666666666667,0.0,1.0,1.0,1.0,1.0,0.0,0
0.20300751879699247,-0.7604224355583985,0.703702027616904,-0.6,0.0,0.4166666666666667,0.0,1.0,1.0,1.0,1.0,1.0,0
-0.08270676691729323,0.1936034352191841,0.6855345678919283,-0.4,1.0,0.4166666666666667,1.0,0.0,1.0,1.0,1.0,1.0,0
0.45112781954887216,-0.7604224355583985,0.8564175245976268,0.6,1.0,0.9166666666666666,0.0,1.0,0.0,1.0,0.0,1.0,0
0.3082706766917293,0.0826549472494205,-0.1972452600163565,0.6,0.0,0.8333333333333334,0.0,1.0,1.0,1.0,1.0,1.0,0
1.0225563909774436,0.4655800945827611,0.8355809018493084,0.2,0.0,-0.25,0.0,1.0,1.0,0.0,1.0,1.0,0
0.0,-0.7604224355583985,-1.0068878337491873,0.0,1.0,3.0833333333333335,0.0,0.0,0.0,1.0,1.0,3.0,0
0.8646616541353384,0.33004779830200137,0.24973702780152437,-0.4,0.0,-0.08333333333333333,0.0,0.0,1.0,0.0,0.0,1.0,0
-0.2857142857142857,0.01886386217942753,-0.49398915761121986,0.4,1.0,-0.4166666666666667,1.0,0.0,1.0,1.0,1.0,1.0,0
-0.924812030075188,-0.7604224355583985,0.7793756714846403,0.4,1.0,-0.5,0.0,0.0,0.0,1.0,1.0,1.0,0
-0.6390977443609023,-0.5359538715613913,-0.04401573910807045,0.6,0.0,0.25,0.0,1.0,1.0,1.0,1.0,1.0,0
-1.1203007518796992,-0.7604224355583985,-0.850120041554271,0.8,1.0,-0.08333333333333333,0.0,1.0,0.0,1.0,1.0,1.0,0
-0.8045112781954887,-0.7604224355583985,-0.04811873145252268,-0.2,0.0,-0.4166666666666667,0.0,1.0,0.0,1.0,0.0,1.0,0
-0.06015037593984962,-0.012644633709905954,0.09520134030538124,0.8,0.0,0.75,0.0,0.0,0.0,1.0,0.0,1.0,1
-0.05263157894736842,-0.0918978405265183,-0.7858893328152893,0.6,0.0,0.6666666666666666,0.0,0.0,0.0,0.0,0.0,1.0,0
-0.5864661654135338,0.34704361196944095,0.007568693142203696,-0.4,0.0,0.5,1.0,0.0,0.0,1.0,1.0,1.0,0
-0.42857142857142855,0.47033097463398915,0.36101457120870634,-0.6,0.0,0.0,0.0,1.0,1.0,1.0,0.0,1.0,0
0.12781954887218044,-0.7604224355583985,0.07946049463176416,0.8,1.0,-0.3333333333333333,0.0,0.0,0.0,0.0,1.0,1.0,0
-0.40601503759398494,-0.7604224355583985,0.6389012827983794,0.6,1.0,0.3333333333333333,0.0,1.0,1.0,1.0,1.0,1.0,0
-1.2105263157894737,-0.015795459793982346,0.17400767841767717,-0.8,0.0,2.5833333333333335,1.0,0.0,0.0,0.0,1.0,3.0,1
0.40601503759398494,0.25503431924586706,-0.30235778707537486,-0.2,0.0,0.5833333333333334,0.0,0.0,0.0,0.0,0.0,1.0,0
-0.518796992481203,1.1073327358137512,0.4959124799904125,-0.4,0.0,1.6666666666666667,0.0,0.0,0.0,0.0,1.0,2.0,1
-0.7593984962406015,0.4209138147799246,0.37113498583661697,-0.8,1.0,1.0,0.0,1.0,1.0,1.0,1.0,1.0,0
-0.6090225563909775,0.03667944691034335,0.9833272623690205,-0.8,0.0,-0.25,1.0,0.0,0.0,0.0,1.0,1.0,0
-1.7293233082706767,-0.7604224355583985,-0.9432142823832712,-0.2,1.0,1.4166666666666667,0.0,1.0,0.0,1.0,1.0,2.0,0
0.03007518796992481,0.362068778423983,0.9572404202802322,0.8,1.0,0.75,0.0,0.0,1.0,0.0,0.0,1.0,0
1.443609022556391,-0.1624616934489496,0.4265125037802453,1.0,0.0,0.3333333333333333,0.0,0.0,0.0,1.0,1.0,1.0,1
-0.47368421052631576,-0.7604224355583985,-0.39186408160704805,-0.8,0.0,2.0,0.0,0.0,0.0,1.0,0.0,3.0,1
-1.0300751879699248,0.18730515208053827,-0.6148951695012812,0.4,2.0,0.6666666666666666,1.0,0.0,1.0,1.0,1.0,1.0,1
-0.3007518796992481,-0.006959513941494605,0.9398013229549019,0.2,0.0,3.25,1.0,0.0,1.0,1.0,1.0,3.0,0
-0.19548872180451127,0.2760471129787201,-0.49040294891714753,1.0,2.0,0.16666666666666666,1.0,0.0,1.0,1.0,1.0,1.0,1
-1.0827067669172932,-0.11668943177360723,0.9028336092843209,0.0,1.0,0.3333333333333333,1.0,0.0,0.0,1.0,0.0,1.0,0
0.3684210526315789,-0.7604224355583985,-0.7770271473677932,0.4,1.0,0.5833333333333334,0.0,0.0,1.0,1.0,0.0,1.0,0
0.022556390977443608,0.3873883671093559,-0.3535862150823197,0.2,0.0,0.5833333333333334,1.0,0.0,0.0,1.0,0.0,1.0,1
0.8721804511278195,0.2846400186095788,0.030155389004012198,-0.8,0.0,1.0,1.0,0.0,1.0,1.0,0.0,1.0,1
1.2105263157894737,-0.2537521292952042,0.41914261289278637,1.0,1.0,2.0833333333333335,0.0,0.0,0.0,0.0,1.0,3.0,0
0.2556390977443609,0.14134829892803358,-0.21285108369587702,-0.8,1.0,-0.8333333333333334,1.0,0.0,0.0,0.0,0.0,0.0,0
0.8947368421052632,-0.7604224355583985,-0.13870438424131842,-0.2,0.0,1.6666666666666667,0.0,0.0,0.0,0.0,0.0,2.0,1
0.6992481203007519,0.10239064375063238,-0.48958300460477655,0.8,0.0,1.5,0.0,0.0,0.0,0.0,1.0,2.0,1
-1.7894736842105263,-0.7604224355583985,-0.22267712789002722,0.6,0.0,0.08333333333333333,0.0,0.0,1.0,0.0,1.0,1.0,1
-0.37593984962406013,0.13019367727964493,0.027484590589370715,0.8,1.0,-0.5833333333333334,0.0,1.0,1.0,0.0,0.0,0.0,0
0.24812030075187969,0.007062073467642927,0.6696858886045551,0.2,0.0,-1.3333333333333333,1.0,0.0,0.0,1.0,1.0,0.0,0
-1.255639097744361,0.6665087793187345,0.1776604270952141,0.4,0.0,-0.6666666666666666,0.0,0.0,1.0,1.0,0.0,0.0,1
-1.0526315789473684,0.19860111626916496,-0.6337860854520063,0.4,0.0,0.3333333333333333,1.0,0.0,1.0,0.0,1.0,1.0,1
-1.330827067669173,-0.7604224355583985,-0.10423524183923771,-0.8,1.0,1.6666666666666667,0.0,0.0,0.0,1.0,0.0,2.0,0
0.5639097744360902,-0.29603055067296563,-0.5460930310227342,-0.8,0.0,-0.4166666666666667,0.0,0.0,1.0,1.0,1.0,1.0,0
-0.3308270676691729,-0.7604224355583985,0.44989962147079693,0.2,1.0,-0.16666666666666666,0.0,1.0,0.0,1.0,1.0,1.0,0
0.8195488721804511,-0.7604224355583985,-0.39040561920450234,-0.6,1.0,-0.25,0.0,1.0,0.0,1.0,0.0,1.0,0
0.6992481203007519,-0.7604224355583985,0.47367851758933616,0.0,1.0,0.8333333333333334,0.0,0.0,1.0,0.0,0.0,1.0,0
-0.3458646616541353,-0.7604224355583985,-0.6429777000342284,0.2,1.0,-0.4166666666666667,0.0,0.0,1.0,0.0,1.0,1.0,0
-0.13533834586466165,0.1504004894651427,-0.5827825237486288,-0.4,0.0,1.5833333333333333,1.0,0.0,0.0,0.0,1.0,2.0,1
-0.7368421052631579,0.06774699168190532,0.8212817558174257,0.4,0.0,1.1666666666666667,1.0,0.0,0.0,0.0,1.0,2.0,1
-1.0,0.2215208590523805,0.9074247659314266,0.4,0.0,0.08333333333333333,0.0,0.0,0.0,1.0,0.0,1.0,0
0.9323308270676691,0.05260445764128993,0.9674584473262823,-0.6,1.0,0.0,1.0,0.0,0.0,1.0,0.0,1.0,0
-0.39097744360902253,-0.1772661492960354,-0.03470954492298518,0.2,1.0,-0.6666666666666666,1.0,0.0,0.0,1.0,1.0,0.0,0
-0.6165413533834586,0.1956662214716163,0.7599032717152815,-0.2,1.0,-0.6666666666666666,1.0,0.0,1.0,1.0,1.0,0.0,0
0.518796992481203,-0.7604224355583985,0.07697439322191636,-0.6,1.0,-0.08333333333333333,0.0,1.0,0.0,1.0,1.0,1.0,0
0.05263157894736842,-0.7604224355583985,-0.0010739410234458335,-0.2,1.0,-0.8333333333333334,0.0,1.0,1.0,1.0,0.0,0.0,0
-1.0977443609022557,-0.7604224355583985,0.970749672314857,0.2,1.0,1.6666666666666667,0.0,0.0,0.0,0.0,1.0,2.0,1
-0.6766917293233082,-0.7604224355583985,0.20904982104602957,-1.0,1.0,-0.16666666666666666,0.0,1.0,0.0,1.0,0.0,1.0,0
0.5864661654135338,-0.7604224355583985,-1.0013925101378294,-1.0,1.0,-0.3333333333333333,0.0,0.0,1.0,1.0,0.0,1.0,0
-0.45112781954887216,0.46630279058672774,-0.6368493777783288,-0.6,0.0,-0.3333333333333333,1.0,0.0,1.0,1.0,1.0,1.0,0
-0.3157894736842105,-0.08631716067281711,0.9535978927983119,0.0,2.0,2.6666666666666665,1.0,0.0,0.0,0.0,0.0,3.0,1
1.1203007518796992,-0.7604224355583985,-0.03723182936531615,0.2,1.0,0.4166666666666667,0.0,0.0,1.0,1.0,1.0,1.0,0
-1.2857142857142858,0.5222730262295792,-0.0339672816973011,-0.4,0.0,0.5833333333333334,1.0,0.0,1.0,1.0,0.0,1.0,0
1.0676691729323309,-0.1657429714895095,0.9475837412974507,-0.8,0.0,1.4166666666666667,1.0,0.0,0.0,1.0,1.0,2.0,0
1.4285714285714286,0.17936513302828463,-0.5236213236116136,0.8,0.0,-0.16666666666666666,1.0,0.0,0.0,1.0,0.0,1.0,1
0.5112781954887218,0.18234860453034965,0.3988644762729637,-0.6,1.0,0.0,0.0,0.0,0.0,1.0,1.0,1.0,0
-0.9699248120300752,0.04632231450446727,0.2990227131576047,-0.6,0.0,0.25,0.0,0.0,0.0,1.0,0.0,1.0,1
-0.3233082706766917,-0.7604224355583985,0.8353881300999775,-0.8,0.0,-0.25,0.0,0.0,1.0,1.0,1.0,1.0,0
1.0,-0.7604224355583985,-0.026719431885505192,-0.4,1.0,0.25,0.0,0.0,0.0,1.0,1.0,1.0,0
-0.7969924812030075,0.1397253669000451,-0.33437936197508256,0.6,1.0,3.0833333333333335,1.0,0.0,0.0,1.0,1.0,3.0,1
1.037593984962406,0.23163351038889218,1.0096235367559947,-0.6,0.0,0.3333333333333333,0.0,0.0,0.0,1.0,0.0,1.0,0
0.3082706766917293,-0.7604224355583985,-0.7446895330996174,-0.2,1.0,0.6666666666666666,0.0,1.0,0.0,1.0,1.0,1.0,0
1.1578947368421053,0.13243737258163912,-0.688100701263455,0.0,0.0,-0.25,0.0,0.0,1.0,0.0,1.0,1.0,0
1.4661654135338347,0.004000487490734689,0.4572668548473957,0.0,0.0,1.1666666666666667,0.0,0.0,1.0,0.0,0.0,2.0,1
0.3383458646616541,0.4020339301229589,0.19844594386544925,0.4,0.0,2.1666666666666665,0.0,0.0,1.0,0.0,0.0,3.0,1
-0.5338345864661654,0.43447823271994396,0.9010090236547855,-0.6,0.0,1.4166666666666667,1.0,0.0,0.0,1.0,0.0,2.0,1
1.4887218045112782,0.36502271215572096,-0.7905552064023528,0.2,0.0,-0.08333333333333333,1.0,0.0,0.0,1.0,0.0,1.0,1
0.5338345864661654,-0.7604224355583985,0.6664299267408582,-0.8,2.0,-0.5833333333333334,0.0,1.0,1.0,1.0,0.0,0.0,1
0.3383458646616541,-0.7604224355583985,-0.1190117177064199,-0.8,1.0,-1.0,0.0,0.0,0.0,0.0,0.0,0.0,0
-0.8571428571428571,-0.7604224355583985,-0.19743670301025723,-0.6,0.0,-0.4166666666666667,0.0,0.0,0.0,1.0,1.0,1.0,0
1.0225563909774436,0.0985457192386354,-0.8514032104519904,1.0,0.0,-0.08333333333333333,0.0,1.0,1.0,1.0,1.0,1.0,0
1.0827067669172932,-0.7604224355583985,0.9739403207385634,0.2,1.0,1.1666666666666667,0.0,0.0,1.0,0.0,1.0,2.0,0
-0.17293233082706766,-0.7604224355583985,0.34982726818232507,0.2,1.0,2.0,0.0,0.0,0.0,1.0,1.0,3.0,0
1.4887218045112782,-0.7604224355583985,-0.18862337487780884,0.0,0.0,-0.16666666666666666,0.0,0.0,0.0,1.0,1.0,1.0,0
-0.10526315789473684,-0.7604224355583985,0.620253324667463,-1.0,1.0,-0.4166666666666667,0.0,0.0,0.0,1.0,0.0,1.0,0
-0.46616541353383456,-0.7604224355583985,0.40314654396462035,0.8,1.0,-0.4166666666666667,0.0,0.0,1.0,1.0,0.0,1.0,0
0.37593984962406013,-0.31587922718693995,0.010172951573380573,0.0,1.0,-0.9166666666666666,0.0,0.0,1.0,1.0,1.0,0.0,1
0.7894736842105263,-0.1551471386421064,0.9688946275223838,0.0,0.0,-0.3333333333333333,0.0,1.0,1.0,0.0,1.0,1.0,0
0.7443609022556391,-0.7604224355583985,0.3890338325407863,0.8,0.0,0.9166666666666666,0.0,0.0,0.0,1.0,0.0,1.0,1
-0.9849624060150376,-0.7604224355583985,0.019062632037085515,1.0,0.0,-1.25,0.0,1.0,0.0,1.0,1.0,0.0,0
0.9473684210526315,0.15214799723535868,-0.6816453007478211,0.0,1.0,-0.3333333333333333,0.0,1.0,1.0,1.0,1.0,1.0,0
0.7819548872180451,-0.7604224355583985,0.6638432487661421,0.2,0.0,-0.75,0.0,0.0,0.0,1.0,1.0,0.0,0
0.24060150375939848,-0.7604224355583985,-0.046591684827388895,0.2,1.0,1.4166666666666667,0.0,0.0,1.0,1.0,1.0,2.0,0
0.8345864661654135,-0.014897182508045812,-0.18538018950863264,1.0,0.0,-0.4166666666666667,0.0,1.0,0.0,0.0,1.0,1.0,0
-0.12781954887218044,-0.14095310393193558,0.1415105112859248,-0.6,1.0,0.5833333333333334,1.0,0.0,0.0,0.0,1.0,1.0,0
0.5789473684210527,-0.7604224355583985,-0.42089595678887354,0.4,1.0,0.4166666666666667,0.0,1.0,0.0,1.0,0.0,1.0,1
-0.06766917293233082,0.28408122980859324,-0.9759325339762127,-1.0,0.0,-1.4166666666666667,0.0,1.0,0.0,1.0,1.0,0.0,0
-2.2706766917293235,0.4357983438399392,0.9457319672875746,-0.8,0.0,1.4166666666666667,0.0,1.0,1.0,1.0,1.0,2.0,1
1.4887218045112782,-0.000842766648597979,-0.3798600028389372,-0.8,2.0,2.75,1.0,0.0,0.0,1.0,0.0,3.0,1
0.3533834586466165,0.0992628524264397,0.8235774363529347,-0.6,0.0,0.16666666666666666,0.0,0.0,1.0,1.0,1.0,1.0,0
-0.3082706766917293,-0.7604224355583985,-0.7568908809431304,-0.6,1.0,-0.75,0.0,0.0,1.0,0.0,0.0,0.0,0
0.3458646616541353,-0.7604224355583985,0.4656516082476363,0.6,1.0,0.0,0.0,0.0,1.0,0.0,0.0,1.0,0
-0.2781954887218045,-0.07940163998871927,0.517207114514315,-0.4,0.0,0.5,1.0,0.0,1.0,1.0,1.0,1.0,0
0.045112781954887216,-0.7604224355583985,-0.1484068541804627,-0.8,1.0,-0.08333333333333333,0.0,1.0,1.0,0.0,1.0,1.0,0
-0.5939849624060151,0.22146820817264656,0.3146870020760527,0.8,1.0,-0.4166666666666667,0.0,0.0,0.0,1.0,1.0,1.0,0
0.022556390977443608,0.3924875891416805,-0.11887332271776997,-0.6,0.0,-0.08333333333333333,0.0,0.0,0.0,1.0,1.0,1.0,0
-0.6466165413533834,-0.7604224355583985,-0.33713744940029067,0.0,1.0,0.5833333333333334,0.0,1.0,1.0,1.0,0.0,1.0,0
0.8045112781954887,-0.7604224355583985,0.9285667980047717,0.8,1.0,0.3333333333333333,0.0,0.0,1.0,0.0,1.0,1.0,0
-1.518796992481203,-0.7604224355583985,0.7771582853075553,-0.6,1.0,-0.25,0.0,1.0,0.0,1.0,0.0,1.0,0
0.11278195488721804,0.004153895857578453,-0.4316766606536226,-0.2,1.0,-0.16666666666666666,0.0,1.0,1.0,0.0,0.0,1.0,0
-0.24060150375939848,-0.7604224355583985,-0.3463045331130326,-0.8,1.0,0.4166666666666667,0.0,0.0,0.0,0.0,1.0,1.0,0
0.08270676691729323,0.04434195195066605,-0.8000756368475638,-0.2,1.0,-0.6666666666666666,1.0,0.0,0.0,0.0,0.0,0.0,0
0.8270676691729323,0.208835287716491,0.7176059200142895,0.4,1.0,-0.9166666666666666,0.0,1.0,0.0,1.0,1.0,0.0,0
0.6541353383458647,0.24532250407113917,-0.8856718129960717,-1.0,0.0,0.08333333333333333,0.0,1.0,1.0,1.0,0.0,1.0,0
0.45864661654135336,0.09454096169887467,0.6994011529253126,-1.0,0.0,0.4166666666666667,0.0,1.0,1.0,0.0,1.0,1.0,0
0.5639097744360902,0.3079866095963514,0.44265718889267786,0.0,0.0,-0.16666666666666666,0.0,0.0,1.0,0.0,0.0,1.0,0
1.3082706766917294,0.38713529814873,0.8329020286901299,0.0,1.0,0.3333333333333333,0.0,1.0,1.0,0.0,0.0,1.0,0
-1.263157894736842,-0.7604224355583985,-0.2573655149380858,0.0,0.0,0.3333333333333333,0.0,0.0,1.0,1.0,1.0,1.0,0
-0.14285714285714285,0.46255071025997585,-0.2804525383253313,0.8,0.0,0.0,0.0,0.0,0.0,1.0,0.0,1.0,0
-0.9849624060150376,-0.20624787305528158,-0.809549049792938,0.4,0.0,-0.25,0.0,1.0,0.0,1.0,1.0,1.0,1
0.7669172932330827,-0.7604224355583985,-0.349841782280101,0.4,1.0,-0.25,0.0,0.0,1.0,1.0,1.0,1.0,0
0.8345864661654135,0.4350518295808548,-0.6904838752334427,-1.0,1.0,0.08333333333333333,0.0,0.0,0.0,0.0,0.0,1.0,0
0.06015037593984962,-0.7604224355583985,0.16417948777244754,0.0,1.0,0.4166666666666667,0.0,1.0,1.0,1.0,0.0,1.0,0
-0.3308270676691729,0.5209688984123606,-0.6192009503667686,1.0,0.0,0.4166666666666667,0.0,0.0,1.0,1.0,0.0,1.0,0
1.0751879699248121,0.33071713828052335,1.0149545035418361,-0.6,1.0,0.0,1.0,0.0,1.0,1.0,1.0,1.0,0
1.0451127819548873,-0.7604224355583985,0.2385173235850384,0.4,0.0,1.25,0.0,0.0,0.0,1.0,1.0,2.0,0
0.2781954887218045,0.5347913213329807,0.5728846245492933,-0.8,0.0,-0.25,0.0,0.0,1.0,1.0,0.0,1.0,0
1.0827067669172932,0.082031363392572,-0.8272681056662095,0.6,0.0,0.3333333333333333,0.0,1.0,1.0,1.0,0.0,1.0,0
-0.43609022556390975,0.7833906766966069,0.5362606496873017,-1.0,0.0,-0.8333333333333334,0.0,0.0,1.0,0.0,0.0,0.0,0
0.45112781954887216,0.09600672458289546,0.21169915494987593,-0.4,1.0,0.25,1.0,0.0,0.0,1.0,0.0,1.0,1
0.9924812030075187,-0.7604224355583985,0.8500255977067728,0.4,1.0,0.9166666666666666,0.0,1.0,1.0,1.0,1.0,1.0,0
1.112781954887218,0.08581008255728455,-0.5347916594532709,0.4,0.0,1.0,0.0,0.0,0.0,0.0,0.0,1.0,0
-0.48120300751879697,-0.7604224355583985,0.013090694074121207,0.0,1.0,0.25,0.0,0.0,1.0,0.0,0.0,1.0,0
1.4887218045112782,-0.12042458860330187,-1.0080443620332158,0.2,0.0,-0.16666666666666666,0.0,0.0,0.0,1.0,0.0,1.0,0
-0.03007518796992481,0.29972817808094515,0.7381876261439277,0.4,1.0,-0.3333333333333333,1.0,0.0,1.0,0.0,1.0,1.0,0
1.037593984962406,-0.7604224355583985,-0.15659065887487897,0.8,1.0,-0.5,0.0,0.0,0.0,1.0,0.0,1.0,0
-0.6090225563909775,0.2687318530261661,0.2638048681766013,0.0,0.0,-0.4166666666666667,0.0,0.0,1.0,1.0,0.0,1.0,0
-0.9022556390977443,-0.7604224355583985,-0.9473525378526012,0.0,1.0,0.0,0.0,1.0,0.0,0.0,1.0,1.0,0
-0.44360902255639095,-0.7604224355583985,-0.8070122512528313,0.8,1.0,-0.5,0.0,0.0,1.0,0.0,1.0,1.0,0
-0.8571428571428571,0.2015020857230754,-0.4188631654046259,-0.6,1.0,0.16666666666666666,0.0,1.0,1.0,1.0,1.0,1.0,0
0.12030075187969924,0.18110433574901894,-0.5007582466203299,0.0,0.0,1.8333333333333333,1.0,0.0,0.0,0.0,1.0,2.0,0
0.8045112781954887,0.014453645856001642,-0.5275580171033823,-0.2,0.0,-0.5,1.0,0.0,1.0,1.0,1.0,1.0,0
-0.3383458646616541,0.17946071944684916,0.037013811262812106,0.8,1.0,1.0,0.0,0.0,0.0,1.0,0.0,1.0,0
-0.924812030075188,0.15074561911577933,-0.24695911125682,-0.6,0.0,-0.5833333333333334,0.0,0.0,1.0,1.0,0.0,0.0,0
-1.6917293233082706,-0.7604224355583985,-0.7265079681246907,0.8,1.0,0.16666666666666666,0.0,1.0,0.0,1.0,0.0,1.0,0
0.5413533834586466,0.5886975171310252,0.38283559730686845,0.6,0.0,1.4166666666666667,1.0,0.0,1.0,1.0,1.0,2.0,0
-0.7969924812030075,0.07367334963290698,0.3008601774936172,-0.4,3.0,1.75,1.0,0.0,0.0,1.0,0.0,2.0,1
-0.12030075187969924,-0.003226629247978922,0.844396887492617,0.2,0.0,-0.08333333333333333,1.0,0.0,1.0,0.0,0.0,1.0,0
0.5864661654135338,0.26100361273569933,-0.8616962610738671,0.4,0.0,-0.3333333333333333,1.0,0.0,0.0,1.0,0.0,1.0,1
-1.2857142857142858,-0.7604224355583985,-0.6861183003735978,-0.4,0.0,0.25,0.0,0.0,1.0,1.0,1.0,1.0,0
0.11278195488721804,-0.7604224355583985,-0.10790403779389293,0.2,0.0,0.4166666666666667,0.0,0.0,1.0,1.0,0.0,1.0,0
-0.7142857142857143,0.18010976689880717,0.3365207024567794,-0.8,0.0,1.6666666666666667,1.0,0.0,1.0,1.0,0.0,2.0,1
-0.9473684210526315,-0.027145563503287708,-0.7994838296213573,0.6,0.0,1.25,0.0,0.0,1.0,0.0,1.0,2.0,1
-0.14285714285714285,0.009820055041323621,0.3330800435882888,0.2,0.0,1.75,0.0,1.0,1.0,1.0,1.0,2.0,0
0.7819548872180451,0.3766473525950675,-0.9392487651198637,-0.6,0.0,-0.5833333333333334,0.0,1.0,1.0,0.0,0.0,0.0,0
0.41353383458646614,-0.7604224355583985,-0.006502315803514416,0.2,0.0,-0.08333333333333333,0.0,0.0,0.0,0.0,0.0,1.0,0
-1.0225563909774436,-0.3109342753662165,0.023026616121150832,1.0,0.0,-0.16666666666666666,0.0,0.0,1.0,1.0,1.0,1.0,0
-0.8421052631578947,0.23679705737993942,-0.8513908428052943,-0.2,0.0,0.16666666666666666,1.0,0.0,1.0,1.0,1.0,1.0,0
1.443609022556391,-0.7604224355583985,0.24399455568015477,-0.2,1.0,-0.75,0.0,0.0,0.0,0.0,1.0,0.0,0
0.19548872180451127,0.33393981087756996,-0.8514352027942707,-0.8,1.0,-0.5833333333333334,1.0,0.0,0.0,0.0,1.0,0.0,0
-0.8947368421052632,0.14642315425857672,-0.5682462459784388,1.0,0.0,-1.25,1.0,0.0,0.0,0.0,0.0,0.0,0
-0.21052631578947367,0.5734942622097644,-0.26337312487375236,-0.2,2.0,2.8333333333333335,0.0,0.0,0.0,1.0,1.0,3.0,1
-0.6616541353383458,0.09626590480634753,-0.24340918780718696,-0.4,0.0,-0.3333333333333333,1.0,0.0,1.0,1.0,0.0,1.0,0
1.2030075187969924,-0.7604224355583985,-0.3323944057863211,0.6,2.0,0.5833333333333334,0.0,1.0,0.0,1.0,0.0,1.0,1
1.0150375939849625,-0.7604224355583985,-0.8811489339356857,-0.2,1.0,-0.4166666666666667,0.0,0.0,1.0,1.0,1.0,1.0,0
0.3684210526315789,-0.7604224355583985,0.47475368515625593,0.8,1.0,0.16666666666666666,0.0,0.0,0.0,0.0,1.0,1.0,0
-1.368421052631579,-0.004556455708877362,-0.9555247925959706,-0.8,0.0,-0.16666666666666666,0.0,0.0,1.0,0.0,0.0,1.0,0
0.40601503759398494,-0.7604224355583985,-0.11210525582822158,-0.4,2.0,1.3333333333333333,0.0,1.0,0.0,0.0,0.0,2.0,1
0.3308270676691729,0.5113361379067568,0.22093063219500306,0.4,0.0,0.4166666666666667,1.0,0.0,1.0,1.0,0.0,1.0,0
-0.2556390977443609,0.28824064930757237,-0.6954502519716369,-0.4,0.0,-0.5833333333333334,0.0,0.0,1.0,1.0,1.0,0.0,0
0.5488721804511278,0.2138411954664302,0.7925249330096452,0.2,1.0,0.0,0.0,0.0,1.0,0.0,1.0,1.0,0
0.24060150375939848,-0.0780066267243408,0.06795950311190695,0.0,0.0,-0.9166666666666666,0.0,0.0,0.0,0.0,0.0,0.0,0
1.0300751879699248,-0.24173323405404057,-0.20430963936683283,0.6,0.0,-0.8333333333333334,0.0,0.0,0.0,1.0,1.0,0.0,0
-0.18045112781954886,0.12607876030996476,0.2586181224609113,-0.4,1.0,-0.6666666666666666,1.0,0.0,1.0,0.0,1.0,0.0,0
0.2556390977443609,-0.7604224355583985,-0.12437621001388431,-0.8,1.0,-0.25,0.0,0.0,0.0,1.0,0.0,1.0,0
-0.2631578947368421,-0.7604224355583985,-0.9388077205290033,-1.0,1.0,-0.75,0.0,0.0,0.0,1.0,1.0,0.0,1
-0.48120300751879697,0.1858664981316185,0.3299665651914883,-0.4,0.0,-0.25,0.0,0.0,0.0,1.0,1.0,1.0,0
0.5112781954887218,-0.7604224355583985,-0.22894619600956867,-0.4,1.0,-0.25,0.0,1.0,1.0,1.0,1.0,1.0,0
0.12030075187969924,0.21511539376570485,0.15138858136576377,-0.8,0.0,-0.75,1.0,0.0,0.0,0.0,0.0,0.0,0
0.44360902255639095,0.24866951736184306,-0.8195854461928795,0.8,0.0,-0.9166666666666666,1.0,0.0,1.0,1.0,0.0,0.0,0
0.6466165413533834,-0.7604224355583985,-0.5279021647597962,-0.2,1.0,-1.5833333333333333,0.0,0.0,1.0,1.0,1.0,0.0,0
-0.8195488721804511,0.2490615783770045,0.35943386330658506,-1.0,0.0,2.5,0.0,0.0,0.0,1.0,1.0,3.0,0
0.5714285714285714,-0.2760225895778916,0.579316822950877,0.0,0.0,-0.4166666666666667,1.0,0.0,1.0,1.0,1.0,1.0,0
0.9022556390977443,0.03857942285312218,-0.08706884601296082,-1.0,0.0,0.4166666666666667,1.0,0.0,0.0,1.0,0.0,1.0,0
0.5112781954887218,0.5094847386684945,-0.7390048107334822,-0.8,3.0,1.6666666666666667,1.0,0.0,0.0,0.0,0.0,2.0,1
1.0075187969924813,0.1979926538703352,-0.6616650097682691,-1.0,0.0,-0.3333333333333333,1.0,0.0,0.0,0.0,0.0,1.0,1
0.20300751879699247,-0.7604224355583985,0.16036616411177232,-0.2,2.0,0.5,0.0,0.0,0.0,1.0,0.0,1.0,1
0.15789473684210525,-0.7604224355583985,-0.3453706224695356,0.0,0.0,0.3333333333333333,0.0,0.0,1.0,1.0,1.0,1.0,0
-0.045112781954887216,-0.7604224355583985,0.8105999931262462,-0.6,1.0,0.08333333333333333,0.0,0.0,0.0,0.0,0.0,1.0,0
-0.17293233082706766,0.26334101406769606,0.6304303647190905,-0.8,0.0,0.75,0.0,0.0,1.0,1.0,1.0,1.0,1
0.8120300751879699,-0.7604224355583985,0.6614697849319903,-0.6,1.0,-0.25,0.0,0.0,1.0,1.0,0.0,1.0,0
1.2781954887218046,0.14117702686985154,-0.7481616732506075,-0.4,1.0,0.75,1.0,0.0,0.0,1.0,0.0,1.0,0
-1.2857142857142858,-0.7604224355583985,-0.5645276728011304,0.6,1.0,0.0,0.0,1.0,0.0,1.0,0.0,1.0,0
1.1353383458646618,0.42782267575453226,-0.9456320039944435,-0.6,1.0,2.3333333333333335,0.0,0.0,0.0,0.0,1.0,3.0,0
-0.21804511278195488,-0.7604224355583985,-0.7516955494231223,0.4,0.0,0.25,0.0,1.0,0.0,1.0,1.0,1.0,0
-0.20300751879699247,-0.7604224355583985,0.0036175877646155044,0.0,0.0,0.16666666666666666,0.0,0.0,1.0,1.0,0.0,1.0,0
0.6541353383458647,-0.7604224355583985,-0.39722233898518616,0.8,0.0,-0.25,0.0,0.0,1.0,1.0,0.0,1.0,0
-0.45112781954887216,-0.003166221765427131,-0.9834233416078173,-0.4,0.0,0.0,0.0,0.0,1.0,1.0,1.0,1.0,0
-1.1578947368421053,-0.7604224355583985,-0.8744679516327915,1.0,1.0,-0.5,0.0,0.0,0.0,1.0,0.0,1.0,0
-0.8195488721804511,0.19782866831783058,-0.6689592638081647,-0.4,1.0,0.0,1.0,0.0,0.0,0.0,0.0,1.0,0
0.7894736842105263,0.4076584857097716,0.9978996209597372,0.6,1.0,-0.5,1.0,0.0,1.0,1.0,1.0,1.0,0
1.1654135338345866,-0.7604224355583985,-0.8478101535568549,-0.8,0.0,0.4166666666666667,0.0,1.0,0.0,1.0,0.0,1.0,1
1.3383458646616542,-0.7604224355583985,-0.18218688357406593,-0.2,1.0,0.25,0.0,1.0,1.0,0.0,1.0,1.0,0
-0.16541353383458646,0.12001850302344937,0.3242269550048916,-0.6,1.0,-0.5,1.0,0.0,0.0,1.0,1.0,1.0,0
-0.045112781954887216,-0.7604224355583985,0.5531714134112053,0.4,1.0,-0.5833333333333334,0.0,0.0,1.0,1.0,0.0,0.0,0
0.6842105263157895,-0.7604224355583985,0.08606696441861268,0.2,1.0,3.0,0.0,0.0,0.0,0.0,1.0,3.0,0
0.42857142857142855,0.10886090409317106,0.7059643870547024,-0.4,0.0,-1.0833333333333333,0.0,0.0,0.0,1.0,1.0,0.0,0
-0.24060150375939848,0.040713742220431004,0.21694641014361674,0.6,0.0,-0.25,1.0,0.0,0.0,1.0,0.0,1.0,0
0.21052631578947367,0.20967394101510972,-0.09489961061077648,-0.2,0.0,-1.0,0.0,0.0,0.0,1.0,1.0,0.0,0
-0.07518796992481203,0.21499763443201428,-0.4246162675694368,-0.6,2.0,-0.08333333333333333,1.0,0.0,0.0,1.0,1.0,1.0,1
0.17293233082706766,0.2159640758033206,0.656411519645202,-0.8,1.0,-0.25,0.0,0.0,1.0,0.0,1.0,1.0,0
-0.8646616541353384,0.30577354895801206,-0.3751219676108199,0.4,0.0,-0.3333333333333333,0.0,1.0,0.0,1.0,0.0,1.0,0
-1.368421052631579,0.34098468662482345,0.17911735631841738,0.2,0.0,0.9166666666666666,0.0,1.0,0.0,1.0,1.0,1.0,0
-0.045112781954887216,0.5779954423298734,-0.5560904846673763,-0.8,1.0,0.75,1.0,0.0,1.0,1.0,0.0,1.0,0
-0.3609022556390977,-0.7604224355583985,-0.5854272581144477,-0.4,0.0,-0.3333333333333333,0.0,0.0,1.0,1.0,0.0,1.0,1
-0.38345864661654133,0.5216167706214673,-0.5890521029279511,0.8,0.0,0.9166666666666666,1.0,0.0,1.0,0.0,1.0,1.0,1
0.18045112781954886,0.5831996527235724,-0.2079737335715043,0.2,0.0,-0.3333333333333333,0.0,0.0,1.0,0.0,0.0,1.0,0
-0.05263157894736842,0.3277038939595613,0.31164006366271696,-0.6,0.0,0.3333333333333333,1.0,0.0,0.0,1.0,0.0,1.0,1
-0.5338345864661654,0.5728741257319461,0.008065341037218843,-0.2,0.0,0.5,0.0,1.0,0.0,0.0,1.0,1.0,0
0.12030075187969924,0.3984007843727488,-0.30742177623170847,-0.8,0.0,0.08333333333333333,0.0,1.0,1.0,1.0,1.0,1.0,0
0.2556390977443609,-0.7604224355583985,-0.6885636192129349,0.2,0.0,0.8333333333333334,0.0,1.0,0.0,1.0,0.0,1.0,1
0.38345864661654133,0.2243197390772831,-0.4415578993041028,-0.8,0.0,-0.4166666666666667,0.0,0.0,1.0,1.0,1.0,1.0,0
-0.06766917293233082,0.14171669838712406,0.4972817113552247,-0.2,0.0,-1.0,1.0,0.0,1.0,1.0,1.0,0.0,0
0.21804511278195488,-0.7604224355583985,-0.40646669493679033,-0.4,1.0,-0.4166666666666667,0.0,1.0,0.0,1.0,1.0,1.0,0
0.5263157894736842,-0.7604224355583985,0.7005380565137573,-0.4,1.0,0.08333333333333333,0.0,0.0,0.0,0.0,1.0,1.0,0
0.3383458646616541,0.34605836671251544,-0.09051676193033933,0.6,1.0,-0.8333333333333334,0.0,0.0,1.0,1.0,0.0,0.0,0
-0.45112781954887216,0.9060168477330682,0.7865013780088166,-0.2,0.0,0.0,0.0,0.0,1.0,0.0,0.0,1.0,0
-0.09022556390977443,0.08183259065167171,0.901358997392701,0.2,0.0,-0.5833333333333334,0.0,0.0,0.0,1.0,1.0,0.0,0
-0.8721804511278195,-0.7604224355583985,-0.738957588809733,-0.2,1.0,0.16666666666666666,0.0,0.0,1.0,1.0,0.0,1.0,0
0.06766917293233082,0.36908231436187106,-0.8683534279909744,0.4,1.0,-0.5,0.0,0.0,0.0,1.0,1.0,1.0,0
0.6842105263157895,0.2717297408405392,0.09297475505224123,-0.8,0.0,-0.25,1.0,0.0,0.0,1.0,1.0,1.0,0
-0.7293233082706767,0.24828098207523513,-0.5314205047149738,-0.2,0.0,-0.6666666666666666,0.0,0.0,1.0,1.0,1.0,0.0,0
-0.6616541353383458,-0.7604224355583985,0.6080651621662956,-0.2,0.0,-0.16666666666666666,0.0,0.0,1.0,1.0,0.0,1.0,0
-1.1879699248120301,0.13849543608149895,-0.20408865711759985,0.8,1.0,-0.75,0.0,0.0,1.0,0.0,1.0,0.0,0
0.44360902255639095,-0.11134105825682733,-1.0020682333800488,-1.0,1.0,-1.3333333333333333,0.0,0.0,0.0,0.0,1.0,0.0,0
-0.15037593984962405,-0.30076129489667647,-0.21235985303453886,-0.8,0.0,-0.5833333333333334,1.0,0.0,1.0,1.0,1.0,0.0,0
0.46616541353383456,-0.7604224355583985,-0.6320893669796356,-0.2,1.0,-0.6666666666666666,0.0,1.0,1.0,1.0,1.0,0.0,0
-0.3383458646616541,0.3046304294114082,0.11359019112741449,-0.8,1.0,-0.75,0.0,1.0,1.0,1.0,1.0,0.0,0
-0.16541353383458646,0.06595929060617813,-0.41489938574447305,1.0,0.0,0.16666666666666666,0.0,1.0,1.0,0.0,0.0,1.0,1
0.17293233082706766,0.1901642828889459,0.347628791217131,0.6,0.0,-0.6666666666666666,1.0,0.0,0.0,1.0,0.0,0.0,0
0.15789473684210525,-0.2582196191202454,-0.2214277911497989,-0.8,0.0,-0.5833333333333334,0.0,0.0,1.0,1.0,1.0,0.0,0
0.8270676691729323,0.2077564931286097,-0.43371364272807306,0.2,2.0,0.75,1.0,0.0,1.0,0.0,1.0,1.0,1
1.4887218045112782,-0.7604224355583985,-0.7309158587343888,-0.6,1.0,-0.5833333333333334,0.0,1.0,1.0,0.0,1.0,0.0,0
-0.2556390977443609,-0.7604224355583985,-0.22381106733174297,-0.2,1.0,-0.3333333333333333,0.0,1.0,1.0,1.0,1.0,1.0,0
-0.12781954887218044,-0.7604224355583985,-0.41436583933328175,-0.8,0.0,1.75,0.0,0.0,0.0,1.0,1.0,2.0,1
-0.3458646616541353,-0.7604224355583985,0.5743751815060754,1.0,1.0,-0.08333333333333333,0.0,0.0,0.0,0.0,1.0,1.0,0
-0.03759398496240601,0.5442430944394991,0.4955595421057682,-0.4,1.0,-0.16666666666666666,1.0,0.0,0.0,1.0,0.0,1.0,0
-0.05263157894736842,0.605996073356935,-0.5803346496103873,-1.0,0.0,-1.0,0.0,0.0,1.0,1.0,0.0,0.0,0
0.3383458646616541,0.7692602617994481,0.32336408167093045,0.4,3.0,1.0,0.0,0.0,0.0,0.0,1.0,1.0,1
-0.7218045112781954,0.5599423018439678,0.5301041169315001,0.6,0.0,0.9166666666666666,0.0,1.0,0.0,1.0,1.0,1.0,0
-0.45112781954887216,-0.7604224355583985,-0.722732871735622,0.6,0.0,1.4166666666666667,0.0,0.0,1.0,1.0,1.0,2.0,1
-0.849624060150376,-0.20053149182702829,-0.9134977915190398,0.6,1.0,0.08333333333333333,0.0,1.0,1.0,1.0,1.0,1.0,0
1.0827067669172932,0.3880577070878779,0.26573943387097254,-0.4,1.0,-1.1666666666666667,0.0,1.0,0.0,0.0,0.0,0.0,0
0.849624060150376,-0.7604224355583985,0.9379855275535965,-0.6,1.0,0.3333333333333333,0.0,0.0,1.0,0.0,1.0,1.0,0
0.7969924812030075,0.2196982924387343,0.7332981127967708,0.4,0.0,1.25,0.0,0.0,0.0,1.0,0.0,2.0,1
-0.7593984962406015,-0.010779758353616475,-0.04567688781969502,0.0,0.0,0.9166666666666666,0.0,1.0,0.0,0.0,0.0,1.0,0
-0.13533834586466165,-0.07554425790249944,-0.36904945308298737,-0.6,0.0,-1.0833333333333333,0.0,0.0,0.0,1.0,0.0,0.0,0
0.3082706766917293,0.18534821603423776,-0.7369661932677332,-1.0,0.0,0.25,1.0,0.0,1.0,0.0,0.0,1.0,1
0.7819548872180451,0.3165081388113805,0.9208986526292174,1.0,0.0,0.5833333333333334,1.0,0.0,1.0,1.0,0.0,1.0,0
0.6842105263157895,-0.22642663611139727,-0.046713828115008474,0.6,0.0,0.25,0.0,0.0,1.0,1.0,0.0,1.0,0
-1.0977443609022557,-0.7604224355583985,0.06257068435887492,-0.6,1.0,0.5,0.0,0.0,1.0,1.0,0.0,1.0,0
0.9097744360902256,-0.7604224355583985,-0.3081055742184652,1.0,1.0,0.25,0.0,0.0,0.0,0.0,1.0,1.0,0
1.1654135338345866,0.2940854454047005,-0.5436990225853928,-0.8,0.0,0.25,1.0,0.0,0.0,1.0,1.0,1.0,0
-0.7969924812030075,0.24032223748688578,0.05961818979303744,0.4,1.0,-1.0,0.0,1.0,1.0,1.0,1.0,0.0,0
-0.9398496240601504,-0.7604224355583985,-0.014467182487821166,0.6,0.0,-0.16666666666666666,0.0,1.0,0.0,1.0,0.0,1.0,1
-0.15037593984962405,-0.2905426366549862,0.4980379776189036,0.2,1.0,0.4166666666666667,1.0,0.0,1.0,0.0,1.0,1.0,0
0.6992481203007519,-0.7604224355583985,0.1751316010876886,0.6,1.0,-0.16666666666666666,0.0,1.0,0.0,1.0,1.0,1.0,0
0.7142857142857143,0.14027679084582967,0.919043403412832,-0.8,0.0,0.6666666666666666,0.0,0.0,0.0,1.0,0.0,1.0,1
-0.3684210526315789,-0.7604224355583985,-0.530587170636345,0.6,1.0,-0.5833333333333334,0.0,0.0,1.0,1.0,1.0,0.0,0
1.4887218045112782,0.011226977433260977,0.5768089503943659,1.0,0.0,1.5,0.0,0.0,0.0,1.0,0.0,2.0,1
0.9774436090225563,0.40437634582445414,-0.9898337688627377,0.0,0.0,2.9166666666666665,1.0,0.0,0.0,1.0,0.0,3.0,1
-0.18045112781954886,0.1290471103540109,-0.5458369900725362,1.0,0.0,0.08333333333333333,1.0,0.0,1.0,1.0,0.0,1.0,1
0.40601503759398494,0.2397911844171887,0.5183156031789453,-0.6,1.0,0.75,0.0,1.0,0.0,1.0,0.0,1.0,1
-0.18796992481203006,0.22044198611497579,-0.1519099645541713,-0.6,0.0,0.0,0.0,0.0,1.0,0.0,1.0,1.0,0
0.5112781954887218,0.10704296010140624,-0.9204032312776765,0.2,0.0,-0.25,0.0,0.0,0.0,1.0,1.0,1.0,0
1.3533834586466165,-0.02523861445292507,-0.909983540042109,0.6,0.0,-0.6666666666666666,0.0,1.0,1.0,0.0,1.0,0.0,0
1.037593984962406,0.26881897769620194,0.8263196809249366,-0.6,1.0,0.75,0.0,1.0,1.0,1.0,1.0,1.0,0
-1.5263157894736843,-0.7604224355583985,-0.17652475005024368,0.2,1.0,0.0,0.0,0.0,0.0,1.0,0.0,1.0,0
0.9172932330827067,-0.7604224355583985,-0.3549909139959216,0.0,1.0,-0.9166666666666666,0.0,0.0,0.0,1.0,1.0,0.0,0
-0.12030075187969924,-0.1270081423566965,-0.25353716611985416,0.8,1.0,-0.5,1.0,0.0,0.0,1.0,1.0,1.0,0
0.13533834586466165,-0.7604224355583985,-0.8996720912681223,-0.2,1.0,2.5833333333333335,0.0,0.0,1.0,1.0,1.0,3.0,0
0.37593984962406013,0.046842712038980126,-0.6043289063205703,-0.8,0.0,-0.75,1.0,0.0,1.0,1.0,1.0,0.0,0
-0.5864661654135338,0.1196342769606292,-0.8325522593761266,0.0,1.0,-0.25,0.0,0.0,0.0,1.0,1.0,1.0,0
1.4210526315789473,-0.7604224355583985,0.7542586164359637,-0.6,1.0,-0.5,0.0,0.0,1.0,1.0,0.0,1.0,0
-0.12781954887218044,-0.14151800399574738,0.5500880875414742,0.0,1.0,0.5,1.0,0.0,1.0,0.0,0.0,1.0,0
-0.631578947368421,-0.7604224355583985,-0.5465125088908432,0.4,1.0,0.8333333333333334,0.0,0.0,0.0,1.0,1.0,1.0,0
0.10526315789473684,0.19408967236148864,0.0037958454161706257,-0.8,1.0,-1.3333333333333333,1.0,0.0,0.0,1.0,1.0,0.0,0
-0.16541353383458646,0.2314746175554095,0.35734311774319066,0.6,1.0,-0.08333333333333333,0.0,0.0,0.0,1.0,1.0,1.0,0
-1.3383458646616542,-0.7604224355583985,-0.4320664970544432,-0.4,1.0,0.0,0.0,1.0,1.0,0.0,0.0,1.0,0
-0.20300751879699247,-0.7604224355583985,-0.6831001857319011,0.0,1.0,0.16666666666666666,0.0,0.0,0.0,1.0,0.0,1.0,0
0.2706766917293233,-0.7604224355583985,0.5647070547842032,-0.8,1.0,-0.6666666666666666,0.0,0.0,1.0,1.0,0.0,0.0,0
0.24060150375939848,0.17806946695959464,0.21298651453779818,-0.6,1.0,0.3333333333333333,0.0,1.0,1.0,0.0,0.0,1.0,0
-1.1879699248120301,-0.029258415101181174,-0.7661552704381432,0.8,0.0,2.6666666666666665,0.0,0.0,1.0,1.0,1.0,3.0,0
0.5112781954887218,0.16651173701324334,0.37484548426938846,-0.4,1.0,-0.25,0.0,0.0,0.0,1.0,1.0,1.0,0
0.39849624060150374,-0.19432644462124454,0.4402035908848912,-0.2,1.0,0.3333333333333333,1.0,0.0,1.0,1.0,1.0,1.0,0
0.08270676691729323,0.416389208152315,0.5301767896323346,0.2,0.0,1.3333333333333333,0.0,1.0,0.0,0.0,1.0,2.0,1
1.3609022556390977,0.26481704073928414,-0.7024457404636566,-0.8,0.0,1.8333333333333333,1.0,0.0,1.0,1.0,1.0,2.0,1
0.23308270676691728,0.13886830146342416,0.8557647990455449,-0.2,0.0,-0.5833333333333334,0.0,0.0,1.0,0.0,0.0,0.0,0
0.38345864661654133,-0.26504190387148113,0.38707034086281983,0.8,0.0,0.4166666666666667,1.0,0.0,1.0,0.0,1.0,1.0,0
0.06015037593984962,0.27186473706938064,-0.6202766289934692,0.0,1.0,0.25,0.0,0.0,1.0,1.0,1.0,1.0,0
-0.18796992481203006,-0.16416838111746718,0.7951212189082411,-0.8,1.0,1.25,1.0,0.0,1.0,0.0,1.0,2.0,0
0.2781954887218045,0.3086117604436683,-0.48516632376684804,-0.2,0.0,-1.25,0.0,0.0,1.0,1.0,0.0,0.0,1
0.45112781954887216,0.3355856209663952,-0.0380965425144883,-0.8,0.0,0.8333333333333334,0.0,1.0,1.0,1.0,1.0,1.0,0
-1.3233082706766917,0.29233206142022855,-0.3179140379561545,-0.4,0.0,-0.5833333333333334,1.0,0.0,1.0,1.0,0.0,0.0,0
0.40601503759398494,0.8809233757722668,0.3456885016532146,-0.8,0.0,-0.6666666666666666,0.0,1.0,0.0,1.0,1.0,0.0,1
0.9699248120300752,0.1626194893891044,-0.3456257435121281,-0.6,0.0,0.08333333333333333,0.0,0.0,1.0,0.0,1.0,1.0,1
0.2857142857142857,-0.7604224355583985,0.624371342169472,0.2,1.0,0.16666666666666666,0.0,0.0,1.0,1.0,0.0,1.0,0
0.3533834586466165,-0.13415581267866875,0.5191907419476464,0.2,0.0,-0.9166666666666666,0.0,1.0,1.0,0.0,0.0,0.0,0
0.48120300751879697,-0.7604224355583985,-0.06674859806719752,-0.6,1.0,-0.3333333333333333,0.0,1.0,1.0,1.0,1.0,1.0,0
0.3007518796992481,0.3527992463089246,0.9082443013959728,0.2,3.0,0.6666666666666666,1.0,0.0,1.0,1.0,0.0,1.0,1
1.4887218045112782,0.4529788273340646,-0.46256593150291325,0.6,0.0,-0.5833333333333334,1.0,0.0,0.0,1.0,1.0,0.0,0
-1.1879699248120301,-0.7604224355583985,-0.1385665003124492,0.0,1.0,2.5,0.0,1.0,1.0,1.0,1.0,3.0,0
-0.9022556390977443,0.35805814466996616,-0.6665799738925112,0.6,0.0,-1.0833333333333333,1.0,0.0,1.0,0.0,0.0,0.0,0
0.03007518796992481,-0.7604224355583985,-0.4337109852172127,0.6,1.0,2.1666666666666665,0.0,0.0,1.0,0.0,1.0,3.0,0
0.48872180451127817,-0.30231770817928677,0.7462745339038978,0.4,1.0,-0.16666666666666666,1.0,0.0,1.0,1.0,1.0,1.0,0
-1.7593984962406015,-0.7604224355583985,-0.9240495406019751,-0.6,1.0,0.16666666666666666,0.0,0.0,0.0,0.0,0.0,1.0,0
-1.1353383458646618,0.05452065193541531,0.1566644559072315,0.2,0.0,-1.0,1.0,0.0,1.0,1.0,0.0,0.0,0
-1.3157894736842106,0.2522451545618677,0.597841922310481,0.6,1.0,0.9166666666666666,1.0,0.0,1.0,1.0,1.0,1.0,0
-1.0300751879699248,0.13053199052174475,-0.8281488660924997,0.8,0.0,1.9166666666666667,1.0,0.0,1.0,1.0,0.0,2.0,1
0.49624060150375937,-0.7604224355583985,-0.624909590330647,0.4,1.0,0.08333333333333333,0.0,0.0,1.0,1.0,0.0,1.0,0
-0.2932330827067669,-0.7604224355583985,0.5302582525613997,-0.2,0.0,0.25,0.0,0.0,1.0,0.0,0.0,1.0,0
-1.4962406015037595,0.27249662597571117,-0.9249951034084751,-0.2,1.0,0.0,0.0,0.0,0.0,1.0,0.0,1.0,0
1.1954887218045114,-0.7604224355583985,0.47708708190359045,0.0,1.0,0.6666666666666666,0.0,0.0,0.0,1.0,1.0,1.0,0
0.3684210526315789,0.08559861719359131,0.20368594201030227,0.2,0.0,-0.25,0.0,1.0,0.0,1.0,1.0,1.0,0
1.1278195488721805,-0.03265674732972098,-0.6129989332904726,-0.4,0.0,1.9166666666666667,0.0,0.0,0.0,1.0,0.0,2.0,1
-1.105263157894737,0.07405303142336914,-0.5519564198882493,-0.4,2.0,-0.3333333333333333,1.0,0.0,0.0,1.0,0.0,1.0,1
0.9323308270676691,0.11929933274803622,-0.09764655693276228,0.0,0.0,0.08333333333333333,1.0,0.0,1.0,0.0,1.0,1.0,0
-1.5488721804511278,-0.053575991731618075,0.9393640602064199,-0.8,0.0,0.16666666666666666,0.0,0.0,0.0,1.0,0.0,1.0,0
-1.0902255639097744,0.044894394440255135,-0.29767453745576317,0.6,0.0,0.75,1.0,0.0,0.0,1.0,1.0,1.0,0
1.1278195488721805,-0.7604224355583985,0.45238234988609116,0.6,1.0,-0.3333333333333333,0.0,0.0,1.0,1.0,0.0,1.0,0
-0.7368421052631579,-0.7604224355583985,-0.0742704781334769,1.0,0.0,-1.0833333333333333,0.0,0.0,1.0,0.0,0.0,0.0,0
-0.41353383458646614,-0.7604224355583985,-0.18549190717672315,0.0,1.0,2.0,0.0,0.0,1.0,1.0,1.0,3.0,0
1.1729323308270676,0.026456244396295122,-0.6572888048649826,-0.6,0.0,0.0,1.0,0.0,0.0,1.0,0.0,1.0,1
0.3533834586466165,0.48296577547870667,0.07905358883426371,0.6,0.0,0.5833333333333334,0.0,0.0,1.0,1.0,0.0,1.0,0
-0.2857142857142857,-0.7604224355583985,0.3185317048072711,0.0,1.0,-0.08333333333333333,0.0,1.0,1.0,1.0,0.0,1.0,0
1.263157894736842,0.11189679142639966,-0.8450540081588142,0.8,0.0,0.16666666666666666,1.0,0.0,1.0,1.0,0.0,1.0,1
0.21804511278195488,0.06386704493294236,0.6552953650838591,-0.4,1.0,0.5833333333333334,1.0,0.0,0.0,1.0,1.0,1.0,0
-0.007518796992481203,-0.7604224355583985,0.49336576689055767,-0.2,1.0,0.25,0.0,0.0,1.0,1.0,1.0,1.0,0
0.3383458646616541,0.049783404701261295,-0.33273732689926117,0.6,0.0,0.5,1.0,0.0,1.0,1.0,0.0,1.0,1
0.06766917293233082,-0.7604224355583985,0.8801337647870359,-1.0,1.0,-0.25,0.0,0.0,0.0,1.0,0.0,1.0,0
0.7669172932330827,-0.7604224355583985,-0.9177461292651614,-0.2,1.0,-0.16666666666666666,0.0,1.0,1.0,1.0,1.0,1.0,0
0.7293233082706767,-0.14822777883136126,-0.26550536849135037,1.0,1.0,0.75,1.0,0.0,1.0,1.0,1.0,1.0,0
-0.8270676691729323,0.2733677159770231,0.6162422208716049,-0.6,0.0,-0.4166666666666667,0.0,1.0,1.0,0.0,1.0,1.0,0
0.16541353383458646,-0.7604224355583985,0.30159794339323004,-0.8,0.0,-0.5,0.0,0.0,0.0,1.0,0.0,1.0,0
0.37593984962406013,0.4035125423288196,0.4764032839168339,-0.4,0.0,0.25,0.0,0.0,1.0,0.0,1.0,1.0,0
0.8120300751879699,0.5158030009356109,-0.08532838082335062,0.2,0.0,0.08333333333333333,0.0,0.0,1.0,1.0,0.0,1.0,1
-1.0451127819548873,0.6095460902628035,-0.15544711150928348,0.0,0.0,-0.5,0.0,1.0,0.0,1.0,0.0,1.0,0
-0.41353383458646614,-0.7604224355583985,-0.08596229937549771,-0.6,1.0,-1.5,0.0,0.0,1.0,1.0,1.0,0.0,0
0.39097744360902253,0.4477747736394126,-0.6049460621119062,-0.4,1.0,-0.16666666666666666,1.0,0.0,0.0,1.0,1.0,1.0,0
1.2857142857142858,-0.7604224355583985,0.5842104247762806,-0.8,1.0,0.08333333333333333,0.0,0.0,1.0,1.0,0.0,1.0,0
-0.09022556390977443,-0.7604224355583985,0.7519684553460878,-0.2,0.0,-0.08333333333333333,0.0,1.0,1.0,0.0,0.0,1.0,0
1.150375939849624,0.2583045500036256,-0.3726353551411912,0.8,0.0,1.0833333333333333,1.0,0.0,1.0,1.0,0.0,1.0,1
-1.5413533834586466,-0.7604224355583985,1.0021212813852995,-0.4,3.0,0.3333333333333333,0.0,0.0,1.0,1.0,1.0,1.0,1
-0.47368421052631576,0.07978884333342907,-0.6380342187742156,1.0,1.0,0.75,0.0,0.0,0.0,1.0,0.0,1.0,0
0.13533834586466165,0.05022106513904945,0.768430713006331,-0.4,1.0,-0.16666666666666666,0.0,0.0,0.0,1.0,1.0,1.0,0
0.7744360902255639,0.4042811511535067,-0.7220441675749691,-0.2,1.0,-0.6666666666666666,0.0,0.0,0.0,1.0,1.0,0.0,0
-1.0225563909774436,0.061837948975578004,0.1670379473386115,-0.8,0.0,0.75,0.0,0.0,0.0,1.0,0.0,1.0,1
-0.39849624060150374,0.2067610624336404,-0.6958473454213453,0.8,0.0,0.75,1.0,0.0,1.0,1.0,1.0,1.0,1
-0.47368421052631576,-0.03788932025089553,-0.003474899873806576,0.6,0.0,0.08333333333333333,1.0,0.0,1.0,1.0,0.0,1.0,0
-1.6466165413533835,0.4368110897795827,-0.8152318301319059,0.8,0.0,-0.25,0.0,1.0,1.0,1.0,0.0,1.0,0
0.09774436090225563,0.3079059095872355,-0.058026238575737764,0.6,0.0,1.5,0.0,0.0,0.0,1.0,1.0,2.0,0
0.2631578947368421,0.2919543383678516,1.0079895764247102,1.0,1.0,0.3333333333333333,1.0,0.0,1.0,1.0,1.0,1.0,0
0.6015037593984962,-0.7604224355583985,0.5613247589426839,0.4,1.0,-0.9166666666666666,0.0,0.0,1.0,1.0,0.0,0.0,0
-0.12781954887218044,-0.12090487118182701,0.5861285343457087,-0.4,1.0,-0.75,1.0,0.0,0.0,1.0,1.0,0.0,0
-1.3533834586466165,-0.7604224355583985,0.09163015676886545,0.0,1.0,-0.9166666666666666,0.0,0.0,0.0,1.0,0.0,0.0,0
-1.443609022556391,-0.7604224355583985,0.5795738860206369,0.4,1.0,-0.8333333333333334,0.0,0.0,0.0,1.0,0.0,0.0,1
0.11278195488721804,-0.10412491045139158,0.19329916302462039,-0.2,1.0,0.16666666666666666,1.0,0.0,0.0,1.0,0.0,1.0,0
-1.481203007518797,0.5719709124260346,-0.4604483041950471,0.2,0.0,0.0,1.0,0.0,0.0,0.0,1.0,1.0,0
-0.6090225563909775,0.11377812018260604,0.9181184874214774,0.8,0.0,2.4166666666666665,1.0,0.0,0.0,0.0,1.0,3.0,0
0.39849624060150374,0.3877724364731291,-0.9135131233124648,1.0,0.0,0.5,1.0,0.0,0.0,0.0,1.0,1.0,1
-0.8646616541353384,-0.7604224355583985,0.0444911269162027,0.8,1.0,1.8333333333333333,0.0,0.0,1.0,0.0,0.0,2.0,1
-0.23308270676691728,0.5753730054316982,-0.652714002130864,0.8,0.0,1.3333333333333333,0.0,1.0,1.0,1.0,0.0,2.0,1
-0.40601503759398494,-0.06797083627029792,-0.3607029269543534,0.0,2.0,1.0833333333333333,1.0,0.0,0.0,0.0,1.0,1.0,1
-0.3383458646616541,0.08913609817571355,0.10062204918873731,-0.6,1.0,-0.3333333333333333,0.0,1.0,0.0,0.0,1.0,1.0,1
-0.9699248120300752,-0.7604224355583985,0.3213233177541018,0.4,1.0,3.0,0.0,0.0,0.0,0.0,0.0,3.0,1
-1.7218045112781954,0.004782964181065878,0.19344236197521034,0.0,0.0,-0.08333333333333333,0.0,0.0,0.0,1.0,0.0,1.0,1
0.3684210526315789,-0.7604224355583985,0.47846265040968466,1.0,1.0,0.3333333333333333,0.0,0.0,1.0,1.0,1.0,1.0,0
0.23308270676691728,-0.7604224355583985,-0.2645500955490143,0.6,0.0,-0.3333333333333333,0.0,0.0,1.0,0.0,0.0,1.0,0
-0.3308270676691729,-0.7604224355583985,0.27153250091064474,0.2,0.0,0.8333333333333334,0.0,0.0,0.0,1.0,1.0,1.0,0
0.49624060150375937,-0.7604224355583985,0.2748457014697952,-0.6,0.0,-0.6666666666666666,0.0,0.0,1.0,1.0,0.0,0.0,0
-0.46616541353383456,-0.7604224355583985,-0.5168868844556442,-0.8,1.0,-0.08333333333333333,0.0,0.0,1.0,1.0,0.0,1.0,0
0.9548872180451128,0.07133900393232334,0.17832848444072105,0.8,0.0,1.0,0.0,0.0,1.0,0.0,0.0,1.0,0
-0.8571428571428571,-0.0650002924395962,-0.7279616265652965,0.6,1.0,0.08333333333333333,0.0,0.0,0.0,0.0,0.0,1.0,1
0.21052631578947367,0.20959386780218106,-0.1806095486664982,1.0,0.0,0.0,0.0,0.0,0.0,1.0,0.0,1.0,1
0.518796992481203,0.04608185981711104,-1.0043250733722142,-0.2,0.0,0.4166666666666667,0.0,0.0,1.0,0.0,0.0,1.0,0
0.8120300751879699,0.6164568316259732,0.5917085916687292,0.2,0.0,0.5,0.0,1.0,1.0,1.0,1.0,1.0,0
-0.18045112781954886,0.19722584708468674,-0.8711440188182434,-0.2,0.0,1.0833333333333333,1.0,0.0,1.0,0.0,1.0,1.0,1
1.4887218045112782,0.19925321935253598,-0.40576868948812644,0.0,0.0,1.0,0.0,0.0,1.0,0.0,1.0,1.0,0
-1.0225563909774436,-0.2729921083617785,0.7383272476760515,0.2,0.0,0.75,0.0,0.0,0.0,0.0,1.0,1.0,1
1.1353383458646618,0.7448508595275704,-0.46168619319618465,0.8,0.0,-0.4166666666666667,0.0,0.0,0.0,1.0,1.0,1.0,1
-0.5488721804511278,0.017908233042352326,-0.970228595762318,-0.2,0.0,1.5833333333333333,0.0,1.0,1.0,0.0,0.0,2.0,1
-1.1654135338345866,0.27205708514936106,-0.9145343229665285,0.4,0.0,1.5,1.0,0.0,0.0,1.0,1.0,2.0,0
-0.9022556390977443,-0.7604224355583985,-0.7038620915402616,0.8,1.0,0.08333333333333333,0.0,0.0,1.0,0.0,0.0,1.0,0
-0.5413533834586466,0.30733591680440187,-0.7629863931611004,1.0,1.0,-0.16666666666666666,1.0,0.0,1.0,1.0,1.0,1.0,0
0.43609022556390975,0.08756519023127167,0.9109859326962377,0.8,0.0,0.6666666666666666,1.0,0.0,1.0,1.0,1.0,1.0,0
-0.24812030075187969,0.22060699021128474,0.14272417605345078,-0.8,0.0,0.5,0.0,0.0,1.0,1.0,1.0,1.0,0
0.7368421052631579,0.08158077528342055,0.2737873988756429,0.2,0.0,1.25,1.0,0.0,0.0,1.0,0.0,2.0,1
-0.045112781954887216,0.5638672995688934,0.7789635528773752,0.6,1.0,0.9166666666666666,1.0,0.0,1.0,1.0,1.0,1.0,0
-1.0977443609022557,0.730984874271932,-0.21547496682263792,-0.4,0.0,1.8333333333333333,1.0,0.0,0.0,1.0,0.0,2.0,0
0.44360902255639095,-0.7604224355583985,-0.9175328129126411,0.4,2.0,-1.0,0.0,0.0,0.0,1.0,1.0,0.0,0
-0.7969924812030075,0.329188382379678,-0.1277847743281385,0.4,0.0,0.4166666666666667,0.0,1.0,1.0,1.0,1.0,1.0,0
0.5112781954887218,-0.7604224355583985,-0.44173165962958655,1.0,1.0,0.08333333333333333,0.0,0.0,0.0,1.0,1.0,1.0,1
0.49624060150375937,-0.7604224355583985,-0.59331597689141,0.6,1.0,-0.4166666666666667,0.0,1.0,1.0,1.0,1.0,1.0,0
-0.6390977443609023,0.25616795850013774,0.10027657277689311,0.0,0.0,-0.6666666666666666,1.0,0.0,1.0,1.0,0.0,0.0,0
-1.3984962406015038,0.11646644902997219,1.0035902716193301,-0.6,2.0,1.5833333333333333,1.0,0.0,0.0,1.0,0.0,2.0,1
-0.3684210526315789,-0.7604224355583985,-0.9182705788122538,-0.2,1.0,-0.5,0.0,0.0,1.0,0.0,1.0,1.0,0
-1.0225563909774436,0.3274442436389686,0.2842489970132389,1.0,0.0,-0.3333333333333333,1.0,0.0,0.0,1.0,1.0,1.0,0
0.9473684210526315,-0.7604224355583985,-0.22057043726147096,0.4,0.0,2.3333333333333335,0.0,0.0,0.0,1.0,1.0,3.0,0
0.518796992481203,-0.7604224355583985,-0.9705415687721013,0.0,1.0,1.4166666666666667,0.0,0.0,1.0,1.0,1.0,2.0,0
0.7593984962406015,0.492423973246145,0.5045611446614762,0.0,0.0,-0.4166666666666667,1.0,0.0,1.0,1.0,0.0,1.0,0
1.368421052631579,-0.7604224355583985,-0.4702755749326712,0.0,1.0,-0.25,0.0,1.0,1.0,0.0,0.0,1.0,0
0.21052631578947367,-0.7604224355583985,-0.4158555785944145,-0.2,1.0,0.5,0.0,0.0,0.0,1.0,1.0,1.0,0
0.49624060150375937,-0.7604224355583985,0.22579612573246052,0.8,1.0,0.25,0.0,1.0,1.0,0.0,0.0,1.0,0
1.443609022556391,0.12765483932295196,-0.690366433695807,0.4,0.0,0.25,0.0,0.0,1.0,1.0,0.0,1.0,1
0.7593984962406015,-0.7604224355583985,-1.0076620893171517,-0.2,1.0,1.0833333333333333,0.0,0.0,0.0,1.0,1.0,1.0,0
0.14285714285714285,0.17867119129941078,0.2655029154044023,0.6,1.0,-0.75,1.0,0.0,1.0,1.0,0.0,0.0,0
-0.03007518796992481,-0.015790680473054115,0.48662018663136614,-0.4,1.0,-0.25,1.0,0.0,1.0,1.0,1.0,1.0,0
0.9624060150375939,0.23246385863802907,0.9793169762688115,-0.2,0.0,1.1666666666666667,1.0,0.0,1.0,1.0,0.0,2.0,1
0.3533834586466165,-0.7604224355583985,0.0645271234118657,-0.6,0.0,1.0,0.0,0.0,0.0,0.0,0.0,1.0,0
-0.20300751879699247,-0.7604224355583985,-0.1568010110806705,0.4,0.0,1.6666666666666667,0.0,1.0,0.0,0.0,0.0,2.0,1
-0.2932330827067669,0.2683625133727945,-0.16459405946666067,0.8,0.0,-0.08333333333333333,0.0,0.0,1.0,0.0,0.0,1.0,0
-1.3458646616541354,-0.21497373782737325,0.4486977110782302,0.2,0.0,-0.16666666666666666,0.0,0.0,0.0,1.0,0.0,1.0,0
0.06015037593984962,0.5407318605477205,-0.09150239182365681,0.2,1.0,-1.1666666666666667,1.0,0.0,0.0,0.0,0.0,0.0,0
-0.5939849624060151,0.013403213795595986,-0.03507311285107096,0.6,0.0,2.9166666666666665,0.0,1.0,0.0,1.0,1.0,3.0,0
0.11278195488721804,0.44924273031008893,0.39073607045878983,0.8,0.0,1.5,1.0,0.0,1.0,1.0,1.0,2.0,1
0.22556390977443608,0.15970590566192436,-0.8436161925714142,-0.6,1.0,-0.16666666666666666,1.0,0.0,0.0,1.0,1.0,1.0,0
-0.46616541353383456,0.11875018093843061,-0.7480435162292784,0.6,0.0,-0.5,0.0,0.0,1.0,1.0,0.0,1.0,0
0.6390977443609023,0.23894806519573536,-0.9732809514093307,-0.2,1.0,1.0833333333333333,1.0,0.0,1.0,1.0,0.0,1.0,0
1.4887218045112782,-0.7604224355583985,-0.9243218332532036,-0.6,1.0,0.08333333333333333,0.0,0.0,0.0,1.0,0.0,1.0,0
0.7894736842105263,-0.16981471787178884,1.0249894689743915,-0.4,0.0,-0.75,0.0,0.0,1.0,1.0,1.0,0.0,0
-1.0075187969924813,0.10631908885458835,-0.10343103816811651,0.0,0.0,0.3333333333333333,1.0,0.0,0.0,1.0,0.0,1.0,0
1.0300751879699248,-0.7604224355583985,0.38794885262607426,-0.2,1.0,0.25,0.0,1.0,0.0,1.0,0.0,1.0,0
-0.06015037593984962,0.34844959416709737,0.6913657599912507,0.6,0.0,-0.4166666666666667,1.0,0.0,0.0,1.0,1.0,1.0,1
-0.39849624060150374,-0.7604224355583985,0.1474045637382898,0.2,1.0,0.4166666666666667,0.0,1.0,1.0,1.0,0.0,1.0,0
-0.09774436090225563,0.006154942685560736,0.8051831682972242,0.6,0.0,-0.75,0.0,1.0,0.0,1.0,1.0,0.0,0
0.46616541353383456,-0.7604224355583985,0.9566362454073296,0.0,1.0,-0.25,0.0,1.0,1.0,1.0,0.0,1.0,0
0.19548872180451127,-0.7604224355583985,0.6182993387014203,0.6,1.0,2.0,0.0,1.0,0.0,1.0,1.0,3.0,0
-0.22556390977443608,-0.7604224355583985,0.3304059743910501,0.6,1.0,-0.16666666666666666,0.0,0.0,1.0,1.0,1.0,1.0,0
0.2781954887218045,-0.7604224355583985,0.6676677135300396,-0.6,1.0,0.25,0.0,1.0,1.0,1.0,1.0,1.0,0
0.45112781954887216,-0.7604224355583985,0.2226745725911229,-0.6,0.0,-1.0833333333333333,0.0,0.0,1.0,0.0,1.0,0.0,0
-0.8045112781954887,0.27792734484159853,0.08159345373305539,-0.8,1.0,-0.3333333333333333,1.0,0.0,1.0,0.0,1.0,1.0,0
-1.1804511278195489,0.18174641009339304,-0.9126169288807934,0.6,1.0,0.16666666666666666,1.0,0.0,1.0,1.0,1.0,1.0,0
-1.7744360902255638,0.19692772714809811,-0.011706641975665143,1.0,1.0,0.3333333333333333,1.0,0.0,0.0,1.0,0.0,1.0,0
0.2706766917293233,-0.7604224355583985,0.7419221443863983,-0.8,1.0,1.25,0.0,0.0,1.0,1.0,1.0,2.0,0
0.8646616541353384,0.4344802698075528,0.3829699038172716,-0.6,0.0,0.5833333333333334,0.0,0.0,0.0,1.0,1.0,1.0,0
0.2857142857142857,-0.7604224355583985,0.5307743207280866,-0.6,1.0,0.8333333333333334,0.0,0.0,1.0,1.0,0.0,1.0,0
-0.9323308270676691,0.06024878559218075,0.7238244954274844,0.4,0.0,-1.1666666666666667,0.0,1.0,1.0,1.0,0.0,0.0,0
-0.18796992481203006,-0.1346368004029046,0.3105194117753029,-0.2,1.0,-0.5833333333333334,1.0,0.0,0.0,1.0,0.0,0.0,0
-0.2556390977443609,-0.7604224355583985,-0.19668196992592063,0.6,1.0,0.25,0.0,1.0,0.0,1.0,0.0,1.0,0
1.2105263157894737,-0.7604224355583985,-0.5752263004650773,-1.0,1.0,-0.25,0.0,0.0,1.0,1.0,0.0,1.0,0
-0.5413533834586466,0.3536153349448003,0.292138737909763,0.8,1.0,-0.4166666666666667,0.0,1.0,1.0,0.0,1.0,1.0,0
0.23308270676691728,-0.010626976782960033,0.8495839398441756,0.0,0.0,-0.16666666666666666,1.0,0.0,0.0,0.0,1.0,1.0,0
0.8345864661654135,-0.7604224355583985,-0.8175749370150763,0.4,1.0,0.16666666666666666,0.0,1.0,0.0,1.0,0.0,1.0,0
0.37593984962406013,0.4189400335860901,-0.04822820045757736,1.0,0.0,0.0,0.0,0.0,1.0,1.0,1.0,1.0,0
-0.5639097744360902,-0.7604224355583985,0.606153594162062,-0.8,0.0,0.75,0.0,0.0,0.0,1.0,1.0,1.0,0
0.3157894736842105,0.3616384828413956,0.03251996039797754,-0.8,0.0,1.75,1.0,0.0,0.0,0.0,0.0,2.0,1
-0.022556390977443608,-0.033443376544793076,0.7555401499423845,0.0,0.0,0.6666666666666666,0.0,0.0,0.0,1.0,0.0,1.0,1
0.23308270676691728,-0.7604224355583985,-0.24208840490959807,-0.8,1.0,0.25,0.0,0.0,0.0,0.0,0.0,1.0,0
0.17293233082706766,-0.7604224355583985,-0.7194156849101808,0.6,1.0,-0.16666666666666666,0.0,1.0,1.0,1.0,0.0,1.0,0
-0.015037593984962405,0.13535510883356006,-0.7576141327449674,-0.6,0.0,-1.0,1.0,0.0,0.0,1.0,1.0,0.0,0
0.6691729323308271,-0.17772535585276228,0.0015201984240704655,0.2,0.0,-0.16666666666666666,0.0,1.0,1.0,0.0,0.0,1.0,0
0.5488721804511278,-0.08301402311522486,0.42959296771520383,-0.2,0.0,2.4166666666666665,0.0,0.0,1.0,1.0,1.0,3.0,0
0.8270676691729323,0.34735411113072895,-0.46326598119070045,0.2,0.0,-0.6666666666666666,0.0,0.0,1.0,1.0,0.0,0.0,0
-0.37593984962406013,0.44711076142848266,0.78874840565319,0.2,1.0,0.16666666666666666,0.0,0.0,0.0,1.0,0.0,1.0,1
-0.5037593984962406,0.5108848446518949,0.3841285785523799,-0.4,1.0,0.25,1.0,0.0,0.0,1.0,0.0,1.0,0
0.5864661654135338,-0.7604224355583985,0.7883575471328078,0.8,1.0,-0.3333333333333333,0.0,1.0,0.0,0.0,0.0,1.0,0
0.5864661654135338,0.2398008214085685,-0.3939394953770172,0.8,0.0,-0.4166666666666667,0.0,0.0,0.0,0.0,0.0,1.0,0
0.37593984962406013,-0.7604224355583985,0.6382287281268013,-0.6,0.0,0.08333333333333333,0.0,1.0,0.0,1.0,1.0,1.0,0
-0.6466165413533834,0.20360577042672948,-0.33935902626757847,-0.8,0.0,-0.16666666666666666,1.0,0.0,0.0,1.0,0.0,1.0,1
-0.7518796992481203,0.2902839265286747,-0.4251694386762122,0.8,0.0,0.08333333333333333,0.0,0.0,0.0,0.0,0.0,1.0,0
1.0451127819548873,0.2567783012875295,0.8429554944867512,0.0,0.0,-0.16666666666666666,1.0,0.0,1.0,1.0,1.0,1.0,1
0.518796992481203,0.089075925741732,0.8071822297359369,-0.6,0.0,2.6666666666666665,0.0,0.0,1.0,1.0,1.0,3.0,0
0.3383458646616541,0.2823138212594303,-0.35442333100332674,0.0,0.0,-0.16666666666666666,0.0,0.0,1.0,1.0,0.0,1.0,0
-0.03759398496240601,-0.7604224355583985,-0.07246551719952525,0.8,1.0,0.25,0.0,0.0,0.0,0.0,1.0,1.0,0
1.4887218045112782,0.35078793569337496,0.5111802887308893,0.8,1.0,-0.4166666666666667,1.0,0.0,1.0,1.0,1.0,1.0,0
-0.41353383458646614,-0.7604224355583985,-0.2955398407512171,-0.4,0.0,2.4166666666666665,0.0,1.0,0.0,1.0,1.0,3.0,0
0.3233082706766917,-0.7604224355583985,0.6981342357286239,-0.6,1.0,-0.08333333333333333,0.0,0.0,0.0,0.0,1.0,1.0,0
0.3007518796992481,-0.7604224355583985,-0.8240389233350282,0.4,1.0,-0.5833333333333334,0.0,0.0,0.0,1.0,1.0,0.0,0
0.8646616541353384,0.37371206604990176,0.3376450339746155,-0.8,0.0,-0.3333333333333333,1.0,0.0,0.0,1.0,1.0,1.0,0
1.0075187969924813,-0.7604224355583985,0.6772124704208184,0.6,0.0,2.0833333333333335,0.0,0.0,0.0,1.0,1.0,3.0,0
0.3383458646616541,0.426989585272076,-0.5570618048868304,0.2,0.0,0.16666666666666666,0.0,0.0,0.0,1.0,1.0,1.0,0
0.3007518796992481,0.520632700607393,-0.09222431487006377,0.2,0.0,0.25,0.0,0.0,1.0,0.0,0.0,1.0,0
-1.2255639097744362,-0.7604224355583985,-0.5714297395652135,0.0,0.0,-0.25,0.0,0.0,1.0,0.0,0.0,1.0,0
-0.7744360902255639,-0.7604224355583985,-0.928195870815842,-0.8,0.0,1.25,0.0,0.0,0.0,0.0,1.0,2.0,1
0.03759398496240601,0.4538696614152769,-0.7329510009936282,0.0,0.0,-0.25,0.0,1.0,1.0,1.0,0.0,1.0,0
0.3458646616541353,-0.050534306533656946,-0.8697209217525316,-0.4,0.0,0.3333333333333333,0.0,0.0,1.0,1.0,1.0,1.0,0
-0.2781954887218045,-0.7604224355583985,0.5815850084701771,0.4,1.0,-0.5833333333333334,0.0,0.0,1.0,1.0,1.0,0.0,0
0.5639097744360902,-0.7604224355583985,-0.6213871618972228,0.0,1.0,2.0833333333333335,0.0,0.0,1.0,0.0,1.0,3.0,0
-0.47368421052631576,0.22765601848327935,0.3527769008133901,0.0,0.0,0.9166666666666666,1.0,0.0,1.0,0.0,1.0,1.0,0
0.2932330827067669,0.495980179764363,0.4387016884009745,-0.4,1.0,-0.8333333333333334,1.0,0.0,1.0,1.0,0.0,0.0,0
0.2781954887218045,-0.14835917098212584,0.202506416036136,-0.2,3.0,0.25,1.0,0.0,0.0,1.0,0.0,1.0,1
0.08270676691729323,0.1496123716091256,-0.15421975033963117,0.4,2.0,1.0,1.0,0.0,1.0,1.0,1.0,1.0,1
-0.11278195488721804,0.20623988140389335,-0.18413432797491414,-0.8,0.0,1.5,1.0,0.0,0.0,1.0,0.0,2.0,1
0.45112781954887216,0.027820936395112576,0.6771145513668103,0.8,0.0,-0.4166666666666667,0.0,0.0,1.0,1.0,0.0,1.0,0
-0.5639097744360902,0.24198504942229174,0.2626211515122323,-0.4,0.0,0.5,1.0,0.0,0.0,0.0,0.0,1.0,1
-0.2857142857142857,0.1919823052302342,-1.0103461752860947,0.6,0.0,0.3333333333333333,0.0,0.0,0.0,1.0,1.0,1.0,0
-1.0601503759398496,0.2142581716300372,1.015652611202456,0.8,0.0,0.25,1.0,0.0,0.0,1.0,0.0,1.0,1
-0.6240601503759399,0.33522012043967075,0.6549513196394016,-0.2,0.0,0.3333333333333333,0.0,1.0,0.0,1.0,1.0,1.0,0
-0.6090225563909775,-0.7604224355583985,-0.15206900635796697,0.6,1.0,-0.16666666666666666,0.0,0.0,0.0,0.0,0.0,1.0,0
0.03007518796992481,-0.7604224355583985,0.1764082284202133,-0.2,1.0,-0.3333333333333333,0.0,1.0,1.0,1.0,0.0,1.0,0
-0.08270676691729323,-0.7604224355583985,0.831611296107654,1.0,1.0,-1.0,0.0,1.0,1.0,1.0,1.0,0.0,0
0.6766917293233082,0.6628476627886657,0.08402814252895124,-1.0,0.0,-0.3333333333333333,1.0,0.0,1.0,1.0,1.0,1.0,0
-0.3684210526315789,-0.04917517735100191,0.6416532375062176,0.0,1.0,1.5833333333333333,0.0,1.0,0.0,1.0,0.0,2.0,1
-0.3383458646616541,-0.09861443177066911,0.22996136515821838,-0.6,1.0,0.16666666666666666,1.0,0.0,1.0,1.0,1.0,1.0,0
0.22556390977443608,-0.7604224355583985,0.03957135883002063,0.8,1.0,2.25,0.0,1.0,0.0,1.0,1.0,3.0,0
0.7744360902255639,-0.7604224355583985,-0.9680801004436895,-0.4,2.0,-0.6666666666666666,0.0,0.0,0.0,1.0,0.0,0.0,0
0.20300751879699247,0.10334290385820084,0.8058814803817567,-0.8,0.0,-0.16666666666666666,1.0,0.0,1.0,1.0,1.0,1.0,0
-0.5037593984962406,-0.7604224355583985,-0.008441685459825491,-0.6,1.0,-0.16666666666666666,0.0,0.0,0.0,1.0,0.0,1.0,1
1.2330827067669172,0.4176045659595061,-0.6508458742080013,-0.6,1.0,-1.0,1.0,0.0,0.0,1.0,1.0,0.0,0
-0.5338345864661654,0.722876325394816,-0.5562447225092321,0.4,1.0,0.5833333333333334,0.0,1.0,0.0,1.0,0.0,1.0,1
0.9398496240601504,0.20263180750117554,-0.2379214278805854,0.4,0.0,-0.16666666666666666,1.0,0.0,1.0,1.0,1.0,1.0,0
-0.7969924812030075,-0.7604224355583985,-0.33769736649617305,0.6,0.0,0.8333333333333334,0.0,0.0,0.0,1.0,1.0,1.0,1
1.4887218045112782,-0.7604224355583985,0.6686474151298996,0.8,1.0,-0.75,0.0,0.0,0.0,1.0,1.0,0.0,0
-0.37593984962406013,0.010401486854575702,-0.6123001101461595,0.6,0.0,-0.25,0.0,1.0,1.0,1.0,0.0,1.0,0
-0.2932330827067669,0.20764586360154969,0.730370455736282,-0.2,1.0,-0.16666666666666666,0.0,1.0,1.0,0.0,1.0,1.0,0
1.4887218045112782,-0.7604224355583985,-0.7520681120033508,0.6,0.0,1.0,0.0,1.0,1.0,0.0,0.0,1.0,1
-1.6090225563909775,0.23616109429839155,-0.4894006584749747,0.4,0.0,1.8333333333333333,1.0,0.0,1.0,1.0,0.0,2.0,1
-0.6015037593984962,-0.7604224355583985,0.3442057128051011,0.4,1.0,0.08333333333333333,0.0,0.0,0.0,1.0,1.0,1.0,0
0.23308270676691728,0.47616119771976245,0.31118143861539604,-1.0,0.0,-0.6666666666666666,0.0,0.0,0.0,0.0,0.0,0.0,0
0.5037593984962406,-0.015692273471646704,0.7849666654869705,1.0,0.0,3.25,1.0,0.0,0.0,1.0,0.0,3.0,0
1.2255639097744362,-0.7604224355583985,1.0123418637302535,-0.2,1.0,-0.16666666666666666,0.0,0.0,1.0,0.0,1.0,1.0,0
-1.0,-0.7604224355583985,0.47135513761370607,0.8,1.0,-0.08333333333333333,0.0,0.0,1.0,0.0,1.0,1.0,0
0.07518796992481203,-0.7604224355583985,-0.7967388253265386,-0.6,1.0,-0.25,0.0,0.0,1.0,0.0,1.0,1.0,0
-0.18045112781954886,0.14327029108689163,0.0840934559689419,-0.8,0.0,0.16666666666666666,1.0,0.0,1.0,1.0,1.0,1.0,1
-0.5112781954887218,0.13527934484441917,-0.8533464641626358,-0.6,1.0,-0.16666666666666666,0.0,0.0,0.0,0.0,0.0,1.0,0
1.2857142857142858,-0.12127248714568342,-0.7264815974399996,-0.4,0.0,0.75,0.0,1.0,0.0,1.0,1.0,1.0,1
-1.0526315789473684,-0.7604224355583985,0.36214973719389604,-0.4,0.0,0.16666666666666666,0.0,1.0,1.0,1.0,0.0,1.0,0
0.03007518796992481,-0.7604224355583985,0.3789496009453585,1.0,0.0,0.08333333333333333,0.0,0.0,1.0,1.0,1.0,1.0,0
0.45112781954887216,0.5174390956835327,-0.7741995558123917,0.0,1.0,0.16666666666666666,0.0,1.0,0.0,1.0,1.0,1.0,0
0.6015037593984962,0.2914175657829455,-0.8794576326969918,-1.0,0.0,1.4166666666666667,0.0,1.0,1.0,0.0,1.0,2.0,0
-1.300751879699248,0.19385195990745194,-0.957062060416721,0.2,0.0,0.8333333333333334,0.0,0.0,1.0,0.0,1.0,1.0,1
0.6390977443609023,-0.00549500464984835,-0.9121102642140739,0.6,0.0,0.5,1.0,0.0,1.0,0.0,0.0,1.0,0
-0.18045112781954886,-0.045196980299678384,-0.37165289381851485,-0.4,0.0,-0.08333333333333333,1.0,0.0,0.0,1.0,0.0,1.0,0
-0.924812030075188,0.47357393975759987,-0.1755011995211882,-0.8,0.0,0.4166666666666667,0.0,0.0,1.0,1.0,1.0,1.0,0
0.5112781954887218,-0.7604224355583985,0.44471951953225786,0.8,1.0,-0.3333333333333333,0.0,0.0,1.0,1.0,1.0,1.0,0
0.44360902255639095,-0.7604224355583985,-0.9839052709811443,-0.2,1.0,2.25,0.0,0.0,1.0,1.0,1.0,3.0,0
0.18045112781954886,0.1559090877573033,-0.08480996178167202,-0.2,0.0,2.25,0.0,1.0,0.0,1.0,1.0,3.0,0
-0.5714285714285714,-0.7604224355583985,-0.21412280485450588,-0.4,0.0,-1.0833333333333333,0.0,0.0,1.0,0.0,1.0,0.0,1
-1.2406015037593985,-0.7604224355583985,0.2762837214811075,0.2,1.0,0.0,0.0,0.0,1.0,1.0,1.0,1.0,0
-1.0225563909774436,-0.7604224355583985,-0.6764453696897855,0.8,1.0,0.25,0.0,0.0,0.0,0.0,1.0,1.0,0
-0.8872180451127819,-0.7604224355583985,-0.8778009813114385,0.4,0.0,1.0,0.0,0.0,0.0,1.0,0.0,1.0,1
0.46616541353383456,0.028993358663473086,0.892599739385065,-0.2,0.0,1.25,0.0,0.0,1.0,1.0,1.0,2.0,0
-0.22556390977443608,-0.7604224355583985,-0.6763327321140897,-0.6,1.0,1.75,0.0,1.0,0.0,1.0,1.0,2.0,0
-0.8872180451127819,-0.11833445836719828,0.1658040446037645,-0.6,1.0,-0.16666666666666666,0.0,0.0,1.0,1.0,0.0,1.0,0
-0.022556390977443608,0.10755928346070155,-0.28646720088597327,0.6,0.0,0.8333333333333334,0.0,1.0,0.0,1.0,1.0,1.0,0
-0.5639097744360902,-0.7604224355583985,-0.42388463438719404,0.2,1.0,-0.3333333333333333,0.0,1.0,0.0,1.0,0.0,1.0,0
0.15789473684210525,-0.7604224355583985,0.22480354542612363,-0.2,1.0,0.4166666666666667,0.0,0.0,0.0,1.0,0.0,1.0,0
-0.5413533834586466,0.36303976406764715,0.4849357335937355,0.8,0.0,0.5833333333333334,1.0,0.0,1.0,0.0,0.0,1.0,1
0.924812030075188,-0.7604224355583985,0.7137621371906765,0.8,1.0,-0.5,0.0,0.0,1.0,1.0,0.0,1.0,0
-0.3308270676691729,-0.7604224355583985,0.3007987481079609,0.6,1.0,-0.5833333333333334,0.0,0.0,0.0,1.0,0.0,0.0,0
0.2932330827067669,0.2889600546315557,-0.08266034213152569,0.6,1.0,-0.25,0.0,0.0,1.0,1.0,0.0,1.0,0
-0.46616541353383456,-0.1193022316804026,-0.4832476009256827,-0.6,0.0,0.6666666666666666,0.0,0.0,0.0,1.0,0.0,1.0,0
-0.46616541353383456,-0.7604224355583985,0.0540045047364382,0.8,1.0,0.16666666666666666,0.0,0.0,1.0,1.0,1.0,1.0,0
1.481203007518797,-0.7604224355583985,0.7129955475194246,0.2,1.0,0.3333333333333333,0.0,0.0,0.0,1.0,1.0,1.0,1
-2.142857142857143,-0.027006023002088174,0.7090421934788008,0.2,0.0,0.4166666666666667,0.0,1.0,1.0,1.0,0.0,1.0,1
-0.3458646616541353,-0.7604224355583985,-0.3707245026206508,0.6,1.0,-0.3333333333333333,0.0,1.0,1.0,1.0,1.0,1.0,0
0.46616541353383456,0.41393890515707915,-0.3638804922476704,-0.4,1.0,0.16666666666666666,1.0,0.0,1.0,1.0,0.0,1.0,0
0.5413533834586466,0.2765545828418696,-0.1954971289300338,-0.4,0.0,-0.25,0.0,0.0,0.0,1.0,0.0,1.0,0
-1.0526315789473684,-0.7604224355583985,-0.4801465923875347,-0.8,1.0,0.5,0.0,0.0,1.0,1.0,1.0,1.0,0
0.022556390977443608,-0.7604224355583985,0.6152324689566319,-0.4,1.0,-0.25,0.0,0.0,0.0,1.0,0.0,1.0,0
0.045112781954887216,-0.7604224355583985,0.3170016940354085,0.6,1.0,-0.6666666666666666,0.0,0.0,0.0,0.0,1.0,0.0,0
-0.6766917293233082,0.1100391242262641,0.4211464782934386,-0.4,1.0,-0.5833333333333334,0.0,0.0,1.0,0.0,0.0,0.0,0
0.5037593984962406,0.3786433850535512,-0.19459469956903616,1.0,0.0,0.0,0.0,1.0,1.0,1.0,0.0,1.0,0
0.6240601503759399,0.013729226162519814,0.8700598565991811,0.8,0.0,0.5,1.0,0.0,0.0,0.0,0.0,1.0,1
0.7819548872180451,0.02869711911544643,-0.26616913293469835,-0.4,2.0,0.16666666666666666,1.0,0.0,0.0,1.0,1.0,1.0,1
-0.24060150375939848,-0.7604224355583985,-0.662140806424226,0.4,1.0,-0.4166666666666667,0.0,0.0,1.0,1.0,1.0,1.0,0
-0.6390977443609023,-0.7604224355583985,-0.7523131140622829,-0.4,1.0,1.8333333333333333,0.0,0.0,1.0,1.0,0.0,2.0,1
0.631578947368421,0.8257125037103397,-0.27670728782746323,-0.2,0.0,0.5,0.0,0.0,1.0,1.0,0.0,1.0,0
-0.44360902255639095,0.5851576856632007,-0.8029089522725106,0.2,0.0,1.0833333333333333,0.0,0.0,1.0,0.0,0.0,1.0,0
-0.18796992481203006,-0.7604224355583985,0.4012208707104358,0.2,2.0,0.3333333333333333,0.0,0.0,0.0,1.0,1.0,1.0,1
0.6766917293233082,-0.14047266465436367,0.281599969745261,-0.6,0.0,-0.16666666666666666,0.0,0.0,0.0,1.0,1.0,1.0,0
-0.8571428571428571,0.08618412318206092,-0.7381305918723866,0.4,1.0,0.16666666666666666,1.0,0.0,1.0,1.0,0.0,1.0,0
0.38345864661654133,0.31893274316293646,0.6156279270150417,0.0,0.0,3.0,0.0,1.0,1.0,1.0,1.0,3.0,0
-0.39849624060150374,0.18885764788697793,-0.9752405590329627,-0.4,0.0,1.0833333333333333,0.0,0.0,1.0,0.0,0.0,1.0,1
-0.3458646616541353,-0.7604224355583985,0.8613503758141983,0.6,1.0,0.75,0.0,1.0,0.0,1.0,1.0,1.0,0
-1.3834586466165413,-0.16246952840129095,0.9744497451280992,-0.8,0.0,-1.25,0.0,0.0,0.0,1.0,1.0,0.0,0
-0.5488721804511278,0.16717911825367998,0.5940335048237018,-0.8,0.0,-0.3333333333333333,0.0,0.0,0.0,1.0,1.0,1.0,0
-0.5639097744360902,0.14496115215167965,0.2868049091891487,0.6,0.0,0.5833333333333334,0.0,1.0,0.0,0.0,1.0,1.0,0
-0.39849624060150374,-0.7604224355583985,0.7866253611116472,-0.2,0.0,1.75,0.0,0.0,1.0,0.0,0.0,2.0,1
0.6541353383458647,-0.7604224355583985,-0.41883587481232937,-0.8,1.0,-0.5,0.0,1.0,1.0,1.0,1.0,1.0,0
0.9172932330827067,-0.2020722352049559,-0.31366161173178614,-0.8,1.0,-0.75,0.0,0.0,0.0,0.0,1.0,0.0,0
0.08270676691729323,-0.7604224355583985,-0.08107779441419334,0.8,1.0,-0.3333333333333333,0.0,1.0,1.0,0.0,0.0,1.0,0
0.8721804511278195,0.05874228095598482,-0.5244481161250478,0.0,0.0,0.8333333333333334,1.0,0.0,0.0,1.0,0.0,1.0,1
0.3082706766917293,0.19487700672227154,-0.11705302999039344,-0.8,0.0,0.5,1.0,0.0,0.0,1.0,0.0,1.0,1
-0.5789473684210527,0.33099958831242915,0.004058223507651075,-0.4,0.0,-0.8333333333333334,0.0,0.0,1.0,1.0,0.0,0.0,0
-0.6766917293233082,0.21630262409399054,-0.3480979440959373,-0.8,0.0,1.1666666666666667,0.0,0.0,0.0,1.0,1.0,2.0,1
0.9097744360902256,-0.7604224355583985,0.8446234913994392,-0.2,1.0,0.16666666666666666,0.0,1.0,0.0,0.0,1.0,1.0,0
-0.21804511278195488,-0.7604224355583985,-0.6927697434211596,-0.2,2.0,0.25,0.0,1.0,0.0,1.0,0.0,1.0,0
-0.9398496240601504,-0.02610931270662,0.4052375961638833,0.0,1.0,0.0,0.0,1.0,1.0,1.0,1.0,1.0,0
-0.7593984962406015,0.04653095928531751,0.7894158497269601,0.0,0.0,1.4166666666666667,1.0,0.0,1.0,1.0,0.0,2.0,1
0.8646616541353384,-0.16176273735057717,-0.22087298465172492,-0.8,1.0,0.5,0.0,0.0,1.0,1.0,0.0,1.0,0
-0.7293233082706767,-0.7604224355583985,0.9165954270626344,0.0,2.0,1.1666666666666667,0.0,0.0,1.0,1.0,0.0,2.0,1
-0.2706766917293233,-0.7604224355583985,-0.23499315754835945,0.6,0.0,-0.5,0.0,0.0,0.0,0.0,1.0,1.0,0
0.2932330827067669,0.1386678050330088,0.08399860327361902,0.0,0.0,0.08333333333333333,1.0,0.0,0.0,1.0,0.0,1.0,0
0.5413533834586466,-0.7604224355583985,-0.03970045253065949,-0.4,1.0,0.16666666666666666,0.0,1.0,1.0,0.0,1.0,1.0,0
-0.19548872180451127,-0.7604224355583985,-0.03732739754433227,-0.6,1.0,0.9166666666666666,0.0,1.0,0.0,1.0,1.0,1.0,0
0.7293233082706767,-0.7604224355583985,-0.9816256377227537,-0.4,0.0,-0.75,0.0,1.0,0.0,1.0,0.0,0.0,0
-0.849624060150376,0.15015964303016935,-0.4460834358753491,-0.4,2.0,0.5,1.0,0.0,0.0,1.0,0.0,1.0,1
0.06015037593984962,0.23970641023285516,-0.6038507587896215,0.0,0.0,-1.5,0.0,0.0,1.0,1.0,1.0,0.0,0
0.022556390977443608,0.07325590337215954,-0.1691269552987509,-0.8,0.0,-0.16666666666666666,0.0,1.0,0.0,1.0,1.0,1.0,0
0.9097744360902256,-0.7604224355583985,0.24674875905102847,-0.2,1.0,1.1666666666666667,0.0,1.0,1.0,0.0,0.0,2.0,1
-0.9398496240601504,0.2319801286804737,0.6421054232003,0.2,0.0,-0.5833333333333334,1.0,0.0,0.0,1.0,1.0,0.0,0
0.9774436090225563,-0.7604224355583985,0.20563410189484357,-0.2,0.0,-0.16666666666666666,0.0,0.0,0.0,1.0,1.0,1.0,0
0.2706766917293233,0.39950841158524625,0.7771479618999826,0.4,0.0,0.08333333333333333,0.0,0.0,1.0,1.0,0.0,1.0,1
0.49624060150375937,-0.7604224355583985,-0.547212865214499,0.8,0.0,-0.08333333333333333,0.0,0.0,1.0,1.0,0.0,1.0,0
0.8796992481203008,-0.7604224355583985,0.9043592249420683,1.0,1.0,-1.0,0.0,0.0,0.0,0.0,0.0,0.0,0
1.2030075187969924,0.23582419134771324,0.06067863883826917,-0.6,1.0,-0.3333333333333333,1.0,0.0,1.0,0.0,1.0,1.0,0
0.05263157894736842,-0.7604224355583985,0.7975957703670421,-0.6,0.0,1.9166666666666667,0.0,1.0,1.0,1.0,0.0,2.0,1
0.015037593984962405,-0.7604224355583985,0.8629340478630485,0.2,0.0,0.25,0.0,0.0,1.0,0.0,0.0,1.0,1
-1.8120300751879699,-0.7604224355583985,-0.05745497595272089,-0.6,1.0,-0.16666666666666666,0.0,0.0,0.0,1.0,1.0,1.0,0
0.8872180451127819,-0.7604224355583985,-0.7498923260924255,-0.2,0.0,-0.3333333333333333,0.0,0.0,0.0,1.0,0.0,1.0,1
0.015037593984962405,0.3762860045930842,0.31305610810345347,0.6,0.0,-1.0833333333333333,0.0,0.0,0.0,1.0,1.0,0.0,0
0.43609022556390975,0.07414509211338007,0.29135385229835725,-0.8,0.0,-0.16666666666666666,0.0,1.0,1.0,1.0,1.0,1.0,0
0.2857142857142857,0.15092535292249004,-0.16552091748518216,0.6,0.0,-0.9166666666666666,0.0,1.0,1.0,1.0,1.0,0.0,0
0.518796992481203,0.3092521894480506,0.7763222937180663,-0.2,0.0,2.5833333333333335,1.0,0.0,1.0,0.0,0.0,3.0,0
-0.022556390977443608,-0.7604224355583985,-0.14905661558581568,-0.6,0.0,1.0,0.0,1.0,0.0,1.0,0.0,1.0,1
-0.15037593984962405,0.22730070339459882,-0.35877756033603725,0.2,0.0,0.9166666666666666,1.0,0.0,1.0,1.0,0.0,1.0,1
0.3082706766917293,0.2484085350993525,-0.6449998613750346,0.2,0.0,0.5,0.0,0.0,1.0,1.0,0.0,1.0,0
-1.3233082706766917,-0.7604224355583985,0.8493823778666144,-0.2,1.0,0.25,0.0,0.0,0.0,0.0,0.0,1.0,0
-1.2255639097744362,-0.7604224355583985,0.9970147720552004,0.6,1.0,0.08333333333333333,0.0,0.0,1.0,0.0,1.0,1.0,0
-0.09774436090225563,0.42455518723009333,-0.5091104966185092,0.0,0.0,0.0,1.0,0.0,0.0,0.0,1.0,1.0,0
0.49624060150375937,0.5711074223284938,-0.730486159670663,0.8,1.0,-0.4166666666666667,1.0,0.0,1.0,1.0,1.0,1.0,0
1.4887218045112782,-0.7604224355583985,0.3836846720267468,0.2,0.0,0.25,0.0,0.0,1.0,1.0,0.0,1.0,1
0.9097744360902256,-0.7604224355583985,0.3058795000251059,-0.2,1.0,1.0833333333333333,0.0,0.0,0.0,1.0,0.0,1.0,0
-0.22556390977443608,-0.7604224355583985,-0.6545466625049368,0.4,0.0,-0.5,0.0,0.0,1.0,1.0,0.0,1.0,0
0.0,0.2039179149280091,0.9118433887965222,0.2,1.0,0.08333333333333333,0.0,1.0,0.0,1.0,1.0,1.0,0
-0.8421052631578947,-0.7604224355583985,0.4349318048216704,0.2,1.0,0.0,0.0,0.0,1.0,1.0,0.0,1.0,0
-1.5112781954887218,-0.7604224355583985,0.8248042864628061,-0.6,1.0,-0.08333333333333333,0.0,0.0,0.0,1.0,1.0,1.0,0
-1.0676691729323309,-0.7604224355583985,0.31794592808647854,-1.0,1.0,-0.5833333333333334,0.0,0.0,0.0,1.0,1.0,0.0,0
-1.0751879699248121,-0.7604224355583985,0.8294696489900885,0.2,1.0,-0.5833333333333334,0.0,0.0,1.0,1.0,0.0,0.0,0
0.3082706766917293,0.42541906907525107,0.9986000794953492,-0.6,0.0,-0.6666666666666666,0.0,0.0,1.0,0.0,0.0,0.0,0
0.9172932330827067,0.15746025162184493,0.024341266301369627,0.6,0.0,-0.08333333333333333,0.0,1.0,0.0,0.0,0.0,1.0,0
-0.03007518796992481,-0.11249318799862376,-0.2514441718934242,1.0,0.0,0.08333333333333333,0.0,0.0,1.0,1.0,0.0,1.0,0
0.2781954887218045,-0.7604224355583985,0.8900533329210786,-0.8,1.0,2.1666666666666665,0.0,1.0,0.0,1.0,1.0,3.0,0
-0.3157894736842105,-0.1955776081606357,0.14086729144576648,0.4,3.0,1.6666666666666667,0.0,0.0,0.0,0.0,1.0,2.0,1
0.22556390977443608,-0.7604224355583985,0.060362395045888716,-0.2,0.0,0.25,0.0,0.0,1.0,0.0,1.0,1.0,0
0.38345864661654133,0.01655051415111868,-0.3447202477924455,0.8,0.0,0.08333333333333333,1.0,0.0,0.0,1.0,0.0,1.0,0
0.2857142857142857,0.5442756094917157,0.20644413164746636,-0.6,0.0,0.5,1.0,0.0,1.0,0.0,0.0,1.0,1
0.3082706766917293,-0.7604224355583985,0.6040553871258676,0.6,1.0,-0.75,0.0,0.0,0.0,1.0,1.0,0.0,0
-0.3233082706766917,0.22985427106169357,-0.5702962089713225,1.0,0.0,-0.9166666666666666,0.0,0.0,1.0,0.0,1.0,0.0,0
-1.150375939849624,0.3927872760687374,-0.8644882828685225,-1.0,0.0,0.4166666666666667,0.0,1.0,0.0,1.0,1.0,1.0,1
-0.5639097744360902,-0.035907939153290006,0.2758462543087131,0.6,1.0,-0.5833333333333334,0.0,0.0,0.0,0.0,1.0,0.0,0
0.015037593984962405,0.13676461675977009,0.27286800232992153,-0.8,0.0,-0.4166666666666667,1.0,0.0,0.0,1.0,1.0,1.0,0
0.8796992481203008,0.16294440486270043,0.49288342866940626,0.2,1.0,-0.5,0.0,0.0,0.0,1.0,0.0,1.0,0
-1.3157894736842106,0.6693903180908384,0.8829455134892314,-0.2,0.0,0.16666666666666666,1.0,0.0,0.0,1.0,0.0,1.0,0
0.9097744360902256,0.4330340159548619,0.7388522082829249,0.6,1.0,0.4166666666666667,1.0,0.0,0.0,1.0,0.0,1.0,0
0.39097744360902253,0.2620317151819321,-0.2518766306799664,-1.0,1.0,-0.3333333333333333,0.0,0.0,0.0,1.0,1.0,1.0,0
-0.12781954887218044,-0.7604224355583985,0.18118970372970156,-0.6,1.0,-0.6666666666666666,0.0,1.0,1.0,0.0,0.0,0.0,0
0.6090225563909775,-0.7604224355583985,-1.0034702747827904,0.0,1.0,0.08333333333333333,0.0,1.0,0.0,1.0,1.0,1.0,0
0.12781954887218044,0.2107179484145954,0.1168754878225314,-0.8,0.0,0.6666666666666666,1.0,0.0,1.0,0.0,0.0,1.0,0
0.19548872180451127,-0.15738088355462707,0.3276381768300061,1.0,1.0,-1.0,1.0,0.0,0.0,0.0,1.0,0.0,0
0.13533834586466165,-0.7604224355583985,-0.544495764783714,-0.4,1.0,-0.4166666666666667,0.0,1.0,0.0,1.0,0.0,1.0,0
0.924812030075188,-0.7604224355583985,-0.5121749132763495,-0.2,1.0,-0.5833333333333334,0.0,0.0,1.0,1.0,0.0,0.0,0
0.8195488721804511,0.23961458459141446,-0.1879065624292104,0.8,0.0,-0.08333333333333333,0.0,0.0,1.0,1.0,1.0,1.0,0
0.556390977443609,-0.7604224355583985,0.14895471026551727,-0.2,0.0,0.9166666666666666,0.0,0.0,0.0,1.0,0.0,1.0,1
-0.09022556390977443,0.08558318233747883,0.5767730739977511,0.0,1.0,0.75,1.0,0.0,0.0,1.0,0.0,1.0,0
0.19548872180451127,0.1279285142082356,0.3646618004406102,-0.6,0.0,0.0,1.0,0.0,0.0,1.0,1.0,1.0,0
-0.8421052631578947,-0.7604224355583985,-0.9800791708259482,0.6,1.0,0.25,0.0,1.0,0.0,1.0,0.0,1.0,0
-0.3007518796992481,0.10624450010829861,0.9613646727115671,0.4,0.0,0.08333333333333333,0.0,0.0,0.0,1.0,1.0,1.0,0
1.1729323308270676,0.16901093011108906,0.4874030280036485,0.4,1.0,0.6666666666666666,0.0,0.0,1.0,1.0,0.0,1.0,0
0.3609022556390977,-0.7604224355583985,0.22845987152212646,-0.2,0.0,0.8333333333333334,0.0,1.0,1.0,1.0,0.0,1.0,1
-0.06766917293233082,0.42140201066031446,0.5730964077224712,0.8,1.0,0.6666666666666666,0.0,1.0,0.0,1.0,0.0,1.0,0
0.47368421052631576,0.3303981773707068,-0.3514990469373913,0.4,1.0,-1.1666666666666667,0.0,0.0,1.0,1.0,0.0,0.0,0
-0.5413533834586466,0.644657410636786,0.71401909804848,-0.6,1.0,0.6666666666666666,1.0,0.0,1.0,1.0,1.0,1.0,0
-0.06766917293233082,-0.7604224355583985,0.07496889242996528,0.2,1.0,0.75,0.0,0.0,0.0,0.0,0.0,1.0,0
-0.15789473684210525,0.020605258686817278,0.1536045365754625,0.8,0.0,1.5,0.0,1.0,1.0,1.0,0.0,2.0,0
0.45112781954887216,0.21593978745106235,-0.30792343251257565,0.4,0.0,-0.16666666666666666,0.0,0.0,1.0,1.0,1.0,1.0,0
-0.022556390977443608,0.1971184298880867,-0.1071332574324382,-0.8,0.0,0.08333333333333333,0.0,0.0,1.0,0.0,1.0,1.0,0
0.20300751879699247,-0.7604224355583985,-0.22604347866638444,0.2,1.0,1.9166666666666667,0.0,0.0,1.0,1.0,1.0,2.0,0
-0.706766917293233,0.18944840329351623,0.17177904892541385,0.4,1.0,1.5833333333333333,0.0,0.0,0.0,1.0,1.0,2.0,0
-0.9323308270676691,-0.7604224355583985,-0.7568513249160937,-0.2,1.0,0.25,0.0,1.0,1.0,1.0,0.0,1.0,0
0.9323308270676691,0.09688690312892348,0.27669308036555607,-0.2,1.0,-0.4166666666666667,1.0,0.0,0.0,1.0,1.0,1.0,0
-0.8195488721804511,-0.7604224355583985,0.28762730658846775,0.6,1.0,-1.25,0.0,0.0,1.0,0.0,0.0,0.0,0
0.21052631578947367,-0.7604224355583985,0.5237063639591446,0.0,0.0,-0.4166666666666667,0.0,0.0,0.0,1.0,1.0,1.0,0
-0.09022556390977443,0.15470195665007053,-0.6676128257095779,-0.6,0.0,3.0833333333333335,1.0,0.0,0.0,1.0,1.0,3.0,0
-0.8646616541353384,0.21261815940594447,-0.49639676023873147,-0.2,1.0,0.8333333333333334,1.0,0.0,0.0,1.0,1.0,1.0,0
-0.045112781954887216,0.0015991529476324395,0.05389350255204092,0.2,0.0,3.0,0.0,0.0,0.0,0.0,1.0,3.0,0
-0.18045112781954886,-0.7604224355583985,0.7514718074510729,0.4,1.0,0.4166666666666667,0.0,1.0,1.0,0.0,1.0,1.0,0
0.3233082706766917,0.3850705531582124,0.2784446866583884,-0.8,0.0,2.1666666666666665,0.0,1.0,1.0,1.0,1.0,3.0,1
-0.6992481203007519,-0.7604224355583985,0.6518493911936479,0.0,1.0,-1.0,0.0,1.0,1.0,1.0,1.0,0.0,0
0.631578947368421,0.26449047992569646,-0.21940205239052699,0.0,0.0,0.75,1.0,0.0,1.0,1.0,1.0,1.0,1
-0.9473684210526315,0.16830460915751574,-0.5975931384091707,0.8,0.0,-0.16666666666666666,1.0,0.0,0.0,1.0,0.0,1.0,1
-0.7669172932330827,-0.12635885985616835,-0.35729487369988,0.4,0.0,2.0833333333333335,0.0,1.0,1.0,0.0,1.0,3.0,0
0.7293233082706767,-0.7604224355583985,0.34024244420472904,0.8,1.0,-0.8333333333333334,0.0,0.0,0.0,1.0,0.0,0.0,0
-0.45864661654135336,0.25239613409348566,0.6547431138846893,-0.2,0.0,0.75,1.0,0.0,1.0,1.0,0.0,1.0,0
1.368421052631579,-0.7604224355583985,-0.257159251210541,0.2,0.0,-0.75,0.0,0.0,0.0,1.0,0.0,0.0,0
0.7368421052631579,0.0015847366353243717,0.8221531127437486,0.4,1.0,0.08333333333333333,0.0,1.0,0.0,0.0,1.0,1.0,0
0.518796992481203,-0.7604224355583985,-0.39278102506582147,0.4,1.0,0.3333333333333333,0.0,0.0,1.0,0.0,1.0,1.0,0
1.4210526315789473,-0.7604224355583985,0.8175899621726329,-0.2,1.0,-0.75,0.0,1.0,1.0,1.0,1.0,0.0,0
0.18045112781954886,-0.2162140891325333,0.2965613470411491,-0.8,1.0,-0.75,1.0,0.0,1.0,1.0,1.0,0.0,0
1.4887218045112782,0.15602339971196366,0.7732097352288712,-1.0,0.0,-0.4166666666666667,1.0,0.0,0.0,0.0,0.0,1.0,0
-0.924812030075188,-0.11195140104421904,0.2399783412864883,-0.6,0.0,0.16666666666666666,0.0,1.0,0.0,1.0,1.0,1.0,0
0.8646616541353384,0.17753300777278197,0.5180964607449234,-0.4,1.0,-1.4166666666666667,1.0,0.0,1.0,0.0,1.0,0.0,0
-0.7443609022556391,-0.7604224355583985,-0.10588688483893897,-0.2,1.0,-0.5,0.0,0.0,0.0,1.0,1.0,1.0,0
0.5714285714285714,0.22588014818558758,-0.46085245026973115,0.6,1.0,-0.16666666666666666,1.0,0.0,0.0,1.0,0.0,1.0,1
1.1278195488721805,-0.04934065154445131,0.7127926567864333,-0.2,1.0,0.3333333333333333,1.0,0.0,0.0,0.0,1.0,1.0,0
1.3759398496240602,0.21397470305432686,0.8253697230043212,-0.2,0.0,-1.4166666666666667,1.0,0.0,1.0,0.0,0.0,0.0,1
-0.7443609022556391,-0.09287807141394523,0.6247925576408357,0.2,1.0,0.5,1.0,0.0,1.0,1.0,1.0,1.0,0
0.21804511278195488,0.35955407212050117,0.8977641006823546,0.6,0.0,1.0,1.0,0.0,1.0,0.0,0.0,1.0,1
-0.38345864661654133,-0.03167087527660813,-0.12765782707857923,0.6,0.0,-0.4166666666666667,0.0,0.0,1.0,1.0,0.0,1.0,0
-0.18796992481203006,0.4887923161368795,0.012665798972335425,-0.6,0.0,1.5,0.0,0.0,0.0,1.0,0.0,2.0,1
1.1729323308270676,0.05062730741794869,0.14780727884558753,-0.6,0.0,-0.3333333333333333,0.0,0.0,0.0,1.0,0.0,1.0,0
1.2030075187969924,-0.24269309406538017,-0.08064901525807303,0.6,1.0,1.0,0.0,1.0,0.0,0.0,0.0,1.0,1
0.11278195488721804,0.17402639650288468,-0.7276398633272829,-0.8,0.0,-0.5,0.0,0.0,1.0,1.0,1.0,1.0,0
0.45864661654135336,0.1561164005962555,-0.23926347086505687,0.2,1.0,0.08333333333333333,0.0,1.0,1.0,0.0,1.0,1.0,0
1.4887218045112782,-0.2698685479118501,0.8168591466860394,-0.2,1.0,-0.9166666666666666,0.0,0.0,0.0,0.0,1.0,0.0,0
0.9924812030075187,-0.7604224355583985,0.6395967329481392,1.0,1.0,-0.3333333333333333,0.0,1.0,1.0,1.0,0.0,1.0,0
0.9924812030075187,0.19754034207166876,0.47337413038387105,1.0,0.0,0.08333333333333333,0.0,1.0,1.0,0.0,0.0,1.0,0
0.48120300751879697,-0.20682342865427764,-0.23478996017949957,-0.8,1.0,0.16666666666666666,0.0,0.0,1.0,1.0,1.0,1.0,0
0.16541353383458646,0.07714916954010279,-0.9952147172951449,0.2,0.0,0.8333333333333334,1.0,0.0,1.0,1.0,1.0,1.0,1
0.3233082706766917,0.19116096717628986,-0.5424623601277293,0.4,0.0,0.4166666666666667,0.0,0.0,0.0,0.0,0.0,1.0,0
0.5639097744360902,0.38667029372727046,-0.27978703627872853,-0.6,0.0,-0.25,1.0,0.0,1.0,1.0,1.0,1.0,0
1.3082706766917294,-0.7604224355583985,0.8101630370136327,-1.0,0.0,1.0,0.0,0.0,0.0,0.0,0.0,1.0,1
0.9172932330827067,0.15125316732845248,-0.8426639859877632,-0.8,0.0,0.5,0.0,1.0,0.0,1.0,0.0,1.0,0
0.6466165413533834,-0.020525185473888725,0.9197432486767065,-0.8,1.0,0.16666666666666666,0.0,0.0,0.0,0.0,1.0,1.0,0
1.4736842105263157,0.18013805107675948,-0.15062250275429293,0.0,1.0,-0.16666666666666666,0.0,1.0,1.0,1.0,0.0,1.0,0
-0.7894736842105263,0.4596900124611,-0.3235718785778178,0.6,0.0,-0.4166666666666667,1.0,0.0,1.0,1.0,0.0,1.0,0
0.8571428571428571,0.07349024679668952,0.3940140078930629,0.2,0.0,-0.25,1.0,0.0,0.0,0.0,1.0,1.0,1
0.5338345864661654,-0.05175099628274607,0.04019352300720859,1.0,1.0,0.8333333333333334,1.0,0.0,0.0,0.0,0.0,1.0,1
0.6842105263157895,-0.7604224355583985,0.9348722535807085,-0.2,1.0,-0.08333333333333333,0.0,0.0,1.0,1.0,1.0,1.0,0
-0.631578947368421,0.12438092613759294,-0.7906218485977736,-0.8,1.0,-0.9166666666666666,1.0,0.0,1.0,1.0,0.0,0.0,0
-0.9097744360902256,0.17114908860504507,-0.5932134582993747,-0.6,1.0,-0.5,0.0,1.0,1.0,0.0,0.0,1.0,0
-0.24812030075187969,0.35226427576305686,0.15205786525474482,0.6,1.0,0.3333333333333333,1.0,0.0,0.0,1.0,0.0,1.0,0
-0.45112781954887216,-0.1977417003468416,0.057748528690832274,0.0,1.0,2.75,1.0,0.0,0.0,1.0,0.0,3.0,1
0.5037593984962406,0.13602021793781777,0.7977690196327449,0.4,0.0,-1.25,0.0,0.0,0.0,1.0,1.0,0.0,0
0.022556390977443608,0.1979049807536354,-0.922619084275419,1.0,0.0,-0.08333333333333333,1.0,0.0,0.0,1.0,0.0,1.0,0
-0.8646616541353384,-0.7604224355583985,-0.8058760631480798,-0.4,1.0,0.0,0.0,0.0,1.0,1.0,1.0,1.0,0
0.2781954887218045,0.1854754556602614,0.5072466615978055,-0.2,0.0,-0.9166666666666666,1.0,0.0,1.0,0.0,1.0,0.0,0
-1.0075187969924813,-0.04777232913428209,0.6424803366555201,-0.4,0.0,0.08333333333333333,0.0,0.0,1.0,0.0,1.0,1.0,0
-0.49624060150375937,-0.7604224355583985,0.7261184383597384,0.0,2.0,-0.75,0.0,0.0,0.0,1.0,0.0,0.0,1
-0.5037593984962406,0.373341159406062,0.736290163389645,0.6,1.0,-0.4166666666666667,0.0,0.0,0.0,0.0,0.0,1.0,0
-0.39097744360902253,0.15331564018279095,-0.40416293965674427,-0.6,0.0,-0.75,1.0,0.0,1.0,0.0,1.0,0.0,0
-0.9097744360902256,-0.17042819464011694,-0.4335073790005282,0.2,1.0,0.4166666666666667,0.0,1.0,0.0,0.0,0.0,1.0,0
-0.05263157894736842,0.4310930632113377,0.2288858909554301,0.8,0.0,0.8333333333333334,1.0,0.0,1.0,1.0,0.0,1.0,1
0.43609022556390975,-0.7604224355583985,0.08019519417269198,0.6,2.0,-1.25,0.0,1.0,1.0,1.0,0.0,0.0,0
0.015037593984962405,-0.7604224355583985,0.3930216320106384,0.2,1.0,-0.4166666666666667,0.0,0.0,1.0,1.0,1.0,1.0,0
-1.218045112781955,0.4572314827659058,0.904313740621574,0.6,0.0,0.9166666666666666,0.0,1.0,0.0,1.0,0.0,1.0,0
0.39849624060150374,-0.7604224355583985,0.938988124631638,-0.2,1.0,2.0,0.0,0.0,1.0,1.0,1.0,3.0,0
-1.0526315789473684,-0.7604224355583985,-0.4399079939076565,-0.4,1.0,0.75,0.0,1.0,0.0,1.0,1.0,1.0,0
-0.5263157894736842,-0.2092376125192197,0.8036629698731539,0.2,1.0,0.3333333333333333,1.0,0.0,1.0,0.0,1.0,1.0,0
0.2857142857142857,-0.020364177203273836,-0.4539531432284645,-0.8,1.0,0.08333333333333333,0.0,0.0,1.0,0.0,1.0,1.0,0
0.7969924812030075,-0.012003029462672314,-0.2673094095176964,0.8,0.0,0.8333333333333334,1.0,0.0,0.0,1.0,0.0,1.0,0
0.13533834586466165,0.39265690246177737,-0.30251570454765286,-0.6,0.0,0.25,1.0,0.0,0.0,0.0,1.0,1.0,0
-1.5639097744360901,-0.7604224355583985,0.4016615064534712,0.4,1.0,-0.08333333333333333,0.0,0.0,1.0,0.0,1.0,1.0,0
1.4887218045112782,-0.7604224355583985,-0.5944227279527854,0.2,1.0,-0.08333333333333333,0.0,1.0,1.0,0.0,1.0,1.0,0
0.631578947368421,0.05374013398316946,0.10823162711340792,0.6,0.0,-0.08333333333333333,1.0,0.0,0.0,1.0,1.0,1.0,1
-0.8796992481203008,-0.7604224355583985,-0.5077006871070989,0.2,1.0,-0.8333333333333334,0.0,0.0,0.0,0.0,1.0,0.0,0
-1.0225563909774436,-0.7604224355583985,-0.41662973195042274,-0.4,1.0,-0.3333333333333333,0.0,1.0,0.0,1.0,1.0,1.0,0
-0.15789473684210525,0.07318891452964092,0.5234732184871278,-0.8,0.0,0.9166666666666666,1.0,0.0,1.0,1.0,1.0,1.0,1
-0.3233082706766917,-0.7604224355583985,0.10679330046622709,1.0,0.0,-1.0,0.0,0.0,1.0,0.0,1.0,0.0,0
1.2330827067669172,0.26500633318785133,-0.2815036860825518,0.0,2.0,0.08333333333333333,1.0,0.0,0.0,1.0,0.0,1.0,1
0.10526315789473684,-0.7604224355583985,0.49502384924349735,0.0,1.0,0.25,0.0,0.0,1.0,1.0,0.0,1.0,0
-0.05263157894736842,-0.7604224355583985,-0.9140180503759295,-0.6,1.0,1.0,0.0,1.0,1.0,0.0,0.0,1.0,0
0.3609022556390977,-0.2436083731978973,0.015367976457520074,0.8,0.0,0.08333333333333333,0.0,0.0,1.0,1.0,1.0,1.0,0
-0.44360902255639095,-0.00883864891104552,1.0224375430647719,-1.0,0.0,-0.3333333333333333,0.0,0.0,0.0,1.0,0.0,1.0,0
0.48120300751879697,0.4548954133758071,0.35186353477308235,0.2,0.0,0.5833333333333334,0.0,0.0,0.0,0.0,0.0,1.0,0
0.18045112781954886,-0.7604224355583985,-0.9840316049589667,-0.2,1.0,-0.08333333333333333,0.0,1.0,0.0,1.0,1.0,1.0,0
0.3609022556390977,-0.7604224355583985,0.32035485946942027,-0.2,1.0,-0.08333333333333333,0.0,0.0,0.0,1.0,0.0,1.0,0
-0.10526315789473684,-0.7604224355583985,0.6623393020431022,0.2,0.0,-0.08333333333333333,0.0,0.0,0.0,1.0,0.0,1.0,0
0.9699248120300752,-0.7604224355583985,-0.2706270051909621,0.0,1.0,-0.8333333333333334,0.0,0.0,0.0,0.0,0.0,0.0,0
-0.9398496240601504,-0.5429557334202909,-0.02022263552762387,-0.6,0.0,-0.6666666666666666,0.0,1.0,0.0,1.0,0.0,0.0,1
0.0,0.15119934120586728,0.9613643660756985,-0.4,1.0,1.75,1.0,0.0,0.0,0.0,1.0,2.0,0
-0.39097744360902253,-0.7604224355583985,-0.08435849157128278,-0.8,1.0,0.3333333333333333,0.0,0.0,0.0,1.0,1.0,1.0,0
0.5714285714285714,0.09299449880573779,-0.15481574825604055,-0.4,1.0,0.6666666666666666,1.0,0.0,1.0,1.0,0.0,1.0,1
0.5413533834586466,0.09984162035589564,0.5125589235956683,0.0,0.0,0.3333333333333333,0.0,0.0,0.0,0.0,1.0,1.0,0
-0.9924812030075187,-0.7604224355583985,0.0537330297808589,-0.4,1.0,-0.25,0.0,0.0,1.0,1.0,1.0,1.0,0
0.5037593984962406,-0.7604224355583985,-0.14794199420381562,-0.2,0.0,0.5833333333333334,0.0,1.0,1.0,0.0,0.0,1.0,1
-0.7368421052631579,0.30019600308524746,0.8201703030060664,0.2,0.0,-0.5833333333333334,0.0,1.0,1.0,1.0,1.0,0.0,1
-0.9473684210526315,0.7305602982045541,0.9384776781225405,0.8,1.0,1.75,1.0,0.0,1.0,1.0,1.0,2.0,0
0.022556390977443608,0.2713728587613903,-0.5107151221183736,-0.6,0.0,-0.8333333333333334,0.0,0.0,1.0,1.0,0.0,0.0,0
1.3609022556390977,0.310415836569789,-0.9625111842238915,-0.2,1.0,-0.75,0.0,0.0,0.0,0.0,0.0,0.0,0
0.15789473684210525,0.6779145111896635,-0.6684600606142455,-0.8,1.0,0.8333333333333334,1.0,0.0,1.0,0.0,1.0,1.0,0
-1.1879699248120301,-0.7604224355583985,0.10774315617488615,0.2,1.0,-1.0,0.0,0.0,1.0,0.0,1.0,0.0,0
0.2932330827067669,0.24485546256207094,0.1444648456669732,-0.8,0.0,-0.3333333333333333,0.0,0.0,0.0,1.0,1.0,1.0,0
0.20300751879699247,-0.7604224355583985,0.006271725630401734,0.0,1.0,0.16666666666666666,0.0,1.0,1.0,1.0,1.0,1.0,0
1.0150375939849625,0.3833916795705067,-0.2037755818958607,1.0,1.0,0.4166666666666667,0.0,0.0,0.0,1.0,1.0,1.0,0
-0.3007518796992481,0.5045308550021019,-0.025409279031357764,0.8,0.0,0.75,1.0,0.0,1.0,1.0,1.0,1.0,1
-0.924812030075188,0.5245336450286305,-0.393042892097521,-0.6,1.0,-0.5,0.0,0.0,0.0,1.0,1.0,1.0,0
-0.09774436090225563,0.2594597353768352,0.5126203529813248,0.0,0.0,0.08333333333333333,1.0,0.0,1.0,1.0,1.0,1.0,0
0.19548872180451127,-0.7604224355583985,-0.35777445219821513,0.2,1.0,-0.6666666666666666,0.0,1.0,1.0,1.0,0.0,0.0,0
-0.6616541353383458,-0.10223253441238386,0.85903067546899,0.4,1.0,-0.9166666666666666,0.0,0.0,1.0,0.0,0.0,0.0,0
-0.9398496240601504,-0.0023994933293020257,-0.04840257405479824,0.8,1.0,0.16666666666666666,1.0,0.0,0.0,1.0,0.0,1.0,0
-0.5488721804511278,0.4302024641786959,0.6081784130137287,-0.6,1.0,0.16666666666666666,0.0,1.0,0.0,1.0,0.0,1.0,0
-0.2781954887218045,-0.7604224355583985,0.5247290967925506,0.4,1.0,-0.16666666666666666,0.0,0.0,1.0,1.0,0.0,1.0,0
0.19548872180451127,-0.7604224355583985,0.878201243331788,0.2,0.0,0.16666666666666666,0.0,1.0,0.0,0.0,1.0,1.0,0
0.3007518796992481,-0.7604224355583985,0.5249143048571251,-0.4,1.0,0.8333333333333334,0.0,1.0,0.0,1.0,0.0,1.0,1
1.0526315789473684,0.035685269807748686,0.6340437617935031,0.8,0.0,1.8333333333333333,1.0,0.0,0.0,0.0,0.0,2.0,1
-0.2706766917293233,-0.7604224355583985,0.7579265946949697,-0.2,1.0,2.8333333333333335,0.0,1.0,1.0,1.0,1.0,3.0,0
-0.09774436090225563,-0.7604224355583985,0.9485311439191618,0.6,1.0,-0.8333333333333334,0.0,0.0,1.0,1.0,0.0,0.0,0
0.05263157894736842,0.44740997825839907,-0.6031102331671923,0.6,0.0,-0.5833333333333334,1.0,0.0,0.0,1.0,0.0,0.0,0
0.43609022556390975,0.4008300113461861,-0.5200115039556668,0.8,0.0,2.0833333333333335,1.0,0.0,0.0,1.0,0.0,3.0,1
-0.14285714285714285,-0.7604224355583985,-0.9516352188159949,-1.0,0.0,0.8333333333333334,0.0,0.0,0.0,1.0,1.0,1.0,1
-0.09774436090225563,0.35048879721298204,-0.07145617413237698,-0.8,0.0,0.16666666666666666,0.0,1.0,0.0,1.0,0.0,1.0,0
-0.9699248120300752,-0.7604224355583985,0.8794507844959285,-0.2,1.0,-0.9166666666666666,0.0,0.0,0.0,1.0,0.0,0.0,0
0.9097744360902256,0.3043736780231819,-0.26361035882401573,-0.6,0.0,-1.0,0.0,0.0,1.0,1.0,0.0,0.0,0
0.022556390977443608,0.1643240616204899,-0.49287238977814013,0.4,0.0,-0.25,1.0,0.0,1.0,1.0,0.0,1.0,1
-0.12781954887218044,0.2948860991844637,-0.16020620240037114,-0.4,1.0,-0.25,0.0,0.0,1.0,1.0,1.0,1.0,0
-0.5338345864661654,-0.7604224355583985,-0.5387771080481313,0.6,1.0,-0.6666666666666666,0.0,1.0,0.0,1.0,0.0,0.0,0
0.7819548872180451,0.40737658412452976,-0.5010898222061353,0.2,0.0,0.3333333333333333,1.0,0.0,1.0,0.0,1.0,1.0,1
-1.3383458646616542,0.010782657285982626,-0.24273806410299495,-0.4,0.0,0.0,0.0,0.0,1.0,0.0,0.0,1.0,0
0.8796992481203008,-0.19231074643238386,-0.7535393509004173,-0.8,0.0,0.3333333333333333,0.0,1.0,1.0,1.0,0.0,1.0,0
-0.8721804511278195,0.36721493182083226,-0.9958220607386886,-0.6,0.0,1.3333333333333333,0.0,1.0,1.0,1.0,0.0,2.0,1
0.022556390977443608,-0.018991023455927823,0.505965332515297,0.2,1.0,0.16666666666666666,0.0,0.0,0.0,1.0,1.0,1.0,0
0.49624060150375937,0.09117381258065343,-0.37221475294156436,-0.2,0.0,-1.0,0.0,0.0,0.0,1.0,0.0,0.0,0
-0.5864661654135338,0.02130601682422818,-0.9664225291505307,-0.8,0.0,1.4166666666666667,1.0,0.0,1.0,0.0,0.0,2.0,1
-0.706766917293233,-0.7604224355583985,0.6876139679281881,0.4,1.0,-0.5,0.0,1.0,0.0,1.0,0.0,1.0,0
0.3684210526315789,-0.7604224355583985,0.6625515962760609,-0.4,1.0,0.0,0.0,0.0,0.0,1.0,1.0,1.0,0
0.03007518796992481,-0.7604224355583985,1.0069409839663939,-0.8,1.0,0.8333333333333334,0.0,1.0,1.0,1.0,1.0,1.0,0
-1.0751879699248121,-0.7604224355583985,0.7053972129099323,-0.6,0.0,0.08333333333333333,0.0,1.0,1.0,0.0,0.0,1.0,0
0.42857142857142855,-0.7604224355583985,0.10460729335968522,-0.6,1.0,-0.4166666666666667,0.0,0.0,0.0,0.0,0.0,1.0,0
0.09774436090225563,0.4962241601802729,0.8595528763530468,0.0,0.0,0.0,0.0,0.0,0.0,0.0,1.0,1.0,0
0.2857142857142857,-0.7604224355583985,0.5758207652021442,0.6,1.0,-1.3333333333333333,0.0,0.0,1.0,1.0,1.0,0.0,0
-0.45112781954887216,0.31471142754046066,-0.6116195829420001,0.0,0.0,-0.75,0.0,0.0,1.0,0.0,0.0,0.0,0
1.4887218045112782,0.6035510981292914,-0.958519500699705,0.0,3.0,0.6666666666666666,0.0,1.0,0.0,1.0,0.0,1.0,1
-0.06766917293233082,0.2412097808881146,0.7452935035486077,-0.6,0.0,0.3333333333333333,1.0,0.0,1.0,1.0,0.0,1.0,0
0.3609022556390977,0.10865515824468698,0.6377910565304945,0.6,1.0,-0.4166666666666667,0.0,0.0,0.0,1.0,1.0,1.0,1
0.13533834586466165,-0.1211761955814082,0.9074465370780899,-0.4,0.0,0.4166666666666667,0.0,1.0,1.0,1.0,0.0,1.0,0
1.4887218045112782,-0.1313229289606047,0.277084347733763,0.4,0.0,0.08333333333333333,0.0,0.0,1.0,0.0,0.0,1.0,0
0.007518796992481203,0.22469902912012815,0.3595627525833114,-0.4,1.0,0.0,1.0,0.0,0.0,1.0,0.0,1.0,1
0.38345864661654133,0.01416085368700509,0.5322152026741717,0.2,0.0,0.5833333333333334,0.0,0.0,1.0,1.0,0.0,1.0,0
-1.255639097744361,0.4678762057159189,0.42623683813446317,0.0,0.0,-0.5833333333333334,1.0,0.0,0.0,1.0,1.0,0.0,0
-0.7744360902255639,0.3657266826235918,-0.031098600935520464,-0.4,1.0,0.6666666666666666,1.0,0.0,0.0,1.0,1.0,1.0,0
-1.3834586466165413,0.6626175502384001,0.7484107637877863,0.8,1.0,0.4166666666666667,1.0,0.0,1.0,1.0,0.0,1.0,0
0.7894736842105263,-0.7604224355583985,0.6647454737032276,-0.6,1.0,1.0,0.0,0.0,0.0,0.0,0.0,1.0,0
-1.744360902255639,0.30160457081717645,0.5113070315565362,-0.8,0.0,-0.25,1.0,0.0,0.0,0.0,0.0,1.0,1
0.05263157894736842,0.20792455285633177,-0.17353423263671208,-0.2,1.0,0.9166666666666666,1.0,0.0,1.0,1.0,0.0,1.0,1
-0.7744360902255639,-0.7604224355583985,0.09823202701768635,0.4,0.0,0.75,0.0,0.0,0.0,1.0,1.0,1.0,0
0.6466165413533834,0.6341761247926138,-0.8198781812353415,0.0,0.0,0.08333333333333333,0.0,1.0,1.0,0.0,1.0,1.0,0
-0.7218045112781954,0.27194974630228436,0.09253984317875098,-0.4,0.0,0.75,0.0,1.0,1.0,1.0,1.0,1.0,1
0.6240601503759399,0.20990005773968126,0.7257865561380644,0.6,1.0,1.3333333333333333,0.0,0.0,0.0,0.0,1.0,2.0,1
0.14285714285714285,-0.7604224355583985,-0.8933148142304087,0.2,1.0,-0.6666666666666666,0.0,1.0,0.0,0.0,0.0,0.0,0
1.1804511278195489,0.09796209363872774,0.8592774151311772,0.4,0.0,-1.0833333333333333,0.0,0.0,1.0,1.0,0.0,0.0,0
1.1428571428571428,-0.7604224355583985,0.49622903041866145,0.6,1.0,2.8333333333333335,0.0,0.0,0.0,0.0,1.0,3.0,0
-1.2857142857142858,0.11108352337336688,0.2509120564496191,-0.8,0.0,0.16666666666666666,0.0,1.0,1.0,1.0,1.0,1.0,0
0.12781954887218044,-0.7604224355583985,0.36983740505307816,0.8,1.0,0.4166666666666667,0.0,0.0,0.0,0.0,0.0,1.0,0
0.49624060150375937,-0.7604224355583985,-0.735286441980086,-0.8,1.0,0.3333333333333333,0.0,0.0,0.0,0.0,1.0,1.0,1
-1.2330827067669172,0.1369959829024103,-0.0703102758917897,-0.4,0.0,-0.4166666666666667,1.0,0.0,1.0,1.0,0.0,1.0,0
0.08270676691729323,0.049947546952812685,-0.6436048725972686,-0.2,1.0,-0.5,0.0,1.0,1.0,0.0,1.0,1.0,0
-0.09774436090225563,-0.7604224355583985,-0.058573174753186866,0.0,1.0,0.08333333333333333,0.0,0.0,0.0,0.0,0.0,1.0,0
0.39097744360902253,-0.012553591563699434,0.822986242398465,0.2,0.0,0.25,0.0,0.0,0.0,0.0,1.0,1.0,0
0.06015037593984962,0.5533859353751976,-0.4243537872660002,0.2,0.0,-1.4166666666666667,0.0,0.0,0.0,1.0,0.0,0.0,0
-1.1578947368421053,0.08914401147757839,-0.8645280433194714,0.6,1.0,0.0,1.0,0.0,1.0,1.0,1.0,1.0,0
-0.24060150375939848,-0.7604224355583985,-0.683363483730987,-1.0,0.0,-1.25,0.0,0.0,1.0,1.0,0.0,0.0,0
0.11278195488721804,0.21560366799561823,-1.0094817687727913,0.8,1.0,-0.3333333333333333,1.0,0.0,1.0,0.0,0.0,1.0,0
1.0075187969924813,-0.7604224355583985,0.3441013543978548,0.8,1.0,-0.4166666666666667,0.0,0.0,1.0,1.0,0.0,1.0,0
0.5714285714285714,-0.7604224355583985,-0.16753275541841556,-0.8,0.0,-0.6666666666666666,0.0,1.0,0.0,1.0,1.0,0.0,0
-1.8571428571428572,0.28397412601008704,-0.27082897601634787,0.0,1.0,-0.5,1.0,0.0,1.0,1.0,1.0,1.0,0
0.21804511278195488,0.47563186833958043,0.49381560170964833,0.4,0.0,-1.1666666666666667,0.0,0.0,1.0,0.0,0.0,0.0,0
-1.1578947368421053,0.43080136793566914,-0.4701930898840445,-0.4,0.0,0.4166666666666667,1.0,0.0,1.0,1.0,1.0,1.0,1
0.40601503759398494,0.05815865535607717,0.6010243937776939,1.0,2.0,0.9166666666666666,1.0,0.0,0.0,0.0,1.0,1.0,1
0.7218045112781954,-0.7604224355583985,-0.46877377466071074,0.6,1.0,-0.25,0.0,0.0,0.0,1.0,0.0,1.0,0
0.15789473684210525,-0.11595443489446464,0.10321997047863174,0.4,1.0,0.16666666666666666,0.0,0.0,1.0,1.0,0.0,1.0,0
-0.7368421052631579,-0.07405436336526715,-0.02573390420414383,0.4,2.0,0.75,0.0,1.0,0.0,0.0,1.0,1.0,1
-0.3308270676691729,-0.7604224355583985,0.31713395630668856,-0.2,0.0,-0.3333333333333333,0.0,0.0,1.0,0.0,1.0,1.0,0
-1.6090225563909775,-0.7604224355583985,0.9435812233059105,-0.6,0.0,1.4166666666666667,0.0,1.0,0.0,0.0,0.0,2.0,1
-0.21052631578947367,-0.1385711217211166,0.47043052825822024,-0.6,1.0,-0.4166666666666667,0.0,0.0,0.0,1.0,1.0,1.0,0
-1.2030075187969924,-0.7604224355583985,-0.03567043952291043,0.8,1.0,-0.75,0.0,0.0,0.0,1.0,0.0,0.0,0
0.5714285714285714,0.24568424382073956,0.4045280407641724,0.6,0.0,0.5,0.0,1.0,0.0,0.0,1.0,1.0,0
0.9097744360902256,0.045225656225247664,-0.3562259410622864,0.8,0.0,0.3333333333333333,0.0,1.0,1.0,0.0,1.0,1.0,0
-0.2556390977443609,-0.7604224355583985,-0.7182526150609574,-0.2,1.0,-0.5,0.0,0.0,0.0,1.0,0.0,1.0,0
-1.2706766917293233,-0.15081879757064767,-0.9949827983666021,-0.8,0.0,-0.8333333333333334,0.0,0.0,1.0,1.0,1.0,0.0,0
1.4586466165413534,-0.7604224355583985,0.9011948449910969,0.0,0.0,0.08333333333333333,0.0,0.0,0.0,1.0,1.0,1.0,0
-0.3308270676691729,-0.10379184662736057,0.13385309816576815,-0.8,0.0,0.3333333333333333,0.0,1.0,0.0,0.0,1.0,1.0,0
-1.218045112781955,0.3776845435860162,0.149432142312773,-0.4,0.0,-0.5,0.0,1.0,1.0,0.0,1.0,1.0,0
0.7819548872180451,0.4551196497118167,0.36374812776443427,0.0,0.0,-0.9166666666666666,1.0,0.0,0.0,0.0,1.0,0.0,1
-0.3233082706766917,-0.7604224355583985,-0.8252407315156388,-0.8,0.0,3.3333333333333335,0.0,0.0,1.0,0.0,1.0,3.0,0
0.0,0.280549625040727,0.5990392331650201,-0.8,0.0,-0.5,0.0,1.0,1.0,0.0,0.0,1.0,0
-0.19548872180451127,0.6629624448404665,-0.4284295912301121,-0.6,1.0,-0.08333333333333333,1.0,0.0,1.0,1.0,1.0,1.0,0
0.24812030075187969,-0.7604224355583985,-0.29872272106625475,-0.8,2.0,-0.3333333333333333,0.0,0.0,0.0,0.0,1.0,1.0,1
-0.7293233082706767,-0.7604224355583985,-0.7352460682574,0.0,1.0,-1.0833333333333333,0.0,0.0,1.0,1.0,0.0,0.0,0
0.045112781954887216,0.36441127247500144,0.9215508671215185,0.0,0.0,0.25,0.0,0.0,0.0,1.0,1.0,1.0,0
0.518796992481203,-0.7604224355583985,0.7029403441195483,-0.6,1.0,0.3333333333333333,0.0,0.0,1.0,1.0,0.0,1.0,0
-1.1353383458646618,-0.029856848761013983,1.0257858023248878,0.4,0.0,-0.25,1.0,0.0,0.0,0.0,1.0,1.0,0
-0.518796992481203,0.2982776933539899,-0.098583840570813,0.8,0.0,-1.0833333333333333,0.0,0.0,1.0,0.0,0.0,0.0,0
0.2857142857142857,0.10518685989173893,-0.1855618201547413,0.2,0.0,-0.08333333333333333,0.0,0.0,0.0,0.0,0.0,1.0,0
0.3383458646616541,0.5377203399162732,-0.8583653778462998,-0.2,1.0,-1.0,0.0,0.0,0.0,1.0,0.0,0.0,0
0.015037593984962405,0.017299143847335267,-0.3254330560876612,0.4,0.0,0.4166666666666667,0.0,0.0,1.0,1.0,1.0,1.0,0
-1.7894736842105263,-0.7604224355583985,-0.057260364388179,-0.4,1.0,1.9166666666666667,0.0,1.0,1.0,1.0,1.0,2.0,0
1.4887218045112782,-0.06984111774370295,0.10438068945286319,-0.2,0.0,0.0,0.0,1.0,1.0,1.0,0.0,1.0,0
-0.8872180451127819,-0.7604224355583985,0.45475458717676903,-0.4,0.0,0.08333333333333333,0.0,0.0,1.0,0.0,0.0,1.0,0
0.39849624060150374,-0.7604224355583985,-0.869356229492928,0.6,1.0,1.5,0.0,0.0,0.0,1.0,1.0,2.0,0
1.0751879699248121,-0.7604224355583985,0.692061005717098,0.6,1.0,-0.16666666666666666,0.0,1.0,1.0,1.0,0.0,1.0,0
-0.10526315789473684,0.38239139120508586,0.4427471354141049,-0.4,0.0,0.5,0.0,0.0,0.0,1.0,1.0,1.0,1
0.7669172932330827,0.49913555012079736,-0.7695631192687044,-0.4,0.0,0.16666666666666666,1.0,0.0,0.0,1.0,1.0,1.0,0
0.007518796992481203,0.03978772920320612,0.685576679217869,0.6,0.0,0.08333333333333333,0.0,0.0,0.0,1.0,1.0,1.0,0
-0.18045112781954886,0.6884687404401338,0.2401023243893188,-0.4,0.0,0.5,0.0,1.0,1.0,1.0,0.0,1.0,0
-0.09774436090225563,-0.7604224355583985,-0.7283417528302812,-0.2,1.0,-1.25,0.0,0.0,1.0,1.0,0.0,0.0,0
0.2556390977443609,-0.7604224355583985,0.5471630879918458,0.0,1.0,-0.08333333333333333,0.0,1.0,0.0,1.0,1.0,1.0,0
0.19548872180451127,-0.7604224355583985,-0.6575689678368362,-1.0,0.0,-0.5833333333333334,0.0,1.0,1.0,1.0,0.0,0.0,0
1.112781954887218,-0.16580353567110817,0.33847785699346356,-0.4,1.0,0.25,0.0,0.0,0.0,1.0,0.0,1.0,0
1.0601503759398496,-0.7604224355583985,-0.20179522524512675,-0.6,1.0,-0.16666666666666666,0.0,0.0,1.0,1.0,1.0,1.0,0
-0.2706766917293233,0.445071950130215,-0.835556779827653,0.0,0.0,1.8333333333333333,0.0,0.0,1.0,1.0,1.0,2.0,0
-0.48120300751879697,0.27867840337304106,-0.6455093879765267,0.2,2.0,1.0,1.0,0.0,1.0,1.0,0.0,1.0,1
-1.1804511278195489,-0.06186638985257716,0.3651299311998548,-0.4,2.0,0.6666666666666666,0.0,1.0,0.0,1.0,0.0,1.0,1
-1.556390977443609,-0.7604224355583985,0.2369144356884288,0.4,1.0,-0.3333333333333333,0.0,0.0,0.0,1.0,0.0,1.0,0
-0.9398496240601504,-0.7604224355583985,-0.7986308708471443,-0.8,0.0,0.8333333333333334,0.0,0.0,1.0,1.0,0.0,1.0,1
-0.6616541353383458,0.4116248519830598,0.5552650209093721,0.2,0.0,-1.0833333333333333,0.0,1.0,0.0,1.0,1.0,0.0,0
0.6541353383458647,0.09892775151479986,0.9595081969517074,-0.8,0.0,0.25,0.0,1.0,1.0,1.0,1.0,1.0,0
-1.0526315789473684,0.2064408479314492,-0.1975424923848899,-0.6,1.0,-0.4166666666666667,1.0,0.0,0.0,1.0,0.0,1.0,0
0.13533834586466165,-0.7604224355583985,0.8504362853466513,-0.4,0.0,0.25,0.0,1.0,0.0,1.0,1.0,1.0,0
0.7518796992481203,0.12720754189378397,0.33751001198051905,0.0,1.0,0.0,1.0,0.0,0.0,1.0,1.0,1.0,0
1.3233082706766917,-0.7604224355583985,-0.047032729418249215,-0.2,1.0,0.0,0.0,0.0,1.0,1.0,0.0,1.0,0
0.6015037593984962,-0.7604224355583985,-0.756450960683788,-0.6,1.0,2.0833333333333335,0.0,0.0,1.0,1.0,1.0,3.0,0
-1.1729323308270676,0.6448254703645082,-0.9866288107651678,-1.0,1.0,0.5833333333333334,0.0,1.0,0.0,1.0,0.0,1.0,1
0.5714285714285714,0.24066587849657767,0.5437322414711471,0.8,1.0,-0.4166666666666667,1.0,0.0,0.0,1.0,1.0,1.0,0
-0.44360902255639095,-0.7604224355583985,-0.9633680270524387,-0.6,0.0,0.25,0.0,1.0,0.0,1.0,1.0,1.0,0
0.24060150375939848,0.2392076371668044,-0.19270480049950986,-0.4,2.0,1.5833333333333333,1.0,0.0,0.0,1.0,1.0,2.0,1
0.13533834586466165,-0.7604224355583985,-0.7368229943171432,0.8,1.0,-0.6666666666666666,0.0,1.0,0.0,1.0,0.0,0.0,0
0.42857142857142855,-0.7604224355583985,-0.29066116187141416,0.2,1.0,-0.5,0.0,0.0,1.0,1.0,1.0,1.0,0
-0.9172932330827067,-0.7604224355583985,-0.14683616305004576,-1.0,0.0,0.9166666666666666,0.0,0.0,0.0,1.0,0.0,1.0,0
-1.0526315789473684,0.4425371079992161,-0.780345458524752,0.6,1.0,0.25,1.0,0.0,0.0,0.0,0.0,1.0,0
-0.16541353383458646,-0.7604224355583985,0.6465007417393894,0.2,1.0,0.4166666666666667,0.0,0.0,1.0,1.0,0.0,1.0,0
0.12030075187969924,-0.7604224355583985,0.005498185546130603,-1.0,0.0,-0.25,0.0,1.0,1.0,0.0,0.0,1.0,0
-1.0751879699248121,0.2321390998634799,0.15667651691805912,0.4,0.0,0.3333333333333333,0.0,1.0,1.0,0.0,1.0,1.0,0
-1.6616541353383458,-0.10522807174105453,-0.6393083930197924,0.0,1.0,0.6666666666666666,1.0,0.0,1.0,0.0,0.0,1.0,0
0.6541353383458647,-0.7604224355583985,0.9428831156452904,0.6,0.0,0.3333333333333333,0.0,1.0,0.0,1.0,0.0,1.0,1
0.09774436090225563,0.03314940913294537,0.6172944929603433,-0.6,0.0,-0.3333333333333333,0.0,0.0,1.0,1.0,1.0,1.0,0
-0.6390977443609023,-0.7604224355583985,-0.9815641061251411,-0.8,1.0,0.3333333333333333,0.0,1.0,0.0,1.0,0.0,1.0,0
0.15789473684210525,0.012198668222635984,0.5305046855877182,0.8,0.0,0.3333333333333333,1.0,0.0,0.0,1.0,0.0,1.0,0
0.12030075187969924,0.07902430868395953,0.9564153653700528,-0.2,0.0,-0.75,0.0,0.0,1.0,1.0,0.0,0.0,0
0.5037593984962406,0.03447813870051591,-0.7527230862184683,0.8,0.0,0.0,0.0,0.0,0.0,1.0,0.0,1.0,1
0.20300751879699247,-0.7604224355583985,-0.014627450835090814,0.2,1.0,-0.3333333333333333,0.0,0.0,0.0,1.0,1.0,1.0,0
-1.3533834586466165,-0.30080125315361733,-0.26702812221432504,-0.2,1.0,-0.5,0.0,0.0,1.0,0.0,1.0,1.0,0
0.44360902255639095,0.3183620452343921,-0.5372550698088497,0.8,0.0,-0.08333333333333333,0.0,0.0,1.0,1.0,1.0,1.0,0
0.5112781954887218,-0.08581525362582987,0.8247272186478561,-0.4,0.0,0.5833333333333334,0.0,0.0,1.0,1.0,0.0,1.0,1
-0.20300751879699247,-0.1513096573348337,-0.24644590502490601,-0.2,1.0,-0.5,1.0,0.0,1.0,1.0,0.0,1.0,0
1.0526315789473684,0.2592401216627069,-0.6261111940873452,-0.2,0.0,-0.75,0.0,0.0,0.0,1.0,0.0,0.0,0
-0.44360902255639095,0.35729650895286297,0.36684044828630785,0.0,1.0,0.08333333333333333,1.0,0.0,0.0,0.0,1.0,1.0,0
0.2556390977443609,-0.3105189445426012,-0.20705627905295015,-0.8,0.0,-0.9166666666666666,1.0,0.0,1.0,1.0,1.0,0.0,0
0.21052631578947367,-0.7604224355583985,0.3774715138472286,-1.0,0.0,0.4166666666666667,0.0,1.0,1.0,1.0,0.0,1.0,0
0.3609022556390977,-0.7604224355583985,-0.40855744050018455,-1.0,1.0,0.5,0.0,1.0,0.0,1.0,0.0,1.0,0
-1.7969924812030076,-0.7604224355583985,-0.3932513022761454,-0.6,1.0,-0.16666666666666666,0.0,1.0,1.0,1.0,1.0,1.0,0
-0.3157894736842105,-0.7604224355583985,-0.36500482376550647,0.0,1.0,-0.5,0.0,1.0,0.0,0.0,0.0,1.0,0
0.45864661654135336,-0.2633815991208244,-0.358473070918616,-0.8,0.0,0.5833333333333334,0.0,0.0,1.0,1.0,0.0,1.0,0
-1.8195488721804511,0.04092700962316261,-0.09837348836502147,-0.6,1.0,1.0833333333333333,1.0,0.0,0.0,1.0,0.0,1.0,0
-0.2706766917293233,-0.7604224355583985,-0.737340289027304,0.2,1.0,-1.5833333333333333,0.0,0.0,1.0,1.0,1.0,0.0,0
-0.40601503759398494,0.65217120828167,-0.7144026995199746,0.6,1.0,-1.4166666666666667,1.0,0.0,1.0,1.0,1.0,0.0,0
-0.15037593984962405,-0.11891706542330152,-0.6726030178335591,-0.4,0.0,0.3333333333333333,1.0,0.0,0.0,1.0,1.0,1.0,0
0.16541353383458646,0.27060910760715506,0.7348843401445252,-0.2,0.0,0.5833333333333334,1.0,0.0,0.0,0.0,1.0,1.0,1
-0.3684210526315789,-0.7604224355583985,1.0079018785663192,0.4,0.0,-0.4166666666666667,0.0,0.0,1.0,1.0,0.0,1.0,1
-0.19548872180451127,-0.7604224355583985,0.9400818947745799,0.6,1.0,-0.9166666666666666,0.0,1.0,1.0,0.0,0.0,0.0,0
-0.2631578947368421,-0.3752789781686497,-0.4717364904221649,0.8,1.0,0.5833333333333334,1.0,0.0,1.0,1.0,0.0,1.0,0
-0.6090225563909775,-0.11398621651679254,0.6976796991595496,0.2,1.0,-1.0,1.0,0.0,1.0,1.0,0.0,0.0,0
-1.1578947368421053,0.19519189345687066,0.9086245298729135,-0.6,1.0,-0.16666666666666666,1.0,0.0,1.0,0.0,1.0,1.0,0
0.44360902255639095,0.6312748419406095,-0.8489134294117205,-0.4,2.0,0.4166666666666667,0.0,1.0,1.0,0.0,1.0,1.0,1
0.09774436090225563,0.7392095371427473,-0.16567065800096678,0.6,1.0,-0.75,0.0,0.0,1.0,1.0,0.0,0.0,0
-0.5639097744360902,-0.7604224355583985,-0.19998331389815582,-0.2,0.0,0.0,0.0,0.0,0.0,1.0,1.0,1.0,0
-0.47368421052631576,-0.7604224355583985,0.2707827762121604,-0.8,0.0,0.6666666666666666,0.0,1.0,0.0,0.0,0.0,1.0,1
-1.593984962406015,-0.7604224355583985,-0.5071783840110861,-0.6,1.0,0.4166666666666667,0.0,0.0,1.0,1.0,0.0,1.0,0
1.0902255639097744,0.42988655890029237,-0.9257324604602633,-0.8,0.0,-0.4166666666666667,1.0,0.0,1.0,1.0,0.0,1.0,0
-0.2857142857142857,-0.4416501913941746,-0.5383673403158581,-0.2,0.0,1.1666666666666667,0.0,0.0,1.0,1.0,1.0,2.0,0
0.46616541353383456,0.3206958424883118,-0.49203200307453576,-0.2,1.0,1.4166666666666667,1.0,0.0,1.0,0.0,1.0,2.0,1
1.3759398496240602,0.024734827017375855,0.5430590735278317,-0.4,0.0,0.6666666666666666,0.0,1.0,1.0,1.0,0.0,1.0,0
0.6917293233082706,-0.7604224355583985,-0.8024270228991837,0.8,1.0,0.08333333333333333,0.0,0.0,0.0,0.0,0.0,1.0,0
0.11278195488721804,0.730000647558811,-0.01981787618120298,0.6,0.0,0.5,0.0,0.0,1.0,1.0,0.0,1.0,1
-0.5639097744360902,0.18833129578868568,0.4531722438833491,-0.4,1.0,-0.08333333333333333,0.0,0.0,1.0,0.0,1.0,1.0,0
-0.9548872180451128,0.4433740376083198,-0.37050873318118244,0.4,0.0,-0.9166666666666666,0.0,0.0,1.0,1.0,1.0,0.0,0
0.42105263157894735,0.7085342100853936,0.21125739487532252,0.6,0.0,-0.4166666666666667,0.0,1.0,0.0,1.0,1.0,1.0,0
0.6165413533834586,-0.7604224355583985,0.0014957697665465791,-0.6,1.0,0.6666666666666666,0.0,0.0,1.0,1.0,0.0,1.0,0
0.3533834586466165,-0.7604224355583985,-0.21525449563318583,-0.6,0.0,0.25,0.0,1.0,1.0,1.0,0.0,1.0,0
-1.7593984962406015,0.46162548073798515,0.559733318785165,0.6,0.0,-0.25,0.0,0.0,1.0,1.0,0.0,1.0,0
0.706766917293233,0.23584691270950314,0.5749750634768189,0.8,0.0,-0.08333333333333333,0.0,0.0,1.0,1.0,1.0,1.0,0
1.413533834586466,-0.7604224355583985,-0.08726846596335479,0.4,1.0,0.5,0.0,0.0,0.0,1.0,0.0,1.0,0
-0.2857142857142857,-0.005596780680762606,0.4081354073331712,0.2,1.0,0.0,1.0,0.0,0.0,1.0,1.0,1.0,1
-0.8045112781954887,0.10521334203065275,0.2856592153724738,0.8,0.0,0.0,1.0,0.0,1.0,1.0,1.0,1.0,0
-0.15037593984962405,-0.7604224355583985,0.6739714315027214,-0.6,1.0,-0.25,0.0,0.0,0.0,0.0,0.0,1.0,0
0.2932330827067669,-0.7604224355583985,-0.06727110558712272,-0.8,1.0,-0.75,0.0,0.0,1.0,0.0,0.0,0.0,0
-0.9172932330827067,-0.7604224355583985,0.9323462895079558,-0.8,0.0,0.6666666666666666,0.0,0.0,0.0,0.0,1.0,1.0,1
0.5263157894736842,-0.7604224355583985,-0.6901861318051286,0.8,1.0,0.0,0.0,1.0,1.0,1.0,0.0,1.0,0
0.3233082706766917,0.046759896592731935,-0.7866365022148695,0.6,0.0,1.25,1.0,0.0,1.0,1.0,1.0,2.0,0
0.42857142857142855,-0.7604224355583985,-0.8454293304618591,0.8,1.0,0.0,0.0,0.0,0.0,1.0,0.0,1.0,0
0.631578947368421,-0.7604224355583985,0.1012796809147152,-1.0,1.0,-1.0833333333333333,0.0,0.0,0.0,1.0,0.0,0.0,1
0.007518796992481203,-0.7604224355583985,0.564136201009011,0.6,1.0,0.5833333333333334,0.0,0.0,1.0,1.0,1.0,1.0,0
0.022556390977443608,-0.311267809287388,-0.53250323596665,0.4,0.0,0.6666666666666666,0.0,0.0,0.0,0.0,1.0,1.0,0
0.3233082706766917,-0.7604224355583985,0.0025114499749771526,-0.6,1.0,0.0,0.0,0.0,1.0,1.0,1.0,1.0,0
-1.0,0.005052564891131967,-0.7025836243925258,-0.8,0.0,0.16666666666666666,0.0,0.0,1.0,1.0,1.0,1.0,0
0.07518796992481203,-0.7604224355583985,-0.3207626851745264,-0.4,1.0,-0.3333333333333333,0.0,1.0,1.0,0.0,1.0,1.0,0
-1.0526315789473684,-0.7604224355583985,0.4805075028047599,0.0,1.0,0.25,0.0,0.0,1.0,1.0,1.0,1.0,0
-0.518796992481203,0.2526312610132497,-0.2692195465545436,-0.8,1.0,0.16666666666666666,0.0,0.0,1.0,1.0,0.0,1.0,0
0.44360902255639095,-0.7604224355583985,-0.5913630130449288,-0.8,0.0,-0.3333333333333333,0.0,0.0,1.0,0.0,0.0,1.0,0
-0.9473684210526315,0.22317787312305393,-0.12940575374098956,0.4,0.0,-0.4166666666666667,0.0,0.0,1.0,0.0,0.0,1.0,0
-0.5112781954887218,-0.7604224355583985,0.31494743814036597,-0.8,0.0,1.8333333333333333,0.0,1.0,0.0,0.0,1.0,2.0,1
0.40601503759398494,-0.7604224355583985,0.8391267368206948,-0.4,1.0,-0.75,0.0,1.0,1.0,0.0,1.0,0.0,0
-0.7293233082706767,-0.7604224355583985,-0.11550032816426181,-0.8,1.0,-0.5833333333333334,0.0,0.0,1.0,0.0,0.0,0.0,0
-0.16541353383458646,0.268732949919494,-0.921161030720698,0.2,0.0,-0.6666666666666666,1.0,0.0,1.0,0.0,1.0,0.0,1
0.2932330827067669,-0.7604224355583985,0.47187406771516566,-0.8,1.0,0.25,0.0,1.0,1.0,1.0,1.0,1.0,0
-0.22556390977443608,0.33517757664845726,0.5446563397668522,0.8,0.0,-0.8333333333333334,0.0,1.0,1.0,1.0,1.0,0.0,0
-1.2255639097744362,-0.03913625291602241,0.48832794399500307,0.6,0.0,0.75,1.0,0.0,0.0,1.0,0.0,1.0,1
0.9548872180451128,-0.7604224355583985,0.12734648946009475,-1.0,1.0,-0.9166666666666666,0.0,0.0,0.0,0.0,1.0,0.0,0
-0.849624060150376,-0.12475543685950978,0.6934353476797185,0.4,0.0,0.25,0.0,0.0,0.0,1.0,0.0,1.0,0
-1.2330827067669172,-0.7604224355583985,0.8363380880205927,-0.6,1.0,-0.25,0.0,0.0,0.0,1.0,1.0,1.0,0
0.44360902255639095,-0.04520779253390938,-0.7428671961331175,0.8,1.0,1.75,0.0,0.0,1.0,1.0,1.0,2.0,0
-0.7518796992481203,-0.7604224355583985,0.9837426517588826,-0.2,1.0,0.4166666666666667,0.0,1.0,1.0,0.0,0.0,1.0,0
-0.5112781954887218,-0.7604224355583985,-0.6947619566588088,0.0,1.0,-0.5,0.0,0.0,1.0,1.0,0.0,1.0,0
0.6992481203007519,0.3762038159430232,-0.9543374985131357,0.6,0.0,-0.08333333333333333,1.0,0.0,1.0,0.0,0.0,1.0,0
0.6541353383458647,-0.7604224355583985,-0.42800806912287975,0.2,0.0,-0.8333333333333334,0.0,0.0,0.0,1.0,1.0,0.0,0
0.3157894736842105,0.46860109550654133,-0.10789688295696127,-0.4,1.0,0.4166666666666667,0.0,0.0,1.0,0.0,0.0,1.0,0
0.06015037593984962,0.2831939214559347,-0.2863269660821123,-0.6,0.0,0.0,1.0,0.0,0.0,0.0,0.0,1.0,0
0.2631578947368421,0.11229864613198776,0.5020428464854357,0.4,1.0,-0.25,1.0,0.0,0.0,1.0,0.0,1.0,0
-0.7293233082706767,0.21870474213232696,-0.4012114672104684,0.8,0.0,0.0,0.0,0.0,1.0,1.0,0.0,1.0,0
1.0,-0.7604224355583985,-0.3846832828384977,-0.6,0.0,-0.08333333333333333,0.0,0.0,1.0,0.0,1.0,1.0,0
-0.8045112781954887,0.5976217628964,0.521341690353223,0.4,0.0,-0.3333333333333333,0.0,1.0,0.0,1.0,0.0,1.0,0
0.43609022556390975,0.14909847708505608,-0.4174881079583125,-0.2,0.0,-0.08333333333333333,0.0,0.0,0.0,1.0,0.0,1.0,0
-0.2932330827067669,0.11652380088111086,0.780377348655076,0.8,0.0,-0.5833333333333334,0.0,1.0,1.0,1.0,1.0,0.0,0
0.18796992481203006,0.2649079261864439,-0.582983574666409,0.6,0.0,-1.0,0.0,1.0,0.0,1.0,0.0,0.0,0
-1.2030075187969924,0.1626034277368047,-0.32846650252278287,0.6,1.0,1.1666666666666667,1.0,0.0,1.0,1.0,1.0,2.0,0
-0.19548872180451127,0.5855271036660956,0.896861773533313,0.8,1.0,1.0,1.0,0.0,1.0,1.0,0.0,1.0,0
-0.23308270676691728,0.2662208291502849,-0.2428694064666695,0.4,0.0,1.5,1.0,0.0,0.0,0.0,1.0,2.0,1
1.105263157894737,0.35412813257554193,-0.5560778103848116,-0.4,0.0,-0.75,0.0,1.0,0.0,1.0,0.0,0.0,0
-0.6015037593984962,0.002565045872274801,0.9845567699897523,0.8,0.0,1.4166666666666667,1.0,0.0,0.0,1.0,1.0,2.0,0
0.40601503759398494,-0.7604224355583985,-0.833086521271011,0.4,0.0,1.6666666666666667,0.0,1.0,1.0,1.0,0.0,2.0,1
-0.3383458646616541,0.009015092037772775,0.7857169012452355,-0.4,0.0,0.08333333333333333,1.0,0.0,1.0,1.0,0.0,1.0,0
0.16541353383458646,-0.7604224355583985,0.8518367935700506,-0.6,1.0,-0.08333333333333333,0.0,1.0,1.0,1.0,1.0,1.0,0
0.43609022556390975,-0.7604224355583985,-0.27087824217922024,-0.6,1.0,-0.3333333333333333,0.0,0.0,0.0,1.0,0.0,1.0,0
0.7443609022556391,-0.7604224355583985,0.7276218740229975,1.0,1.0,0.5833333333333334,0.0,0.0,0.0,1.0,0.0,1.0,0
-0.42105263157894735,-0.7604224355583985,-0.2515568094691202,0.2,0.0,0.8333333333333334,0.0,0.0,1.0,1.0,0.0,1.0,0
1.0300751879699248,-0.7604224355583985,0.04248654603185709,0.2,1.0,-0.8333333333333334,0.0,0.0,1.0,1.0,0.0,0.0,0
-0.2781954887218045,-0.7604224355583985,0.21335877048215807,-0.2,2.0,0.4166666666666667,0.0,1.0,1.0,0.0,1.0,1.0,0
-0.17293233082706766,-0.7604224355583985,0.9291146540898264,0.2,1.0,-0.25,0.0,1.0,1.0,1.0,0.0,1.0,0
0.13533834586466165,-0.7604224355583985,-0.18239641808420812,1.0,2.0,0.3333333333333333,0.0,0.0,0.0,1.0,0.0,1.0,0
-0.7218045112781954,-0.7604224355583985,0.9783773417557692,-0.2,0.0,-0.9166666666666666,0.0,0.0,1.0,1.0,0.0,0.0,0
0.5939849624060151,-0.7604224355583985,0.0196735528990952,-0.4,1.0,0.3333333333333333,0.0,1.0,1.0,1.0,0.0,1.0,0
-1.150375939849624,-0.7604224355583985,-0.7512215925823763,-0.2,0.0,-0.5,0.0,0.0,1.0,1.0,0.0,1.0,0
0.09022556390977443,0.05565711177252903,0.3549096554907689,0.4,0.0,-0.5,0.0,0.0,0.0,1.0,0.0,1.0,0
-1.6766917293233083,-0.010290387230375328,-0.5445463597020165,-0.2,0.0,-1.0833333333333333,0.0,0.0,1.0,1.0,0.0,0.0,0
-1.0827067669172932,-0.1920633969869673,0.3102760451076695,0.6,0.0,-0.5,0.0,0.0,1.0,1.0,0.0,1.0,0
0.556390977443609,-0.7604224355583985,0.9786330760700986,-0.6,0.0,-0.08333333333333333,0.0,1.0,1.0,1.0,0.0,1.0,0
-0.18045112781954886,-0.7604224355583985,-0.9271036338522424,-0.4,1.0,-0.08333333333333333,0.0,0.0,1.0,1.0,1.0,1.0,0
1.112781954887218,-0.7604224355583985,-0.4895289344799642,-0.8,1.0,0.08333333333333333,0.0,1.0,1.0,1.0,0.0,1.0,0
-0.5263157894736842,-0.7604224355583985,0.31119441953382915,0.0,1.0,0.16666666666666666,0.0,0.0,1.0,1.0,1.0,1.0,0
-0.5112781954887218,-0.7604224355583985,0.949899353164412,0.8,1.0,-0.16666666666666666,0.0,0.0,1.0,1.0,0.0,1.0,0
-0.2781954887218045,-0.19388251622158328,-0.1406421185063308,-0.4,0.0,1.75,1.0,0.0,1.0,1.0,1.0,2.0,1
-0.6616541353383458,0.11521497209248731,0.0539222241117238,-0.4,2.0,0.5833333333333334,1.0,0.0,0.0,1.0,1.0,1.0,1
0.7518796992481203,-0.10330239715459605,0.810288348871893,0.2,0.0,0.5833333333333334,0.0,1.0,1.0,1.0,0.0,1.0,0
-0.5939849624060151,-0.7604224355583985,-0.896430030230464,0.8,1.0,-0.16666666666666666,0.0,0.0,1.0,1.0,0.0,1.0,0
-0.06015037593984962,-0.03033658289287518,-0.2612992442831256,0.6,0.0,0.25,0.0,0.0,1.0,1.0,0.0,1.0,0
-1.0827067669172932,0.14413103895111298,-0.3292513881341885,-0.4,1.0,0.5833333333333334,0.0,0.0,1.0,0.0,0.0,1.0,0
0.37593984962406013,-0.7604224355583985,-0.045965738807822815,-0.4,1.0,1.0833333333333333,0.0,0.0,1.0,0.0,0.0,1.0,0
0.5939849624060151,-0.7604224355583985,0.8701788313161593,0.4,1.0,-0.5833333333333334,0.0,0.0,1.0,1.0,1.0,0.0,0
-0.16541353383458646,-0.7604224355583985,-0.7371185912943778,0.0,1.0,2.5,0.0,0.0,1.0,1.0,1.0,3.0,0
-0.3684210526315789,0.24028314107470236,0.4090744285744766,0.4,1.0,1.5,1.0,0.0,0.0,1.0,0.0,2.0,1
0.6015037593984962,-0.01714260149955512,0.5936537874065417,0.8,1.0,2.0,1.0,0.0,0.0,1.0,1.0,3.0,1
0.5789473684210527,-0.7604224355583985,-0.5485413140088004,0.4,1.0,0.08333333333333333,0.0,0.0,0.0,0.0,0.0,1.0,0
0.2556390977443609,-0.7604224355583985,-0.8482321867238681,-0.8,1.0,-1.0,0.0,0.0,1.0,0.0,1.0,0.0,0
0.2781954887218045,0.18777172349246604,-0.8919504890394928,0.2,0.0,0.08333333333333333,0.0,1.0,0.0,1.0,1.0,1.0,0
0.3383458646616541,-0.7604224355583985,-0.1231287130888671,-0.8,1.0,0.9166666666666666,0.0,0.0,0.0,1.0,1.0,1.0,0
0.3458646616541353,0.420908957109473,0.15623792541414686,0.6,0.0,0.25,1.0,0.0,0.0,1.0,0.0,1.0,0
-1.300751879699248,0.08351741880315698,-0.13613334469589577,-0.8,2.0,1.1666666666666667,1.0,0.0,1.0,1.0,0.0,2.0,1
1.3984962406015038,-0.7604224355583985,1.0002356752179322,-1.0,1.0,-0.16666666666666666,0.0,1.0,1.0,0.0,1.0,1.0,0
-0.19548872180451127,-0.7604224355583985,-0.339494048261675,-0.8,1.0,-1.3333333333333333,0.0,0.0,1.0,1.0,0.0,0.0,0
0.8195488721804511,-0.7604224355583985,0.6873880795050591,0.4,2.0,-0.5,0.0,0.0,1.0,1.0,1.0,1.0,0
-0.09774436090225563,-0.7604224355583985,0.7260826641750799,0.6,1.0,-0.16666666666666666,0.0,0.0,1.0,1.0,0.0,1.0,0
-1.3458646616541354,-0.7604224355583985,-0.2893328152890689,0.6,1.0,0.9166666666666666,0.0,1.0,1.0,1.0,0.0,1.0,0
-0.045112781954887216,-0.053615714939988804,-0.8742768152747593,0.2,0.0,1.6666666666666667,1.0,0.0,0.0,1.0,0.0,2.0,1
-0.11278195488721804,0.2294889272340162,-0.8394048555534249,-0.2,0.0,1.0833333333333333,1.0,0.0,1.0,0.0,1.0,1.0,1
0.48120300751879697,0.19083401461508498,-0.9135350988830409,0.0,0.0,2.4166666666666665,1.0,0.0,1.0,0.0,0.0,3.0,1
0.0,0.2435169393040737,0.6029564041731611,0.4,0.0,-0.3333333333333333,1.0,0.0,1.0,1.0,0.0,1.0,0
-0.48120300751879697,-0.7604224355583985,0.109032048942151,0.6,1.0,-1.3333333333333333,0.0,0.0,0.0,1.0,1.0,0.0,0
0.09022556390977443,0.1368329375441867,-0.20672286365193357,0.8,1.0,-0.5,0.0,0.0,0.0,0.0,1.0,1.0,0
0.24812030075187969,-0.7604224355583985,-0.41895331634996513,0.2,0.0,-0.3333333333333333,0.0,0.0,1.0,1.0,0.0,1.0,0
-0.556390977443609,-0.7604224355583985,-0.9454590613646091,-0.2,1.0,-0.75,0.0,1.0,1.0,0.0,0.0,0.0,0
0.05263157894736842,0.2047819534722138,-0.4341507010526427,0.2,0.0,-0.6666666666666666,0.0,0.0,1.0,1.0,1.0,0.0,1
0.3082706766917293,-0.7604224355583985,-0.1793343523013597,-1.0,1.0,0.16666666666666666,0.0,1.0,0.0,0.0,0.0,1.0,0
-0.8195488721804511,-0.7604224355583985,-0.750515307965263,-0.4,1.0,-0.08333333333333333,0.0,0.0,0.0,0.0,0.0,1.0,0
-0.924812030075188,-0.7604224355583985,-0.4387850933572068,0.0,1.0,-0.16666666666666666,0.0,1.0,0.0,1.0,0.0,1.0,0
0.48872180451127817,0.04019546012305023,-0.7790085261380889,1.0,1.0,-0.3333333333333333,1.0,0.0,0.0,1.0,0.0,1.0,0
1.4887218045112782,-0.7604224355583985,0.8177414402916724,-0.6,1.0,0.16666666666666666,0.0,0.0,0.0,1.0,0.0,1.0,0
-0.7443609022556391,0.15097471312224062,-0.22632231288280777,-0.4,0.0,-0.4166666666666667,0.0,0.0,1.0,1.0,0.0,1.0,0
-0.8872180451127819,0.0608564644957763,0.6207284058397269,0.0,0.0,-1.1666666666666667,0.0,0.0,0.0,0.0,1.0,0.0,0
-0.6390977443609023,0.47217626260942547,-0.3807704047325159,-0.8,0.0,0.6666666666666666,0.0,1.0,0.0,1.0,0.0,1.0,0
0.49624060150375937,-0.7604224355583985,0.3578987419369142,-0.4,0.0,-0.6666666666666666,0.0,0.0,0.0,0.0,1.0,0.0,0
0.6466165413533834,0.34392130511188734,0.98008019294551,0.4,1.0,0.0,1.0,0.0,1.0,1.0,0.0,1.0,0
-0.015037593984962405,0.1767821842899098,-0.7112501761559183,0.8,0.0,1.5,0.0,1.0,1.0,1.0,1.0,2.0,0
0.8947368421052632,-0.7604224355583985,-0.5918480087769409,-0.8,1.0,-1.5833333333333333,0.0,1.0,1.0,0.0,0.0,0.0,0
-0.41353383458646614,0.5130091352802068,-0.6479776022940453,0.6,2.0,0.16666666666666666,1.0,0.0,0.0,1.0,0.0,1.0,1
-0.8195488721804511,0.0711663215827199,0.2167954430843583,-0.8,1.0,1.6666666666666667,1.0,0.0,0.0,1.0,1.0,2.0,1
-0.007518796992481203,-0.0017265492727029615,0.095238545457426,-0.8,0.0,-0.3333333333333333,0.0,0.0,0.0,1.0,0.0,1.0,0
0.5112781954887218,0.7114609565325071,0.047765997991790564,-1.0,1.0,-1.1666666666666667,1.0,0.0,1.0,1.0,1.0,0.0,0
-1.669172932330827,-0.18112940759651125,0.6387294645000628,0.4,0.0,1.9166666666666667,0.0,0.0,0.0,1.0,0.0,2.0,1
-0.05263157894736842,0.15991831121989852,-0.6639369771299473,0.4,1.0,-0.75,1.0,0.0,1.0,1.0,1.0,0.0,0
0.8571428571428571,0.15487785133013393,1.0036835911353106,-0.4,0.0,0.5833333333333334,1.0,0.0,1.0,0.0,0.0,1.0,0
-0.3684210526315789,-0.7604224355583985,0.7202680304126565,0.6,1.0,-0.5,0.0,0.0,1.0,1.0,1.0,1.0,0
-0.47368421052631576,-0.7604224355583985,-0.3896531347832015,0.0,0.0,0.0,0.0,0.0,1.0,1.0,0.0,1.0,0
-0.6992481203007519,0.22614967054613028,0.7815536038466451,0.8,0.0,2.5,0.0,1.0,1.0,1.0,0.0,3.0,1
0.2631578947368421,0.1612287069989903,-0.11294768677094925,-0.2,0.0,0.08333333333333333,1.0,0.0,1.0,0.0,1.0,1.0,0
1.1804511278195489,-0.7604224355583985,0.9615264742381795,-0.2,1.0,-1.0833333333333333,0.0,0.0,0.0,1.0,0.0,0.0,0
0.13533834586466165,-0.38932422713385817,0.5021927914251324,-0.4,0.0,0.25,0.0,0.0,0.0,1.0,1.0,1.0,1
-0.24812030075187969,-0.3207538994851614,-0.9941645916574859,-0.6,1.0,-0.5,1.0,0.0,0.0,0.0,0.0,1.0,0
0.43609022556390975,-0.7604224355583985,-0.9206236002551724,0.0,1.0,3.1666666666666665,0.0,1.0,0.0,1.0,1.0,3.0,0
0.9323308270676691,-0.7604224355583985,0.44824593423197234,0.0,1.0,-0.6666666666666666,0.0,0.0,0.0,1.0,1.0,0.0,0
0.22556390977443608,-0.10931658492134436,-0.46316336038670886,-1.0,1.0,1.4166666666666667,0.0,1.0,0.0,1.0,1.0,2.0,0
0.07518796992481203,-0.0525284586035788,-0.24083477526721095,-0.2,0.0,0.3333333333333333,0.0,1.0,0.0,1.0,0.0,1.0,1
-1.0225563909774436,-0.7604224355583985,0.1314876068641972,-0.8,0.0,-0.8333333333333334,0.0,1.0,0.0,0.0,1.0,0.0,0
0.6165413533834586,0.25856192818803914,0.22943895985024926,0.0,0.0,-1.25,0.0,0.0,1.0,0.0,0.0,0.0,1
-0.3609022556390977,-0.09981827219791842,-0.6463663330170301,-0.8,0.0,0.25,0.0,0.0,1.0,0.0,0.0,1.0,0
-0.48872180451127817,0.32269626252010686,0.6129769577198968,0.0,1.0,0.25,1.0,0.0,1.0,1.0,0.0,1.0,0
-0.5037593984962406,0.0733384837698375,0.24034160257870543,1.0,2.0,1.5,0.0,0.0,1.0,1.0,1.0,2.0,1
1.0526315789473684,-0.7604224355583985,0.43138821851331965,0.4,0.0,0.25,0.0,1.0,0.0,1.0,0.0,1.0,0
0.7593984962406015,0.19989239476454382,-0.16993851823071615,0.0,1.0,-0.3333333333333333,0.0,0.0,1.0,1.0,1.0,1.0,0
-0.5789473684210527,-0.7604224355583985,-0.038437010540480265,0.2,1.0,-0.5,0.0,1.0,0.0,1.0,1.0,1.0,0
0.9323308270676691,-0.7604224355583985,0.791877522479284,-0.6,1.0,-0.3333333333333333,0.0,1.0,1.0,1.0,1.0,1.0,0
0.8270676691729323,-0.7604224355583985,0.699769422603382,-0.6,1.0,-0.75,0.0,0.0,1.0,1.0,0.0,0.0,0
0.17293233082706766,0.4591921795893302,-0.018278359697416827,-0.6,0.0,-0.4166666666666667,0.0,0.0,0.0,1.0,0.0,1.0,0
-0.022556390977443608,-0.7604224355583985,0.31808442528708475,-1.0,1.0,0.3333333333333333,0.0,0.0,1.0,0.0,1.0,1.0,0
-0.44360902255639095,0.03650065329791355,0.3592550945952489,0.0,2.0,-0.6666666666666666,1.0,0.0,0.0,1.0,0.0,0.0,0
0.9699248120300752,-0.7604224355583985,-0.5859713323571242,-0.8,1.0,-0.16666666666666666,0.0,1.0,1.0,0.0,0.0,1.0,0
0.3458646616541353,0.5860014316808414,-0.8431412136111065,-0.8,0.0,0.08333333333333333,0.0,1.0,0.0,0.0,0.0,1.0,0
-0.17293233082706766,0.019517688952313667,-0.7595369440643794,1.0,2.0,0.0,0.0,0.0,0.0,0.0,1.0,1.0,1
0.6090225563909775,0.025720699070488698,-0.5201336472432861,-0.4,2.0,-0.25,1.0,0.0,1.0,1.0,0.0,1.0,1
-0.7894736842105263,-0.036861766251326734,-0.1960837233464757,-0.8,0.0,0.5,0.0,0.0,1.0,0.0,1.0,1.0,0
0.08270676691729323,0.19958001521469387,0.9895482908691633,0.6,0.0,-0.3333333333333333,0.0,1.0,0.0,1.0,0.0,1.0,0
-0.3082706766917293,0.029437365412657717,0.4897110761858535,0.6,1.0,0.25,0.0,0.0,0.0,1.0,0.0,1.0,0
1.4887218045112782,-0.02331818928453529,-0.6384812938704897,-0.6,1.0,1.3333333333333333,1.0,0.0,1.0,1.0,0.0,2.0,0
-0.03007518796992481,0.18473466091638618,-0.9559123803337555,0.8,0.0,1.4166666666666667,0.0,0.0,0.0,0.0,0.0,2.0,1
0.17293233082706766,0.05454486193815019,-0.7908967987598625,-0.8,0.0,0.08333333333333333,0.0,0.0,0.0,0.0,0.0,1.0,1
-1.8195488721804511,0.15770658252345718,0.10514329285782453,0.4,0.0,-0.16666666666666666,0.0,0.0,0.0,1.0,1.0,1.0,0
-0.13533834586466165,0.41451571434844975,-0.43261649959057735,0.8,0.0,0.5833333333333334,0.0,0.0,1.0,1.0,0.0,1.0,0
-1.0676691729323309,-0.7604224355583985,-0.5251172978020726,-0.6,1.0,2.3333333333333335,0.0,0.0,1.0,1.0,1.0,3.0,0
0.8045112781954887,-0.7604224355583985,0.41958754153798095,0.2,1.0,0.16666666666666666,0.0,0.0,0.0,1.0,1.0,1.0,0
0.5639097744360902,-0.7604224355583985,1.0138444816978633,1.0,1.0,-0.25,0.0,0.0,1.0,1.0,1.0,1.0,0
0.19548872180451127,0.20875552790165597,0.05902556487118157,-0.8,1.0,1.4166666666666667,1.0,0.0,0.0,0.0,1.0,2.0,0
0.24812030075187969,-0.7604224355583985,0.7474708226388751,-0.6,2.0,-0.5833333333333334,0.0,1.0,0.0,1.0,1.0,0.0,1
-1.0225563909774436,-0.3198767765705466,-0.5375267491883414,0.6,0.0,0.4166666666666667,0.0,0.0,0.0,1.0,0.0,1.0,0
-0.015037593984962405,0.5400419929940639,-0.7662296807422327,-0.4,1.0,-0.16666666666666666,1.0,0.0,0.0,1.0,1.0,1.0,0
0.6842105263157895,-0.7604224355583985,0.1429857364492819,0.8,0.0,0.75,0.0,0.0,0.0,1.0,0.0,1.0,0
-1.0150375939849625,0.12734692569593664,-0.6943235695788089,0.0,0.0,0.0,0.0,0.0,1.0,0.0,1.0,1.0,0
0.3684210526315789,0.4964336668058807,-0.6355591562556339,-0.6,0.0,0.5,0.0,0.0,0.0,0.0,1.0,1.0,0
-0.3308270676691729,0.24185796649531494,-0.6873174510433478,-0.6,1.0,0.9166666666666666,1.0,0.0,0.0,1.0,0.0,1.0,0
-0.05263157894736842,0.3123791189274859,0.5514672334660343,-0.6,1.0,0.0,1.0,0.0,0.0,0.0,1.0,1.0,0
-0.06015037593984962,-0.15501504134563115,0.16714884731105265,-0.2,1.0,0.25,1.0,0.0,0.0,1.0,1.0,1.0,1
0.6616541353383458,-0.7604224355583985,-0.2680164096185029,0.8,1.0,0.0,0.0,0.0,0.0,1.0,1.0,1.0,0
-0.11278195488721804,0.057073044359658896,0.20887953592705544,-0.4,0.0,0.08333333333333333,0.0,0.0,0.0,0.0,0.0,1.0,0
1.4887218045112782,-0.28342520924905157,-0.6911684909158488,0.6,0.0,0.3333333333333333,1.0,0.0,1.0,1.0,0.0,1.0,0
-1.5037593984962405,0.1933301520815177,0.4447891258744075,0.2,0.0,1.9166666666666667,0.0,0.0,0.0,1.0,1.0,2.0,0
1.1578947368421053,0.5557176955415087,0.0742809037530058,0.6,1.0,-0.08333333333333333,1.0,0.0,1.0,1.0,1.0,1.0,0
-0.22556390977443608,-0.7604224355583985,0.5758565393868026,0.8,1.0,0.3333333333333333,0.0,1.0,0.0,1.0,1.0,1.0,0
0.47368421052631576,-0.02183793173868295,0.545547934660496,-0.2,0.0,0.3333333333333333,0.0,0.0,1.0,0.0,1.0,1.0,1
0.3458646616541353,0.03277434996436469,0.8010241638007926,-0.2,1.0,0.9166666666666666,0.0,0.0,1.0,0.0,1.0,1.0,1
0.2706766917293233,-0.7604224355583985,0.9379550683906589,0.8,0.0,1.4166666666666667,0.0,0.0,0.0,1.0,0.0,2.0,1
-0.022556390977443608,0.12568254677006244,-0.3997683366013478,-0.4,0.0,0.16666666666666666,0.0,0.0,1.0,1.0,1.0,1.0,0
0.44360902255639095,-0.7604224355583985,-0.6238726500353335,0.4,2.0,1.1666666666666667,0.0,0.0,1.0,1.0,0.0,2.0,1
0.24060150375939848,-0.12386554297257865,-0.30462873231749144,-0.4,0.0,2.1666666666666665,1.0,0.0,0.0,1.0,0.0,3.0,1
-0.45112781954887216,-0.7604224355583985,-0.9075404698658075,0.8,2.0,0.0,0.0,1.0,1.0,1.0,1.0,1.0,0
-0.3684210526315789,-0.15893565149724578,-0.523552330541201,0.8,0.0,0.16666666666666666,0.0,0.0,0.0,0.0,0.0,1.0,0
1.0150375939849625,0.16163635956931105,-0.06221222702859748,0.4,1.0,0.75,0.0,0.0,1.0,1.0,1.0,1.0,0
0.9774436090225563,0.7401518468608421,0.6910735360085696,0.4,0.0,-0.3333333333333333,0.0,0.0,1.0,1.0,1.0,1.0,0
-0.15789473684210525,0.22073156595351237,0.29437135366831685,0.2,1.0,-0.25,1.0,0.0,0.0,0.0,1.0,1.0,0
0.5413533834586466,0.5009856174171617,-0.3538126145652294,-0.6,1.0,-0.5,1.0,0.0,1.0,0.0,1.0,1.0,0
-0.6165413533834586,0.2525878553772786,0.8009175567305106,0.0,0.0,1.0833333333333333,1.0,0.0,0.0,1.0,0.0,1.0,1
1.0526315789473684,0.3890493770057234,-0.847526617590448,-0.2,0.0,1.0833333333333333,1.0,0.0,0.0,1.0,0.0,1.0,1
-0.9849624060150376,0.22046627446723405,0.10128785787120859,-1.0,0.0,2.0,1.0,0.0,0.0,1.0,1.0,3.0,0
1.0,-0.7604224355583985,-0.9448298445624456,0.0,1.0,1.5,0.0,0.0,1.0,1.0,1.0,2.0,0
0.06015037593984962,-0.09789855217523945,0.39185314492773815,-0.8,0.0,-0.5,0.0,1.0,1.0,1.0,1.0,1.0,0
-0.7819548872180451,0.590705458717068,0.9059743782734179,-0.6,0.0,-0.4166666666666667,0.0,0.0,0.0,1.0,0.0,1.0,1
0.8571428571428571,-0.1463100175467675,0.5558762484072505,0.0,0.0,-0.08333333333333333,0.0,1.0,1.0,0.0,1.0,1.0,0
-0.3007518796992481,-0.7604224355583985,0.8211074844321609,-0.2,1.0,-0.9166666666666666,0.0,1.0,0.0,1.0,1.0,0.0,0
-0.39849624060150374,-0.7604224355583985,0.9692377530592361,-0.2,0.0,0.16666666666666666,0.0,1.0,0.0,1.0,0.0,1.0,1
0.2857142857142857,0.4745606736554702,-0.5095027861062779,0.0,0.0,-0.9166666666666666,0.0,0.0,0.0,1.0,1.0,0.0,0
-0.21804511278195488,-0.7604224355583985,0.6921332695701081,0.2,1.0,0.5833333333333334,0.0,0.0,0.0,0.0,0.0,1.0,0
0.07518796992481203,0.06437521994180272,0.8216462436531169,-1.0,0.0,0.08333333333333333,0.0,0.0,1.0,0.0,1.0,1.0,0
-0.5037593984962406,-0.7604224355583985,0.3915816699721588,0.2,1.0,-0.5833333333333334,0.0,0.0,0.0,1.0,1.0,0.0,0
-0.15037593984962405,0.5555573140670812,0.41655736588545644,0.0,0.0,1.0,0.0,0.0,0.0,0.0,0.0,1.0,0
0.47368421052631576,-0.7604224355583985,0.5372814404935407,-0.4,0.0,-0.16666666666666666,0.0,0.0,0.0,1.0,1.0,1.0,0
0.45864661654135336,-0.7604224355583985,-0.3755968443591714,-0.4,1.0,1.8333333333333333,0.0,0.0,0.0,1.0,1.0,2.0,0
-0.518796992481203,-0.7604224355583985,0.12100781499840364,1.0,1.0,-0.6666666666666666,0.0,0.0,0.0,1.0,1.0,0.0,0
0.05263157894736842,-0.013147167553080525,0.9005312849716612,0.8,0.0,-0.4166666666666667,0.0,0.0,1.0,0.0,1.0,1.0,0
0.7293233082706767,-0.13736250197293895,0.5948856459022652,0.4,0.0,-0.4166666666666667,1.0,0.0,0.0,0.0,1.0,1.0,0
0.8571428571428571,0.24077697812077803,-0.7212856526482545,-0.2,1.0,-0.5833333333333334,1.0,0.0,1.0,1.0,1.0,0.0,0
-0.7443609022556391,-0.7604224355583985,-0.937965494010188,0.4,1.0,0.4166666666666667,0.0,1.0,1.0,1.0,0.0,1.0,0
-0.2857142857142857,0.24323715315596384,-0.3065612537727392,0.2,0.0,-0.16666666666666666,1.0,0.0,0.0,0.0,0.0,1.0,1
0.47368421052631576,-0.7604224355583985,0.4283924882900233,0.4,0.0,0.25,0.0,0.0,1.0,1.0,1.0,1.0,0
0.3233082706766917,0.5798980821564486,-0.10995492069438215,0.0,1.0,-0.75,0.0,0.0,1.0,1.0,1.0,0.0,0
-0.7368421052631579,-0.17289040676291156,0.9271461540260079,1.0,1.0,-0.16666666666666666,0.0,0.0,0.0,0.0,1.0,1.0,0
-0.5789473684210527,0.194058097503553,-0.5016365539596721,-0.2,1.0,-0.6666666666666666,0.0,0.0,1.0,1.0,1.0,0.0,0
-1.3157894736842106,0.2682007216069455,0.9679217741235872,0.2,0.0,-0.5833333333333334,0.0,0.0,0.0,1.0,0.0,0.0,0
-0.17293233082706766,0.13008124571354654,0.1778677129423206,0.8,0.0,1.8333333333333333,0.0,0.0,1.0,1.0,1.0,2.0,1
1.0902255639097744,-0.7604224355583985,0.1887823144696484,0.6,1.0,-0.5,0.0,1.0,0.0,1.0,0.0,1.0,0
-0.9097744360902256,-0.0060085074263008876,-0.4359565818941997,-0.4,0.0,-0.5,0.0,0.0,1.0,1.0,0.0,1.0,0
-1.0827067669172932,-0.7604224355583985,0.7799019608469436,1.0,0.0,1.4166666666666667,0.0,1.0,1.0,1.0,1.0,2.0,0
-0.2631578947368421,-0.7604224355583985,0.6249467954826915,0.4,0.0,3.5,0.0,0.0,0.0,1.0,1.0,3.0,0
1.1578947368421053,-0.1288161359589879,0.44351505384078693,0.0,0.0,0.25,0.0,0.0,1.0,1.0,1.0,1.0,0
-0.556390977443609,0.3951329824502161,-0.3349094331797642,0.6,1.0,-0.25,1.0,0.0,1.0,1.0,0.0,1.0,0
0.21804511278195488,0.18941972736794685,0.4795697081069285,0.2,0.0,0.0,0.0,1.0,0.0,1.0,1.0,1.0,0
-0.06015037593984962,-0.7604224355583985,-0.9782298499030203,0.8,0.0,0.16666666666666666,0.0,0.0,0.0,1.0,0.0,1.0,0
0.5413533834586466,-0.7604224355583985,0.008108065634896541,0.8,1.0,-0.75,0.0,0.0,1.0,1.0,1.0,0.0,0
0.6015037593984962,-0.7604224355583985,0.7301943445358066,0.6,1.0,0.3333333333333333,0.0,0.0,1.0,1.0,1.0,1.0,0
-0.22556390977443608,-0.0010109047258435296,-0.5201890461235287,-0.4,1.0,-0.3333333333333333,1.0,0.0,1.0,1.0,0.0,1.0,0
-0.7368421052631579,0.08949180501201118,0.4145314227022721,-1.0,0.0,1.5,1.0,0.0,0.0,0.0,1.0,2.0,1
0.39849624060150374,0.46847518782241565,0.00029651688484016303,-0.8,1.0,0.9166666666666666,1.0,0.0,0.0,1.0,1.0,1.0,1
-0.47368421052631576,-0.7604224355583985,-0.9196858055573409,-0.6,1.0,-0.4166666666666667,0.0,0.0,1.0,0.0,1.0,1.0,0
-0.7969924812030075,-0.08385980622047422,-0.4299730939801887,0.8,1.0,0.4166666666666667,1.0,0.0,0.0,1.0,0.0,1.0,0
0.2556390977443609,0.40885778186466304,-0.016575815143544625,0.2,0.0,0.08333333333333333,0.0,0.0,1.0,1.0,1.0,1.0,0
-0.05263157894736842,0.03427913091104551,-0.9714900957253301,0.0,1.0,0.08333333333333333,0.0,0.0,0.0,0.0,1.0,1.0,0
0.9849624060150376,-0.11943158674355836,0.661991985816047,-0.4,0.0,0.5833333333333334,0.0,1.0,0.0,1.0,0.0,1.0,1
-0.24812030075187969,-0.7604224355583985,0.13283148966387986,-0.8,0.0,0.08333333333333333,0.0,1.0,0.0,1.0,0.0,1.0,1
-1.0751879699248121,0.09154017495213532,0.07638943419677316,-0.4,1.0,-1.0,0.0,1.0,0.0,1.0,0.0,0.0,0
0.6616541353383458,0.13525975746356578,0.30547831809715076,-0.2,1.0,0.25,1.0,0.0,1.0,1.0,0.0,1.0,1
-0.8345864661654135,0.9030478708928348,0.5045958967265729,0.8,0.0,0.0,0.0,0.0,1.0,0.0,1.0,1.0,0
-0.8796992481203008,0.14302396018527935,0.12239707990662431,0.4,0.0,1.0,0.0,1.0,0.0,1.0,0.0,1.0,0
0.3233082706766917,-0.7604224355583985,-0.27878116841808986,0.0,0.0,0.4166666666666667,0.0,0.0,0.0,0.0,1.0,1.0,1
-1.2030075187969924,0.22205112862684354,-0.9141042150549781,0.6,0.0,1.25,1.0,0.0,0.0,1.0,0.0,2.0,1
-0.13533834586466165,-0.35627600641040136,0.8674313739343926,0.4,1.0,0.0,0.0,0.0,0.0,1.0,1.0,1.0,0
-0.21804511278195488,-0.7604224355583985,-0.5950705473309713,-0.2,1.0,-0.75,0.0,0.0,0.0,1.0,0.0,0.0,0
0.706766917293233,0.35513398375712524,-0.38186713902218683,0.6,0.0,0.8333333333333334,0.0,0.0,1.0,1.0,1.0,1.0,0
0.0,-0.2943500317452682,0.6592389067766911,-0.2,0.0,0.9166666666666666,0.0,0.0,1.0,1.0,0.0,1.0,1
0.48872180451127817,-0.7604224355583985,-0.06307837114515596,0.2,1.0,0.16666666666666666,0.0,1.0,0.0,1.0,0.0,1.0,0
-0.6240601503759399,-0.7604224355583985,0.3531483390621006,-0.4,0.0,-0.25,0.0,1.0,0.0,1.0,0.0,1.0,0
-0.5864661654135338,-0.7604224355583985,-0.2835136842005742,-0.8,1.0,-0.08333333333333333,0.0,1.0,1.0,0.0,1.0,1.0,0
0.06015037593984962,-0.05492947974858733,0.9010804698121462,-1.0,1.0,0.9166666666666666,0.0,0.0,0.0,0.0,1.0,1.0,1
-0.7819548872180451,0.09291231015567693,0.41920261131105635,-0.6,1.0,-0.08333333333333333,1.0,0.0,0.0,1.0,1.0,1.0,0
0.8947368421052632,0.3351041631450188,0.7312041986627356,-1.0,0.0,0.6666666666666666,0.0,1.0,1.0,0.0,0.0,1.0,1
-1.105263157894737,0.49210360204490683,0.26432962435956225,0.2,1.0,0.0,1.0,0.0,0.0,0.0,1.0,1.0,0
-1.4586466165413534,0.07689986135660078,0.011421470617959364,-0.8,1.0,0.5,1.0,0.0,0.0,1.0,0.0,1.0,0
0.007518796992481203,-0.7604224355583985,-0.030843990952708795,0.8,1.0,-0.8333333333333334,0.0,0.0,0.0,1.0,0.0,0.0,0
-1.0150375939849625,0.3532950420930856,-0.6128516458616361,0.8,0.0,1.5833333333333333,0.0,0.0,1.0,0.0,0.0,2.0,1
0.09774436090225563,0.46474167633271257,0.5859607023136828,-0.6,1.0,0.4166666666666667,0.0,1.0,0.0,0.0,1.0,1.0,1
-1.0902255639097744,-0.7604224355583985,-0.047692507595306674,0.2,1.0,-0.6666666666666666,0.0,1.0,0.0,0.0,1.0,0.0,0
0.5639097744360902,0.2859406990477674,-0.5366692930880571,-0.2,0.0,-1.5833333333333333,0.0,0.0,1.0,1.0,1.0,0.0,0
0.2631578947368421,-0.1419379574412441,0.23189460209715937,-0.2,0.0,-0.6666666666666666,1.0,0.0,0.0,1.0,0.0,0.0,1
0.022556390977443608,-0.11614247375065719,-0.10884469442649702,-0.8,1.0,-0.16666666666666666,0.0,1.0,0.0,1.0,0.0,1.0,0
-1.5037593984962405,-0.7604224355583985,0.6622796102607008,0.4,1.0,-0.16666666666666666,0.0,0.0,0.0,1.0,0.0,1.0,0
-0.7368421052631579,-0.7604224355583985,0.8356600139033815,0.2,1.0,0.6666666666666666,0.0,0.0,0.0,1.0,1.0,1.0,0
0.7669172932330827,-0.7604224355583985,0.8304862491061248,-0.6,1.0,0.08333333333333333,0.0,0.0,1.0,1.0,0.0,1.0,0
-1.4736842105263157,0.07792130409334344,0.5516653202370858,0.0,0.0,-0.6666666666666666,0.0,0.0,1.0,1.0,1.0,0.0,0
0.8947368421052632,-0.7604224355583985,-0.7586614986598097,-0.6,0.0,1.5833333333333333,0.0,1.0,0.0,1.0,1.0,2.0,1
0.10526315789473684,-0.34506583494991255,0.13058292884016387,-0.8,1.0,2.8333333333333335,1.0,0.0,1.0,1.0,1.0,3.0,0
-0.6015037593984962,0.43697758251683655,-0.6238522076441002,-0.4,0.0,0.9166666666666666,1.0,0.0,0.0,1.0,0.0,1.0,1
-0.5413533834586466,0.13216518633730037,0.9893554169078764,0.0,1.0,-1.1666666666666667,0.0,0.0,0.0,0.0,0.0,0.0,0
-0.2556390977443609,0.33887136492978964,0.6252476052696907,-1.0,0.0,0.25,1.0,0.0,0.0,1.0,0.0,1.0,1
-0.9849624060150376,0.10644593673299481,0.3788051754512946,0.0,0.0,0.08333333333333333,0.0,0.0,1.0,0.0,1.0,1.0,1
-0.6616541353383458,0.025048616858647073,0.47617054729264163,0.8,0.0,0.0,0.0,1.0,1.0,1.0,1.0,1.0,0
-0.9323308270676691,0.1873136921785903,-0.9610747996038779,0.8,0.0,-0.5,0.0,0.0,1.0,1.0,0.0,1.0,0
-0.45864661654135336,0.5061083443065105,0.33021647342431654,0.8,1.0,0.4166666666666667,0.0,0.0,1.0,1.0,1.0,1.0,0
-0.15789473684210525,0.40811847576173255,0.24787431711233848,-0.8,0.0,-0.9166666666666666,0.0,0.0,1.0,0.0,1.0,0.0,0
-0.18796992481203006,-0.20225808027449288,0.28912920907238443,0.6,0.0,0.5,0.0,0.0,1.0,0.0,1.0,1.0,0
-0.3233082706766917,0.05314138692524305,0.5189420602582921,0.8,0.0,-0.5,1.0,0.0,1.0,1.0,1.0,1.0,0
-0.3609022556390977,-0.7604224355583985,0.9059210236322986,0.4,1.0,-0.25,0.0,0.0,1.0,1.0,1.0,1.0,0
0.07518796992481203,0.335077132559441,0.47807557373168064,0.0,1.0,0.16666666666666666,1.0,0.0,1.0,1.0,1.0,1.0,0
-0.3684210526315789,0.40617861991153625,0.05729961377934706,0.6,0.0,0.25,1.0,0.0,0.0,0.0,0.0,1.0,0
0.06015037593984962,0.16725355030092287,-0.8704166785381598,-0.8,1.0,-0.75,1.0,0.0,1.0,1.0,0.0,0.0,0
-0.7142857142857143,0.12579106085999017,-0.010567080876360168,-0.8,0.0,-0.08333333333333333,0.0,1.0,1.0,1.0,0.0,1.0,0
0.06766917293233082,-0.7604224355583985,0.8382864523290464,0.0,1.0,0.16666666666666666,0.0,0.0,1.0,0.0,0.0,1.0,0
-0.6842105263157895,-0.14279682491690351,-0.8922974986306794,-0.8,0.0,-0.25,0.0,0.0,1.0,1.0,1.0,1.0,0
0.6691729323308271,-0.7604224355583985,-0.2613895996523773,-0.2,1.0,-1.0,0.0,1.0,1.0,1.0,1.0,0.0,0
0.43609022556390975,0.28583437874449513,0.5738874260512468,1.0,1.0,-0.5833333333333334,1.0,0.0,0.0,1.0,0.0,0.0,0
0.12030075187969924,0.6025640508333275,0.0716523188762613,0.4,0.0,-1.0833333333333333,0.0,1.0,0.0,0.0,0.0,0.0,1
-0.849624060150376,-0.04256514145869345,0.3797836505076806,-0.2,0.0,-0.25,1.0,0.0,0.0,1.0,1.0,1.0,0
0.12781954887218044,0.8144785139947333,0.5988144690734092,0.8,0.0,1.0833333333333333,0.0,0.0,1.0,1.0,0.0,1.0,1
1.0300751879699248,-0.7604224355583985,0.229332250568011,-0.4,0.0,0.0,0.0,0.0,1.0,1.0,0.0,1.0,1
-0.3684210526315789,0.06495868884266351,0.3161677466850427,-0.8,1.0,-0.16666666666666666,1.0,0.0,1.0,1.0,1.0,1.0,0
1.4285714285714286,-0.7604224355583985,-0.8399668168884306,0.8,0.0,0.75,0.0,1.0,1.0,0.0,0.0,1.0,0
0.7744360902255639,0.5327246959539014,-0.8434278159361984,0.2,2.0,0.5,1.0,0.0,1.0,1.0,0.0,1.0,1
0.08270676691729323,0.20855965409312205,-0.11715268664765617,0.6,1.0,-0.75,1.0,0.0,1.0,1.0,1.0,0.0,0
0.08270676691729323,0.4635396379445018,-0.6729555468703787,0.2,0.0,0.25,0.0,0.0,1.0,0.0,1.0,1.0,0
-0.12030075187969924,-0.012355523968509963,0.7138462576306017,0.8,0.0,-0.16666666666666666,0.0,0.0,1.0,0.0,0.0,1.0,0
-0.12781954887218044,-0.7604224355583985,0.24022640970410544,0.0,1.0,-0.3333333333333333,0.0,0.0,0.0,1.0,0.0,1.0,0
0.3533834586466165,0.1599389954940797,0.8767790661736817,-0.6,0.0,-0.25,0.0,0.0,1.0,1.0,0.0,1.0,0
-1.3759398496240602,-0.7604224355583985,0.47801271337863804,0.2,0.0,-0.5,0.0,1.0,0.0,1.0,0.0,1.0,1
0.8421052631578947,-0.1254589372302402,0.10587349507268098,0.0,0.0,0.16666666666666666,0.0,0.0,0.0,0.0,1.0,1.0,0
0.7894736842105263,-0.7604224355583985,-0.783064296558792,-0.8,0.0,1.1666666666666667,0.0,0.0,0.0,1.0,1.0,2.0,1
0.24812030075187969,-0.7604224355583985,0.6908188238138016,0.8,0.0,-0.16666666666666666,0.0,0.0,1.0,1.0,0.0,1.0,0
0.3308270676691729,0.3546177387473534,-0.9345080723808858,0.2,0.0,0.08333333333333333,1.0,0.0,1.0,1.0,1.0,1.0,0
-0.45864661654135336,-0.7604224355583985,0.43164507715916683,0.6,0.0,-0.5,0.0,1.0,1.0,1.0,1.0,1.0,0
0.3233082706766917,-0.7604224355583985,0.4324524494009295,-0.8,1.0,-1.1666666666666667,0.0,0.0,0.0,1.0,1.0,0.0,0
0.3533834586466165,-0.7604224355583985,-0.21515310137266827,0.0,1.0,-0.16666666666666666,0.0,0.0,1.0,1.0,1.0,1.0,0
-0.6691729323308271,-0.7604224355583985,-0.9537111436457448,0.4,1.0,-0.9166666666666666,0.0,1.0,1.0,0.0,0.0,0.0,0
0.45864661654135336,-0.7604224355583985,-0.44712947303476125,0.0,0.0,0.75,0.0,0.0,1.0,1.0,1.0,1.0,0
0.5488721804511278,-0.7604224355583985,-0.05794733094557689,1.0,0.0,0.5833333333333334,0.0,0.0,0.0,0.0,1.0,1.0,0
-0.5714285714285714,0.08999143992281937,0.2761986811335766,0.0,0.0,-0.6666666666666666,0.0,0.0,0.0,1.0,1.0,0.0,0
-0.2932330827067669,-0.7604224355583985,-0.5899901020496948,-0.4,0.0,-0.25,0.0,1.0,1.0,1.0,1.0,1.0,0
-0.3157894736842105,0.13184019251418097,0.9849846292382669,0.2,0.0,1.0,1.0,0.0,1.0,1.0,0.0,1.0,1
-0.706766917293233,0.12493438717098632,0.5460719753597639,0.6,0.0,0.08333333333333333,0.0,0.0,1.0,1.0,1.0,1.0,0
-0.6917293233082706,-0.7604224355583985,-0.9786315428907562,-0.8,1.0,-0.16666666666666666,0.0,0.0,0.0,1.0,0.0,1.0,0
-1.0977443609022557,0.101790016304144,-0.7474577395084859,0.2,1.0,-0.16666666666666666,0.0,1.0,1.0,1.0,0.0,1.0,0
-1.255639097744361,0.3697270525900413,-0.4940292246980373,0.4,1.0,1.1666666666666667,1.0,0.0,1.0,1.0,0.0,2.0,0
-0.8571428571428571,-0.1723975882606402,-0.8357352419031203,-0.4,0.0,2.0833333333333335,0.0,0.0,0.0,0.0,0.0,3.0,1
-0.08270676691729323,0.22237157817760494,0.6611236952484089,0.4,1.0,0.4166666666666667,0.0,0.0,0.0,0.0,0.0,1.0,0
0.3233082706766917,-0.7604224355583985,0.0339011505616611,0.0,1.0,0.16666666666666666,0.0,1.0,0.0,0.0,0.0,1.0,0
-0.48120300751879697,-0.7604224355583985,-0.8888697184686658,-0.6,1.0,-0.3333333333333333,0.0,1.0,1.0,1.0,1.0,1.0,0
-0.2781954887218045,-0.7604224355583985,-0.9528332451542272,-0.2,1.0,-0.4166666666666667,0.0,0.0,1.0,1.0,1.0,1.0,0
0.8270676691729323,-0.7604224355583985,-0.5761814711954572,0.8,1.0,-0.16666666666666666,0.0,0.0,1.0,1.0,1.0,1.0,0
0.08270676691729323,0.34792661109831186,-1.011967256910902,0.0,0.0,-0.9166666666666666,0.0,0.0,1.0,1.0,0.0,0.0,0
1.1954887218045114,-0.7604224355583985,0.8293925811751388,0.2,1.0,-0.5833333333333334,0.0,0.0,1.0,1.0,1.0,0.0,0
0.045112781954887216,-0.16970205125712012,-0.4551704876264124,0.0,1.0,-0.6666666666666666,1.0,0.0,1.0,0.0,1.0,0.0,0
0.7669172932330827,0.4980681162138111,-0.9801340586464098,-0.6,0.0,0.25,0.0,1.0,1.0,0.0,1.0,1.0,0
-0.5112781954887218,-0.4456696002948136,0.3883277523475851,0.6,0.0,-0.4166666666666667,1.0,0.0,1.0,1.0,1.0,1.0,0
0.09774436090225563,-0.7604224355583985,-0.3362605730283346,0.4,1.0,0.5833333333333334,0.0,0.0,0.0,1.0,1.0,1.0,0
0.07518796992481203,0.05027199232926826,0.6465525632011662,-1.0,0.0,-0.3333333333333333,1.0,0.0,1.0,1.0,1.0,1.0,0
0.47368421052631576,0.3443487017621082,-0.3990253578919705,-0.6,0.0,-0.16666666666666666,0.0,0.0,1.0,1.0,1.0,1.0,0
1.0075187969924813,-0.7604224355583985,0.46067184174318415,0.8,1.0,-0.25,0.0,0.0,1.0,1.0,0.0,1.0,0
0.022556390977443608,-0.7604224355583985,0.2771811424562531,1.0,1.0,-0.75,0.0,0.0,1.0,0.0,1.0,0.0,0
0.6015037593984962,0.6403694195698855,0.9844400439358095,0.0,0.0,0.08333333333333333,1.0,0.0,1.0,1.0,1.0,1.0,0
0.13533834586466165,-0.7604224355583985,0.46277935006738974,0.4,1.0,-1.0,0.0,0.0,1.0,1.0,1.0,0.0,0
-0.5714285714285714,-0.7604224355583985,-0.6679130222248402,0.6,1.0,-0.9166666666666666,0.0,1.0,1.0,0.0,1.0,0.0,0
-0.5112781954887218,-0.7604224355583985,-0.10385399124273524,0.0,1.0,0.8333333333333334,0.0,0.0,1.0,1.0,0.0,1.0,0
1.037593984962406,-0.7604224355583985,0.20480281205533804,0.2,1.0,0.0,0.0,1.0,1.0,1.0,1.0,1.0,0
-0.19548872180451127,0.28921798126263304,0.5033193716060042,-0.6,1.0,0.0,0.0,0.0,0.0,1.0,0.0,1.0,0
0.18045112781954886,0.27112417737407574,-0.8718147336746108,-0.8,1.0,0.9166666666666666,0.0,1.0,1.0,0.0,1.0,1.0,0
0.8947368421052632,0.0640474055358404,-0.8500483909729981,-0.4,0.0,1.0833333333333333,0.0,0.0,1.0,1.0,1.0,1.0,1
0.2932330827067669,0.15570200996692118,-0.7997937362724554,0.4,0.0,-0.5833333333333334,1.0,0.0,1.0,1.0,0.0,0.0,0
-0.9924812030075187,-0.7604224355583985,0.6514869475970801,0.0,1.0,0.08333333333333333,0.0,0.0,1.0,1.0,0.0,1.0,0
0.49624060150375937,-0.030606497001034873,0.9331894359343766,0.4,1.0,0.16666666666666666,1.0,0.0,0.0,1.0,1.0,1.0,0
0.8421052631578947,0.07191604817226428,0.1658842809893556,0.4,0.0,-1.0833333333333333,0.0,0.0,0.0,0.0,0.0,0.0,0
-1.1954887218045114,-0.3987517902376416,-0.20309045515367388,0.6,0.0,-0.4166666666666667,0.0,1.0,1.0,1.0,1.0,1.0,0
-1.2481203007518797,0.16689815686271894,0.7010502406261095,0.8,1.0,2.0833333333333335,1.0,0.0,1.0,1.0,0.0,3.0,1
1.300751879699248,-0.7604224355583985,-0.9167994421271435,0.8,1.0,-0.4166666666666667,0.0,0.0,1.0,0.0,0.0,1.0,0
0.24060150375939848,0.022820199713718604,0.7914797135458823,-0.4,0.0,-0.16666666666666666,1.0,0.0,1.0,1.0,1.0,1.0,0
-0.5037593984962406,-0.7604224355583985,-0.24472956185695108,-0.8,0.0,-0.25,0.0,0.0,0.0,1.0,1.0,1.0,0
0.6992481203007519,0.016678693971423266,-0.7208466522965176,-0.4,0.0,1.1666666666666667,1.0,0.0,1.0,1.0,1.0,2.0,0
1.4285714285714286,-0.7604224355583985,0.24520760717594375,0.6,1.0,-0.6666666666666666,0.0,0.0,1.0,1.0,1.0,0.0,0
-0.5939849624060151,0.8603845966560658,0.03617495773855017,0.8,1.0,-0.16666666666666666,1.0,0.0,0.0,0.0,1.0,1.0,0
-0.6616541353383458,0.02169737269367889,-0.6411300145025991,0.4,0.0,0.4166666666666667,0.0,0.0,1.0,1.0,1.0,1.0,0
0.47368421052631576,0.06112865074011505,0.15028080818482686,-0.4,1.0,-0.4166666666666667,1.0,0.0,0.0,1.0,0.0,1.0,0
0.46616541353383456,0.01634931257499271,-0.27547031873393124,-0.8,0.0,1.3333333333333333,1.0,0.0,1.0,1.0,1.0,2.0,1
-0.7669172932330827,-0.19013168948720593,0.04253162150452674,0.8,0.0,-0.3333333333333333,0.0,1.0,0.0,1.0,1.0,1.0,0
-0.7218045112781954,-0.7604224355583985,0.8913010342700082,0.4,1.0,-0.5833333333333334,0.0,0.0,0.0,1.0,1.0,0.0,0
-0.8045112781954887,0.23881949362781368,0.09149697458997998,-0.6,0.0,0.5833333333333334,1.0,0.0,0.0,1.0,0.0,1.0,0
-1.669172932330827,-0.7604224355583985,-0.8932933497196136,0.8,1.0,0.08333333333333333,0.0,0.0,1.0,1.0,1.0,1.0,0
0.05263157894736842,-0.11077576644539855,-0.15652187022837866,0.8,0.0,-0.6666666666666666,1.0,0.0,1.0,1.0,1.0,0.0,0
-0.18045112781954886,0.4610765639769498,-0.2891279825289105,0.8,1.0,1.1666666666666667,1.0,0.0,0.0,1.0,1.0,2.0,0
-0.5338345864661654,-0.342883252276181,0.9928393114338256,-1.0,0.0,-0.5833333333333334,0.0,1.0,1.0,0.0,0.0,0.0,0
-0.7218045112781954,0.29109257195982596,0.7995390240776875,-0.6,0.0,-0.08333333333333333,0.0,0.0,0.0,0.0,1.0,1.0,0
-0.19548872180451127,-0.7604224355583985,-0.19682527108846667,-0.4,0.0,-0.16666666666666666,0.0,0.0,0.0,0.0,0.0,1.0,0
-0.11278195488721804,0.319577167993013,0.18577902056159598,0.8,0.0,0.16666666666666666,1.0,0.0,0.0,1.0,1.0,1.0,1
0.19548872180451127,0.6095416243399691,-0.7287495785353872,-0.2,0.0,-1.25,0.0,0.0,0.0,1.0,1.0,0.0,0
0.7969924812030075,0.4472528091144315,-0.39574476294683725,-0.8,0.0,-0.25,0.0,0.0,0.0,1.0,1.0,1.0,0
0.007518796992481203,0.18977175177664404,0.6224848160944991,-1.0,0.0,3.0833333333333335,0.0,0.0,0.0,1.0,1.0,3.0,0
-0.7293233082706767,-0.7604224355583985,0.7068878720786705,1.0,1.0,-0.4166666666666667,0.0,1.0,1.0,0.0,1.0,1.0,0
0.21804511278195488,-0.0002502092030211864,-0.9943057463689524,0.8,0.0,0.8333333333333334,0.0,0.0,1.0,1.0,1.0,1.0,0
-1.218045112781955,0.1520794414023718,-0.766703842006891,-0.4,0.0,0.0,0.0,0.0,0.0,0.0,1.0,1.0,0
0.43609022556390975,0.24468011632867134,-0.6791989597889223,0.8,0.0,0.5,0.0,0.0,1.0,1.0,0.0,1.0,1
0.6240601503759399,-0.7604224355583985,0.486822770728489,-0.6,1.0,1.0833333333333333,0.0,0.0,1.0,0.0,1.0,1.0,0
-0.6616541353383458,-0.40414928890560176,-0.5968281841292176,-0.6,0.0,1.3333333333333333,0.0,0.0,0.0,1.0,1.0,2.0,1
1.1353383458646618,0.35942072123165136,0.15763761594189657,-0.2,1.0,-0.25,1.0,0.0,1.0,1.0,1.0,1.0,0
-0.39097744360902253,0.32437396086496145,0.04192029179469245,0.8,1.0,1.6666666666666667,1.0,0.0,1.0,1.0,1.0,2.0,0
-0.13533834586466165,0.07985810431212663,0.043594523636706524,-0.6,0.0,0.9166666666666666,1.0,0.0,1.0,1.0,1.0,1.0,1
0.556390977443609,-0.7604224355583985,0.01134593598235202,0.8,1.0,-0.16666666666666666,0.0,1.0,0.0,0.0,1.0,1.0,0
0.5639097744360902,-0.7604224355583985,-0.8155886520708847,0.0,1.0,-0.75,0.0,0.0,1.0,0.0,1.0,0.0,0
0.3082706766917293,0.6613196120335311,0.9043968389419377,0.8,2.0,0.3333333333333333,1.0,0.0,0.0,1.0,1.0,1.0,1
0.8872180451127819,-0.7604224355583985,0.011346447042132885,0.6,1.0,-0.5833333333333334,0.0,0.0,0.0,1.0,0.0,0.0,0
0.3007518796992481,-0.7604224355583985,-0.23192863867856298,-0.2,0.0,-0.6666666666666666,0.0,0.0,1.0,1.0,0.0,0.0,1
1.0075187969924813,0.13677824957684398,-0.8550058752710056,0.2,0.0,-0.4166666666666667,0.0,1.0,0.0,1.0,0.0,1.0,0
-0.7218045112781954,0.25702737442246115,-0.8325572677619787,0.8,0.0,0.25,0.0,0.0,0.0,0.0,0.0,1.0,0
0.45112781954887216,-0.7604224355583985,-0.05010491418475806,1.0,0.0,-0.8333333333333334,0.0,1.0,1.0,1.0,0.0,0.0,0
-0.49624060150375937,0.5565861216590245,-0.8114436506124478,0.0,0.0,-0.25,0.0,1.0,1.0,0.0,0.0,1.0,0
-0.3233082706766917,0.08590339683967012,0.8695959165301393,-0.8,2.0,0.9166666666666666,0.0,0.0,1.0,1.0,1.0,1.0,1
0.14285714285714285,-0.7604224355583985,0.5989229159589021,-0.4,1.0,-0.6666666666666666,0.0,0.0,0.0,1.0,0.0,0.0,0
0.3082706766917293,0.212295437719004,-0.10979403907537537,0.0,0.0,-0.16666666666666666,0.0,0.0,0.0,1.0,0.0,1.0,1
-1.6165413533834587,0.09485075571445184,0.5472477194915519,-0.6,0.0,-0.75,0.0,1.0,1.0,1.0,0.0,0.0,0
-0.3684210526315789,-0.7604224355583985,0.39741337313126196,0.8,0.0,0.5833333333333334,0.0,0.0,1.0,1.0,0.0,1.0,0
0.38345864661654133,-0.032313106320029095,-0.1461442903187519,-0.2,0.0,1.75,0.0,1.0,1.0,0.0,1.0,2.0,0
0.3458646616541353,0.15127902267117885,1.0079347908162049,1.0,1.0,0.5833333333333334,1.0,0.0,1.0,1.0,0.0,1.0,0
-1.7969924812030076,0.2657194705499616,0.6075974402548759,-0.8,1.0,0.16666666666666666,1.0,0.0,1.0,1.0,1.0,1.0,0
1.4887218045112782,-0.7604224355583985,0.8297063718805711,-0.2,0.0,-0.4166666666666667,0.0,0.0,1.0,1.0,1.0,1.0,0
0.48120300751879697,-0.24353801532587196,-0.867155401652742,0.4,1.0,1.25,0.0,0.0,0.0,1.0,0.0,2.0,1
0.3308270676691729,0.13297915953604386,0.9635482267311609,-0.2,0.0,-0.5833333333333334,1.0,0.0,1.0,1.0,1.0,0.0,0
0.18796992481203006,-0.7604224355583985,-0.10731621683397706,0.0,1.0,0.25,0.0,1.0,1.0,1.0,0.0,1.0,0
-0.5714285714285714,0.174571709185843,-0.4136527065151052,-0.8,1.0,-0.75,1.0,0.0,1.0,0.0,1.0,0.0,0
0.6917293233082706,-0.7604224355583985,-0.5765811199440698,0.4,1.0,-0.16666666666666666,0.0,1.0,1.0,1.0,1.0,1.0,0
1.0075187969924813,-0.7604224355583985,-0.06882922464693118,-0.4,1.0,-0.16666666666666666,0.0,0.0,1.0,1.0,0.0,1.0,0
-1.3984962406015038,-0.7604224355583985,-0.9878751833586672,0.2,1.0,-0.6666666666666666,0.0,0.0,1.0,1.0,1.0,0.0,0
-0.11278195488721804,0.5887268198527821,0.05440762869156053,-0.4,0.0,0.5,0.0,1.0,1.0,1.0,1.0,1.0,0
1.1353383458646618,-0.7604224355583985,0.5102828677557436,-0.8,1.0,-0.08333333333333333,0.0,0.0,1.0,1.0,1.0,1.0,0
0.18796992481203006,-0.7604224355583985,-0.9364928241457351,-0.2,1.0,-0.08333333333333333,0.0,0.0,1.0,1.0,0.0,1.0,0
0.44360902255639095,-0.7604224355583985,-0.05608349592487316,0.0,1.0,-0.75,0.0,1.0,0.0,1.0,1.0,0.0,0
-1.2781954887218046,0.002061415135772445,-0.21495992077551285,0.0,0.0,1.5,0.0,0.0,1.0,0.0,1.0,2.0,0
1.4887218045112782,0.2947742944145526,0.1403473392247453,0.4,0.0,-0.3333333333333333,1.0,0.0,0.0,1.0,0.0,1.0,0
-0.17293233082706766,0.5069427667308649,0.47962735565020675,-0.8,1.0,-0.08333333333333333,0.0,1.0,1.0,1.0,1.0,1.0,0
-0.5939849624060151,0.25114058298078334,0.5148185233106504,-0.2,0.0,-0.9166666666666666,0.0,0.0,0.0,0.0,0.0,0.0,1
0.12030075187969924,0.4184328771210343,0.08884559644701015,-0.4,0.0,0.4166666666666667,0.0,0.0,1.0,1.0,0.0,1.0,0
-0.8270676691729323,0.09087592769263506,0.4627973393716752,0.6,0.0,-0.25,0.0,1.0,1.0,0.0,1.0,1.0,0
0.6616541353383458,0.23088793632408872,0.38250136421020253,-0.6,0.0,-0.3333333333333333,1.0,0.0,1.0,1.0,0.0,1.0,0
-0.23308270676691728,0.5173469566439985,0.3230042955852229,-0.4,0.0,1.0833333333333333,0.0,1.0,1.0,0.0,1.0,1.0,0
-0.48120300751879697,0.09444396498888866,-0.9654225895833498,-0.4,0.0,-0.4166666666666667,0.0,1.0,1.0,0.0,1.0,1.0,0
-0.44360902255639095,0.3272663118712965,-0.9057835485512544,-0.2,0.0,0.6666666666666666,0.0,0.0,1.0,0.0,0.0,1.0,0
-1.2330827067669172,-0.7604224355583985,0.38051753235295893,-1.0,1.0,-0.08333333333333333,0.0,0.0,0.0,1.0,0.0,1.0,0
-0.40601503759398494,0.5540707102098321,0.3826807461932753,1.0,0.0,1.3333333333333333,1.0,0.0,1.0,1.0,1.0,2.0,0
-0.045112781954887216,-0.7604224355583985,0.3435569735193097,0.6,1.0,0.75,0.0,0.0,0.0,1.0,0.0,1.0,0
0.3458646616541353,-0.002144857378207955,0.5511960651463235,0.6,0.0,1.25,1.0,0.0,1.0,1.0,1.0,2.0,0
-0.46616541353383456,-0.7604224355583985,-0.37321581684026317,0.6,1.0,0.25,0.0,0.0,1.0,1.0,0.0,1.0,0
-0.37593984962406013,0.1302095038833745,1.0059109940841,0.6,0.0,-0.9166666666666666,1.0,0.0,0.0,1.0,0.0,0.0,1
0.9699248120300752,0.46618275911685836,0.7791317937572262,-0.4,0.0,0.4166666666666667,0.0,0.0,0.0,1.0,1.0,1.0,0
0.9774436090225563,-0.7604224355583985,-0.12142749729042497,0.8,0.0,-0.4166666666666667,0.0,0.0,1.0,1.0,1.0,1.0,0
-0.42105263157894735,0.19472069942306153,-0.7066208944491627,0.4,0.0,1.9166666666666667,0.0,1.0,1.0,0.0,1.0,2.0,0
0.045112781954887216,-0.7604224355583985,-0.5219815371988278,0.4,1.0,0.16666666666666666,0.0,0.0,1.0,1.0,0.0,1.0,0
-0.14285714285714285,-0.7604224355583985,-0.5666429492340046,-0.4,1.0,-0.8333333333333334,0.0,1.0,1.0,1.0,0.0,0.0,0
-1.0977443609022557,-0.7604224355583985,-0.1903587294696107,-0.4,0.0,-0.4166666666666667,0.0,0.0,0.0,1.0,1.0,1.0,0
0.9323308270676691,-0.7604224355583985,-0.06949390899788462,0.0,1.0,-0.5,0.0,0.0,0.0,1.0,0.0,1.0,0
-1.2255639097744362,-0.13784944426095427,0.7004247034543682,-0.8,1.0,-0.75,1.0,0.0,1.0,1.0,1.0,0.0,0
-1.1729323308270676,-0.7604224355583985,0.08842703848650667,0.4,1.0,-0.08333333333333333,0.0,0.0,0.0,0.0,0.0,1.0,0
0.6240601503759399,-0.7604224355583985,0.5113434190129316,-0.2,1.0,-0.3333333333333333,0.0,0.0,0.0,1.0,0.0,1.0,0
0.18045112781954886,0.13280741738072133,-0.32144116813956236,0.6,0.0,0.25,0.0,0.0,1.0,1.0,1.0,1.0,0
-0.2631578947368421,-0.7604224355583985,-0.8682933273607483,0.4,1.0,0.3333333333333333,0.0,0.0,1.0,0.0,1.0,1.0,0
-0.8872180451127819,0.3740940983260663,-0.8888714560719206,0.8,0.0,0.4166666666666667,0.0,0.0,0.0,0.0,1.0,1.0,1
-0.6165413533834586,0.25557414746218643,-0.1931251982752244,1.0,1.0,0.16666666666666666,0.0,0.0,1.0,1.0,0.0,1.0,0
-0.17293233082706766,0.2806590009754123,0.32110059790161416,0.2,0.0,-0.5,0.0,1.0,1.0,1.0,1.0,1.0,0
-0.17293233082706766,-0.7604224355583985,-0.5751717192804843,1.0,1.0,0.16666666666666666,0.0,0.0,0.0,1.0,1.0,1.0,1
0.05263157894736842,0.1438062801765638,-1.0007340607162019,0.6,0.0,-0.3333333333333333,0.0,1.0,0.0,0.0,1.0,1.0,0
0.8721804511278195,0.25235523564226375,-0.8207293001943435,-0.6,1.0,0.5,1.0,0.0,0.0,0.0,0.0,1.0,0
-0.9924812030075187,0.10165556852196642,-0.4415582059399713,0.0,0.0,-0.4166666666666667,1.0,0.0,1.0,1.0,0.0,1.0,0
1.4887218045112782,0.46184329241307476,0.5338568289021682,-0.2,1.0,-0.4166666666666667,0.0,0.0,1.0,1.0,1.0,1.0,0
0.40601503759398494,0.34492143677826137,-0.7670401193426802,-0.6,0.0,-1.0833333333333333,0.0,1.0,1.0,1.0,1.0,0.0,0
-0.022556390977443608,-0.7604224355583985,-0.8610982189183345,-0.6,1.0,-0.5,0.0,0.0,0.0,1.0,0.0,1.0,0
-1.255639097744361,-0.1701399467434785,-0.29418420357657526,-0.6,0.0,0.16666666666666666,0.0,0.0,0.0,1.0,1.0,1.0,0
1.0526315789473684,-0.7604224355583985,-0.06932883668867511,-0.6,1.0,0.4166666666666667,0.0,0.0,0.0,1.0,0.0,1.0,0
-0.8646616541353384,-0.7604224355583985,-0.08218168354079601,-0.4,0.0,1.3333333333333333,0.0,0.0,0.0,1.0,1.0,2.0,0
0.2631578947368421,0.3185731971999918,-0.628687344230576,-0.8,0.0,2.1666666666666665,0.0,1.0,0.0,1.0,1.0,3.0,0
1.0676691729323309,-0.7604224355583985,-0.7699936360280794,0.6,1.0,-0.5833333333333334,0.0,0.0,1.0,1.0,1.0,0.0,0
0.12030075187969924,0.10920861927808037,0.35722772044467843,0.8,0.0,1.5833333333333333,1.0,0.0,1.0,1.0,0.0,2.0,1
0.14285714285714285,-0.4368465037641658,0.033059230678714274,0.4,0.0,-0.5,0.0,0.0,0.0,0.0,1.0,1.0,0
-1.0977443609022557,-0.7604224355583985,0.2871836044867472,0.0,1.0,0.0,0.0,0.0,1.0,1.0,1.0,1.0,0
0.24060150375939848,0.19975136562239942,0.392380251985691,0.8,1.0,-0.8333333333333334,0.0,0.0,0.0,0.0,1.0,0.0,0
0.2631578947368421,0.3048364886579858,0.22794308787174658,0.8,1.0,-0.3333333333333333,1.0,0.0,1.0,1.0,0.0,1.0,0
0.5263157894736842,0.5240701292481161,-0.862451811853853,-0.6,1.0,-0.16666666666666666,0.0,0.0,0.0,1.0,1.0,1.0,0
-0.3684210526315789,0.08671133712511073,0.09241381583679717,0.2,1.0,0.5833333333333334,1.0,0.0,1.0,1.0,0.0,1.0,1
-0.2631578947368421,-0.7604224355583985,-0.7380486178835407,0.4,0.0,0.08333333333333333,0.0,1.0,1.0,1.0,1.0,1.0,0
0.16541353383458646,-0.7604224355583985,0.5363910721433708,0.0,0.0,-0.75,0.0,0.0,1.0,1.0,1.0,0.0,0
0.23308270676691728,0.21683320706654716,-0.48496956575122674,0.8,0.0,3.0,1.0,0.0,1.0,1.0,1.0,3.0,0
0.22556390977443608,0.19402237012087642,0.2525088116288587,0.2,1.0,1.0833333333333333,0.0,0.0,1.0,0.0,1.0,1.0,0
-1.481203007518797,0.46088280560554795,-0.2930618140859064,0.0,1.0,-0.8333333333333334,0.0,0.0,0.0,0.0,0.0,0.0,0
-0.5037593984962406,-0.07795640467983268,-0.4507629036525827,0.6,0.0,1.4166666666666667,0.0,0.0,1.0,1.0,1.0,2.0,0
-0.03007518796992481,-0.7604224355583985,0.18271787468635303,-1.0,0.0,-0.4166666666666667,0.0,0.0,1.0,0.0,1.0,1.0,0
-1.5037593984962405,0.4005015701440366,-0.9737861851086638,-0.2,0.0,-0.16666666666666666,0.0,0.0,1.0,1.0,1.0,1.0,0
0.12781954887218044,0.47145623048925467,0.2548753250499912,0.4,1.0,-1.0,0.0,1.0,1.0,1.0,0.0,0.0,0
0.5037593984962406,-0.7604224355583985,0.2616072089070566,0.4,1.0,1.4166666666666667,0.0,0.0,0.0,1.0,1.0,2.0,0
0.15037593984962405,0.10723240924902017,-0.19081377709846584,1.0,0.0,-1.1666666666666667,1.0,0.0,0.0,1.0,0.0,0.0,0
0.0,-0.09922453950949048,0.08615711536395183,0.6,1.0,0.25,0.0,0.0,0.0,0.0,1.0,1.0,0
1.4887218045112782,0.3185621499171904,0.6128295680791039,-0.4,0.0,-0.4166666666666667,1.0,0.0,1.0,0.0,1.0,1.0,0
-0.8646616541353384,0.4807276429928751,0.1864718132004953,0.4,3.0,0.0,1.0,0.0,0.0,1.0,1.0,1.0,1
0.08270676691729323,-0.7604224355583985,0.5503915548393338,-0.6,1.0,-0.3333333333333333,0.0,0.0,0.0,1.0,0.0,1.0,0
-0.2781954887218045,0.459997142592881,0.11067745701252593,-0.2,0.0,1.8333333333333333,0.0,1.0,1.0,1.0,1.0,2.0,0
-0.007518796992481203,0.40669133919275463,-0.3378872763107312,1.0,0.0,-0.25,1.0,0.0,0.0,1.0,0.0,1.0,1
0.42105263157894735,0.06503531467656196,-1.0152087046768232,1.0,0.0,1.25,0.0,0.0,1.0,1.0,0.0,2.0,1
0.022556390977443608,-0.7604224355583985,-0.5893974771278391,0.0,1.0,1.5833333333333333,0.0,1.0,0.0,1.0,1.0,2.0,0
-0.38345864661654133,0.2662694842043247,1.0243126214006542,-0.8,1.0,1.4166666666666667,1.0,0.0,0.0,1.0,1.0,2.0,0
-0.5488721804511278,-0.7604224355583985,0.13235467088836114,0.8,1.0,-0.5,0.0,1.0,0.0,1.0,0.0,1.0,0
0.7368421052631579,-0.7604224355583985,0.058043205760461354,0.0,1.0,-1.25,0.0,0.0,1.0,0.0,1.0,0.0,0
0.45864661654135336,-0.019247853193677462,1.002420455781,0.2,0.0,-0.3333333333333333,0.0,0.0,1.0,0.0,0.0,1.0,1
-0.40601503759398494,-0.7604224355583985,-0.39405448382770497,-0.2,1.0,-0.25,0.0,0.0,0.0,0.0,0.0,1.0,0
0.5488721804511278,-0.7604224355583985,0.3994264376079695,-1.0,1.0,-0.4166666666666667,0.0,1.0,0.0,1.0,1.0,1.0,0
-1.0451127819548873,0.34434078846024335,0.05704980775847525,-0.4,0.0,0.25,0.0,0.0,1.0,1.0,0.0,1.0,0
-0.09022556390977443,-0.018041192183585148,0.8642983730539643,0.8,0.0,0.5,1.0,0.0,0.0,1.0,0.0,1.0,1
-0.5263157894736842,-0.2310671216841356,-0.561561175197298,0.6,0.0,0.75,0.0,1.0,0.0,1.0,0.0,1.0,1
-0.5112781954887218,0.1432731116697345,0.7582694135959536,-0.8,0.0,0.08333333333333333,0.0,0.0,1.0,0.0,1.0,1.0,0
0.21804511278195488,-0.7604224355583985,-0.4537440175661469,0.4,1.0,2.1666666666666665,0.0,0.0,0.0,1.0,1.0,3.0,0
-0.6390977443609023,-0.7604224355583985,0.7005369321822393,-0.6,1.0,0.4166666666666667,0.0,0.0,1.0,1.0,1.0,1.0,0
-0.07518796992481203,0.25619154170668534,-1.0105124741387783,0.0,0.0,-0.5833333333333334,1.0,0.0,0.0,1.0,0.0,0.0,0
0.11278195488721804,-0.038264301069952836,0.803993114491573,0.0,2.0,0.0,1.0,0.0,0.0,1.0,0.0,1.0,1
1.4887218045112782,0.13548751952812904,0.09855379025569976,-0.2,1.0,0.6666666666666666,0.0,1.0,0.0,1.0,1.0,1.0,0
-1.2030075187969924,0.3471214913957141,-0.6125297804116665,-0.2,1.0,-0.16666666666666666,0.0,0.0,1.0,1.0,0.0,1.0,0
0.7819548872180451,-0.7604224355583985,-0.9019990486622181,-0.4,0.0,2.0833333333333335,0.0,0.0,1.0,1.0,1.0,3.0,1
0.19548872180451127,0.1450137246818902,-0.07986239204341254,1.0,0.0,-1.1666666666666667,1.0,0.0,1.0,1.0,1.0,0.0,0
-1.0751879699248121,-0.7604224355583985,-0.31004770359759265,-0.8,1.0,-0.6666666666666666,0.0,1.0,1.0,1.0,0.0,0.0,0
-0.5037593984962406,-0.7604224355583985,-0.9919228790348332,0.4,1.0,0.16666666666666666,0.0,0.0,0.0,1.0,0.0,1.0,0
0.9172932330827067,0.10648793207754448,0.09564320259189077,-0.8,0.0,0.5,0.0,1.0,0.0,0.0,0.0,1.0,0
-2.075187969924812,-0.7604224355583985,0.5916717953645091,0.2,0.0,0.75,0.0,0.0,0.0,1.0,0.0,1.0,1
-0.6015037593984962,-0.7604224355583985,-0.6474845318174962,-0.6,1.0,0.8333333333333334,0.0,0.0,0.0,1.0,0.0,1.0,0
-0.3383458646616541,-0.7604224355583985,0.8953949297503615,-0.4,1.0,-1.0,0.0,0.0,1.0,0.0,0.0,0.0,0
0.09022556390977443,0.2871556651073413,0.3578328152251864,0.0,0.0,-0.4166666666666667,0.0,1.0,1.0,0.0,0.0,1.0,0
-0.3684210526315789,-0.0426536764201508,0.46228791498213906,0.6,0.0,0.4166666666666667,0.0,1.0,0.0,0.0,0.0,1.0,1
-0.18796992481203006,0.31964893615645984,0.7443306669215152,-0.6,0.0,-0.16666666666666666,1.0,0.0,0.0,1.0,1.0,1.0,1
1.0751879699248121,-0.021202987200939393,-0.7176061244382017,0.8,0.0,1.5833333333333333,1.0,0.0,0.0,1.0,0.0,2.0,1
-0.8120300751879699,-0.7604224355583985,0.25211703320087087,0.2,1.0,-0.3333333333333333,0.0,0.0,0.0,1.0,1.0,1.0,0
0.7218045112781954,-0.15101757031154797,0.8545171999085717,-0.8,0.0,-0.9166666666666666,0.0,0.0,0.0,0.0,1.0,0.0,0
-0.12781954887218044,-0.7604224355583985,-0.3423619113278063,0.4,1.0,-0.16666666666666666,0.0,1.0,0.0,1.0,1.0,1.0,0
0.08270676691729323,-0.7604224355583985,-0.2306197123678895,-0.2,0.0,0.16666666666666666,0.0,0.0,1.0,1.0,0.0,1.0,0
-1.3533834586466165,-0.7604224355583985,-0.52219107170897,-0.8,1.0,0.0,0.0,0.0,0.0,1.0,1.0,1.0,0
1.4887218045112782,-0.7604224355583985,0.7385807333273456,-0.6,1.0,-0.25,0.0,0.0,0.0,1.0,1.0,1.0,0
0.16541353383458646,-0.10442005310609055,-0.5522391381590069,1.0,0.0,0.08333333333333333,1.0,0.0,0.0,1.0,0.0,1.0,0
-0.924812030075188,0.047373373361060137,0.5576181445642467,0.6,1.0,2.5,0.0,0.0,1.0,1.0,1.0,3.0,1
-0.7142857142857143,0.3850476750973758,0.8023403471603542,0.6,0.0,0.16666666666666666,0.0,0.0,1.0,1.0,0.0,1.0,0
0.3609022556390977,0.4036248171958714,0.9237918642604781,-0.2,0.0,0.25,1.0,0.0,0.0,1.0,0.0,1.0,1
0.7894736842105263,0.15857140456289598,-0.05375807171011976,0.8,3.0,1.5,0.0,1.0,0.0,1.0,0.0,2.0,1
0.03759398496240601,0.1705973512611668,-0.26901502043025366,-0.4,1.0,-0.4166666666666667,0.0,0.0,1.0,1.0,1.0,1.0,0
-0.6165413533834586,0.6198886974505339,-0.024547427816958275,1.0,0.0,-0.5833333333333334,0.0,0.0,0.0,1.0,0.0,0.0,1
-0.3684210526315789,0.2561136622804122,0.09912781260153318,-0.8,0.0,-0.5,0.0,0.0,1.0,1.0,0.0,1.0,0
-1.1654135338345866,0.1152834495759508,-0.4455181015457899,0.2,1.0,-1.0833333333333333,1.0,0.0,1.0,1.0,0.0,0.0,0
-0.21052631578947367,-0.7604224355583985,0.9937206851318531,0.2,1.0,-1.1666666666666667,0.0,1.0,0.0,0.0,1.0,0.0,0
-0.3082706766917293,0.0819049072617824,0.21827066824771524,-0.6,1.0,-0.9166666666666666,0.0,0.0,0.0,1.0,1.0,0.0,0
-0.39097744360902253,0.357338974394553,-0.11015433622086374,-0.8,0.0,0.0,0.0,0.0,1.0,0.0,1.0,1.0,0
-0.05263157894736842,-0.7604224355583985,0.6394958497474025,0.6,1.0,1.0,0.0,1.0,1.0,1.0,0.0,1.0,0
-0.9624060150375939,0.08433139200190046,1.0249656535886047,0.6,0.0,-0.5,1.0,0.0,0.0,1.0,0.0,1.0,1
-1.1578947368421053,0.24138794770435695,-0.5393626803450114,0.6,0.0,-0.6666666666666666,0.0,1.0,1.0,1.0,1.0,0.0,0
0.5263157894736842,-0.7604224355583985,0.9816368810379319,0.2,1.0,-1.4166666666666667,0.0,0.0,1.0,1.0,0.0,0.0,0
-0.10526315789473684,0.13701862591467684,-0.01729068556497604,0.2,0.0,-0.25,0.0,0.0,1.0,1.0,1.0,1.0,0
0.9849624060150376,0.2285434051854613,-0.971251839655505,0.8,0.0,1.8333333333333333,0.0,1.0,0.0,1.0,1.0,2.0,0
-0.11278195488721804,-0.7604224355583985,-0.7501321153415932,0.8,1.0,-0.25,0.0,1.0,0.0,0.0,0.0,1.0,0
-0.9172932330827067,0.31344302710591865,0.6723532118126871,-0.8,1.0,-1.1666666666666667,1.0,0.0,1.0,1.0,1.0,0.0,0
-0.015037593984962405,0.35236299616255773,-0.6865766187850502,0.4,0.0,2.25,0.0,0.0,0.0,1.0,0.0,3.0,1
-0.10526315789473684,0.09136686580634444,-0.25763392353498016,-0.2,1.0,2.0833333333333335,1.0,0.0,1.0,1.0,1.0,3.0,0
-1.3082706766917294,-0.10787236815626218,-0.5652217941954598,-1.0,1.0,0.9166666666666666,0.0,1.0,1.0,0.0,1.0,1.0,1
-0.17293233082706766,0.1926802427848021,-0.3536247489897946,-0.6,1.0,0.25,1.0,0.0,1.0,1.0,1.0,1.0,1
-0.007518796992481203,0.16246490577940947,-0.24131588694488854,1.0,1.0,0.0,1.0,0.0,0.0,1.0,1.0,1.0,0
-1.3609022556390977,0.5319651756739303,0.9309958651430783,-0.4,0.0,0.4166666666666667,0.0,0.0,1.0,1.0,0.0,1.0,0
-0.6992481203007519,-0.7604224355583985,0.5743578054735271,-0.8,1.0,-0.6666666666666666,0.0,0.0,1.0,0.0,0.0,0.0,0
0.9398496240601504,-0.7604224355583985,0.6518929334869752,0.2,1.0,-1.1666666666666667,0.0,0.0,1.0,1.0,1.0,0.0,0
0.40601503759398494,0.13579308266944193,-0.7241232609753604,-0.2,0.0,2.5833333333333335,0.0,1.0,1.0,1.0,1.0,3.0,0
-0.08270676691729323,-0.7604224355583985,-0.18329547445065236,0.8,2.0,3.3333333333333335,0.0,0.0,1.0,1.0,1.0,3.0,0
0.7218045112781954,0.35719771020383834,-0.3098481858591548,-0.8,0.0,-0.3333333333333333,0.0,0.0,1.0,0.0,0.0,1.0,0
0.3007518796992481,-0.7604224355583985,0.14369968696310767,0.8,0.0,-0.3333333333333333,0.0,0.0,1.0,1.0,0.0,1.0,1
-0.11278195488721804,0.4485864747019771,0.26459833959232515,0.8,0.0,0.25,1.0,0.0,1.0,1.0,1.0,1.0,1
0.37593984962406013,-0.7604224355583985,0.6038734498438907,0.8,1.0,0.08333333333333333,0.0,1.0,0.0,1.0,1.0,1.0,0
0.849624060150376,0.2061936551850794,0.16335903240029584,-0.4,0.0,1.1666666666666667,0.0,0.0,1.0,1.0,1.0,2.0,0
-0.3007518796992481,-0.7604224355583985,0.5295527856399358,0.0,2.0,0.3333333333333333,0.0,0.0,1.0,0.0,0.0,1.0,0
0.5639097744360902,0.33975224862152825,0.13887323839290605,0.2,0.0,-0.08333333333333333,1.0,0.0,1.0,1.0,1.0,1.0,1
-0.06015037593984962,0.12294133199439214,0.4270735452076457,0.8,1.0,-0.25,1.0,0.0,1.0,0.0,0.0,1.0,0
-0.48120300751879697,0.41627944047001253,-0.34584365940267603,0.8,1.0,-0.3333333333333333,1.0,0.0,1.0,1.0,1.0,1.0,0
1.105263157894737,0.5511141125942981,0.40977274065900904,0.4,1.0,0.16666666666666666,1.0,0.0,0.0,0.0,1.0,1.0,0
0.5864661654135338,0.21152714229241065,0.19568203035873968,0.0,0.0,0.0,1.0,0.0,0.0,1.0,0.0,1.0,0
0.48120300751879697,0.12342427845671332,-0.834035661495977,0.6,0.0,-0.16666666666666666,0.0,0.0,0.0,0.0,1.0,1.0,0
1.112781954887218,-0.7604224355583985,0.6983796466353804,-0.6,1.0,-0.6666666666666666,0.0,0.0,0.0,0.0,0.0,0.0,0
-1.263157894736842,0.2925020015365124,-0.5058689466406318,-0.4,0.0,1.4166666666666667,1.0,0.0,1.0,0.0,0.0,2.0,1
0.015037593984962405,-0.7604224355583985,-0.28573004825809756,0.0,0.0,0.0,0.0,0.0,0.0,0.0,1.0,1.0,0
0.849624060150376,-0.04089833369759333,0.39692204025796785,0.8,0.0,-0.25,0.0,0.0,1.0,0.0,0.0,1.0,0
1.150375939849624,0.3617100159562722,0.8850408585906532,0.2,1.0,-1.0833333333333333,1.0,0.0,1.0,1.0,0.0,0.0,0
-0.3458646616541353,0.7319752122478796,0.8167241246919431,0.0,1.0,-0.08333333333333333,1.0,0.0,1.0,0.0,0.0,1.0,0
1.4887218045112782,-0.7604224355583985,1.0254795753042119,1.0,1.0,-0.6666666666666666,0.0,0.0,0.0,1.0,1.0,0.0,0
0.924812030075188,-0.2887175628565908,-0.8726226169761541,1.0,1.0,-1.0,1.0,0.0,1.0,1.0,0.0,0.0,0
-0.39097744360902253,0.36581098671078466,0.04731974059116578,-0.2,1.0,-0.16666666666666666,0.0,0.0,1.0,1.0,0.0,1.0,0
0.3383458646616541,0.10770618881710198,-0.503052802824321,0.0,0.0,1.5833333333333333,0.0,1.0,1.0,1.0,1.0,2.0,1
0.6616541353383458,0.06388929619759177,-0.9975310446457994,0.6,0.0,-0.5833333333333334,0.0,0.0,0.0,1.0,0.0,0.0,0
-0.7669172932330827,0.25692849732391326,1.0004348863205013,0.8,1.0,-0.16666666666666666,1.0,0.0,1.0,1.0,0.0,1.0,0
-0.7894736842105263,-0.7604224355583985,-0.34731632926712885,-0.6,0.0,1.0,0.0,0.0,0.0,0.0,0.0,1.0,1
0.45864661654135336,0.2021599083216557,0.462358134596026,-0.2,1.0,-0.9166666666666666,0.0,1.0,0.0,1.0,0.0,0.0,1
0.3308270676691729,-0.00014827647306018556,0.5417632303475476,0.0,1.0,1.0,1.0,0.0,1.0,1.0,0.0,1.0,1
0.9699248120300752,-0.1117339811167464,0.2583278405053972,0.8,0.0,0.9166666666666666,1.0,0.0,0.0,1.0,0.0,1.0,1
0.5864661654135338,-0.7604224355583985,0.23459585967473856,0.4,1.0,1.25,0.0,1.0,0.0,0.0,1.0,2.0,0
1.1654135338345866,-0.7604224355583985,0.48612404979613183,-0.2,1.0,-0.08333333333333333,0.0,0.0,0.0,0.0,1.0,1.0,0
-0.14285714285714285,0.06180958644810233,-0.01801465285050616,0.6,0.0,-0.6666666666666666,1.0,0.0,0.0,1.0,1.0,0.0,0
0.19548872180451127,-0.7604224355583985,-0.5685578902327918,-0.6,1.0,1.9166666666666667,0.0,0.0,0.0,1.0,1.0,2.0,0
-1.0601503759398496,-0.7604224355583985,0.4214203041240099,0.8,1.0,-0.6666666666666666,0.0,1.0,0.0,0.0,1.0,0.0,0
0.6390977443609023,-0.07452806458382559,-0.5812802124168874,0.8,1.0,2.75,0.0,0.0,0.0,1.0,1.0,3.0,0
0.706766917293233,0.08471930049232095,0.4777944908522216,-0.6,1.0,-0.3333333333333333,1.0,0.0,0.0,1.0,1.0,1.0,0
-0.7744360902255639,0.7584473224226661,-0.7956876775693181,0.2,0.0,-1.0,0.0,1.0,1.0,0.0,1.0,0.0,0
-0.47368421052631576,0.030089311796981887,-0.3206573046477183,-0.8,0.0,-0.08333333333333333,0.0,0.0,1.0,1.0,1.0,1.0,0
1.2932330827067668,-0.5448268767384535,-0.9883950333677322,-0.4,1.0,3.3333333333333335,1.0,0.0,1.0,0.0,1.0,3.0,0
0.12781954887218044,0.5179272132143993,-0.8569873562532574,-0.8,0.0,0.5,0.0,0.0,1.0,0.0,1.0,1.0,0
-0.09022556390977443,-0.7604224355583985,-0.10633876389715283,0.6,1.0,0.75,0.0,1.0,0.0,1.0,0.0,1.0,0
0.24060150375939848,0.31437154730789285,-0.6355828694294645,-0.4,0.0,-0.16666666666666666,0.0,0.0,1.0,1.0,1.0,1.0,0
-0.14285714285714285,-0.7604224355583985,0.8464297810888208,-0.6,1.0,0.0,0.0,0.0,1.0,1.0,0.0,1.0,0
-0.41353383458646614,-0.7604224355583985,-0.968420261833813,-0.6,1.0,-0.3333333333333333,0.0,1.0,0.0,1.0,1.0,1.0,0
0.3383458646616541,0.27842455091718094,-0.940954478244377,0.2,0.0,0.08333333333333333,1.0,0.0,0.0,1.0,1.0,1.0,1
0.8421052631578947,0.2508234241100052,0.9041483616764959,-0.8,1.0,0.16666666666666666,0.0,0.0,0.0,1.0,1.0,1.0,0
-0.6917293233082706,0.2189151106026923,0.1555957276935501,0.4,0.0,-0.8333333333333334,0.0,1.0,0.0,1.0,1.0,0.0,0
-0.12030075187969924,0.1606471184866915,0.12394589767842154,0.0,1.0,-0.08333333333333333,0.0,0.0,1.0,1.0,1.0,1.0,0
0.8195488721804511,0.0876258327623938,-2.9845891200720947e-05,0.6,1.0,-0.08333333333333333,1.0,0.0,1.0,0.0,0.0,1.0,0
-0.3007518796992481,-0.7604224355583985,-0.9223374903361793,-0.8,1.0,0.08333333333333333,0.0,0.0,0.0,1.0,1.0,1.0,0
-0.49624060150375937,0.2773188824427688,-0.6466982152387041,-0.6,0.0,-0.6666666666666666,0.0,1.0,1.0,1.0,1.0,0.0,0
-0.3533834586466165,0.4172956337886865,0.3479235704987163,1.0,0.0,0.9166666666666666,0.0,1.0,0.0,0.0,1.0,1.0,0
-0.24060150375939848,-0.7604224355583985,0.5666206670275602,0.8,1.0,-1.3333333333333333,0.0,1.0,1.0,0.0,0.0,0.0,0
-0.706766917293233,0.21289128584456415,0.11997363442590674,-0.6,0.0,0.3333333333333333,1.0,0.0,1.0,1.0,1.0,1.0,0
-0.5939849624060151,0.45042228238508025,-0.7140548722331386,0.6,0.0,0.8333333333333334,0.0,0.0,0.0,1.0,0.0,1.0,0
1.0601503759398496,0.31937126544548217,-0.15790878426160754,-0.4,0.0,0.16666666666666666,0.0,0.0,1.0,0.0,0.0,1.0,0
0.3157894736842105,-0.010861790304630367,0.009082656636948122,-0.8,1.0,0.0,1.0,0.0,1.0,1.0,0.0,1.0,0
-0.9398496240601504,-0.7604224355583985,0.6923442350476368,-0.2,1.0,0.16666666666666666,0.0,0.0,1.0,1.0,0.0,1.0,1
-0.07518796992481203,0.32098738106493385,0.18002857590764534,-0.8,1.0,-0.9166666666666666,0.0,0.0,1.0,0.0,1.0,0.0,0
-0.3308270676691729,-0.05552203719416412,-0.313480798781327,0.8,0.0,-0.3333333333333333,0.0,0.0,1.0,1.0,0.0,1.0,0
-0.23308270676691728,-0.7604224355583985,0.735080178252541,-0.6,1.0,1.8333333333333333,0.0,1.0,0.0,1.0,1.0,2.0,0
-1.2781954887218046,0.464599471947717,-0.27395860390222265,0.4,0.0,0.6666666666666666,1.0,0.0,1.0,1.0,0.0,1.0,1
0.24812030075187969,-0.7604224355583985,-0.2718245204694136,0.4,0.0,0.25,0.0,0.0,0.0,1.0,0.0,1.0,1
0.045112781954887216,0.17450620898426925,0.20434950202973787,0.6,0.0,1.5,1.0,0.0,0.0,0.0,1.0,2.0,0
0.6165413533834586,-0.03461626891029405,0.2680442112705802,-0.4,1.0,0.16666666666666666,0.0,1.0,0.0,1.0,1.0,1.0,0
-0.16541353383458646,-0.7604224355583985,-0.6654908032875967,0.8,1.0,0.5,0.0,0.0,1.0,1.0,1.0,1.0,0
0.03007518796992481,0.5548976110799388,0.536001746802331,1.0,0.0,0.25,0.0,1.0,0.0,0.0,1.0,1.0,0
-0.924812030075188,0.30324599333269053,0.13662518862897094,-0.2,0.0,-0.6666666666666666,1.0,0.0,1.0,0.0,0.0,0.0,1
1.4887218045112782,0.00732838349772566,0.07404315874296162,-0.2,1.0,0.25,1.0,0.0,0.0,0.0,0.0,1.0,0
-0.3082706766917293,-0.7604224355583985,-0.2225133843362478,0.0,0.0,0.75,0.0,0.0,0.0,1.0,0.0,1.0,1
-0.21804511278195488,-0.002316991281147556,0.7699732958488023,0.6,0.0,-0.3333333333333333,1.0,0.0,1.0,1.0,1.0,1.0,0
0.2631578947368421,-0.7604224355583985,0.5765426882485508,0.4,2.0,0.5833333333333334,0.0,1.0,0.0,1.0,0.0,1.0,1
0.9323308270676691,0.14161829138571666,0.3074388456283883,0.6,0.0,-0.3333333333333333,1.0,0.0,1.0,0.0,0.0,1.0,1
-0.556390977443609,-0.2620417439209291,-0.2502284628867749,0.2,0.0,0.25,0.0,1.0,1.0,0.0,0.0,1.0,1
0.2781954887218045,-0.3528789277742362,-0.2703842517950657,0.4,1.0,0.75,0.0,0.0,0.0,1.0,1.0,1.0,0
-0.17293233082706766,-0.7604224355583985,-0.05688289563405466,0.2,1.0,-0.5,0.0,0.0,1.0,1.0,0.0,1.0,0
0.18045112781954886,-0.11083327499558407,-0.07798322522928378,0.6,0.0,-0.25,0.0,0.0,0.0,1.0,0.0,1.0,1
0.7518796992481203,0.6741752801847514,-0.28506730593431134,-0.4,0.0,0.08333333333333333,1.0,0.0,1.0,1.0,1.0,1.0,0
1.2255639097744362,0.541083963305941,-0.329517445856091,-0.8,0.0,0.0,0.0,0.0,1.0,1.0,0.0,1.0,0
-0.3308270676691729,-0.13391676828273402,-0.39397823370840446,0.4,1.0,-0.5,0.0,0.0,1.0,1.0,0.0,1.0,0
-0.9924812030075187,0.20395356396116227,-0.5969642282428756,-0.8,0.0,0.6666666666666666,1.0,0.0,0.0,1.0,1.0,1.0,1
-0.20300751879699247,0.14761265672304133,-0.5208791812515676,0.4,0.0,0.0,0.0,0.0,0.0,1.0,0.0,1.0,0
-0.03759398496240601,-0.7604224355583985,0.5404569615477345,-0.2,0.0,-0.3333333333333333,0.0,0.0,0.0,1.0,0.0,1.0,0
-0.518796992481203,0.4851688073780493,-0.8883038730793258,-0.2,0.0,-0.5,0.0,0.0,0.0,1.0,0.0,1.0,0
-0.42857142857142855,-0.003930207968232716,0.4548973772795342,-0.2,1.0,0.5833333333333334,1.0,0.0,0.0,1.0,0.0,1.0,1
-0.6691729323308271,0.3653071992752356,-0.367101906470183,-0.2,1.0,-0.08333333333333333,0.0,1.0,0.0,1.0,1.0,1.0,0
1.0827067669172932,0.31502435553697444,-0.3734993528066701,-0.6,1.0,-0.5833333333333334,0.0,0.0,1.0,1.0,0.0,0.0,0
0.7744360902255639,0.31634148937507994,0.7903197100553441,-0.6,1.0,0.25,1.0,0.0,1.0,0.0,0.0,1.0,0
-0.9172932330827067,-0.7604224355583985,0.04828022634326628,0.4,1.0,-1.25,0.0,1.0,0.0,1.0,0.0,0.0,0
-0.7969924812030075,0.5351912173004836,-0.7533308385098367,-0.2,1.0,-0.25,0.0,0.0,1.0,1.0,1.0,1.0,1
0.3082706766917293,-0.7604224355583985,0.43833035236422024,-0.2,1.0,0.16666666666666666,0.0,0.0,0.0,0.0,1.0,1.0,0
-0.22556390977443608,-0.7604224355583985,0.5498047559989795,0.8,1.0,-0.9166666666666666,0.0,0.0,1.0,1.0,1.0,0.0,0
0.6917293233082706,-0.007430002829593056,-0.20068469234137315,-0.2,0.0,-0.4166666666666667,1.0,0.0,1.0,1.0,1.0,1.0,0
-0.12030075187969924,-0.7604224355583985,-0.5590042409018264,-0.4,1.0,-0.25,0.0,0.0,0.0,1.0,1.0,1.0,0
1.0526315789473684,0.015597705596886367,-0.5344349397262484,-1.0,1.0,0.4166666666666667,0.0,0.0,0.0,1.0,0.0,1.0,0
-0.9924812030075187,0.46416165481088195,0.6813006420316262,-0.2,1.0,-0.3333333333333333,0.0,0.0,1.0,1.0,1.0,1.0,0
0.5639097744360902,0.10923972403887555,0.020307675875154668,-0.6,0.0,-0.75,0.0,0.0,0.0,1.0,0.0,0.0,0
-0.13533834586466165,-0.1587065574907845,0.9871098202308894,0.6,0.0,-0.5,1.0,0.0,0.0,0.0,0.0,1.0,0
-0.8646616541353384,-0.7604224355583985,0.42495714444325355,-0.4,1.0,0.08333333333333333,0.0,0.0,1.0,0.0,0.0,1.0,0
-0.6240601503759399,0.42923093008836777,0.029159742338990255,-1.0,0.0,-0.25,0.0,1.0,1.0,1.0,0.0,1.0,1
0.8120300751879699,-0.04350086981682155,0.18179377639064792,0.8,0.0,1.0,1.0,0.0,0.0,1.0,0.0,1.0,1
-1.3383458646616542,-0.7604224355583985,-0.3709141057993404,0.8,1.0,-0.5833333333333334,0.0,0.0,0.0,0.0,0.0,0.0,0
-0.14285714285714285,-0.7604224355583985,0.3866374732284529,0.0,0.0,1.8333333333333333,0.0,0.0,1.0,1.0,1.0,2.0,0
0.5789473684210527,0.3407754150477859,-0.6997101396688054,-0.2,0.0,2.0833333333333335,0.0,0.0,0.0,1.0,0.0,3.0,1
0.08270676691729323,-0.11616472501530661,-0.28708435667730914,-0.8,1.0,0.4166666666666667,0.0,0.0,0.0,1.0,0.0,1.0,0
1.2030075187969924,-0.035870488081098335,-0.16558132475127685,-0.8,0.0,-1.0833333333333333,0.0,1.0,0.0,0.0,0.0,0.0,0
0.2631578947368421,-0.04572364579606435,0.607124198897823,-0.8,0.0,0.8333333333333334,1.0,0.0,0.0,0.0,0.0,1.0,1
0.12781954887218044,-0.064462971408026,-0.14510183057780549,-0.4,0.0,1.1666666666666667,0.0,1.0,1.0,0.0,0.0,2.0,1
0.5263157894736842,-0.7604224355583985,-0.05651564807554701,0.2,0.0,0.75,0.0,0.0,1.0,1.0,1.0,1.0,1
-1.0676691729323309,0.04912229142269764,-0.5449863821733151,0.8,0.0,-0.4166666666666667,0.0,0.0,1.0,1.0,1.0,1.0,0
0.39097744360902253,0.19630187115507056,0.28831365987412855,1.0,0.0,-1.0833333333333333,0.0,1.0,1.0,1.0,1.0,0.0,0
-0.045112781954887216,-0.7604224355583985,-0.4768370714588062,1.0,1.0,-1.5833333333333333,0.0,0.0,1.0,0.0,1.0,0.0,0
0.015037593984962405,-0.0006281673039682421,0.42885203324494997,-0.2,0.0,-0.6666666666666666,0.0,0.0,0.0,0.0,1.0,0.0,0
-0.7744360902255639,-0.01593899612087593,0.3297730779584644,0.8,2.0,0.3333333333333333,1.0,0.0,1.0,1.0,1.0,1.0,1
-1.300751879699248,0.16750183994062046,0.6195471422623059,0.2,0.0,0.0,0.0,1.0,1.0,0.0,1.0,1.0,0
-0.15789473684210525,-0.7604224355583985,0.27014906208392553,0.4,1.0,-0.6666666666666666,0.0,0.0,1.0,0.0,1.0,0.0,0
-0.6165413533834586,-0.08216040505763414,0.043065678975498865,0.0,0.0,1.6666666666666667,1.0,0.0,0.0,0.0,1.0,2.0,0
-0.45112781954887216,0.15233556599441075,0.45835224360993215,-0.6,0.0,-0.75,0.0,0.0,1.0,1.0,0.0,0.0,0
0.23308270676691728,0.40591340677478155,0.6589030382887268,-1.0,0.0,0.3333333333333333,0.0,1.0,1.0,1.0,1.0,1.0,0
-0.6015037593984962,0.2819682998611764,0.12057075667383382,-0.8,0.0,0.0,0.0,0.0,1.0,0.0,0.0,1.0,0
-0.07518796992481203,0.16013957027401846,-0.3829792051052829,0.6,0.0,-0.5833333333333334,0.0,0.0,1.0,0.0,0.0,0.0,0
-0.09022556390977443,-0.12048530948394737,-0.6594856464388782,0.6,1.0,-0.3333333333333333,1.0,0.0,1.0,0.0,0.0,1.0,0
-0.5112781954887218,-0.11250251159190999,-0.16751313072283153,-0.2,1.0,-0.08333333333333333,0.0,1.0,1.0,0.0,0.0,1.0,0
-0.9172932330827067,-0.7604224355583985,-0.19244313789172263,0.4,1.0,-0.08333333333333333,0.0,1.0,0.0,1.0,0.0,1.0,0
-0.42105263157894735,-0.7604224355583985,-0.2764316221816811,0.2,1.0,1.6666666666666667,0.0,1.0,1.0,1.0,1.0,2.0,0
-0.48872180451127817,0.2785185703452772,-0.44637208243956444,0.2,0.0,-0.3333333333333333,1.0,0.0,1.0,1.0,0.0,1.0,0
-1.1278195488721805,0.2208361625672694,0.6060057956734447,0.2,1.0,-0.3333333333333333,1.0,0.0,0.0,1.0,1.0,1.0,0
0.18045112781954886,-0.7604224355583985,-0.24511990931755254,0.0,1.0,-0.4166666666666667,0.0,0.0,0.0,1.0,1.0,1.0,0
1.2481203007518797,-0.7604224355583985,-0.9343185714141525,-0.2,1.0,-0.08333333333333333,0.0,0.0,1.0,1.0,1.0,1.0,0
-0.3157894736842105,0.3393224231360816,0.3078309306922446,1.0,1.0,0.0,0.0,1.0,0.0,1.0,1.0,1.0,0
-0.3533834586466165,-0.7604224355583985,-0.022832617828346072,1.0,1.0,0.3333333333333333,0.0,0.0,1.0,0.0,1.0,1.0,0
0.6165413533834586,0.33642905358594216,-0.8350943729379539,-1.0,0.0,-0.6666666666666666,0.0,0.0,0.0,1.0,0.0,0.0,0
-0.5714285714285714,-0.7604224355583985,-0.4256547410440927,0.6,1.0,1.0833333333333333,0.0,0.0,0.0,1.0,1.0,1.0,0
-0.49624060150375937,0.27816521399468225,-0.33116786231231815,0.6,0.0,0.5,0.0,0.0,0.0,1.0,0.0,1.0,1
1.1954887218045114,-0.7604224355583985,0.7979937837243561,0.4,1.0,0.16666666666666666,0.0,1.0,1.0,1.0,1.0,1.0,0
0.9849624060150376,0.1338211818641694,0.5501358205250043,0.8,0.0,0.08333333333333333,0.0,0.0,1.0,1.0,0.0,1.0,0
-0.6165413533834586,-0.0892131157572292,0.06212871986040913,0.2,0.0,-0.16666666666666666,1.0,0.0,1.0,1.0,0.0,1.0,0
0.3533834586466165,0.01789389507956763,-0.31838339525887294,0.8,0.0,-1.25,0.0,0.0,1.0,1.0,0.0,0.0,1
0.03007518796992481,-0.2912864086807512,-0.873036473186674,0.2,0.0,-0.25,0.0,1.0,0.0,1.0,0.0,1.0,1
0.43609022556390975,0.46235546324762916,-0.9144194367277968,-0.6,0.0,0.3333333333333333,0.0,0.0,0.0,1.0,1.0,1.0,0
0.3157894736842105,-0.7604224355583985,-0.6028860823473182,0.8,1.0,0.25,0.0,0.0,1.0,1.0,0.0,1.0,0
0.3458646616541353,0.4639088208988265,-1.005676519856653,0.0,1.0,0.8333333333333334,0.0,0.0,1.0,0.0,0.0,1.0,0
-0.6090225563909775,0.09221891687346692,-0.44859222833946594,-0.2,2.0,0.4166666666666667,0.0,0.0,0.0,1.0,0.0,1.0,1
-0.14285714285714285,0.3690979059170305,0.6050898743342329,-0.4,0.0,0.5,1.0,0.0,1.0,1.0,1.0,1.0,0
-0.17293233082706766,-0.7604224355583985,-0.21956661363995564,-0.6,1.0,-0.4166666666666667,0.0,0.0,1.0,0.0,1.0,1.0,0
-0.5112781954887218,-0.010838833894270249,0.07275385712787218,0.0,1.0,0.5833333333333334,0.0,0.0,0.0,1.0,1.0,1.0,0
0.24812030075187969,0.27901851865417937,-0.5884338228050974,-0.8,0.0,0.5,0.0,0.0,0.0,1.0,1.0,1.0,0
-0.12030075187969924,0.21320249015156284,0.011446410335264116,1.0,0.0,-1.4166666666666667,0.0,0.0,0.0,0.0,0.0,0.0,0
-0.518796992481203,0.07824104849839417,-0.958863750568075,-0.2,0.0,0.25,1.0,0.0,1.0,1.0,1.0,1.0,0
-1.1278195488721805,0.33383341222477425,0.015824148417893057,-0.4,0.0,2.25,0.0,0.0,0.0,0.0,1.0,3.0,0
-0.41353383458646614,-0.7604224355583985,-0.268465324529988,0.8,2.0,-0.16666666666666666,0.0,1.0,1.0,0.0,1.0,1.0,1
-0.03007518796992481,0.22428620548126207,0.31209388474809796,0.4,0.0,-0.5,1.0,0.0,1.0,0.0,1.0,1.0,0
0.8872180451127819,0.10721148992626876,-0.784785137052818,0.8,0.0,2.75,0.0,0.0,0.0,1.0,0.0,3.0,1
0.39097744360902253,0.5357784469784683,0.21795483330315954,-0.2,0.0,1.0833333333333333,0.0,0.0,1.0,1.0,0.0,1.0,1
-0.11278195488721804,0.5475435681132953,-0.2753812921201099,0.8,0.0,-0.08333333333333333,0.0,0.0,0.0,1.0,1.0,1.0,0
0.11278195488721804,-0.7604224355583985,0.502488797250192,-0.6,1.0,0.9166666666666666,0.0,0.0,0.0,1.0,1.0,1.0,0
-1.0225563909774436,0.46711245456168365,0.19476897095430062,-0.8,0.0,1.3333333333333333,1.0,0.0,0.0,1.0,0.0,2.0,1
0.40601503759398494,-0.02940594725376892,0.28353698852658016,-0.6,1.0,-1.1666666666666667,1.0,0.0,1.0,0.0,1.0,0.0,0
-0.007518796992481203,0.6641439556535429,-0.639062573265211,-1.0,1.0,-0.16666666666666666,0.0,0.0,1.0,0.0,1.0,1.0,1
0.11278195488721804,-0.7604224355583985,0.33104214160623285,-0.2,1.0,-0.3333333333333333,0.0,0.0,1.0,1.0,1.0,1.0,0
-1.4360902255639099,-0.2616185781449724,0.6984893200643477,0.0,0.0,-0.25,1.0,0.0,0.0,0.0,1.0,1.0,0
0.45112781954887216,0.39287526258353095,-0.14835595262629162,0.4,0.0,-0.6666666666666666,1.0,0.0,0.0,1.0,1.0,0.0,0
0.39849624060150374,0.4099600813095684,-0.03445963669015711,0.0,1.0,0.16666666666666666,0.0,0.0,0.0,1.0,0.0,1.0,0
0.6390977443609023,0.284586270836517,-0.3617971059451202,-1.0,0.0,-0.16666666666666666,1.0,0.0,1.0,0.0,1.0,1.0,0
-1.5037593984962405,0.010874874675040419,-0.0757693142587085,-0.8,1.0,1.25,1.0,0.0,1.0,0.0,0.0,2.0,0
0.13533834586466165,-0.7604224355583985,-0.13322132606470047,-0.8,1.0,-0.3333333333333333,0.0,0.0,1.0,1.0,1.0,1.0,0
-0.8345864661654135,0.2153983922442747,-0.050573249367914935,-0.2,1.0,0.75,0.0,0.0,1.0,1.0,0.0,1.0,0
0.45112781954887216,0.0429783568451765,0.9222978320971865,-0.4,0.0,-0.6666666666666666,0.0,0.0,1.0,1.0,1.0,0.0,0
1.4887218045112782,-0.7604224355583985,-0.6604886523647441,0.0,1.0,0.3333333333333333,0.0,0.0,0.0,1.0,1.0,1.0,0
0.19548872180451127,0.841911032627523,-1.0089143902041084,-0.4,0.0,1.0,0.0,0.0,0.0,0.0,1.0,1.0,1
-0.3609022556390977,-0.7604224355583985,0.2428579587275787,-0.8,1.0,0.25,0.0,0.0,0.0,1.0,0.0,1.0,0
-1.0526315789473684,-0.7604224355583985,-0.6315945588998316,0.2,1.0,-1.0833333333333333,0.0,0.0,1.0,1.0,0.0,0.0,0
0.10526315789473684,-0.7604224355583985,0.7895457611232481,0.2,1.0,-0.08333333333333333,0.0,1.0,0.0,1.0,0.0,1.0,0
1.0977443609022557,-0.13202705612752236,-0.2987013587674159,0.6,1.0,-0.6666666666666666,1.0,0.0,0.0,1.0,0.0,0.0,0
-1.5488721804511278,0.06268733615890444,-0.2947120261182212,-0.2,0.0,1.1666666666666667,0.0,0.0,0.0,0.0,0.0,2.0,0
-0.17293233082706766,0.18879026729684234,0.20351412371198557,-0.8,0.0,-0.25,0.0,1.0,1.0,0.0,0.0,1.0,0
-0.09022556390977443,0.4506712771704885,-0.7535541716340615,0.4,0.0,-0.3333333333333333,0.0,0.0,1.0,1.0,0.0,1.0,1
1.4887218045112782,0.5030147917240495,0.4152322900857087,-0.2,0.0,0.5,0.0,0.0,1.0,1.0,1.0,1.0,0
0.6165413533834586,-0.04335161397471881,0.4026023675099878,1.0,1.0,0.8333333333333334,1.0,0.0,0.0,1.0,1.0,1.0,0
-0.47368421052631576,-0.0933038227241746,-0.13243449842612762,0.4,1.0,0.0,0.0,0.0,1.0,1.0,0.0,1.0,1
-0.5939849624060151,0.43458384787750554,0.6601985748331424,-0.2,0.0,0.8333333333333334,1.0,0.0,0.0,0.0,1.0,1.0,1
0.6917293233082706,-0.7604224355583985,-0.9074823112627485,0.2,0.0,0.16666666666666666,0.0,0.0,0.0,0.0,0.0,1.0,0
-0.5714285714285714,0.17609349197910465,0.2004349885324573,0.8,0.0,0.5833333333333334,1.0,0.0,1.0,1.0,0.0,1.0,1
0.5413533834586466,0.004363872580326704,-0.030140261634499538,0.0,0.0,-0.75,0.0,0.0,1.0,1.0,1.0,0.0,0
0.21804511278195488,0.20156484369132963,0.4162071877236288,-0.2,0.0,1.8333333333333333,0.0,0.0,1.0,0.0,1.0,2.0,0
-1.2255639097744362,0.053585080276334074,0.08359425277502273,0.6,1.0,0.8333333333333334,0.0,0.0,0.0,1.0,1.0,1.0,0
-0.7518796992481203,0.2759154857793852,-0.5405471124930737,1.0,1.0,0.08333333333333333,1.0,0.0,1.0,1.0,1.0,1.0,0
0.7142857142857143,-0.7604224355583985,-0.497640781957239,1.0,1.0,-0.25,0.0,0.0,0.0,1.0,1.0,1.0,0
0.43609022556390975,0.262734745455522,0.5677945713441374,-0.4,0.0,0.08333333333333333,0.0,0.0,1.0,1.0,1.0,1.0,0
-0.6766917293233082,-0.7604224355583985,-0.7521600005519449,0.8,0.0,-0.6666666666666666,0.0,0.0,1.0,1.0,1.0,0.0,0
0.3533834586466165,0.22551120027983315,0.9193527990041491,1.0,1.0,-0.5,1.0,0.0,0.0,1.0,0.0,1.0,0
-0.46616541353383456,-0.7604224355583985,-0.16718390601201782,-0.4,1.0,-0.5833333333333334,0.0,1.0,1.0,1.0,0.0,0.0,0
-0.37593984962406013,-0.19890730620666516,0.38498082184289967,-0.6,1.0,0.08333333333333333,1.0,0.0,1.0,0.0,0.0,1.0,0
0.12030075187969924,0.3926259544000289,0.4316696080286471,-0.8,0.0,0.5,0.0,1.0,1.0,0.0,0.0,1.0,0
-0.9172932330827067,-0.7604224355583985,0.22490994807249343,0.0,1.0,-0.6666666666666666,0.0,0.0,0.0,0.0,0.0,0.0,0
0.7593984962406015,-0.7604224355583985,0.07008121889801962,-0.2,1.0,-0.16666666666666666,0.0,0.0,1.0,1.0,1.0,1.0,0
0.07518796992481203,0.0140484221209067,-0.5797137119766733,-1.0,0.0,2.25,0.0,0.0,1.0,0.0,1.0,3.0,0
0.2932330827067669,-0.7604224355583985,-0.5600544687514415,-0.8,1.0,0.08333333333333333,0.0,0.0,1.0,0.0,0.0,1.0,0
1.0,0.31002479409843187,0.7121188755713809,0.0,1.0,-0.3333333333333333,1.0,0.0,0.0,1.0,1.0,1.0,0
1.2030075187969924,0.2355394691796284,0.7704307965646051,-0.4,1.0,0.08333333333333333,0.0,1.0,1.0,1.0,1.0,1.0,0
0.42857142857142855,-0.7604224355583985,0.7010583153706469,0.6,1.0,0.5,0.0,0.0,0.0,0.0,0.0,1.0,1
0.13533834586466165,0.11456843182527869,0.8113621876833826,0.8,0.0,0.5,1.0,0.0,1.0,1.0,0.0,1.0,1
0.6015037593984962,-0.7604224355583985,0.8555164239920595,0.8,1.0,0.5,0.0,0.0,0.0,1.0,0.0,1.0,0
0.21804511278195488,0.4469460707302672,0.15549372016129556,0.6,0.0,0.5,0.0,0.0,0.0,0.0,0.0,1.0,0
0.07518796992481203,0.4554626639253212,-0.5163353487401675,-0.2,0.0,0.0,0.0,1.0,1.0,1.0,0.0,1.0,0
-0.706766917293233,0.08781199123002438,-0.9455794670489738,-0.8,0.0,-0.4166666666666667,1.0,0.0,0.0,1.0,1.0,1.0,0
-0.43609022556390975,0.28831155562626154,-0.34839231452969793,-0.6,0.0,-0.16666666666666666,0.0,0.0,1.0,1.0,1.0,1.0,0
0.48872180451127817,-0.052881109808463306,0.2573659237859105,0.8,0.0,1.0833333333333333,0.0,0.0,1.0,1.0,1.0,1.0,0
0.2932330827067669,-0.7604224355583985,0.9759541006989638,-0.4,0.0,1.75,0.0,0.0,1.0,0.0,1.0,2.0,1
-0.39097744360902253,-0.7604224355583985,0.02595386433381507,-0.8,0.0,-0.4166666666666667,0.0,0.0,1.0,1.0,1.0,1.0,0
-0.43609022556390975,0.23160741999759546,0.24293533317839713,-0.6,1.0,1.0,0.0,1.0,0.0,0.0,1.0,1.0,0
-0.3308270676691729,-0.7604224355583985,0.8080606392872354,0.0,1.0,0.4166666666666667,0.0,0.0,1.0,1.0,0.0,1.0,0
-1.6390977443609023,0.22522263898510098,-0.39407962796892204,0.8,1.0,1.75,1.0,0.0,0.0,1.0,0.0,2.0,1
0.45112781954887216,-0.024101762868194265,-0.3965330215527965,0.4,1.0,0.0,1.0,0.0,1.0,1.0,0.0,1.0,0
-1.255639097744361,0.2931221380143309,0.14124823540640047,-0.4,0.0,-1.0,0.0,0.0,0.0,1.0,1.0,0.0,0
-0.2781954887218045,-0.7604224355583985,0.6688719747975983,0.0,1.0,0.6666666666666666,0.0,0.0,1.0,1.0,1.0,1.0,0
-2.172932330827068,0.3842518006385407,0.011940400719418827,0.2,2.0,-0.75,0.0,1.0,0.0,1.0,0.0,0.0,1
0.2631578947368421,0.08666644284819479,-0.7362914921450753,0.4,0.0,-0.75,0.0,0.0,1.0,1.0,1.0,0.0,0
1.0,0.19302498068782178,-0.18059033281873876,-0.6,1.0,-0.5,0.0,1.0,0.0,0.0,0.0,1.0,0
-0.18045112781954886,-0.7604224355583985,0.7901379771972793,-0.2,1.0,-0.75,0.0,1.0,1.0,1.0,1.0,0.0,0
-0.6842105263157895,-0.7604224355583985,-0.9367718627860708,0.4,1.0,-0.75,0.0,0.0,1.0,1.0,0.0,0.0,0
-0.2857142857142857,0.23683991456924663,-0.6965191846092305,-0.6,0.0,-0.16666666666666666,0.0,1.0,1.0,1.0,1.0,1.0,0
0.45864661654135336,0.1362631014603998,-0.1240726405040686,-0.4,1.0,0.25,1.0,0.0,1.0,1.0,1.0,1.0,0
0.11278195488721804,-0.7604224355583985,-0.31249404455649155,0.8,1.0,0.16666666666666666,0.0,1.0,1.0,1.0,0.0,1.0,0
-0.8195488721804511,0.31674397087685535,-0.3787728764731459,0.0,0.0,-0.16666666666666666,0.0,0.0,1.0,0.0,0.0,1.0,0
0.38345864661654133,-0.7604224355583985,-0.6729678123051188,0.2,1.0,-0.4166666666666667,0.0,0.0,0.0,0.0,0.0,1.0,0
-0.43609022556390975,-0.7604224355583985,-0.4202345432205174,1.0,1.0,0.08333333333333333,0.0,1.0,0.0,1.0,0.0,1.0,0
0.7368421052631579,0.30899308757412214,-0.7456019792323193,0.4,2.0,-0.08333333333333333,0.0,0.0,1.0,1.0,1.0,1.0,1
0.7744360902255639,0.2049820581550121,0.45725704249960375,-0.2,1.0,-0.5833333333333334,0.0,0.0,1.0,0.0,1.0,0.0,0
-0.2857142857142857,-0.19165190528999926,-0.23922156396302852,-0.2,0.0,0.08333333333333333,0.0,0.0,0.0,1.0,1.0,1.0,0
0.06015037593984962,-0.7604224355583985,0.30359117875044095,-0.2,1.0,-0.5833333333333334,0.0,1.0,1.0,1.0,0.0,0.0,0
0.8270676691729323,0.33202494852534237,-0.14146247166652637,-0.8,0.0,-1.4166666666666667,0.0,0.0,1.0,1.0,1.0,0.0,0
0.23308270676691728,-0.7604224355583985,0.738684478462855,-0.2,1.0,0.16666666666666666,0.0,0.0,1.0,1.0,0.0,1.0,0
-1.2932330827067668,-0.7604224355583985,0.724536912761968,0.4,0.0,0.25,0.0,0.0,0.0,1.0,0.0,1.0,1
0.3684210526315789,-0.08530167249985396,0.5508758350876527,0.2,0.0,0.4166666666666667,0.0,0.0,0.0,1.0,0.0,1.0,0
-0.5413533834586466,0.31156350038875064,0.0928268543516677,-1.0,0.0,1.6666666666666667,0.0,1.0,0.0,0.0,1.0,2.0,0
-1.556390977443609,-0.7604224355583985,0.8234752243967677,-0.4,1.0,0.0,0.0,0.0,1.0,1.0,1.0,1.0,0
0.03759398496240601,0.11802834677922144,-0.8372193595066639,0.2,0.0,0.3333333333333333,0.0,1.0,0.0,1.0,0.0,1.0,0
-0.37593984962406013,-0.7604224355583985,0.018676475266686927,-1.0,1.0,-1.0,0.0,0.0,0.0,1.0,1.0,0.0,0
0.24060150375939848,0.025026914040661596,-0.3255169721036742,0.8,1.0,-0.4166666666666667,0.0,0.0,1.0,0.0,1.0,1.0,0
1.150375939849624,0.4289412719003078,-0.5382057432131583,0.2,0.0,1.5833333333333333,1.0,0.0,1.0,1.0,0.0,2.0,1
-0.3684210526315789,-0.7604224355583985,0.501552535731703,0.8,0.0,0.6666666666666666,0.0,0.0,1.0,0.0,0.0,1.0,0
0.3684210526315789,0.4214404802763106,0.287996700598055,-1.0,0.0,0.3333333333333333,1.0,0.0,1.0,0.0,1.0,1.0,0
0.09022556390977443,-0.7604224355583985,-0.6524760526969073,0.4,0.0,-1.0833333333333333,0.0,0.0,1.0,0.0,1.0,0.0,0
0.7218045112781954,-0.013774120439435867,0.7366303247797685,-0.4,0.0,0.25,0.0,0.0,1.0,0.0,0.0,1.0,0
-1.2406015037593985,0.38136289701123594,-0.5936581825206569,0.6,0.0,-0.3333333333333333,0.0,1.0,1.0,1.0,0.0,1.0,0
0.5864661654135338,0.3372120003734138,0.7461789657248816,0.2,0.0,0.16666666666666666,0.0,1.0,0.0,1.0,0.0,1.0,1
0.5939849624060151,0.2762362487282403,0.07376146259176564,0.6,0.0,-1.3333333333333333,1.0,0.0,0.0,1.0,0.0,0.0,1
0.06015037593984962,-0.7604224355583985,0.4818127494850115,0.4,1.0,0.08333333333333333,0.0,0.0,1.0,0.0,1.0,1.0,0
-0.42105263157894735,0.2910928070083962,-0.878936045084672,0.8,0.0,3.25,0.0,1.0,0.0,1.0,1.0,3.0,0
0.16541353383458646,-0.08694654239439827,-0.9269556309397127,0.6,1.0,0.5,1.0,0.0,1.0,1.0,0.0,1.0,0
-1.0601503759398496,-0.7604224355583985,-0.9996720784916278,-0.2,0.0,2.4166666666666665,0.0,1.0,0.0,1.0,0.0,3.0,1
0.9097744360902256,0.16472458438417997,0.4452409027206651,-0.6,3.0,0.8333333333333334,1.0,0.0,1.0,1.0,1.0,1.0,1
0.3233082706766917,-0.24706695620994215,-1.003751766510074,-0.2,0.0,0.16666666666666666,0.0,1.0,1.0,1.0,1.0,1.0,0
-0.11278195488721804,0.4769472784881708,0.4669813857973676,-0.6,0.0,0.6666666666666666,0.0,1.0,0.0,1.0,1.0,1.0,1
0.6541353383458647,-0.7604224355583985,0.9414759636447406,0.6,1.0,0.0,0.0,0.0,0.0,1.0,0.0,1.0,1
-0.08270676691729323,0.2028686581104547,-0.002985406815723233,0.0,0.0,-0.4166666666666667,1.0,0.0,1.0,1.0,1.0,1.0,0
0.9924812030075187,-0.21014442990320817,0.8157105909345919,-0.6,1.0,-0.75,1.0,0.0,1.0,1.0,1.0,0.0,0
1.1654135338345866,0.16625428047930638,-0.7518836194224694,0.4,0.0,0.4166666666666667,0.0,0.0,1.0,1.0,1.0,1.0,0
0.48120300751879697,-0.7604224355583985,0.538263799604261,-0.8,0.0,0.5833333333333334,0.0,0.0,0.0,1.0,1.0,1.0,0
-0.47368421052631576,-0.7604224355583985,0.45724048416270474,-0.2,1.0,-0.8333333333333334,0.0,1.0,0.0,1.0,0.0,0.0,0
0.7894736842105263,-0.7604224355583985,-0.63358012836033,-1.0,1.0,0.75,0.0,0.0,1.0,1.0,0.0,1.0,0
-0.8120300751879699,0.09277198615924322,-0.30887165282993617,-0.6,0.0,0.5833333333333334,1.0,0.0,1.0,0.0,0.0,1.0,1
-0.40601503759398494,0.27198171290783724,0.8742524888291917,0.4,0.0,0.75,1.0,0.0,0.0,0.0,0.0,1.0,1
-0.21052631578947367,-0.7604224355583985,0.12937590784978883,-1.0,1.0,0.0,0.0,0.0,1.0,0.0,0.0,1.0,0
-0.045112781954887216,-0.7604224355583985,1.0094561135717932,-0.6,1.0,-0.3333333333333333,0.0,0.0,0.0,0.0,0.0,1.0,0
0.3157894736842105,0.009111226903001132,0.8474139800147519,0.6,1.0,0.0,1.0,0.0,0.0,1.0,0.0,1.0,1
-1.0451127819548873,-0.7604224355583985,-0.4752314238393802,1.0,1.0,4.25,0.0,1.0,1.0,1.0,1.0,3.0,0
0.5639097744360902,-0.7604224355583985,1.011898059416577,0.6,0.0,2.8333333333333335,0.0,1.0,1.0,1.0,1.0,3.0,1
0.6541353383458647,-0.7604224355583985,0.6647644851270745,-0.8,1.0,-0.6666666666666666,0.0,0.0,1.0,1.0,1.0,0.0,0
0.2857142857142857,0.16486874750726088,-0.3903383637373445,-0.4,0.0,-0.9166666666666666,0.0,0.0,0.0,1.0,0.0,0.0,0
-0.46616541353383456,-0.7604224355583985,0.7392741392379819,-0.4,1.0,0.8333333333333334,0.0,0.0,1.0,1.0,0.0,1.0,0
0.07518796992481203,-0.7604224355583985,0.3762699100905304,-0.2,1.0,0.08333333333333333,0.0,1.0,1.0,1.0,0.0,1.0,0
0.6842105263157895,-0.03398947272298557,-0.6720759107756062,0.6,0.0,-0.08333333333333333,0.0,1.0,0.0,1.0,1.0,1.0,0
1.105263157894737,-0.7604224355583985,0.4224814686529345,0.4,1.0,-0.16666666666666666,0.0,1.0,1.0,0.0,1.0,1.0,0
0.12781954887218044,0.12219191880294147,0.6841994753204762,-0.2,0.0,1.0833333333333333,1.0,0.0,0.0,0.0,0.0,1.0,1
0.7443609022556391,0.021300924105206346,-0.45567132621163026,-0.4,1.0,0.0,0.0,1.0,0.0,1.0,0.0,1.0,0
0.6466165413533834,0.2368934272937381,-0.8520932433680733,0.6,0.0,-0.16666666666666666,0.0,1.0,1.0,1.0,0.0,1.0,0
-0.6240601503759399,-0.7604224355583985,-0.47949805752565566,0.4,1.0,0.5,0.0,0.0,1.0,1.0,0.0,1.0,0
0.38345864661654133,-0.7604224355583985,-0.4984617483891716,0.8,1.0,-0.6666666666666666,0.0,1.0,1.0,1.0,0.0,0.0,0
-0.39849624060150374,-0.7604224355583985,-0.7042458974356683,0.0,1.0,-0.8333333333333334,0.0,0.0,1.0,1.0,0.0,0.0,0
-0.3157894736842105,-0.07672569036605258,0.8511509513441705,-0.2,1.0,-0.8333333333333334,0.0,0.0,0.0,1.0,0.0,0.0,0
0.45864661654135336,0.14082743129638015,0.9411102492655754,0.2,0.0,1.3333333333333333,0.0,0.0,1.0,0.0,0.0,2.0,1
-0.6390977443609023,0.4394044590045716,-0.11026492955743626,0.6,0.0,-0.16666666666666666,0.0,1.0,1.0,1.0,0.0,1.0,0
-0.9774436090225563,-0.0159251282552317,0.30316730576821677,-0.4,0.0,0.0,1.0,0.0,0.0,1.0,1.0,1.0,0
-1.0601503759398496,0.20288738364655054,0.8362146159775433,0.6,0.0,1.6666666666666667,0.0,1.0,0.0,1.0,1.0,2.0,0
0.7293233082706767,0.21274931650813883,0.6923075409553728,-0.8,0.0,0.5,0.0,1.0,0.0,1.0,1.0,1.0,0
0.9097744360902256,0.3801764501781844,0.8864424911455702,-0.6,0.0,2.25,0.0,0.0,1.0,0.0,1.0,3.0,0
-0.9097744360902256,0.13738929750994636,-0.24389265035985647,-0.4,0.0,-0.6666666666666666,0.0,0.0,1.0,0.0,0.0,0.0,0
0.7443609022556391,0.14039525532523103,0.2705918442780405,-0.8,0.0,0.5,0.0,0.0,1.0,1.0,0.0,1.0,0
0.7669172932330827,0.475086712355669,0.34909420403269625,0.4,1.0,0.16666666666666666,0.0,1.0,1.0,1.0,0.0,1.0,1
0.9097744360902256,0.32198069632277093,0.7963355991594602,0.4,0.0,0.5,0.0,1.0,1.0,1.0,1.0,1.0,0
0.9473684210526315,0.43016274097032514,0.3249464249643504,-0.8,2.0,-0.16666666666666666,1.0,0.0,0.0,1.0,1.0,1.0,1
0.518796992481203,0.5661300338050772,0.09844452567455744,-1.0,0.0,1.1666666666666667,0.0,1.0,1.0,1.0,0.0,2.0,1
-0.5789473684210527,0.320306915454087,-0.15302979874593597,0.6,0.0,1.6666666666666667,0.0,0.0,0.0,1.0,1.0,2.0,0
0.3684210526315789,-0.7604224355583985,-0.5273131172564064,-0.6,0.0,0.3333333333333333,0.0,0.0,0.0,1.0,0.0,1.0,0
0.12781954887218044,0.12493235008337761,-0.6028371228203142,0.2,0.0,-0.5,0.0,0.0,0.0,1.0,0.0,1.0,0
-0.12030075187969924,-0.7604224355583985,-0.9921135043330845,0.2,1.0,-0.5,0.0,0.0,1.0,1.0,1.0,1.0,0
0.9624060150375939,-0.7604224355583985,0.8453937607011128,-0.4,1.0,0.0,0.0,0.0,0.0,0.0,0.0,1.0,1
-0.3308270676691729,-0.7604224355583985,0.26181674341719874,0.8,1.0,-0.75,0.0,0.0,0.0,1.0,1.0,0.0,0
-0.45864661654135336,-0.7604224355583985,0.5728564140493911,0.0,1.0,0.6666666666666666,0.0,0.0,1.0,1.0,1.0,1.0,0
-0.3007518796992481,0.23049007744419467,0.4916263238205092,-0.6,0.0,2.1666666666666665,0.0,0.0,0.0,0.0,1.0,3.0,0
0.5789473684210527,-0.7604224355583985,0.5119697738803224,-0.8,1.0,0.4166666666666667,0.0,1.0,0.0,1.0,1.0,1.0,0
0.5714285714285714,0.41804951290297176,0.7289464387629645,0.8,1.0,-0.3333333333333333,1.0,0.0,0.0,1.0,0.0,1.0,0
-0.49624060150375937,-0.7604224355583985,-0.07542823296097942,-0.6,1.0,-0.75,0.0,1.0,0.0,1.0,1.0,0.0,0
0.2781954887218045,-0.7604224355583985,0.9880370870972357,-0.2,1.0,0.16666666666666666,0.0,0.0,1.0,1.0,0.0,1.0,0
-0.48872180451127817,0.29714522934257026,0.243904609158728,0.6,0.0,0.6666666666666666,1.0,0.0,0.0,1.0,1.0,1.0,1
-0.3458646616541353,0.3943454913903863,-0.551585799335188,-0.4,2.0,-1.0,0.0,1.0,0.0,1.0,0.0,0.0,1
-0.2631578947368421,0.14543312968072297,-0.28545284943297294,0.4,0.0,-0.08333333333333333,0.0,1.0,0.0,1.0,1.0,1.0,0
0.022556390977443608,-0.7604224355583985,0.11325871775356525,-0.2,1.0,0.08333333333333333,0.0,0.0,1.0,0.0,0.0,1.0,0
0.7669172932330827,0.3507228272394183,-0.060268360046215184,0.4,0.0,0.9166666666666666,1.0,0.0,0.0,1.0,0.0,1.0,1
-0.14285714285714285,0.571428185277349,-0.972801679546864,0.4,0.0,-0.6666666666666666,0.0,0.0,0.0,1.0,0.0,0.0,0
-0.6390977443609023,-0.037128546378549926,0.6045195316188217,0.0,1.0,1.4166666666666667,0.0,1.0,0.0,1.0,0.0,2.0,1
1.1729323308270676,-0.7604224355583985,-0.1999077792625485,-1.0,0.0,0.3333333333333333,0.0,0.0,1.0,1.0,1.0,1.0,0
-1.1278195488721805,0.6081372874823042,-0.6760950893160016,0.0,1.0,-0.3333333333333333,1.0,0.0,1.0,1.0,0.0,1.0,0
0.42105263157894735,0.441193883769814,-0.7413903355784618,0.6,0.0,0.0,1.0,0.0,1.0,1.0,1.0,1.0,0
-0.12030075187969924,0.11148655332180625,-0.6798168310639513,-0.2,0.0,1.25,0.0,1.0,1.0,0.0,1.0,2.0,1
-0.3082706766917293,-0.7604224355583985,0.5053435771859338,0.8,1.0,-0.5833333333333334,0.0,0.0,1.0,1.0,1.0,0.0,0
-1.1954887218045114,-0.7604224355583985,-0.3437429992795336,0.8,1.0,-0.08333333333333333,0.0,0.0,1.0,1.0,1.0,1.0,0
-0.045112781954887216,-0.026440731190659383,0.8179646712039409,0.0,1.0,0.25,0.0,0.0,1.0,1.0,1.0,1.0,0
0.5413533834586466,-0.7604224355583985,-0.4618078254240232,1.0,1.0,-0.5833333333333334,0.0,0.0,1.0,1.0,1.0,0.0,0
-0.09022556390977443,0.11578747206007026,-0.3295742757037198,0.4,0.0,0.5833333333333334,0.0,0.0,1.0,1.0,0.0,1.0,0
-0.16541353383458646,-0.7604224355583985,0.1488145776736125,0.8,1.0,-0.25,0.0,0.0,1.0,1.0,1.0,1.0,0
0.17293233082706766,-0.7604224355583985,0.8728417594101758,0.6,1.0,-0.25,0.0,0.0,1.0,1.0,1.0,1.0,0
-0.3533834586466165,-0.2799860569188134,0.8913717649436755,-0.6,0.0,3.1666666666666665,1.0,0.0,1.0,0.0,1.0,3.0,0
-1.1278195488721805,-0.7604224355583985,-0.2330868023538904,1.0,0.0,0.0,0.0,0.0,1.0,1.0,1.0,1.0,0
0.11278195488721804,-0.7604224355583985,0.6562832436402126,-0.4,1.0,0.6666666666666666,0.0,1.0,1.0,0.0,0.0,1.0,0
-0.42857142857142855,-0.7604224355583985,0.07046206064669763,0.8,0.0,1.25,0.0,0.0,1.0,1.0,1.0,2.0,1
0.3684210526315789,0.04266284331439006,0.06992146161053082,0.0,0.0,-0.4166666666666667,1.0,0.0,1.0,0.0,0.0,1.0,0
1.1729323308270676,0.3301715905489947,-0.2598082784785189,0.6,0.0,0.8333333333333334,0.0,1.0,1.0,0.0,1.0,1.0,0
-1.0300751879699248,0.42275369663824514,-0.9165956314865467,-0.2,1.0,-0.6666666666666666,0.0,1.0,1.0,1.0,0.0,0.0,0
0.7894736842105263,0.2639748617121118,0.4536432365773664,-0.4,0.0,0.8333333333333334,0.0,0.0,1.0,1.0,0.0,1.0,0
-1.2481203007518797,-0.7604224355583985,-0.006584289792360323,-0.8,0.0,-1.0833333333333333,0.0,1.0,1.0,1.0,0.0,0.0,0
-0.007518796992481203,-0.7604224355583985,0.3952206200356132,0.8,1.0,-0.25,0.0,0.0,0.0,1.0,0.0,1.0,0
-0.9699248120300752,0.18889259177442042,-0.4038203251796728,-0.6,0.0,-0.75,0.0,0.0,0.0,1.0,1.0,0.0,0
-0.24812030075187969,-0.7604224355583985,-0.47071488192027655,-0.4,1.0,-0.75,0.0,0.0,0.0,1.0,0.0,0.0,0
-1.0451127819548873,-0.2862892760774343,0.25679885185309637,0.4,0.0,-0.25,1.0,0.0,1.0,0.0,0.0,1.0,0
0.5338345864661654,0.10421939997662831,0.434713582295254,-0.4,0.0,2.5833333333333335,1.0,0.0,0.0,0.0,0.0,3.0,1
0.03007518796992481,-0.7604224355583985,0.6084353738715321,-0.6,1.0,0.3333333333333333,0.0,0.0,1.0,1.0,0.0,1.0,0
-0.9323308270676691,0.5731979443122145,-0.5127252224483522,0.8,1.0,-0.6666666666666666,1.0,0.0,0.0,1.0,0.0,0.0,0
-0.7218045112781954,-0.7604224355583985,0.9536808889067193,1.0,1.0,-0.16666666666666666,0.0,0.0,1.0,1.0,1.0,1.0,0
-0.21804511278195488,-0.7604224355583985,0.3720960848604544,1.0,1.0,-1.3333333333333333,0.0,0.0,1.0,0.0,1.0,0.0,0
-1.0451127819548873,-0.7604224355583985,-0.755675171936481,1.0,1.0,-0.6666666666666666,0.0,0.0,1.0,0.0,1.0,0.0,0
-0.6165413533834586,0.08462865009373152,0.28703059318836527,-1.0,1.0,0.4166666666666667,1.0,0.0,1.0,1.0,0.0,1.0,0
-0.9473684210526315,0.2741407123750213,0.602222113480058,0.4,1.0,2.4166666666666665,0.0,1.0,1.0,1.0,1.0,3.0,0
-0.6390977443609023,-0.7604224355583985,-0.2125537491153875,-0.6,1.0,-0.9166666666666666,0.0,0.0,0.0,1.0,1.0,0.0,0
0.9624060150375939,-0.7604224355583985,-0.8559399903384151,-1.0,0.0,0.5,0.0,0.0,0.0,0.0,1.0,1.0,0
-0.39849624060150374,-0.11997117991130762,-0.16522286742099943,0.4,1.0,0.75,0.0,1.0,0.0,1.0,0.0,1.0,0
-0.09022556390977443,-0.7604224355583985,1.022594233993576,0.8,1.0,2.5833333333333335,0.0,0.0,1.0,1.0,1.0,3.0,0
0.5639097744360902,-0.35149997616215756,0.6228441933323821,-0.6,1.0,-0.5,0.0,0.0,0.0,0.0,1.0,1.0,0
-0.8120300751879699,-0.004575181244973198,-0.6530932084882431,-0.8,0.0,-1.1666666666666667,0.0,0.0,1.0,1.0,0.0,0.0,0
0.45864661654135336,0.4111014771666571,0.24752352567877373,-0.2,1.0,2.0,1.0,0.0,0.0,1.0,0.0,3.0,0
-0.43609022556390975,-0.07802300177473422,0.7025965030990027,-0.6,1.0,-1.3333333333333333,1.0,0.0,0.0,1.0,0.0,0.0,0
0.3082706766917293,-0.7604224355583985,-0.9807535653127375,-0.8,1.0,-1.3333333333333333,0.0,0.0,1.0,1.0,1.0,0.0,0
-0.7894736842105263,-0.17596515545975333,-0.14003467285083074,0.2,2.0,0.16666666666666666,1.0,0.0,0.0,1.0,1.0,1.0,1
-0.7368421052631579,0.15951026690196068,-0.8859752802939311,-0.4,0.0,-0.3333333333333333,0.0,0.0,1.0,1.0,1.0,1.0,0
-0.44360902255639095,0.2854584577311568,-0.21817806421542818,0.2,1.0,-0.16666666666666666,0.0,0.0,0.0,1.0,1.0,1.0,0
1.4887218045112782,0.35080626948185395,-0.0684695407731798,-1.0,0.0,0.16666666666666666,0.0,1.0,1.0,1.0,1.0,1.0,0
-0.2932330827067669,0.39336917797912985,-0.4682947072221564,0.4,0.0,1.1666666666666667,1.0,0.0,0.0,1.0,1.0,2.0,1
-0.3533834586466165,0.30060490924794286,0.8889569052672762,0.8,0.0,-0.5833333333333334,0.0,0.0,0.0,0.0,1.0,0.0,0
-0.6015037593984962,0.16172536462790887,0.014277783733043886,0.2,0.0,-0.5833333333333334,0.0,0.0,1.0,1.0,0.0,0.0,0
-1.2030075187969924,-0.3132940063123861,0.9150818724157146,0.6,1.0,0.08333333333333333,1.0,0.0,0.0,1.0,0.0,1.0,0
0.2857142857142857,-0.16427673850834815,0.5353424796850544,-0.6,0.0,-0.4166666666666667,0.0,1.0,1.0,0.0,1.0,1.0,0
-0.7142857142857143,-0.7604224355583985,0.2451149009317003,-0.4,0.0,-0.25,0.0,1.0,1.0,0.0,1.0,1.0,0
0.44360902255639095,0.25045925552517895,-0.8695383711988174,-0.6,1.0,0.08333333333333333,0.0,0.0,0.0,1.0,1.0,1.0,1
0.3233082706766917,-0.7604224355583985,0.32909663923255184,0.6,1.0,-0.5,0.0,1.0,0.0,0.0,1.0,1.0,0
-0.08270676691729323,-0.07482124850043911,-0.9420709394415882,-0.6,1.0,-0.5833333333333334,0.0,0.0,1.0,0.0,1.0,0.0,0
0.045112781954887216,0.43685684590125623,0.6872285266414827,0.8,0.0,-0.75,1.0,0.0,0.0,1.0,0.0,0.0,0
-0.48872180451127817,0.02398807770972123,-0.6667424909028167,0.0,0.0,-0.3333333333333333,0.0,0.0,1.0,1.0,0.0,1.0,0
-1.0902255639097744,-0.7604224355583985,-0.07477213441434412,-0.8,1.0,-0.16666666666666666,0.0,0.0,0.0,0.0,0.0,1.0,0
-0.9699248120300752,-0.7604224355583985,0.22467475836135326,0.0,1.0,0.6666666666666666,0.0,0.0,1.0,1.0,1.0,1.0,0
-0.3082706766917293,-0.7604224355583985,-0.9783426919026286,0.4,1.0,-0.3333333333333333,0.0,1.0,0.0,1.0,1.0,1.0,0
-0.48120300751879697,-0.7604224355583985,-0.20818561895663829,1.0,1.0,-0.25,0.0,1.0,1.0,1.0,0.0,1.0,0
-0.9699248120300752,-0.24135128012739945,-0.7930408989643759,0.6,0.0,2.0,0.0,0.0,1.0,1.0,1.0,3.0,0
0.19548872180451127,0.24750077752108302,0.6973556872585004,0.6,0.0,0.25,1.0,0.0,0.0,0.0,0.0,1.0,0
-0.3233082706766917,-0.7604224355583985,-0.7912863285248146,0.2,1.0,0.0,0.0,0.0,1.0,0.0,1.0,1.0,0
0.18045112781954886,-0.7604224355583985,0.5973426169046056,0.0,1.0,-0.5833333333333334,0.0,1.0,0.0,0.0,1.0,0.0,0
1.2481203007518797,-0.7604224355583985,0.6908506117321696,-0.2,1.0,-0.9166666666666666,0.0,1.0,1.0,1.0,1.0,0.0,0
-0.21052631578947367,-0.7604224355583985,-0.04132971111196004,0.6,1.0,0.08333333333333333,0.0,1.0,0.0,1.0,0.0,1.0,0
0.20300751879699247,0.16992127322363124,-1.0004304912063862,-0.4,1.0,0.5833333333333334,0.0,0.0,0.0,1.0,0.0,1.0,0
-0.41353383458646614,0.1748366872740277,0.8512138116972131,-0.6,0.0,-0.5833333333333334,0.0,1.0,0.0,1.0,1.0,0.0,1
1.255639097744361,0.5578334460717683,0.034263491946272776,0.6,0.0,-0.75,0.0,1.0,0.0,1.0,1.0,0.0,0
0.17293233082706766,-0.14117953405460082,0.44295636328837856,0.6,0.0,0.25,0.0,1.0,0.0,1.0,0.0,1.0,1
1.0977443609022557,-0.7604224355583985,-0.9929040116020794,-0.4,1.0,-0.75,0.0,0.0,1.0,1.0,0.0,0.0,0
0.6691729323308271,-0.7604224355583985,-0.9866142966673922,-1.0,1.0,0.5,0.0,1.0,1.0,1.0,1.0,1.0,1
1.4887218045112782,-0.11314913020864209,0.5082385264204493,0.2,1.0,-0.5,0.0,1.0,1.0,1.0,0.0,1.0,0
0.15789473684210525,-0.13704730184024622,0.7436325592608953,0.6,1.0,1.1666666666666667,0.0,0.0,1.0,1.0,1.0,2.0,0
-1.6165413533834587,0.23307569006636553,0.6305093745612074,0.2,1.0,-0.16666666666666666,1.0,0.0,1.0,1.0,1.0,1.0,0
-0.6766917293233082,0.024940259467766217,-0.12929332058920595,-0.6,0.0,0.4166666666666667,0.0,0.0,1.0,0.0,0.0,1.0,0
-0.7293233082706767,0.38250703510164413,0.3888581301881353,0.6,0.0,-0.5,0.0,0.0,1.0,1.0,0.0,1.0,0
-1.1353383458646618,-0.7604224355583985,-0.8890052515225432,-0.2,1.0,0.0,0.0,0.0,1.0,0.0,0.0,1.0,0
0.17293233082706766,0.7864856395704896,-0.47770025142863587,0.6,0.0,-0.4166666666666667,0.0,1.0,1.0,1.0,1.0,1.0,0
0.8345864661654135,-0.7604224355583985,-0.6957979770465167,0.8,0.0,-0.16666666666666666,0.0,0.0,1.0,1.0,1.0,1.0,0
0.2556390977443609,0.11305628602339698,-0.2388769052468337,0.4,0.0,0.08333333333333333,0.0,1.0,1.0,1.0,1.0,1.0,0
0.5338345864661654,-0.01875385944855494,0.22274755192782605,-0.4,1.0,0.0,1.0,0.0,1.0,1.0,0.0,1.0,0
0.46616541353383456,-0.7604224355583985,0.34274213980474705,-0.6,0.0,-1.0,0.0,1.0,1.0,1.0,1.0,0.0,0
-0.15037593984962405,-0.12639654597693026,-0.936528904966262,0.4,0.0,-0.6666666666666666,0.0,1.0,0.0,1.0,0.0,0.0,0
-0.3082706766917293,-0.14235532535246806,-0.7412334402257456,-0.2,1.0,-0.6666666666666666,1.0,0.0,0.0,1.0,1.0,0.0,0
-0.7669172932330827,-0.7604224355583985,0.944677037687976,0.2,1.0,0.9166666666666666,0.0,0.0,0.0,1.0,1.0,1.0,0
-1.6616541353383458,0.5008708353653609,0.7007777435509689,0.2,0.0,2.1666666666666665,0.0,0.0,1.0,1.0,1.0,3.0,0
-0.7443609022556391,-0.7604224355583985,-0.702359575784608,-0.4,0.0,0.9166666666666666,0.0,1.0,0.0,0.0,1.0,1.0,1
1.3157894736842106,-0.7604224355583985,0.8694871630087778,-1.0,1.0,-0.16666666666666666,0.0,1.0,0.0,0.0,1.0,1.0,0
-0.518796992481203,-0.7604224355583985,0.4557846792710192,0.4,1.0,0.4166666666666667,0.0,0.0,0.0,1.0,0.0,1.0,0
0.41353383458646614,-0.7604224355583985,0.765121396501515,-0.4,1.0,0.8333333333333334,0.0,0.0,1.0,1.0,0.0,1.0,0
0.5639097744360902,0.03241072982620233,-0.6633105200506002,0.8,0.0,0.0,1.0,0.0,1.0,1.0,1.0,1.0,1
1.0300751879699248,0.1534800174829126,-0.4013949376717881,0.8,1.0,0.5,1.0,0.0,0.0,1.0,1.0,1.0,0
-0.6466165413533834,-0.7604224355583985,-0.4550520239692149,0.0,0.0,-0.5833333333333334,0.0,0.0,1.0,1.0,0.0,0.0,1
0.41353383458646614,-0.7604224355583985,-0.054158435942425545,-0.6,2.0,-0.16666666666666666,0.0,0.0,1.0,1.0,1.0,1.0,0
-0.23308270676691728,-0.7604224355583985,-0.5261287873203003,0.6,0.0,-0.25,0.0,1.0,1.0,0.0,0.0,1.0,0
0.41353383458646614,-0.7604224355583985,0.19339789977427765,1.0,1.0,0.5,0.0,1.0,1.0,1.0,0.0,1.0,0
0.6466165413533834,-0.7604224355583985,-0.02622370389809566,0.0,1.0,-0.08333333333333333,0.0,1.0,1.0,1.0,1.0,1.0,0
0.11278195488721804,0.32105288126650744,0.6834992212087765,-0.6,0.0,-0.8333333333333334,1.0,0.0,1.0,1.0,0.0,0.0,0
-0.3233082706766917,-0.02294446205785263,-0.05855498102498916,0.2,0.0,-0.3333333333333333,1.0,0.0,1.0,0.0,0.0,1.0,0
-0.20300751879699247,0.6269066209617333,-0.03432686335909638,-0.8,1.0,0.0,0.0,0.0,1.0,1.0,1.0,1.0,0
0.3684210526315789,-0.7604224355583985,-0.7690057574717262,0.0,1.0,0.4166666666666667,0.0,1.0,0.0,0.0,0.0,1.0,0
-1.6616541353383458,0.1862189142879327,0.2729703164980447,0.6,1.0,0.4166666666666667,1.0,0.0,1.0,1.0,0.0,1.0,0
-1.1954887218045114,-0.7604224355583985,-0.996968061191232,-0.2,1.0,0.75,0.0,0.0,0.0,1.0,0.0,1.0,0
-0.556390977443609,-0.7604224355583985,0.43313195448552694,-0.2,1.0,-0.4166666666666667,0.0,0.0,1.0,1.0,1.0,1.0,0
0.11278195488721804,-0.7604224355583985,-0.6069821242787511,0.8,1.0,-0.08333333333333333,0.0,0.0,1.0,1.0,1.0,1.0,0
-0.8045112781954887,-0.7604224355583985,-0.6238629398994977,0.2,0.0,0.16666666666666666,0.0,1.0,0.0,0.0,0.0,1.0,1
0.21804511278195488,-0.7604224355583985,0.6568955954696086,0.4,1.0,2.5,0.0,1.0,1.0,0.0,1.0,3.0,0
0.2631578947368421,0.1073153813943151,-0.5266544634108667,-0.8,1.0,-0.16666666666666666,0.0,0.0,0.0,1.0,1.0,1.0,0
1.0451127819548873,0.13007795503356318,0.41395576496513997,1.0,1.0,0.4166666666666667,1.0,0.0,0.0,0.0,1.0,1.0,1
-0.39849624060150374,0.3669349106241523,0.6826679313692712,1.0,1.0,1.0,1.0,0.0,0.0,1.0,1.0,1.0,1
0.7518796992481203,-0.7604224355583985,0.056669783705446584,-0.4,1.0,-0.5833333333333334,0.0,0.0,0.0,1.0,1.0,0.0,0
-0.8646616541353384,0.27249693937380465,0.6851268443987787,-0.2,0.0,0.9166666666666666,1.0,0.0,1.0,1.0,0.0,1.0,1
-0.3684210526315789,0.06225421999347429,-0.12300902288819558,0.2,1.0,1.6666666666666667,0.0,1.0,1.0,1.0,1.0,2.0,1
-0.3308270676691729,-0.08147578692204642,-0.4043162575909946,0.4,0.0,-0.25,0.0,1.0,1.0,0.0,1.0,1.0,0
-0.42105263157894735,0.32207659613942907,-0.14344834776289342,-0.8,0.0,-0.3333333333333333,0.0,0.0,0.0,1.0,0.0,1.0,0
-0.17293233082706766,0.25553050677764516,-0.17041666576166498,-0.6,1.0,0.16666666666666666,0.0,0.0,1.0,1.0,0.0,1.0,0
-1.0300751879699248,-0.03871669121814277,0.440547738541305,0.4,0.0,2.3333333333333335,0.0,0.0,1.0,1.0,1.0,3.0,0
0.924812030075188,-0.7604224355583985,-0.32528546202295616,0.8,1.0,2.4166666666666665,0.0,0.0,0.0,1.0,1.0,3.0,0
0.16541353383458646,-0.08851314111505248,-0.040536648544060985,0.4,0.0,-0.4166666666666667,0.0,0.0,0.0,1.0,1.0,1.0,0
0.22556390977443608,-0.7604224355583985,-0.9688943208865153,-0.2,0.0,0.75,0.0,1.0,1.0,1.0,1.0,1.0,0
0.5488721804511278,0.17076987691172346,0.03373076323073087,-0.8,0.0,-0.08333333333333333,0.0,0.0,0.0,1.0,1.0,1.0,0
0.49624060150375937,0.13215445245259275,-0.701937747041507,0.0,1.0,-0.25,0.0,1.0,1.0,1.0,0.0,1.0,0
0.7218045112781954,0.19803276882632292,0.25534846419508794,0.8,1.0,1.75,0.0,1.0,1.0,0.0,1.0,2.0,0
0.007518796992481203,0.13486362227318682,-0.1014158272403296,0.0,1.0,0.08333333333333333,1.0,0.0,0.0,1.0,1.0,1.0,0
1.4887218045112782,0.2833039241868074,-0.8041736208061637,0.2,0.0,0.16666666666666666,0.0,1.0,1.0,0.0,1.0,1.0,0
1.2706766917293233,-0.22037820960291715,-0.7563883047546577,-0.6,0.0,-0.5,1.0,0.0,0.0,1.0,1.0,1.0,0
0.3609022556390977,-0.15236385017236306,0.7760598134146294,-0.4,1.0,0.0,0.0,0.0,1.0,1.0,1.0,1.0,0
-0.7293233082706767,0.23730703442783824,0.22836563209854055,0.0,0.0,-0.3333333333333333,0.0,1.0,1.0,0.0,1.0,1.0,0
-1.413533834586466,0.5267405160546205,-0.9785425162769349,0.6,1.0,-0.3333333333333333,1.0,0.0,1.0,1.0,1.0,1.0,0
0.08270676691729323,-0.7604224355583985,0.8277154873983519,0.4,1.0,-0.25,0.0,0.0,1.0,1.0,1.0,1.0,0
1.1804511278195489,-0.7604224355583985,0.3420127552855401,-0.6,1.0,0.5,0.0,0.0,1.0,1.0,1.0,1.0,0
0.7593984962406015,-0.7604224355583985,0.3776932115801547,0.2,1.0,2.0833333333333335,0.0,0.0,0.0,1.0,1.0,3.0,0
-0.9398496240601504,0.2455566907966223,-0.19958898017126386,0.2,1.0,-0.75,0.0,1.0,1.0,1.0,0.0,0.0,0
0.3383458646616541,-0.7604224355583985,-0.20148746504510817,1.0,1.0,-1.1666666666666667,0.0,0.0,0.0,1.0,1.0,0.0,0
-0.08270676691729323,-0.7604224355583985,0.17395708349937458,-0.4,1.0,0.08333333333333333,0.0,0.0,0.0,1.0,0.0,1.0,0
0.7218045112781954,-0.5284915495533902,0.6552158441819613,0.4,0.0,1.0,0.0,0.0,0.0,0.0,0.0,1.0,1
0.2556390977443609,0.11428794053145813,-0.19310976426984325,0.0,0.0,1.5833333333333333,1.0,0.0,0.0,1.0,1.0,2.0,0
-1.3759398496240602,0.1296236061472879,-0.8943203754551787,0.8,0.0,0.08333333333333333,1.0,0.0,1.0,0.0,0.0,1.0,0
-0.08270676691729323,-0.4600302060917617,-0.6831762314272892,0.2,0.0,2.3333333333333335,0.0,0.0,1.0,1.0,0.0,3.0,1
0.6541353383458647,0.035446382110860694,-0.27881796472231,-0.6,0.0,1.75,0.0,0.0,1.0,1.0,1.0,2.0,0
1.1428571428571428,-0.16066780276087267,-0.010154655633226761,0.4,0.0,-0.3333333333333333,0.0,1.0,1.0,0.0,1.0,1.0,0
0.7218045112781954,-0.10221224188581977,0.38384841558052635,0.0,0.0,-0.25,0.0,0.0,1.0,1.0,1.0,1.0,0
-0.08270676691729323,-0.24023926534159085,-0.6985192681675046,0.0,0.0,-0.08333333333333333,0.0,0.0,0.0,1.0,0.0,1.0,0
-0.07518796992481203,-0.7604224355583985,-0.9069687983949658,0.4,1.0,0.25,0.0,0.0,0.0,1.0,0.0,1.0,0
-0.3533834586466165,-0.7604224355583985,-0.6069749694418194,0.2,1.0,0.9166666666666666,0.0,1.0,0.0,1.0,1.0,1.0,0
0.42857142857142855,0.2704193450614474,0.04623700933948974,0.8,0.0,0.25,0.0,0.0,0.0,1.0,1.0,1.0,0
-0.15789473684210525,0.0853563604671966,-0.48036880118024156,-0.4,0.0,0.25,1.0,0.0,1.0,1.0,0.0,1.0,1
-1.5037593984962405,-0.06377098841723737,-0.3040723926400748,-0.4,0.0,0.5833333333333334,0.0,1.0,1.0,1.0,0.0,1.0,0
0.2556390977443609,-0.7604224355583985,0.7218817527766198,-1.0,0.0,0.5,0.0,0.0,0.0,1.0,1.0,1.0,0
-0.3458646616541353,-0.7604224355583985,0.9788068363955824,1.0,1.0,-0.5,0.0,0.0,1.0,1.0,0.0,1.0,0
-1.1729323308270676,0.2412435495327058,-0.33707193153638765,-0.2,0.0,-0.4166666666666667,0.0,0.0,1.0,1.0,0.0,1.0,0
-0.7368421052631579,0.18640891188221057,-0.9386668724534053,-0.6,0.0,0.5,1.0,0.0,0.0,1.0,0.0,1.0,1
0.17293233082706766,0.1265635871608479,-0.6630446667526101,0.4,1.0,0.25,0.0,0.0,1.0,1.0,0.0,1.0,0
0.022556390977443608,-0.03062012981810887,-0.33967905190233705,0.0,1.0,0.0,0.0,0.0,1.0,1.0,0.0,1.0,0
0.06015037593984962,0.2573473538760822,-0.7504538785796065,-0.8,0.0,0.3333333333333333,1.0,0.0,1.0,1.0,0.0,1.0,1
-0.08270676691729323,0.38499745305286764,-0.44615631300009606,-0.6,1.0,-0.3333333333333333,0.0,0.0,1.0,1.0,1.0,1.0,1
0.7593984962406015,0.1587343715715962,0.23073725611748144,-0.8,0.0,0.08333333333333333,1.0,0.0,0.0,1.0,0.0,1.0,1
0.706766917293233,0.3552808107640022,0.9607080631051509,0.4,0.0,-0.08333333333333333,0.0,0.0,1.0,1.0,1.0,1.0,0
1.037593984962406,0.1910430511435524,0.7872859569843539,0.6,0.0,1.0833333333333333,1.0,0.0,1.0,1.0,1.0,1.0,1
0.18796992481203006,-0.7604224355583985,0.903080348946508,-0.2,1.0,0.08333333333333333,0.0,0.0,1.0,1.0,0.0,1.0,0
0.2781954887218045,-0.30768582577596687,1.00532675054265,-1.0,0.0,0.6666666666666666,0.0,1.0,0.0,1.0,0.0,1.0,1
-0.15789473684210525,0.329653856898278,-0.3648908574343803,0.2,0.0,-1.25,1.0,0.0,0.0,1.0,1.0,0.0,0
-0.21804511278195488,-0.7604224355583985,-0.768549381087441,0.8,0.0,-0.25,0.0,0.0,0.0,1.0,0.0,1.0,0
1.037593984962406,-0.7604224355583985,-0.08588328953338073,-0.4,0.0,-0.4166666666666667,0.0,1.0,1.0,1.0,0.0,1.0,0
-1.0225563909774436,0.1260485173939271,-0.9820890667320145,0.6,0.0,0.0,0.0,0.0,0.0,0.0,0.0,1.0,0
-0.9548872180451128,-0.7604224355583985,0.7318213544540715,1.0,2.0,1.1666666666666667,0.0,0.0,1.0,1.0,0.0,2.0,1
-0.849624060150376,-0.2742457790859189,-0.4056976521785905,0.2,0.0,0.16666666666666666,0.0,1.0,0.0,0.0,1.0,1.0,0
-0.6015037593984962,0.16635065039310495,-0.39882737333287516,-0.2,1.0,-0.9166666666666666,1.0,0.0,1.0,0.0,0.0,0.0,0
0.7894736842105263,0.26052270336098693,-0.22463693993757153,0.6,0.0,-0.6666666666666666,0.0,0.0,1.0,1.0,0.0,0.0,0
0.21052631578947367,-0.03207265163267286,0.1789798812373729,0.0,0.0,-0.4166666666666667,0.0,0.0,1.0,1.0,0.0,1.0,0
0.6842105263157895,0.23479977132908095,0.40203999732715756,-0.8,0.0,-0.5833333333333334,0.0,0.0,0.0,1.0,1.0,0.0,0
0.13533834586466165,-0.10019889418266151,-0.6217783270534735,-0.6,1.0,-0.08333333333333333,1.0,0.0,0.0,0.0,0.0,1.0,0
0.2556390977443609,0.3514990359678765,0.864606133253983,0.8,1.0,-0.3333333333333333,1.0,0.0,1.0,0.0,1.0,1.0,0
-1.6466165413533835,-0.7604224355583985,-0.11994910355642673,1.0,0.0,1.0,0.0,0.0,0.0,1.0,1.0,1.0,0
0.022556390977443608,0.14933250711149235,-0.5105976805807378,-0.8,0.0,-0.25,0.0,1.0,1.0,1.0,1.0,1.0,0
-0.15037593984962405,0.08390924476974816,0.8812794586037108,-0.4,0.0,0.5833333333333334,0.0,0.0,1.0,1.0,0.0,1.0,0
0.5488721804511278,-0.36177238217690944,0.8644739731946592,-0.8,1.0,0.16666666666666666,1.0,0.0,1.0,1.0,1.0,1.0,0
-0.18045112781954886,-0.7604224355583985,0.044826484344386325,1.0,1.0,0.25,0.0,1.0,1.0,1.0,0.0,1.0,0
0.6691729323308271,0.5781014492350519,0.10626179829415915,0.6,1.0,0.0,1.0,0.0,0.0,0.0,0.0,1.0,0
-1.1578947368421053,0.5734131704530315,0.6742004884964916,-0.6,1.0,3.0,0.0,0.0,1.0,1.0,1.0,3.0,0
1.481203007518797,0.3635229455785385,-0.839700043682835,0.4,1.0,0.0,1.0,0.0,1.0,1.0,1.0,1.0,0
-1.3909774436090225,0.1367948596758077,0.8007053647095079,1.0,1.0,1.1666666666666667,1.0,0.0,1.0,1.0,0.0,2.0,1
-0.47368421052631576,-0.7604224355583985,0.7280530040541098,0.8,1.0,0.75,0.0,0.0,1.0,1.0,0.0,1.0,0
0.924812030075188,0.20941342884975964,0.36238870874741436,-0.6,0.0,1.1666666666666667,1.0,0.0,1.0,1.0,1.0,2.0,0
0.3609022556390977,0.3180462966550356,0.444929769526093,0.0,0.0,1.8333333333333333,1.0,0.0,0.0,1.0,0.0,2.0,1
-1.0977443609022557,-0.7604224355583985,0.8508722193397031,0.6,1.0,-0.4166666666666667,0.0,1.0,1.0,0.0,1.0,1.0,0
0.7518796992481203,-0.08005123588734113,0.05962646896148694,-0.8,0.0,-0.08333333333333333,0.0,0.0,0.0,1.0,1.0,1.0,0
0.3308270676691729,-0.007253794751435919,-0.9553060590097734,-0.6,1.0,-0.8333333333333334,1.0,0.0,0.0,1.0,1.0,0.0,0
0.24812030075187969,0.29897053818953595,0.2691275557939934,1.0,0.0,-0.5,0.0,1.0,1.0,1.0,1.0,1.0,0
0.43609022556390975,0.39784442440698903,-1.0005054125702566,0.6,1.0,-0.25,1.0,0.0,1.0,0.0,1.0,1.0,0
0.5714285714285714,0.1479207270491035,0.40488312509989616,-0.8,0.0,0.08333333333333333,0.0,0.0,1.0,1.0,1.0,1.0,0
-0.7969924812030075,-0.7604224355583985,0.6113026236659266,0.6,0.0,-0.75,0.0,0.0,1.0,1.0,0.0,0.0,0
0.8796992481203008,0.14139233136019197,-0.42525335469222525,0.4,0.0,-0.25,1.0,0.0,1.0,0.0,0.0,1.0,1
0.22556390977443608,0.2897119750077557,0.4583596028707762,1.0,0.0,0.8333333333333334,0.0,1.0,0.0,1.0,0.0,1.0,0
0.44360902255639095,0.43411625792177344,-0.09343164249630731,-0.4,0.0,0.16666666666666666,0.0,0.0,0.0,1.0,0.0,1.0,0
-0.518796992481203,-0.1520571901377224,0.9299507478912716,0.0,0.0,0.3333333333333333,1.0,0.0,0.0,1.0,0.0,1.0,0
0.2932330827067669,-0.7604224355583985,0.6605749192557491,0.2,1.0,-0.3333333333333333,0.0,0.0,0.0,1.0,0.0,1.0,0
1.0526315789473684,0.3588961711723975,0.3188202491595302,0.6,0.0,-1.0,0.0,1.0,1.0,1.0,1.0,0.0,0
1.1954887218045114,0.16252930908765542,0.8475968372043345,0.4,0.0,-0.5,0.0,0.0,1.0,1.0,1.0,1.0,0
0.45112781954887216,0.28170073623871916,0.27967450091498863,-0.6,0.0,-0.8333333333333334,0.0,0.0,0.0,1.0,0.0,0.0,0
-1.5488721804511278,0.306719854501801,0.7900633624692776,-0.4,0.0,-1.0,1.0,0.0,1.0,1.0,0.0,0.0,0
-0.9172932330827067,-0.7604224355583985,0.6684399248588805,-0.2,1.0,0.0,0.0,1.0,1.0,1.0,1.0,1.0,0
-0.9924812030075187,0.17991961260548245,-1.01295687307051,0.6,1.0,-0.25,1.0,0.0,1.0,1.0,1.0,1.0,0
-0.7744360902255639,0.83804417024897,0.10314627565823548,0.2,1.0,-0.25,1.0,0.0,1.0,1.0,0.0,1.0,0
-0.9699248120300752,-0.2770951162038998,0.4866538143649451,0.6,1.0,-0.8333333333333334,1.0,0.0,1.0,1.0,0.0,0.0,0
0.8721804511278195,-0.14619288500926428,-0.9314652224457969,-1.0,0.0,-1.0,0.0,0.0,1.0,1.0,1.0,0.0,0
0.9473684210526315,0.3757905222070167,0.2785834904948631,-0.4,1.0,0.08333333333333333,0.0,0.0,1.0,1.0,1.0,1.0,0
0.11278195488721804,-0.15433465408430783,-0.8030280292014451,-0.4,1.0,2.75,1.0,0.0,1.0,1.0,1.0,3.0,0
0.41353383458646614,-0.7604224355583985,-0.4603366887389128,-0.8,1.0,1.5,0.0,0.0,0.0,0.0,1.0,2.0,0
-0.43609022556390975,0.19871025715527998,0.9345826871088878,0.8,1.0,0.25,0.0,0.0,1.0,0.0,1.0,1.0,0
0.2556390977443609,-0.7604224355583985,0.6156186257270304,-0.2,1.0,-0.16666666666666666,0.0,1.0,0.0,1.0,1.0,1.0,0
0.6015037593984962,0.3782998223933829,-0.07676976488567017,0.2,0.0,1.0833333333333333,1.0,0.0,1.0,0.0,0.0,1.0,1
-0.15789473684210525,0.19388823573679245,-0.7798804963361488,-0.6,1.0,0.0,1.0,0.0,0.0,0.0,1.0,1.0,0
-0.16541353383458646,0.0892721129483595,-0.11319207555814438,-1.0,2.0,1.1666666666666667,1.0,0.0,0.0,0.0,0.0,2.0,1
0.07518796992481203,0.06241428806980814,-0.5233718242266102,0.2,0.0,0.4166666666666667,0.0,1.0,0.0,1.0,0.0,1.0,0
0.15789473684210525,0.23557856559181167,-0.23246923771472977,-0.8,2.0,-0.25,1.0,0.0,0.0,0.0,1.0,1.0,0
-0.631578947368421,0.25167328139047207,0.05285431359369193,-0.6,1.0,-0.6666666666666666,1.0,0.0,0.0,0.0,1.0,0.0,0
0.21804511278195488,0.06984291978274143,-0.9574743834478983,-1.0,0.0,0.75,0.0,0.0,1.0,1.0,0.0,1.0,0
0.39849624060150374,0.17816309464007382,0.8491922636281439,-0.4,0.0,-0.5,0.0,0.0,0.0,0.0,0.0,1.0,0
0.7744360902255639,-0.7604224355583985,-0.8045320781364412,-0.8,1.0,0.08333333333333333,0.0,0.0,0.0,1.0,0.0,1.0,0
1.3082706766917294,-0.7604224355583985,0.5923247253405034,0.0,1.0,-0.5833333333333334,0.0,0.0,0.0,0.0,1.0,0.0,0
-0.045112781954887216,0.12542728402278105,-0.47400232506647305,-0.6,0.0,0.5833333333333334,1.0,0.0,0.0,0.0,0.0,1.0,1
-0.05263157894736842,-0.489741912360652,-0.8975106150310606,-0.4,0.0,-1.0833333333333333,0.0,0.0,0.0,1.0,1.0,0.0,0
-0.44360902255639095,-0.7604224355583985,-0.4698573236080362,1.0,1.0,0.5,0.0,1.0,1.0,0.0,0.0,1.0,0
1.3233082706766917,0.2954694113862777,-0.20535475661863953,0.6,0.0,-0.75,0.0,1.0,1.0,1.0,0.0,0.0,0
-1.0827067669172932,-0.07961772797429388,-0.40958497729553056,-0.8,0.0,-0.16666666666666666,0.0,0.0,1.0,0.0,0.0,1.0,0
0.5789473684210527,-0.26157556425661843,0.46674507175470975,0.2,0.0,-0.5833333333333334,1.0,0.0,1.0,1.0,0.0,0.0,0
-0.6992481203007519,0.345084873884102,-0.8569416675088508,-0.4,0.0,-0.75,0.0,0.0,1.0,1.0,1.0,0.0,0
-0.12030075187969924,-0.7604224355583985,-0.7800558920529312,-0.6,1.0,-0.16666666666666666,0.0,0.0,0.0,1.0,1.0,1.0,0
-1.1278195488721805,-0.7604224355583985,-0.19244947503300494,0.2,1.0,-0.16666666666666666,0.0,0.0,0.0,1.0,1.0,1.0,0
0.8421052631578947,0.5634084847597836,0.19967688245356732,0.8,0.0,-0.3333333333333333,0.0,1.0,0.0,0.0,1.0,1.0,0
0.24060150375939848,-0.7604224355583985,0.3980893007973938,0.4,0.0,0.3333333333333333,0.0,1.0,0.0,1.0,1.0,1.0,0
-0.9849624060150376,0.19015973861658791,0.6620959353754688,-0.2,0.0,-0.8333333333333334,0.0,0.0,1.0,1.0,1.0,0.0,1
0.16541353383458646,-0.7604224355583985,-0.9725898963736861,0.8,1.0,0.4166666666666667,0.0,0.0,0.0,1.0,0.0,1.0,0
-0.015037593984962405,0.09266072983599598,0.051575028750306805,0.6,0.0,-1.0833333333333333,0.0,1.0,1.0,1.0,0.0,0.0,0
0.14285714285714285,0.1502701942077059,0.7425610713243974,-1.0,0.0,-0.5,0.0,0.0,1.0,1.0,0.0,1.0,0
0.08270676691729323,0.21601688338210137,-0.2191673737391677,0.0,0.0,0.4166666666666667,0.0,0.0,0.0,1.0,1.0,1.0,0
-0.14285714285714285,0.1370917260200217,-0.26156714182023916,-0.2,0.0,2.1666666666666665,0.0,1.0,1.0,1.0,0.0,3.0,1
0.42105263157894735,0.23139728657580022,0.340193382465769,-1.0,1.0,0.8333333333333334,0.0,0.0,0.0,0.0,1.0,1.0,1
0.21804511278195488,-0.7604224355583985,-0.4459583284410008,-0.4,1.0,-0.25,0.0,0.0,1.0,0.0,0.0,1.0,0
0.49624060150375937,-0.7604224355583985,-0.7059454778428118,0.4,1.0,-1.0,0.0,0.0,0.0,1.0,0.0,0.0,0
-0.556390977443609,0.2561242394660731,0.45215308846840885,0.6,0.0,-0.08333333333333333,1.0,0.0,0.0,1.0,1.0,1.0,0
-0.5338345864661654,0.19170847364590374,0.6358463718524626,-0.8,0.0,0.16666666666666666,1.0,0.0,1.0,0.0,0.0,1.0,1
-0.37593984962406013,-0.7604224355583985,0.1697329699868645,1.0,1.0,-0.4166666666666667,0.0,0.0,1.0,1.0,1.0,1.0,0
0.03007518796992481,0.5243145797611664,-0.6473945852960692,0.2,0.0,2.6666666666666665,0.0,1.0,1.0,1.0,1.0,3.0,0
-0.46616541353383456,-0.7604224355583985,-0.4859076670849266,1.0,0.0,-0.6666666666666666,0.0,1.0,1.0,1.0,1.0,0.0,1
0.20300751879699247,-0.16062502392108893,0.8724130824660117,-0.4,0.0,-0.9166666666666666,0.0,1.0,0.0,1.0,1.0,0.0,0
-0.38345864661654133,-0.7604224355583985,0.6720406476507286,-1.0,1.0,0.08333333333333333,0.0,0.0,0.0,1.0,0.0,1.0,0
-1.0751879699248121,0.5767020483973625,-0.7952165826633448,0.8,0.0,-0.4166666666666667,1.0,0.0,1.0,1.0,1.0,1.0,0
-1.7293233082706767,0.44019688608437646,-0.8972559028362926,0.2,0.0,0.3333333333333333,0.0,0.0,1.0,1.0,0.0,1.0,0
-1.1654135338345866,-0.7604224355583985,-0.2356693918503598,-0.4,1.0,-1.0833333333333333,0.0,1.0,1.0,1.0,0.0,0.0,0
-0.6992481203007519,-0.7604224355583985,0.9934892772630911,-0.8,1.0,0.5,0.0,0.0,0.0,1.0,1.0,1.0,0
-0.7669172932330827,0.18773395902218065,-0.5899323522944605,0.0,0.0,1.25,1.0,0.0,1.0,1.0,1.0,2.0,1
0.8571428571428571,0.1177820158776092,-0.6412816970455508,0.2,1.0,0.5,1.0,0.0,1.0,1.0,1.0,1.0,0
-0.37593984962406013,0.1476110897325731,-0.9737811767228115,-0.4,2.0,1.5833333333333333,0.0,0.0,0.0,1.0,0.0,2.0,1
0.2781954887218045,0.09010136430416871,0.7003789124980053,-0.8,0.0,3.0,0.0,1.0,1.0,0.0,1.0,3.0,0
-0.3233082706766917,-0.4521575676296437,0.8058896573382502,-0.8,0.0,0.0,0.0,0.0,1.0,1.0,1.0,1.0,1
-0.09022556390977443,0.16069397150169276,-0.17260706798232195,0.8,1.0,1.0833333333333333,0.0,0.0,0.0,0.0,0.0,1.0,0
0.5413533834586466,-0.7604224355583985,-0.40982149576210075,0.0,0.0,-0.75,0.0,0.0,0.0,1.0,0.0,0.0,0
0.556390977443609,-0.7604224355583985,0.9898361197377293,-0.4,1.0,-0.25,0.0,0.0,1.0,1.0,0.0,1.0,0
-0.24060150375939848,-0.19706961813500007,0.9276888995132542,0.8,0.0,-0.75,0.0,0.0,1.0,0.0,1.0,0.0,0
-0.19548872180451127,-0.7604224355583985,-0.6293869850705386,-0.4,1.0,-0.25,0.0,0.0,0.0,1.0,1.0,1.0,0
0.9699248120300752,-0.06094546955437422,-0.9453373269248143,-0.4,0.0,-0.3333333333333333,0.0,0.0,1.0,1.0,0.0,1.0,0
0.8045112781954887,0.24964269679216283,-0.5233487243245165,0.2,0.0,3.0833333333333335,0.0,1.0,0.0,1.0,1.0,3.0,0
1.330827067669173,-0.7604224355583985,-0.704414751587256,0.8,1.0,0.08333333333333333,0.0,0.0,1.0,1.0,0.0,1.0,0
0.9172932330827067,-0.018273185122412706,-0.3883643442278929,0.2,0.0,0.8333333333333334,0.0,0.0,0.0,0.0,1.0,1.0,0
0.8421052631578947,-0.7604224355583985,0.885759102006638,0.4,1.0,-1.0833333333333333,0.0,0.0,0.0,1.0,0.0,0.0,0
0.06015037593984962,-0.7604224355583985,0.9444610638245953,-0.8,2.0,1.0833333333333333,0.0,0.0,1.0,1.0,1.0,1.0,1
-0.3308270676691729,0.04479653588551156,-0.29377106284974863,-0.8,1.0,-0.3333333333333333,1.0,0.0,1.0,1.0,0.0,1.0,0
0.3458646616541353,0.2831241903800967,-0.47178432561765105,0.8,1.0,0.16666666666666666,1.0,0.0,1.0,0.0,1.0,1.0,0
0.6165413533834586,0.2035930778039365,-0.2345138856858928,0.4,0.0,-0.5833333333333334,1.0,0.0,0.0,1.0,1.0,0.0,0
-0.45112781954887216,-0.7604224355583985,-0.342827793424015,-1.0,1.0,0.3333333333333333,0.0,1.0,1.0,1.0,0.0,1.0,0
0.5639097744360902,0.24412783053812925,0.9125702180168249,-1.0,1.0,2.0,0.0,0.0,1.0,1.0,1.0,3.0,1
1.4887218045112782,-0.7604224355583985,0.7914934099480089,-0.4,1.0,0.4166666666666667,0.0,0.0,0.0,1.0,1.0,1.0,0
0.06766917293233082,0.4205049086172292,0.1452422698055789,0.0,1.0,-0.16666666666666666,1.0,0.0,0.0,0.0,1.0,1.0,0
0.40601503759398494,0.15642431422327083,-0.46002954181063127,-0.8,1.0,-0.5,1.0,0.0,1.0,1.0,0.0,1.0,0
0.3533834586466165,0.5515846798319199,-0.4509841925376841,-0.6,1.0,-0.16666666666666666,0.0,1.0,1.0,1.0,1.0,1.0,0
0.706766917293233,0.5893362224458928,-0.7877676819337687,-0.6,0.0,-0.16666666666666666,0.0,0.0,1.0,1.0,0.0,1.0,0
-0.48120300751879697,0.5269211117060886,-0.5207571401759044,-0.6,0.0,0.4166666666666667,1.0,0.0,0.0,1.0,0.0,1.0,0
-0.7894736842105263,-0.1235190030305204,0.8003205366945396,-0.4,2.0,1.0833333333333333,1.0,0.0,1.0,0.0,1.0,1.0,1
0.07518796992481203,-0.7604224355583985,0.3890327082092683,1.0,1.0,-0.6666666666666666,0.0,0.0,0.0,1.0,0.0,0.0,0
0.9699248120300752,-0.7604224355583985,-0.5814900535628982,-0.4,1.0,-0.3333333333333333,0.0,1.0,1.0,1.0,1.0,1.0,0
1.3458646616541354,-0.7604224355583985,-0.5286158086377537,1.0,0.0,0.5833333333333334,0.0,1.0,0.0,0.0,1.0,1.0,0
-1.150375939849624,-0.7604224355583985,-0.26564263914848246,0.2,1.0,0.75,0.0,0.0,0.0,1.0,0.0,1.0,0
0.20300751879699247,-0.15420185164212186,0.7709454337639056,0.6,1.0,0.0,1.0,0.0,0.0,0.0,1.0,1.0,0
0.21804511278195488,0.02159543996371789,-0.7759465625671966,-0.6,1.0,0.08333333333333333,0.0,1.0,1.0,1.0,0.0,1.0,0
-0.24060150375939848,-0.7604224355583985,-0.8051934917047973,-0.6,1.0,0.5,0.0,1.0,0.0,1.0,0.0,1.0,0
0.3308270676691729,-0.7604224355583985,-0.17527663985348949,0.4,1.0,-0.08333333333333333,0.0,1.0,0.0,1.0,1.0,1.0,0
-0.8947368421052632,0.040988200600948696,-0.3070198788200602,-0.8,2.0,1.0,1.0,0.0,0.0,1.0,0.0,1.0,1
-1.4661654135338347,-0.7604224355583985,0.8845976675487133,0.4,1.0,0.5833333333333334,0.0,1.0,1.0,0.0,0.0,1.0,0
-0.17293233082706766,0.41598398441722007,-0.9455696547011816,1.0,0.0,0.3333333333333333,0.0,1.0,1.0,0.0,0.0,1.0,0
-0.518796992481203,-0.32341707813551174,-0.7413076461059228,-0.2,1.0,0.25,0.0,0.0,0.0,1.0,0.0,1.0,0
1.3533834586466165,0.012027474513977308,-0.700499931454107,1.0,0.0,-0.8333333333333334,0.0,0.0,0.0,1.0,0.0,0.0,0
-1.2105263157894737,0.08239600207453866,0.14564232740201616,-0.4,0.0,2.5833333333333335,0.0,0.0,0.0,0.0,1.0,3.0,0
0.11278195488721804,-0.18889956488200435,-0.005268413068667423,0.6,1.0,0.25,0.0,0.0,1.0,1.0,0.0,1.0,0
0.18045112781954886,-0.058138911276177034,0.7168762288592138,0.0,0.0,0.0,0.0,0.0,0.0,1.0,1.0,1.0,1
0.6240601503759399,0.047961464883802304,0.6548640306288349,-0.6,0.0,1.5,0.0,1.0,1.0,0.0,1.0,2.0,0
0.518796992481203,0.16511946598218427,0.6217625864122237,0.8,0.0,0.25,0.0,0.0,1.0,1.0,1.0,1.0,0
-0.924812030075188,-0.7604224355583985,-0.7423624734935653,0.0,1.0,-0.5,0.0,0.0,0.0,1.0,0.0,1.0,0
-0.8872180451127819,0.6095338677371509,-0.2071696321123392,0.4,0.0,-0.6666666666666666,0.0,0.0,1.0,1.0,1.0,0.0,0
-1.1654135338345866,-0.17073916389854538,0.66824234914761,0.8,0.0,-0.8333333333333334,0.0,1.0,1.0,1.0,1.0,0.0,0
-0.3684210526315789,0.5118995493296238,-0.45734003860801126,0.0,1.0,0.16666666666666666,0.0,1.0,0.0,1.0,0.0,1.0,0
0.6842105263157895,-0.7604224355583985,-0.5640225413137534,0.2,1.0,0.16666666666666666,0.0,0.0,1.0,1.0,0.0,1.0,0
0.015037593984962405,0.281270832403749,0.4831368031651978,-0.2,0.0,-0.6666666666666666,0.0,0.0,1.0,1.0,1.0,0.0,0
-0.46616541353383456,-0.25628078181385344,-0.38521243413557377,-1.0,0.0,0.0,0.0,1.0,0.0,0.0,1.0,1.0,1
0.007518796992481203,0.41146658594576435,0.19355101328461566,0.8,0.0,0.08333333333333333,0.0,1.0,0.0,1.0,0.0,1.0,0
-1.1203007518796992,0.44051428000372483,0.5303780449740273,0.8,0.0,0.4166666666666667,1.0,0.0,1.0,1.0,1.0,1.0,0
0.42105263157894735,-0.20074765816212628,0.04344652072417688,-0.2,0.0,-1.1666666666666667,1.0,0.0,0.0,1.0,0.0,0.0,0
0.5714285714285714,-0.7604224355583985,-0.6073765602175992,0.4,1.0,0.5,0.0,0.0,1.0,1.0,0.0,1.0,0
-0.7669172932330827,-0.7604224355583985,-0.296897419953026,-1.0,1.0,0.6666666666666666,0.0,1.0,1.0,0.0,1.0,1.0,0
-0.21052631578947367,-0.7604224355583985,0.3370096844550819,0.0,1.0,-1.1666666666666667,0.0,0.0,0.0,0.0,0.0,0.0,0
0.7894736842105263,0.1869153632015558,0.3250597780237395,0.4,1.0,-0.75,0.0,0.0,1.0,1.0,1.0,0.0,0
-0.5789473684210527,0.33280679841948635,0.836578797177366,-0.8,0.0,0.25,0.0,0.0,0.0,1.0,0.0,1.0,0
-1.300751879699248,-0.033073331745710866,2.9845891200720947e-05,0.8,0.0,-0.16666666666666666,1.0,0.0,1.0,1.0,0.0,1.0,1
0.3383458646616541,0.6660548221800763,-0.5104816700104884,-0.8,0.0,0.08333333333333333,0.0,0.0,0.0,1.0,0.0,1.0,0
0.3383458646616541,0.27958334036846766,0.7688455913364125,0.8,1.0,0.4166666666666667,0.0,0.0,1.0,0.0,0.0,1.0,0
0.07518796992481203,-0.7604224355583985,0.5358451580854833,0.0,1.0,0.0,0.0,0.0,0.0,1.0,0.0,1.0,0
-0.48872180451127817,-0.10432885426083706,0.5044314376891004,-0.4,0.0,1.1666666666666667,0.0,1.0,1.0,0.0,1.0,2.0,0
-0.022556390977443608,-0.7604224355583985,-0.2477896856126323,0.4,1.0,0.6666666666666666,0.0,0.0,1.0,0.0,1.0,1.0,0
-0.5488721804511278,-0.404646259932614,-0.8249938896414956,1.0,1.0,0.25,1.0,0.0,1.0,1.0,0.0,1.0,0
-0.05263157894736842,0.2869277463437313,-0.8417302797681784,-0.8,0.0,1.5,0.0,1.0,0.0,0.0,1.0,2.0,0
-0.8270676691729323,0.08474734962170302,0.26427616750648697,0.4,0.0,-0.4166666666666667,0.0,0.0,1.0,1.0,0.0,1.0,0
-0.42857142857142855,0.41844886042381046,-0.18294468301708744,0.8,1.0,0.3333333333333333,1.0,0.0,0.0,0.0,1.0,1.0,0
-0.22556390977443608,0.11688828286403077,0.6470972507155798,0.8,0.0,1.25,1.0,0.0,0.0,1.0,1.0,2.0,1
-0.07518796992481203,0.0953097272226085,-0.4765063135686501,0.6,0.0,0.25,0.0,0.0,1.0,1.0,0.0,1.0,0
-0.849624060150376,0.23939262039158382,-0.008184315754197124,-0.6,0.0,0.0,0.0,0.0,1.0,1.0,0.0,1.0,0
-0.7518796992481203,0.21384871702067784,0.36988779554746837,0.8,0.0,0.3333333333333333,0.0,0.0,0.0,1.0,0.0,1.0,0
-0.8345864661654135,-0.7604224355583985,-0.5985307286830899,0.6,1.0,-0.4166666666666667,0.0,0.0,1.0,0.0,0.0,1.0,0
-0.41353383458646614,-0.7604224355583985,-0.594297620518437,-0.8,1.0,0.08333333333333333,0.0,1.0,1.0,1.0,0.0,1.0,0
0.7593984962406015,-0.7604224355583985,0.10665582538518263,0.0,1.0,0.5,0.0,0.0,0.0,1.0,0.0,1.0,0
0.5939849624060151,0.15533094662403457,0.7489214147207961,-0.4,0.0,0.0,1.0,0.0,1.0,0.0,0.0,1.0,1
-0.23308270676691728,-0.2222890761294506,-0.2584861668254998,0.6,0.0,0.4166666666666667,0.0,1.0,1.0,1.0,1.0,1.0,0
0.03759398496240601,0.07898771945652541,0.5565289739593322,-0.4,0.0,-0.25,0.0,0.0,1.0,1.0,0.0,1.0,0
1.4887218045112782,-0.2011672198600059,0.5576076167327616,-0.2,1.0,-0.25,0.0,0.0,0.0,1.0,1.0,1.0,0
-0.14285714285714285,-0.2169490076621525,-0.9113085136299006,0.6,0.0,1.9166666666666667,0.0,0.0,0.0,1.0,1.0,2.0,0
0.24812030075187969,0.1155100363976628,0.027982771663728305,-0.2,1.0,0.08333333333333333,1.0,0.0,1.0,1.0,1.0,1.0,0
-1.5639097744360901,-0.09954365711835388,0.4537068124141022,0.0,0.0,0.25,0.0,0.0,0.0,1.0,0.0,1.0,0
-0.41353383458646614,-0.09318018717622802,-0.9642968270981275,-0.6,0.0,0.5,0.0,1.0,1.0,0.0,1.0,1.0,1
-0.23308270676691728,-0.7604224355583985,0.7086613517301228,-0.8,1.0,-0.4166666666666667,0.0,0.0,1.0,1.0,1.0,1.0,0
0.8421052631578947,-0.7604224355583985,-0.10959625894019233,-1.0,1.0,-1.0833333333333333,0.0,0.0,0.0,1.0,0.0,0.0,0
0.44360902255639095,-0.7604224355583985,-0.4521808901204863,0.6,1.0,-0.08333333333333333,0.0,1.0,1.0,1.0,0.0,1.0,0
-0.6842105263157895,-0.7604224355583985,-0.14897341505349582,0.0,1.0,-0.4166666666666667,0.0,0.0,1.0,1.0,0.0,1.0,0
0.24060150375939848,-0.7604224355583985,0.4653866748572515,-0.8,1.0,-1.0,0.0,0.0,0.0,0.0,1.0,0.0,0
-0.09022556390977443,-0.05212104108182829,-0.9827504803003706,0.0,0.0,-0.9166666666666666,1.0,0.0,1.0,1.0,1.0,0.0,0
-0.9548872180451128,-0.14999949660431214,-0.3292137741343192,-0.4,0.0,-0.08333333333333333,0.0,1.0,1.0,1.0,0.0,1.0,0
1.4887218045112782,0.8988191904151581,0.9109863415440626,-0.8,0.0,-0.16666666666666666,0.0,0.0,0.0,1.0,0.0,1.0,1
-0.06015037593984962,-0.18573996365130566,0.5899658778160833,0.0,0.0,0.5833333333333334,0.0,0.0,1.0,1.0,0.0,1.0,1
-0.24812030075187969,-0.7604224355583985,-0.5826564964066749,0.4,1.0,1.5833333333333333,0.0,1.0,0.0,1.0,1.0,2.0,0
-0.5413533834586466,-0.7604224355583985,-0.36216455792754026,-0.6,1.0,-0.5,0.0,0.0,1.0,0.0,1.0,1.0,0
0.3007518796992481,0.17150667582990456,-0.8522707855359352,0.8,0.0,-0.75,0.0,1.0,1.0,0.0,0.0,0.0,1
1.2706766917293233,-0.7604224355583985,0.9692369353635866,-0.8,1.0,0.25,0.0,0.0,0.0,1.0,0.0,1.0,0
-0.47368421052631576,0.10640002391227457,0.4985073349216219,1.0,0.0,-0.5,0.0,0.0,0.0,1.0,0.0,1.0,0
0.7443609022556391,0.3573896665362016,0.6471449836991096,0.0,1.0,0.8333333333333334,0.0,0.0,1.0,1.0,0.0,1.0,0
1.2932330827067668,-0.7604224355583985,0.9541824429756305,-0.4,1.0,0.08333333333333333,0.0,1.0,0.0,1.0,0.0,1.0,0
-1.5037593984962405,0.27142958381634186,0.5333110170562371,0.2,1.0,-0.3333333333333333,0.0,0.0,0.0,1.0,0.0,1.0,0
-0.45112781954887216,-0.7604224355583985,-0.08432762356052034,0.4,1.0,-0.6666666666666666,0.0,0.0,1.0,1.0,1.0,0.0,0
-0.5112781954887218,-0.7604224355583985,-0.9702116285775945,-0.4,1.0,0.08333333333333333,0.0,1.0,0.0,1.0,1.0,1.0,0
0.20300751879699247,0.1881070594526761,-0.4340160879063709,0.4,0.0,-0.25,1.0,0.0,0.0,1.0,0.0,1.0,0
-0.18796992481203006,0.015183158268505307,0.7125164800808704,0.4,0.0,-1.3333333333333333,0.0,0.0,0.0,1.0,1.0,0.0,0
-0.022556390977443608,0.45707682080668754,-0.12363067600560282,0.0,0.0,1.0833333333333333,1.0,0.0,0.0,1.0,1.0,1.0,1
0.39097744360902253,-0.27404261877170755,0.3025855153137147,0.8,1.0,0.3333333333333333,1.0,0.0,1.0,1.0,0.0,1.0,0
0.21052631578947367,0.20391979531657103,0.362995949979002,-0.8,0.0,-0.3333333333333333,0.0,0.0,1.0,1.0,0.0,1.0,0
-0.6015037593984962,0.11936608654198462,-0.5118056214787184,-0.2,0.0,0.16666666666666666,1.0,0.0,1.0,1.0,0.0,1.0,1
-0.5413533834586466,-0.7604224355583985,-0.22832392962042444,0.8,1.0,0.0,0.0,0.0,1.0,0.0,1.0,1.0,0
0.7518796992481203,0.3728083042973263,-0.6025417302669919,-0.2,1.0,-0.5,0.0,1.0,0.0,1.0,0.0,1.0,0
0.39097744360902253,0.614688482882529,0.5375605813458327,-0.6,1.0,-0.08333333333333333,0.0,1.0,0.0,1.0,0.0,1.0,0
0.556390977443609,-0.7604224355583985,0.875227590891024,0.6,1.0,-0.4166666666666667,0.0,0.0,0.0,0.0,0.0,1.0,0
-0.20300751879699247,0.35771779434025763,-0.6523323426865366,-0.2,0.0,0.0,1.0,0.0,0.0,1.0,0.0,1.0,0
0.39097744360902253,-0.7604224355583985,-0.2701278019970428,-0.4,1.0,-0.3333333333333333,0.0,1.0,1.0,1.0,0.0,1.0,0
0.22556390977443608,-0.7604224355583985,0.6339018915983434,-0.2,0.0,-0.5833333333333334,0.0,0.0,1.0,0.0,1.0,0.0,0
0.6541353383458647,-0.7604224355583985,0.23669733749353036,0.2,0.0,-0.5833333333333334,0.0,0.0,0.0,0.0,0.0,0.0,0
0.09774436090225563,-0.7604224355583985,0.3342880866982256,0.6,1.0,0.3333333333333333,0.0,1.0,1.0,1.0,0.0,1.0,0
-0.6766917293233082,-0.7604224355583985,0.1661277498689451,0.0,0.0,0.08333333333333333,0.0,0.0,1.0,1.0,0.0,1.0,0
-0.48120300751879697,0.07099575467024855,1.015165775655233,0.2,1.0,0.3333333333333333,1.0,0.0,1.0,1.0,0.0,1.0,0
0.15789473684210525,0.28511254458528595,-0.958122100614128,0.6,0.0,0.5833333333333334,0.0,0.0,0.0,0.0,1.0,1.0,0
0.24060150375939848,0.0462261796392388,0.5590011745431412,-0.4,1.0,0.75,1.0,0.0,0.0,1.0,0.0,1.0,0
0.7894736842105263,0.19613647531114453,-0.5812369767594289,-0.8,0.0,-0.3333333333333333,1.0,0.0,1.0,1.0,0.0,1.0,0
-0.11278195488721804,0.08735482176090632,0.7113022020416073,-0.6,0.0,1.0,1.0,0.0,1.0,1.0,0.0,1.0,1
-0.41353383458646614,-0.7604224355583985,-0.5117969334624443,0.8,1.0,-0.3333333333333333,0.0,0.0,1.0,1.0,0.0,1.0,0
-0.24812030075187969,0.39894805579379256,0.726439690537971,-0.4,1.0,0.3333333333333333,1.0,0.0,1.0,1.0,0.0,1.0,0
-1.4586466165413534,0.5866586274832344,-0.9185655625177516,-0.6,1.0,-0.75,1.0,0.0,0.0,1.0,1.0,0.0,0
0.42105263157894735,-0.1099983041245657,0.016791584583012838,0.6,0.0,0.25,0.0,1.0,1.0,1.0,0.0,1.0,0
1.0601503759398496,-0.7604224355583985,0.5387265131298284,0.8,1.0,0.3333333333333333,0.0,1.0,1.0,1.0,0.0,1.0,0
-0.9924812030075187,0.09291489568994958,0.859862680792189,-0.4,0.0,-0.5,1.0,0.0,0.0,1.0,1.0,1.0,1
-0.9849624060150376,0.06885446219535593,-0.1486033055602155,0.0,1.0,0.0,0.0,0.0,1.0,1.0,1.0,1.0,0
0.03759398496240601,0.7144372198784179,0.8546102127886835,0.6,1.0,-0.08333333333333333,0.0,1.0,1.0,0.0,0.0,1.0,1
0.45112781954887216,-0.7604224355583985,0.18940396758705552,0.8,0.0,1.25,0.0,1.0,1.0,1.0,1.0,2.0,1
0.11278195488721804,0.3166017664918598,0.32094400918476634,0.6,0.0,1.5833333333333333,1.0,0.0,0.0,1.0,0.0,2.0,1
0.20300751879699247,0.0014058646733712,0.9153094984420982,-0.8,0.0,-0.08333333333333333,0.0,0.0,1.0,1.0,0.0,1.0,0
0.6090225563909775,0.5079387458724981,-0.9181669358887006,-0.4,0.0,-1.0833333333333333,0.0,0.0,0.0,1.0,1.0,0.0,0
0.6917293233082706,-0.4195673782200626,0.2032056480282739,-0.8,0.0,-0.6666666666666666,0.0,0.0,1.0,1.0,1.0,0.0,0
0.15037593984962405,0.5392297434848357,0.6652999735654331,-0.4,1.0,-1.3333333333333333,1.0,0.0,0.0,1.0,1.0,0.0,0
0.48120300751879697,0.1429578331875183,-0.5715645571353977,1.0,0.0,0.16666666666666666,1.0,0.0,0.0,1.0,0.0,1.0,1
-0.10526315789473684,-0.7604224355583985,-0.6722527374597749,0.2,0.0,1.6666666666666667,0.0,0.0,1.0,1.0,0.0,2.0,1
-0.45864661654135336,-0.05375408019833718,-0.4331984944689918,-0.6,1.0,-0.16666666666666666,1.0,0.0,0.0,1.0,0.0,1.0,0
0.17293233082706766,-0.7604224355583985,-0.6684797875217857,0.2,1.0,-0.3333333333333333,0.0,0.0,0.0,1.0,0.0,1.0,0
-0.45112781954887216,-0.7604224355583985,-0.8073389206647408,0.8,1.0,-0.25,0.0,0.0,0.0,1.0,1.0,1.0,0
-0.5112781954887218,0.09865525187236751,-0.2985217723604307,-0.2,0.0,-0.08333333333333333,1.0,0.0,0.0,1.0,1.0,1.0,0
0.3684210526315789,0.3953140481988247,0.9318150939717563,0.8,0.0,-0.3333333333333333,0.0,0.0,1.0,1.0,0.0,1.0,0
0.9172932330827067,-0.02515376191906817,-0.7260276741426622,-0.6,0.0,-0.9166666666666666,0.0,0.0,1.0,1.0,0.0,0.0,0
-0.7443609022556391,0.2465584678029881,-0.805067157726975,0.4,1.0,-1.0,1.0,0.0,0.0,1.0,0.0,0.0,0
1.0601503759398496,-0.7604224355583985,0.96458128297214,-0.6,1.0,-0.4166666666666667,0.0,0.0,1.0,1.0,0.0,1.0,1
0.37593984962406013,-0.6486740773041058,-0.4574780247488366,0.6,1.0,-0.16666666666666666,0.0,1.0,0.0,1.0,0.0,1.0,0
0.3233082706766917,0.07078139037418904,0.0009274712902584796,0.0,0.0,-0.5,0.0,0.0,0.0,0.0,0.0,1.0,0
-0.022556390977443608,0.08815336010353732,0.9509728853400331,-0.2,0.0,-0.16666666666666666,0.0,0.0,0.0,1.0,1.0,1.0,0
0.5263157894736842,0.2266077018600059,0.6205847980413125,-1.0,0.0,0.0,1.0,0.0,0.0,0.0,0.0,1.0,0
0.3308270676691729,-0.09898306627832994,-0.48174774268088943,-0.2,0.0,-0.4166666666666667,1.0,0.0,1.0,0.0,1.0,1.0,0
1.4887218045112782,0.26844376182857455,0.20164895993585177,0.4,0.0,1.5833333333333333,0.0,0.0,1.0,1.0,1.0,2.0,0
0.849624060150376,0.40669368967845715,0.7607833166578787,-0.2,0.0,0.5,1.0,0.0,1.0,0.0,1.0,1.0,1
0.5112781954887218,0.6744346171072503,1.004146202448922,0.0,1.0,2.8333333333333335,0.0,0.0,1.0,1.0,1.0,3.0,0
0.6390977443609023,0.11351369054108527,0.07033112713084784,1.0,1.0,-1.25,1.0,0.0,0.0,0.0,0.0,0.0,0
0.15789473684210525,0.32205457992334985,0.112653622973057,0.6,0.0,0.16666666666666666,0.0,1.0,1.0,1.0,1.0,1.0,0
-0.37593984962406013,0.009509242481942041,-0.5561214548900948,0.0,0.0,1.3333333333333333,1.0,0.0,0.0,0.0,1.0,2.0,1
-0.2556390977443609,-0.003151883802642436,-0.007773628114318537,0.0,0.0,0.0,0.0,0.0,0.0,1.0,0.0,1.0,1
1.3909774436090225,0.2325234042758234,-0.20309065957758612,-0.6,0.0,0.08333333333333333,1.0,0.0,1.0,1.0,1.0,1.0,0
-0.7443609022556391,0.4820778403298609,-0.5704120151176595,-0.6,1.0,-0.16666666666666666,1.0,0.0,1.0,1.0,0.0,1.0,0
0.43609022556390975,-0.7604224355583985,0.37761123759130893,-0.2,1.0,0.08333333333333333,0.0,1.0,0.0,1.0,1.0,1.0,0
-0.05263157894736842,-0.7604224355583985,-0.018590923859375268,-0.2,1.0,-0.4166666666666667,0.0,0.0,1.0,0.0,1.0,1.0,0
0.5488721804511278,-0.7604224355583985,0.9335006713409046,0.2,1.0,-0.6666666666666666,0.0,0.0,0.0,1.0,1.0,0.0,0
0.15037593984962405,-0.7604224355583985,-0.08046145631850683,-0.8,0.0,0.8333333333333334,0.0,0.0,1.0,0.0,0.0,1.0,0
0.3007518796992481,0.09906462813220338,-0.6290944544519889,-0.2,0.0,-0.25,0.0,1.0,0.0,1.0,1.0,1.0,0
-0.09774436090225563,-0.7604224355583985,-0.5783573593183384,-0.4,0.0,0.08333333333333333,0.0,0.0,1.0,1.0,0.0,1.0,0
0.24812030075187969,-0.17360863684404365,1.0144256588806286,0.4,0.0,0.25,0.0,1.0,1.0,1.0,0.0,1.0,0
-0.41353383458646614,0.2187757268005396,-0.9434417039857427,0.2,1.0,2.9166666666666665,1.0,0.0,0.0,1.0,1.0,3.0,0
0.045112781954887216,0.4029198281841961,0.3176971441851683,0.2,0.0,0.5833333333333334,0.0,0.0,0.0,1.0,0.0,1.0,0
-0.015037593984962405,-0.7604224355583985,0.7761345303545873,-1.0,0.0,2.8333333333333335,0.0,1.0,1.0,1.0,1.0,3.0,0
-0.7669172932330827,0.4491163525288228,-0.4878108537087546,0.2,0.0,-1.25,0.0,0.0,1.0,1.0,1.0,0.0,0
0.9699248120300752,-0.7604224355583985,0.7425745633026115,0.8,1.0,-0.6666666666666666,0.0,0.0,1.0,0.0,0.0,0.0,0
0.022556390977443608,0.07163775066509928,-0.6891796506727529,0.4,0.0,-0.9166666666666666,0.0,0.0,0.0,0.0,1.0,0.0,0
-0.022556390977443608,-0.7604224355583985,-0.9959120072601155,-0.6,1.0,-0.3333333333333333,0.0,0.0,1.0,1.0,0.0,1.0,0
0.3684210526315789,-0.7604224355583985,0.7125657462437426,0.6,1.0,-0.08333333333333333,0.0,1.0,1.0,1.0,0.0,1.0,0
-1.0,0.38606277152272184,0.9753098587392437,-0.8,1.0,-1.3333333333333333,0.0,0.0,0.0,1.0,1.0,0.0,0
-0.5939849624060151,-0.7604224355583985,-0.3784140102950439,0.6,1.0,0.5833333333333334,0.0,1.0,1.0,0.0,0.0,1.0,0
1.0300751879699248,0.6144326716885838,0.750092252678688,-0.2,0.0,-0.5,0.0,0.0,1.0,1.0,1.0,1.0,0
0.556390977443609,0.06595929060617813,-0.5458347414095005,-0.6,0.0,1.5833333333333333,0.0,1.0,0.0,1.0,1.0,2.0,0
-0.2781954887218045,-0.11937846576668397,0.7124422742006931,0.2,0.0,1.1666666666666667,0.0,1.0,1.0,1.0,1.0,2.0,0
-0.007518796992481203,-0.7604224355583985,0.06288805248277307,-0.4,1.0,-0.25,0.0,0.0,1.0,1.0,1.0,1.0,0
-0.48872180451127817,-0.7604224355583985,0.06876575102215146,-0.6,3.0,0.25,0.0,0.0,1.0,0.0,1.0,1.0,1
0.9022556390977443,0.3672694630891283,-0.5393871090025354,0.8,0.0,1.1666666666666667,1.0,0.0,0.0,0.0,1.0,2.0,1
-0.21052631578947367,0.15412193512823993,0.11295606815135502,-0.4,0.0,1.4166666666666667,1.0,0.0,1.0,1.0,0.0,2.0,1
-0.7293233082706767,-0.7604224355583985,-0.46037440495073845,-0.2,1.0,-0.4166666666666667,0.0,1.0,1.0,1.0,1.0,1.0,0
0.0,0.054534363102012685,-0.4521760861585465,0.4,1.0,-0.16666666666666666,1.0,0.0,1.0,1.0,1.0,1.0,0
0.3082706766917293,-0.7604224355583985,-0.4045751604759654,-0.6,1.0,2.5833333333333335,0.0,0.0,1.0,1.0,1.0,3.0,0
-0.3684210526315789,-0.29533363166220206,0.9404534352352467,0.6,0.0,0.08333333333333333,0.0,0.0,1.0,1.0,1.0,1.0,0
1.4661654135338347,0.12267204468241977,0.17018617780050854,0.8,0.0,0.0,0.0,1.0,0.0,1.0,0.0,1.0,0
1.112781954887218,0.005557057472391876,-0.008246358411590512,0.0,0.0,0.25,0.0,0.0,0.0,1.0,0.0,1.0,1
-0.13533834586466165,-0.7604224355583985,0.3254223238322635,0.4,1.0,0.3333333333333333,0.0,0.0,0.0,1.0,1.0,1.0,0
-0.42857142857142855,-0.00959558365674393,0.8002382560698253,-0.2,0.0,-1.4166666666666667,0.0,0.0,1.0,1.0,0.0,0.0,0
-0.7368421052631579,0.11829011253694618,-0.6460281136540738,-0.2,0.0,0.3333333333333333,0.0,1.0,0.0,0.0,1.0,1.0,0
1.4887218045112782,-0.7604224355583985,0.07962239837033251,-0.2,1.0,2.8333333333333335,0.0,0.0,0.0,1.0,1.0,3.0,0
-0.5263157894736842,-0.7604224355583985,0.44022086470548344,-1.0,0.0,-0.6666666666666666,0.0,0.0,1.0,1.0,0.0,0.0,0
0.10526315789473684,0.400894963101096,0.5877862078508239,-0.6,0.0,1.1666666666666667,0.0,0.0,1.0,0.0,0.0,2.0,1
0.39849624060150374,0.13069581937520253,0.995725061592286,-0.4,0.0,-1.0,0.0,0.0,1.0,0.0,1.0,0.0,0
-0.6766917293233082,-0.7604224355583985,-0.4795967942753129,-0.6,0.0,0.0,0.0,0.0,1.0,0.0,1.0,1.0,1
-0.7819548872180451,-0.7604224355583985,0.22810376506684082,-0.2,0.0,0.0,0.0,1.0,1.0,1.0,0.0,1.0,0
1.4887218045112782,0.3861756731859608,0.04553716407561487,-0.8,0.0,0.08333333333333333,0.0,1.0,1.0,0.0,1.0,1.0,0
-0.6090225563909775,0.038877856187804406,0.29798413747099267,0.8,1.0,-0.3333333333333333,0.0,0.0,0.0,0.0,0.0,1.0,0
1.4887218045112782,-0.7604224355583985,0.00668588847679011,0.8,0.0,0.0,0.0,0.0,0.0,0.0,0.0,1.0,0
-0.39849624060150374,-0.7604224355583985,0.7640317148368193,0.6,1.0,-0.25,0.0,0.0,1.0,1.0,1.0,1.0,0
-0.9323308270676691,0.038873703663063496,-0.19691971493596497,0.2,1.0,-0.5,0.0,0.0,1.0,0.0,0.0,1.0,0
-0.23308270676691728,-0.7604224355583985,-0.003258619374557351,0.2,1.0,-0.25,0.0,0.0,1.0,1.0,1.0,1.0,0
-0.2631578947368421,0.5397721572354276,0.7092225975814354,-0.6,1.0,-0.9166666666666666,0.0,0.0,0.0,0.0,1.0,0.0,0
-0.9548872180451128,-0.7604224355583985,0.5084891501369705,0.0,1.0,-0.5833333333333334,0.0,1.0,0.0,0.0,1.0,0.0,0
0.9924812030075187,-0.7604224355583985,0.44725366056150406,0.4,1.0,-0.5,0.0,0.0,1.0,1.0,1.0,1.0,0
-0.6992481203007519,-0.7604224355583985,0.22184246505596816,-0.6,1.0,0.16666666666666666,0.0,1.0,0.0,1.0,1.0,1.0,0
0.09774436090225563,-0.7604224355583985,-0.12300391229038724,0.8,0.0,0.08333333333333333,0.0,1.0,1.0,0.0,1.0,1.0,0
0.47368421052631576,0.16872777493347244,-0.958367613732841,0.0,0.0,0.08333333333333333,0.0,0.0,0.0,1.0,1.0,1.0,1
1.4887218045112782,0.24719411748644235,0.7323411022511803,0.0,0.0,0.5833333333333334,1.0,0.0,0.0,0.0,1.0,1.0,0
0.11278195488721804,0.3345384012364495,-0.20008787672931455,0.6,0.0,-0.08333333333333333,0.0,0.0,1.0,1.0,0.0,1.0,0
0.5263157894736842,0.3232436122906741,-0.9809721966869785,1.0,0.0,0.9166666666666666,1.0,0.0,0.0,1.0,1.0,1.0,1
-0.2932330827067669,0.21377475507057542,0.9593884045390797,0.4,0.0,0.25,0.0,0.0,1.0,0.0,0.0,1.0,0
0.41353383458646614,-0.7604224355583985,-0.7015820494340461,0.8,1.0,-0.4166666666666667,0.0,0.0,1.0,0.0,0.0,1.0,0
1.443609022556391,-0.7604224355583985,0.48954508396903856,0.6,1.0,-0.6666666666666666,0.0,0.0,0.0,0.0,0.0,0.0,0
0.2781954887218045,-0.7604224355583985,-0.17107358200394976,-0.6,0.0,0.08333333333333333,0.0,1.0,1.0,1.0,1.0,1.0,0
-0.24812030075187969,-0.7604224355583985,0.4870082854289319,1.0,0.0,0.25,0.0,0.0,0.0,1.0,1.0,1.0,1
-0.6240601503759399,-0.7604224355583985,-0.20266739986709903,0.6,1.0,0.08333333333333333,0.0,1.0,1.0,0.0,0.0,1.0,0
-0.8270676691729323,0.03181707548729775,0.9909255969785125,0.6,0.0,-0.25,0.0,0.0,1.0,1.0,0.0,1.0,0
0.7744360902255639,-0.1173019683476544,-0.9108430403815166,-0.8,0.0,0.08333333333333333,1.0,0.0,0.0,0.0,1.0,1.0,0
-1.4285714285714286,-0.018589090400816233,0.3989461436259412,-0.8,1.0,-0.25,1.0,0.0,1.0,1.0,0.0,1.0,0
-0.2706766917293233,0.36098967043800795,-0.35896511927560354,-0.4,1.0,0.6666666666666666,1.0,0.0,1.0,0.0,1.0,1.0,0
-0.07518796992481203,-0.7604224355583985,-0.10985853481971666,-0.4,1.0,-0.4166666666666667,0.0,0.0,1.0,1.0,1.0,1.0,0
1.4736842105263157,0.18613296486074798,0.8796708468375558,0.4,0.0,-1.25,0.0,1.0,1.0,1.0,1.0,0.0,0
-0.6390977443609023,-0.7604224355583985,0.7060268385599205,0.0,1.0,0.16666666666666666,0.0,0.0,1.0,0.0,0.0,1.0,0
-0.37593984962406013,-0.7604224355583985,0.13780011506510972,0.6,1.0,-0.3333333333333333,0.0,0.0,0.0,1.0,1.0,1.0,0
-0.045112781954887216,0.3779593937141509,-0.7321667286539594,0.2,1.0,1.0833333333333333,1.0,0.0,1.0,1.0,1.0,1.0,0
-0.37593984962406013,-0.7604224355583985,-0.22519839021279645,0.0,1.0,-0.25,0.0,0.0,1.0,1.0,1.0,1.0,0
-1.1203007518796992,0.310008732446132,-0.5328994095087529,1.0,1.0,-0.5833333333333334,1.0,0.0,1.0,0.0,0.0,0.0,0
-0.45864661654135336,0.24612362794804282,0.3864389776095766,0.0,0.0,1.75,0.0,1.0,1.0,0.0,1.0,2.0,0
-0.45112781954887216,0.23052212239927078,0.8204679442224247,-0.8,0.0,-0.08333333333333333,0.0,0.0,1.0,0.0,0.0,1.0,0
-0.2857142857142857,0.16971066970469553,0.34899424073956475,0.2,0.0,0.5833333333333334,1.0,0.0,0.0,1.0,0.0,1.0,1
0.2556390977443609,0.09627334801107192,-0.13700153305157758,-0.6,1.0,-0.16666666666666666,1.0,0.0,1.0,0.0,1.0,1.0,0
-0.46616541353383456,-0.12518957156874433,0.8502022199670292,0.4,1.0,0.5,0.0,0.0,1.0,1.0,1.0,1.0,1
0.24060150375939848,-0.7604224355583985,-0.6446505009088561,-1.0,1.0,0.75,0.0,0.0,1.0,1.0,1.0,1.0,0
-0.06015037593984962,0.44189581715007603,-0.17120604869914213,-0.2,1.0,-0.9166666666666666,0.0,1.0,0.0,1.0,1.0,0.0,0
0.39849624060150374,0.3592354246087784,-0.4222577266808853,-0.4,0.0,-0.5,0.0,0.0,0.0,1.0,1.0,1.0,0
-0.18045112781954886,-0.7604224355583985,-0.5163973913975608,-0.4,1.0,0.08333333333333333,0.0,0.0,0.0,1.0,1.0,1.0,0
-0.39097744360902253,-0.7604224355583985,0.26832713396525026,-0.4,1.0,-0.8333333333333334,0.0,0.0,0.0,0.0,1.0,0.0,0
-0.7368421052631579,-0.7604224355583985,0.441797586341314,0.6,1.0,-1.25,0.0,0.0,0.0,0.0,1.0,0.0,0
-0.9624060150375939,-0.7604224355583985,0.2797123193387705,-0.8,1.0,-0.5833333333333334,0.0,0.0,1.0,1.0,0.0,0.0,0
-0.2857142857142857,0.42982380093203804,-0.4393835443605641,-0.4,0.0,0.16666666666666666,0.0,1.0,1.0,0.0,0.0,1.0,0
0.05263157894736842,-0.7604224355583985,0.17174450128422938,-0.8,0.0,1.0,0.0,0.0,0.0,1.0,0.0,1.0,1
-1.3834586466165413,0.3180546017045174,1.014631002700568,0.6,0.0,-0.4166666666666667,0.0,0.0,0.0,0.0,0.0,1.0,0
-0.16541353383458646,0.2568499127519295,0.9971206636417892,0.4,1.0,-0.9166666666666666,0.0,0.0,1.0,0.0,1.0,0.0,0
0.11278195488721804,0.1358304553921101,-0.47052660749701714,-0.8,0.0,-0.08333333333333333,1.0,0.0,0.0,1.0,1.0,1.0,0
-0.11278195488721804,0.05976254844987621,-0.45157221792151236,-0.8,0.0,1.1666666666666667,1.0,0.0,1.0,1.0,0.0,2.0,1
0.13533834586466165,0.6152067649799099,-0.003937102339593372,-0.4,1.0,1.6666666666666667,0.0,1.0,0.0,1.0,0.0,2.0,1
0.45112781954887216,0.45224343870730505,0.9895215113366476,0.0,1.0,1.0,1.0,0.0,0.0,0.0,0.0,1.0,0
-1.7593984962406015,-0.7604224355583985,-0.10802567002173165,0.4,1.0,-0.16666666666666666,0.0,0.0,1.0,1.0,1.0,1.0,0
-1.2330827067669172,-0.7604224355583985,0.27119305500421437,-0.4,1.0,-0.25,0.0,0.0,1.0,1.0,1.0,1.0,0
0.9548872180451128,-0.7604224355583985,-0.7016059670317893,-0.4,1.0,-0.3333333333333333,0.0,1.0,1.0,1.0,0.0,1.0,0
0.06766917293233082,-0.5403938607037143,-0.3052117493154674,0.0,0.0,0.3333333333333333,0.0,1.0,0.0,1.0,0.0,1.0,1
0.20300751879699247,-0.7604224355583985,-0.36550872870940937,-0.4,1.0,-0.6666666666666666,0.0,0.0,1.0,1.0,1.0,0.0,0
0.7744360902255639,0.15654818481978763,-0.7930089066220957,0.8,0.0,-0.6666666666666666,0.0,0.0,1.0,1.0,1.0,0.0,0
-0.39849624060150374,-0.7604224355583985,0.7246844046147167,-0.2,0.0,0.5,0.0,0.0,0.0,1.0,0.0,1.0,0
-0.8796992481203008,0.17407027223599622,0.9858307398114166,-0.6,0.0,0.08333333333333333,0.0,0.0,1.0,0.0,0.0,1.0,1
-0.24812030075187969,0.4320520613779196,-0.13721801797473918,0.0,0.0,1.75,0.0,0.0,1.0,1.0,1.0,2.0,0
1.263157894736842,-0.7604224355583985,0.20074745048245962,-0.8,1.0,1.0,0.0,0.0,0.0,1.0,1.0,1.0,0
-0.12030075187969924,0.002115476306927756,0.3319582673693569,-0.4,0.0,-0.6666666666666666,1.0,0.0,0.0,0.0,1.0,0.0,0
-0.2556390977443609,-0.41332284285447846,-0.0993258993725847,0.8,2.0,1.0,0.0,0.0,0.0,1.0,1.0,1.0,1
-0.03759398496240601,-0.7604224355583985,-0.2142214393922069,0.8,1.0,0.5,0.0,0.0,1.0,1.0,1.0,1.0,0
-0.11278195488721804,0.4745429666631787,0.21471931383069587,-1.0,0.0,0.5833333333333334,0.0,1.0,0.0,1.0,1.0,1.0,0
0.06015037593984962,0.07389547053178447,0.8464756742571397,0.6,1.0,-0.25,0.0,0.0,1.0,0.0,1.0,1.0,0
0.3533834586466165,-0.7604224355583985,-0.2344382488383292,0.6,0.0,-0.25,0.0,1.0,1.0,1.0,1.0,1.0,0
1.0827067669172932,-0.08386748447376884,0.057582025414236286,0.0,1.0,0.16666666666666666,1.0,0.0,1.0,0.0,0.0,1.0,0
-0.7218045112781954,0.37579169744986807,-0.08707354776294442,0.8,1.0,0.0,1.0,0.0,1.0,1.0,0.0,1.0,1
0.2932330827067669,-0.7604224355583985,1.0240512654287353,0.8,1.0,-0.6666666666666666,0.0,0.0,0.0,0.0,0.0,0.0,0
0.7142857142857143,-0.7604224355583985,-0.883510438970966,1.0,1.0,-0.8333333333333334,0.0,0.0,1.0,0.0,0.0,0.0,0
1.150375939849624,-0.7604224355583985,-0.7605064244686226,-0.6,1.0,-0.9166666666666666,0.0,1.0,1.0,1.0,1.0,0.0,0
-0.9849624060150376,-0.07711430400218378,-1.0062979685501479,-0.6,0.0,-0.6666666666666666,1.0,0.0,0.0,1.0,1.0,0.0,0
-1.7142857142857142,-0.7604224355583985,-0.8503659635208086,0.4,0.0,-0.25,0.0,1.0,1.0,1.0,1.0,1.0,0
1.1428571428571428,-0.7604224355583985,0.1973269273693339,0.4,1.0,1.5,0.0,0.0,1.0,1.0,1.0,2.0,0
0.22556390977443608,0.12234540551930861,-0.8009509800401772,0.0,0.0,1.25,0.0,0.0,0.0,1.0,0.0,2.0,1
-0.18045112781954886,-0.7604224355583985,0.9070933947695333,-0.4,0.0,-0.3333333333333333,0.0,1.0,0.0,1.0,1.0,1.0,0
0.6466165413533834,-0.11267441044627936,-0.5874756879279888,0.8,0.0,-0.5,0.0,0.0,1.0,1.0,0.0,1.0,0
-0.17293233082706766,-0.7604224355583985,-1.015376332284937,0.8,0.0,0.25,0.0,0.0,1.0,1.0,0.0,1.0,0
0.20300751879699247,-0.7604224355583985,-0.9935362947629279,-0.4,1.0,-0.08333333333333333,0.0,0.0,0.0,1.0,1.0,1.0,0
-0.20300751879699247,0.8198566603304102,0.34316601278697123,0.6,0.0,0.5,0.0,0.0,1.0,1.0,0.0,1.0,1
-0.6691729323308271,-0.7604224355583985,-0.6147993968983527,0.2,1.0,1.6666666666666667,0.0,1.0,1.0,1.0,1.0,2.0,0
1.105263157894737,0.6043164162739952,0.952481636025013,0.6,1.0,-1.25,0.0,0.0,0.0,0.0,1.0,0.0,0
0.2706766917293233,0.3220734621584926,0.14799647317645245,0.4,1.0,0.0,0.0,1.0,1.0,1.0,1.0,1.0,0
-0.8872180451127819,0.4244857695523488,1.0209920615806596,-0.4,0.0,-0.3333333333333333,0.0,1.0,0.0,0.0,0.0,1.0,0
-0.49624060150375937,0.32513818211633744,-0.07196457640235127,-0.6,0.0,1.1666666666666667,0.0,0.0,1.0,1.0,1.0,2.0,0
-1.263157894736842,0.07714509536488524,0.19010442612266737,0.4,1.0,0.25,1.0,0.0,1.0,0.0,0.0,1.0,0
1.4887218045112782,-0.35854054268562346,-0.6532597117648391,-0.4,0.0,-0.5,1.0,0.0,0.0,0.0,0.0,1.0,0
-0.48872180451127817,-0.7604224355583985,-0.9254162166678828,-0.8,1.0,0.9166666666666666,0.0,1.0,1.0,1.0,1.0,1.0,0
0.2781954887218045,0.3102307749954862,-0.5885489134677414,0.0,0.0,-0.5833333333333334,1.0,0.0,0.0,1.0,1.0,0.0,1
-0.6691729323308271,0.3175341258204812,-0.9572669953888355,-0.4,0.0,-1.25,0.0,0.0,1.0,0.0,1.0,0.0,0
-0.6240601503759399,0.15602684709099388,-0.050677914411029756,-0.4,0.0,-0.16666666666666666,0.0,1.0,1.0,0.0,0.0,1.0,0
-1.0075187969924813,0.4228673034471948,0.20371272154281797,0.4,1.0,0.4166666666666667,0.0,0.0,1.0,1.0,0.0,1.0,0
0.05263157894736842,0.42205787452080934,0.7686908424347759,-0.4,1.0,-0.4166666666666667,1.0,0.0,0.0,0.0,1.0,1.0,0
0.5789473684210527,0.43753582287115816,0.794017125357726,0.6,1.0,-0.08333333333333333,1.0,0.0,1.0,1.0,0.0,1.0,0
-0.3233082706766917,-0.7604224355583985,-0.4815623301924027,0.4,1.0,1.3333333333333333,0.0,0.0,1.0,0.0,1.0,2.0,0
-0.12030075187969924,0.1296261133320372,0.6075494006354774,0.2,1.0,1.0,1.0,0.0,1.0,1.0,0.0,1.0,1
1.4887218045112782,0.08720822980259951,-0.7702032727501777,0.4,1.0,1.4166666666666667,0.0,1.0,1.0,0.0,0.0,2.0,1
0.39849624060150374,-0.7604224355583985,-0.33848439855865825,-0.4,1.0,-0.16666666666666666,0.0,0.0,0.0,0.0,1.0,1.0,0
0.022556390977443608,0.11593923508692228,-0.9090303113388963,0.4,1.0,0.0,0.0,0.0,0.0,1.0,0.0,1.0,0
0.3458646616541353,0.08030234610988149,-0.7220315955043606,1.0,2.0,1.25,1.0,0.0,1.0,1.0,0.0,2.0,1
-0.2857142857142857,0.2686556189398846,-0.45658387455628846,-0.4,1.0,-0.5833333333333334,1.0,0.0,0.0,1.0,0.0,0.0,0
0.38345864661654133,-0.7604224355583985,0.2358189279422319,0.4,1.0,0.25,0.0,0.0,0.0,0.0,1.0,1.0,0
-0.6992481203007519,0.3160225284652632,-0.9175561172386472,-0.6,1.0,-0.25,0.0,0.0,1.0,1.0,0.0,1.0,0
-0.7218045112781954,0.14422592022396682,0.5236595508832199,-0.6,0.0,0.08333333333333333,0.0,1.0,1.0,1.0,0.0,1.0,0
-0.8270676691729323,0.06828157048015601,0.42400626661503277,0.6,0.0,1.4166666666666667,0.0,1.0,1.0,0.0,1.0,2.0,1
-0.5413533834586466,0.26074482425986434,-0.4883161896200438,-0.6,1.0,3.25,1.0,0.0,1.0,1.0,1.0,3.0,0
-0.21804511278195488,-0.2003660176335789,-0.1535795968581579,0.4,1.0,1.6666666666666667,0.0,0.0,0.0,1.0,1.0,2.0,0
1.3759398496240602,-0.7604224355583985,-0.8141510409073971,0.8,0.0,-1.1666666666666667,0.0,0.0,1.0,1.0,0.0,0.0,1
-0.6390977443609023,-0.7604224355583985,0.11706836178381833,-0.6,0.0,0.8333333333333334,0.0,0.0,0.0,0.0,0.0,1.0,1
-1.1353383458646618,-0.7604224355583985,0.4344006092854709,-0.6,1.0,0.25,0.0,0.0,0.0,0.0,0.0,1.0,0
-0.40601503759398494,0.21063058869598933,1.0164721466670026,0.8,1.0,-0.4166666666666667,1.0,0.0,1.0,1.0,0.0,1.0,0
0.7218045112781954,0.12187758051500631,-0.9955279969407964,-0.2,0.0,0.5833333333333334,0.0,0.0,1.0,0.0,1.0,1.0,0
-1.6390977443609023,0.08675936538296326,-0.436065130991649,-0.2,0.0,0.3333333333333333,0.0,0.0,1.0,0.0,1.0,1.0,0
-0.13533834586466165,-0.7604224355583985,0.6350726273442793,0.0,1.0,3.3333333333333335,0.0,0.0,1.0,1.0,1.0,3.0,0
-0.6165413533834586,-0.7604224355583985,0.9026497299751768,0.2,0.0,0.0,0.0,0.0,1.0,1.0,1.0,1.0,0
0.631578947368421,-0.7604224355583985,0.7840245778869802,0.8,1.0,-0.6666666666666666,0.0,0.0,0.0,0.0,0.0,0.0,0
1.4887218045112782,-0.7604224355583985,-0.5993099926369063,0.4,0.0,-0.08333333333333333,0.0,0.0,1.0,1.0,1.0,1.0,0
0.849624060150376,0.3210638501997853,-0.32170691922559636,0.2,0.0,0.25,0.0,0.0,1.0,1.0,1.0,1.0,0
0.09774436090225563,-0.00711096357025303,0.3842252710629137,0.6,0.0,0.3333333333333333,0.0,0.0,0.0,1.0,0.0,1.0,0
-0.6992481203007519,-0.7604224355583985,0.24070731695787065,0.8,0.0,2.75,0.0,0.0,0.0,1.0,1.0,3.0,0
-0.631578947368421,0.2812495213333805,0.2559319922528448,-0.4,0.0,0.08333333333333333,0.0,0.0,0.0,0.0,1.0,1.0,0
1.1654135338345866,-0.7604224355583985,0.1533300974731544,-0.8,0.0,-0.25,0.0,0.0,0.0,0.0,0.0,1.0,0
-0.18045112781954886,-0.7604224355583985,-0.13856046980703537,0.4,2.0,1.5,0.0,1.0,0.0,1.0,0.0,2.0,1
-0.2706766917293233,-0.7604224355583985,-0.5769402927580404,0.2,1.0,-0.4166666666666667,0.0,1.0,0.0,1.0,1.0,1.0,0
0.39849624060150374,0.024400901348587183,0.22447391186748533,0.4,0.0,-1.0833333333333333,0.0,0.0,0.0,1.0,0.0,0.0,0
-0.9924812030075187,0.1459311976010629,-0.09368993210954114,-0.2,0.0,-0.16666666666666666,0.0,1.0,0.0,1.0,1.0,1.0,0
-0.007518796992481203,-0.7604224355583985,0.388462978765594,0.6,0.0,0.16666666666666666,0.0,0.0,0.0,1.0,0.0,1.0,0
0.2706766917293233,0.1137872870768454,0.6819478481380752,0.0,0.0,-0.16666666666666666,1.0,0.0,1.0,0.0,0.0,1.0,1
0.42857142857142855,0.2026319642002224,-1.0163482657761282,-0.2,0.0,0.6666666666666666,1.0,0.0,1.0,1.0,1.0,1.0,1
-0.3533834586466165,-0.7604224355583985,0.7615359032911357,0.4,1.0,1.25,0.0,0.0,1.0,1.0,1.0,2.0,0
-0.48872180451127817,-0.10787620728290949,0.26684046106280257,-0.4,0.0,-0.16666666666666666,0.0,1.0,0.0,1.0,0.0,1.0,0
-0.6766917293233082,-0.7604224355583985,-0.5169601704282158,0.4,0.0,-0.16666666666666666,0.0,0.0,1.0,0.0,0.0,1.0,0
-0.9924812030075187,0.4211288842216949,-0.7575327720278586,-0.4,2.0,0.5,1.0,0.0,1.0,0.0,1.0,1.0,1
-0.2781954887218045,0.3248895007290226,-0.4349102380989191,0.0,0.0,-0.4166666666666667,0.0,1.0,1.0,1.0,1.0,1.0,0
0.3082706766917293,-0.7604224355583985,0.5819389684743832,-0.2,1.0,0.3333333333333333,0.0,0.0,1.0,0.0,0.0,1.0,0
-0.09774436090225563,-0.7604224355583985,0.6974476780190506,-0.2,1.0,0.4166666666666667,0.0,0.0,0.0,0.0,0.0,1.0,0
0.08270676691729323,-0.7604224355583985,-0.37626265304164264,0.0,1.0,-0.16666666666666666,0.0,1.0,1.0,1.0,1.0,1.0,0
0.8571428571428571,0.2654371772171025,-0.9956568862175229,0.4,0.0,0.08333333333333333,1.0,0.0,0.0,0.0,1.0,1.0,0
0.7669172932330827,-0.7604224355583985,0.45676172336001897,0.4,1.0,-0.8333333333333334,0.0,0.0,0.0,1.0,0.0,0.0,0
1.2706766917293233,-0.0724565031847711,-0.35603623567164067,-0.4,1.0,0.4166666666666667,1.0,0.0,1.0,1.0,1.0,1.0,0
-0.3383458646616541,0.3699423570803818,0.7883985341272308,0.8,1.0,-0.4166666666666667,1.0,0.0,1.0,1.0,0.0,1.0,0
-0.43609022556390975,-0.13878987359048725,-0.21659817400895615,-1.0,0.0,-0.5,0.0,0.0,0.0,1.0,0.0,1.0,0
-0.2932330827067669,-0.7604224355583985,0.27830966466429186,-1.0,1.0,-0.4166666666666667,0.0,1.0,0.0,0.0,1.0,1.0,0
0.5413533834586466,-0.7604224355583985,0.16667703692138613,0.0,0.0,0.3333333333333333,0.0,1.0,1.0,0.0,1.0,1.0,0
0.924812030075188,0.4329142195335625,0.04768249082360221,-0.2,0.0,-0.8333333333333334,0.0,0.0,0.0,1.0,0.0,0.0,0
0.13533834586466165,0.5758906607328916,1.0099148408310703,-0.2,1.0,0.0,0.0,0.0,1.0,1.0,0.0,1.0,0
-1.4511278195488722,0.09662654766262015,0.5751897085847695,0.0,0.0,1.0833333333333333,1.0,0.0,1.0,1.0,0.0,1.0,0
0.6992481203007519,-0.23370703052603212,0.3203594590074479,0.6,0.0,-0.08333333333333333,0.0,0.0,1.0,1.0,0.0,1.0,0
-0.39097744360902253,-0.7604224355583985,-0.941726689573218,-0.2,2.0,0.0,0.0,0.0,0.0,1.0,0.0,1.0,1
-1.2932330827067668,-0.7604224355583985,-0.52450085749443,0.2,1.0,-0.75,0.0,0.0,0.0,0.0,0.0,0.0,0
-0.24812030075187969,-0.007142930175805777,-0.004620184842656874,-0.4,0.0,0.08333333333333333,0.0,1.0,1.0,0.0,0.0,1.0,0
0.22556390977443608,0.32689775571315904,0.7092823915757931,-0.8,0.0,0.9166666666666666,0.0,0.0,1.0,0.0,1.0,1.0,0
0.22556390977443608,0.20062370921608597,-0.14967080723042278,-1.0,0.0,1.8333333333333333,0.0,1.0,0.0,0.0,1.0,2.0,0
-0.2857142857142857,-0.7604224355583985,0.8241938766605773,-0.6,1.0,2.4166666666666665,0.0,1.0,1.0,0.0,1.0,3.0,0
0.20300751879699247,-0.1496903293849222,0.2218461446863902,-0.2,0.0,-0.5833333333333334,1.0,0.0,0.0,1.0,1.0,0.0,0
1.2857142857142858,0.4078087600956788,0.6463487525605693,0.0,0.0,2.8333333333333335,0.0,0.0,1.0,0.0,1.0,3.0,0
0.42857142857142855,0.11573889535555387,-0.8869162435624038,-0.8,1.0,-0.16666666666666666,0.0,1.0,0.0,1.0,0.0,1.0,0
-0.20300751879699247,0.0900315548788072,0.35120876498187714,0.8,2.0,-0.08333333333333333,0.0,0.0,1.0,1.0,0.0,1.0,1
-0.18796992481203006,-0.7604224355583985,0.08448308794585013,0.8,1.0,1.6666666666666667,0.0,0.0,0.0,1.0,1.0,2.0,0
0.38345864661654133,0.4129563237839497,-0.8056094943663966,-0.8,0.0,0.0,0.0,0.0,1.0,1.0,0.0,1.0,1
0.03007518796992481,-0.7604224355583985,-0.8416432973934803,-0.4,1.0,-0.5833333333333334,0.0,0.0,1.0,0.0,1.0,0.0,0
1.3759398496240602,0.2614136157917225,0.06980677979571154,1.0,1.0,-0.6666666666666666,1.0,0.0,0.0,0.0,0.0,0.0,0
0.022556390977443608,0.3013370855442427,-0.13730111629510278,-0.8,0.0,-0.08333333333333333,0.0,1.0,0.0,1.0,0.0,1.0,0
0.12030075187969924,0.2870050773233404,0.9353573515246769,-0.4,0.0,-0.08333333333333333,0.0,1.0,0.0,1.0,0.0,1.0,1
1.037593984962406,-0.7604224355583985,-0.005617773534845862,-0.4,2.0,0.0,0.0,1.0,0.0,0.0,0.0,1.0,0
-0.6842105263157895,-0.7604224355583985,-0.4033827557953222,0.0,1.0,-0.16666666666666666,0.0,0.0,0.0,1.0,0.0,1.0,0
0.03007518796992481,0.32632478564843564,-0.6368907736205763,0.4,1.0,-0.3333333333333333,0.0,0.0,1.0,1.0,0.0,1.0,0
0.06015037593984962,-0.0988382763590616,-0.3982275935740877,-0.8,1.0,-0.5833333333333334,1.0,0.0,1.0,1.0,1.0,0.0,0
0.06015037593984962,-0.7604224355583985,-0.8813567308425729,0.4,1.0,-0.16666666666666666,0.0,0.0,1.0,1.0,0.0,1.0,0
1.037593984962406,-0.0878731038582871,1.0091978239585595,-0.8,0.0,0.4166666666666667,1.0,0.0,1.0,1.0,0.0,1.0,0
0.11278195488721804,0.5627684475030182,-0.8233087211201717,-0.6,0.0,1.5833333333333333,0.0,1.0,1.0,0.0,1.0,2.0,0
-1.3533834586466165,-0.7604224355583985,-0.9811687502786876,0.8,1.0,-1.5,0.0,0.0,1.0,1.0,0.0,0.0,0
0.15789473684210525,-0.7604224355583985,-0.5086358242940701,-0.2,1.0,1.6666666666666667,0.0,1.0,0.0,1.0,1.0,2.0,0
-0.48872180451127817,0.22352355122035453,-0.5886866951846544,0.0,1.0,0.5833333333333334,1.0,0.0,0.0,1.0,1.0,1.0,1
-0.39097744360902253,0.6315144347832083,-0.22797988417596657,0.6,0.0,0.0,0.0,1.0,1.0,1.0,1.0,1.0,0
0.08270676691729323,-0.7604224355583985,0.017600490004117786,0.6,1.0,0.16666666666666666,0.0,0.0,0.0,1.0,1.0,1.0,0
-0.16541353383458646,-0.7604224355583985,0.7191202923568585,-0.8,1.0,-0.5,0.0,1.0,0.0,1.0,1.0,1.0,0
-0.6015037593984962,-0.22612788937862133,-0.8120599887081343,0.8,0.0,-0.3333333333333333,0.0,0.0,1.0,1.0,0.0,1.0,0
0.7593984962406015,0.6320768276622708,0.6357086923475058,0.2,0.0,-0.4166666666666667,0.0,0.0,1.0,1.0,1.0,1.0,0
-0.48872180451127817,-0.7604224355583985,0.7253216961614175,1.0,1.0,0.16666666666666666,0.0,0.0,1.0,1.0,1.0,1.0,0
-0.09022556390977443,0.31413093592148966,-0.07222225274384812,-0.4,0.0,0.5833333333333334,0.0,0.0,1.0,1.0,0.0,1.0,0
-0.6917293233082706,0.15294849431607502,0.5940602843562174,-0.4,0.0,-0.9166666666666666,0.0,1.0,0.0,1.0,0.0,0.0,0
-1.037593984962406,0.09383989016337006,0.5719808664328654,-0.4,0.0,0.6666666666666666,1.0,0.0,0.0,0.0,1.0,1.0,1
-0.46616541353383456,-0.7604224355583985,-0.41086252453566074,0.0,1.0,-0.4166666666666667,0.0,0.0,1.0,1.0,0.0,1.0,0
-1.112781954887218,-0.7604224355583985,-0.11881935480491385,0.4,2.0,1.0,0.0,0.0,0.0,0.0,1.0,1.0,1
-0.007518796992481203,-0.7604224355583985,0.9563182640116942,-0.2,1.0,0.6666666666666666,0.0,1.0,1.0,0.0,0.0,1.0,0
0.38345864661654133,-0.7604224355583985,-0.9172733989678894,0.6,1.0,0.5,0.0,0.0,1.0,1.0,0.0,1.0,0
-0.5112781954887218,0.38592182073010073,0.06129170615135828,-0.4,0.0,-0.16666666666666666,0.0,0.0,1.0,1.0,1.0,1.0,0
0.10526315789473684,0.06305064289897308,-0.5445287792455558,0.4,0.0,3.0833333333333335,1.0,0.0,1.0,1.0,1.0,3.0,0
0.5789473684210527,0.5313325032723658,-0.9186764624901927,0.6,1.0,-0.5,0.0,1.0,1.0,1.0,1.0,1.0,0
-1.669172932330827,0.328577021048482,0.23433603688216229,-0.8,1.0,-0.08333333333333333,1.0,0.0,1.0,0.0,0.0,1.0,0
-1.112781954887218,-0.7604224355583985,-0.662858436568474,0.6,0.0,3.0,0.0,0.0,0.0,1.0,1.0,3.0,0
-0.42105263157894735,0.2685141980501232,-1.004814259794429,-0.6,0.0,0.9166666666666666,1.0,0.0,1.0,0.0,0.0,1.0,1
0.3458646616541353,0.22229503069322987,-0.7338051863113151,0.2,1.0,-0.8333333333333334,0.0,1.0,1.0,0.0,0.0,0.0,0
-0.7142857142857143,-0.7604224355583985,-0.9704962888755192,-0.6,1.0,-0.8333333333333334,0.0,0.0,0.0,0.0,1.0,0.0,0
1.037593984962406,-0.7604224355583985,0.5107681701236242,0.6,1.0,0.0,0.0,1.0,1.0,1.0,1.0,1.0,0
0.8947368421052632,0.08817341758153117,0.38905417272006343,1.0,3.0,0.3333333333333333,0.0,0.0,0.0,1.0,1.0,1.0,1
0.8947368421052632,-0.15049568413609024,0.0036699202861730654,0.0,0.0,-0.08333333333333333,1.0,0.0,0.0,0.0,0.0,1.0,0
0.7368421052631579,-0.7604224355583985,-0.039203089151951254,0.0,1.0,-0.4166666666666667,0.0,0.0,0.0,1.0,0.0,1.0,0
0.5413533834586466,0.22278103278696418,0.19546595428340285,0.2,0.0,0.0,1.0,0.0,1.0,1.0,0.0,1.0,0
0.5488721804511278,-0.7604224355583985,0.18305343653844902,0.0,0.0,0.5833333333333334,0.0,0.0,1.0,1.0,1.0,1.0,0
-0.022556390977443608,-0.7604224355583985,-0.2299803765820654,0.0,1.0,0.75,0.0,0.0,1.0,1.0,1.0,1.0,0
-1.2406015037593985,0.30586553129849947,0.9603987697257897,0.2,0.0,0.25,0.0,1.0,0.0,0.0,1.0,1.0,0
0.5488721804511278,-0.7604224355583985,-0.32265391299948276,-0.2,0.0,-0.3333333333333333,0.0,0.0,0.0,1.0,1.0,1.0,0
-1.037593984962406,0.07409283298126323,-0.4535616714363451,-0.4,0.0,0.75,0.0,0.0,0.0,1.0,0.0,1.0,0
0.39849624060150374,-0.133825647787004,0.0374237834189976,0.4,0.0,0.5,1.0,0.0,0.0,1.0,1.0,1.0,0
-0.5714285714285714,-0.7604224355583985,-0.3131029211793779,-0.8,1.0,0.16666666666666666,0.0,0.0,1.0,1.0,1.0,1.0,0
0.3458646616541353,0.06273129024153945,0.0855347467628515,0.4,2.0,0.25,0.0,0.0,0.0,1.0,0.0,1.0,1
-1.0977443609022557,-0.3079871580430154,-0.9752194011580361,-0.4,0.0,0.3333333333333333,1.0,0.0,0.0,1.0,0.0,1.0,0
-0.6917293233082706,0.43466086545902094,-0.9062853070440777,-0.2,0.0,0.3333333333333333,1.0,0.0,1.0,0.0,0.0,1.0,0
0.8345864661654135,-0.7604224355583985,0.5574338564072778,-0.6,1.0,-1.1666666666666667,0.0,0.0,0.0,1.0,0.0,0.0,0
-0.6766917293233082,-0.7604224355583985,-0.9494669965898261,-0.4,2.0,1.6666666666666667,0.0,0.0,0.0,1.0,0.0,2.0,1
1.1879699248120301,-0.5466188870379685,0.11307667825963186,-0.4,0.0,2.6666666666666665,1.0,0.0,1.0,1.0,1.0,3.0,0
0.46616541353383456,-0.031306941740352166,-0.9390767423976347,-0.2,0.0,1.0,1.0,0.0,0.0,1.0,0.0,1.0,1
0.20300751879699247,0.39701141227405623,0.7492387828446943,0.6,2.0,0.3333333333333333,0.0,0.0,1.0,1.0,0.0,1.0,1
1.2857142857142858,0.2185935641586031,0.32516342094729284,-0.2,0.0,1.3333333333333333,1.0,0.0,0.0,0.0,1.0,2.0,1
0.9548872180451128,0.1970111693905335,-0.569743548924328,1.0,1.0,-1.0833333333333333,1.0,0.0,0.0,1.0,0.0,0.0,0
0.5789473684210527,-0.7604224355583985,0.534430442400177,0.2,1.0,0.5833333333333334,0.0,0.0,1.0,1.0,0.0,1.0,0
0.9097744360902256,-0.7604224355583985,-1.0050361619512673,0.8,1.0,-0.3333333333333333,0.0,0.0,1.0,1.0,1.0,1.0,0
0.24060150375939848,0.19913271778552588,-0.8548994726246358,0.8,0.0,1.8333333333333333,1.0,0.0,1.0,0.0,1.0,2.0,0
0.5789473684210527,-0.7604224355583985,0.5249248326886102,0.8,1.0,-0.4166666666666667,0.0,0.0,0.0,0.0,0.0,1.0,0
-0.5112781954887218,-0.7604224355583985,0.8270646016614811,-0.8,1.0,0.0,0.0,0.0,0.0,1.0,1.0,1.0,0
-0.16541353383458646,-0.11836564147751696,-0.3663350101630627,-0.8,0.0,1.0833333333333333,0.0,0.0,1.0,0.0,1.0,1.0,1
-0.8872180451127819,-0.7604224355583985,-0.5793764125213225,-0.6,1.0,2.0833333333333335,0.0,0.0,1.0,0.0,0.0,3.0,1
-0.3684210526315789,-0.7604224355583985,1.0157731190987769,-0.4,0.0,-1.0833333333333333,0.0,0.0,0.0,1.0,1.0,0.0,1
0.22556390977443608,-0.7604224355583985,0.1532741875331311,-0.6,0.0,0.75,0.0,0.0,0.0,1.0,1.0,1.0,0
1.0451127819548873,-0.16888948834979803,-0.7897181926933019,1.0,0.0,-0.5,0.0,0.0,0.0,1.0,0.0,1.0,0
0.19548872180451127,0.24962021047894317,0.9434090983717255,0.4,0.0,1.4166666666666667,0.0,0.0,1.0,0.0,0.0,2.0,1
1.0902255639097744,0.25280488355713415,-0.05951178714666765,-0.2,0.0,1.8333333333333333,0.0,1.0,1.0,1.0,1.0,2.0,0
-0.9849624060150376,-0.004946244587859824,-0.9092622302674391,0.2,0.0,-0.16666666666666666,0.0,0.0,1.0,1.0,0.0,1.0,0
1.2330827067669172,0.09361291159404096,-0.2030581561755251,0.8,0.0,0.25,1.0,0.0,0.0,1.0,1.0,1.0,0
-0.03007518796992481,-0.7604224355583985,0.6172461467050764,1.0,1.0,1.0,0.0,1.0,0.0,1.0,1.0,1.0,1
0.6842105263157895,0.37311645297291196,-0.7863625741723421,1.0,2.0,0.6666666666666666,1.0,0.0,1.0,1.0,0.0,1.0,1
-0.10526315789473684,-0.7604224355583985,-0.9761308251711766,0.4,1.0,-0.25,0.0,1.0,0.0,0.0,0.0,1.0,0
-0.37593984962406013,0.0825627298603627,0.5486307494704464,-0.4,1.0,0.0,0.0,1.0,1.0,0.0,1.0,1.0,0
-0.19548872180451127,-0.7604224355583985,-0.16509121842145655,-1.0,1.0,0.16666666666666666,0.0,0.0,0.0,1.0,1.0,1.0,0
1.3834586466165413,0.09512826972638266,-0.45207244323499324,-0.2,1.0,-0.4166666666666667,1.0,0.0,0.0,1.0,0.0,1.0,0
-0.2706766917293233,0.1931251113787444,-0.4486148171817788,-0.6,1.0,0.16666666666666666,1.0,0.0,1.0,1.0,0.0,1.0,0
0.46616541353383456,0.17621070286613127,-0.3471526879253056,-0.4,1.0,-0.9166666666666666,1.0,0.0,1.0,1.0,0.0,0.0,0
1.1353383458646618,0.47061201437447353,0.4277937306507976,0.8,1.0,-0.5,0.0,0.0,1.0,1.0,0.0,1.0,0
0.007518796992481203,0.30393601758539385,0.4643884728933254,0.4,0.0,0.0,0.0,0.0,1.0,1.0,0.0,1.0,0
-0.5338345864661654,-0.7604224355583985,-0.5444904497619932,-0.8,1.0,0.08333333333333333,0.0,0.0,1.0,1.0,0.0,1.0,0
0.20300751879699247,-0.0074034423411558645,-1.0044748138879986,-0.2,0.0,-0.3333333333333333,0.0,1.0,1.0,1.0,0.0,1.0,0
-0.6165413533834586,0.15891159819355766,-0.37446402924897343,0.8,1.0,-0.4166666666666667,0.0,0.0,1.0,0.0,1.0,1.0,0
0.06766917293233082,-0.7604224355583985,-0.648611827482061,-0.4,1.0,0.4166666666666667,0.0,1.0,0.0,1.0,0.0,1.0,0
-1.0601503759398496,-0.7604224355583985,0.8654469288054121,-0.8,0.0,0.25,0.0,1.0,0.0,1.0,1.0,1.0,0
0.3308270676691729,-0.7604224355583985,-0.26652063985195634,-0.2,1.0,-0.3333333333333333,0.0,0.0,0.0,1.0,1.0,1.0,0
-0.8646616541353384,-0.0009095204425463643,0.03229877372483235,-0.8,0.0,0.08333333333333333,0.0,1.0,0.0,1.0,1.0,1.0,0
0.5789473684210527,-0.7604224355583985,0.9227713800901076,1.0,1.0,0.08333333333333333,0.0,1.0,0.0,1.0,0.0,1.0,0
0.3308270676691729,-0.07378868013137185,0.9880258437820573,-0.2,1.0,-0.8333333333333334,0.0,0.0,1.0,0.0,0.0,0.0,0
-1.0827067669172932,-0.025367499418940353,0.33752248183917144,-0.8,1.0,1.0,0.0,0.0,1.0,1.0,1.0,1.0,1
0.46616541353383456,-0.7604224355583985,0.5214750769560207,-0.4,1.0,-1.4166666666666667,0.0,1.0,1.0,0.0,1.0,0.0,0
0.42105263157894735,-0.7604224355583985,0.5883018671696858,0.0,0.0,0.3333333333333333,0.0,1.0,0.0,0.0,1.0,1.0,0
0.40601503759398494,-0.7604224355583985,-0.6333765221436455,0.6,1.0,-0.25,0.0,0.0,1.0,1.0,1.0,1.0,0
0.21804511278195488,0.0022176440854591024,-0.5235314793021428,-0.2,1.0,-0.5,1.0,0.0,1.0,0.0,0.0,1.0,0
-0.3082706766917293,-0.7604224355583985,0.268299434525129,-0.2,1.0,0.0,0.0,1.0,0.0,1.0,0.0,1.0,0
1.4887218045112782,0.19179990753972734,-0.6044147643637505,0.8,0.0,-0.5833333333333334,0.0,0.0,1.0,0.0,0.0,0.0,0
-1.4586466165413534,-0.7604224355583985,0.1726988543189598,0.8,1.0,0.16666666666666666,0.0,0.0,0.0,1.0,0.0,1.0,0
-0.6842105263157895,-0.7604224355583985,-0.8885680909860172,0.6,1.0,1.0,0.0,0.0,0.0,1.0,1.0,1.0,0
1.4887218045112782,0.10416314501881743,0.2750407218821617,0.4,0.0,-0.16666666666666666,0.0,1.0,1.0,0.0,0.0,1.0,0
0.06766917293233082,-0.7604224355583985,-0.15609942821354078,0.8,1.0,-0.3333333333333333,0.0,0.0,1.0,1.0,1.0,1.0,0
-1.0827067669172932,0.853280018571971,0.5823777644022077,0.4,0.0,-0.9166666666666666,0.0,0.0,1.0,1.0,0.0,0.0,0
-1.300751879699248,0.12563545870649082,0.9833081487332173,-0.6,0.0,-0.16666666666666666,0.0,0.0,0.0,1.0,0.0,1.0,0
-0.24060150375939848,0.08729676476405686,-0.5082448635617317,0.0,1.0,0.25,1.0,0.0,1.0,1.0,0.0,1.0,0
-0.13533834586466165,0.13105019426960202,0.0705069316954549,-0.4,1.0,1.3333333333333333,1.0,0.0,0.0,1.0,1.0,2.0,1
-0.2706766917293233,0.03887103977926746,0.8053119553619946,0.0,0.0,0.5833333333333334,0.0,0.0,1.0,0.0,1.0,1.0,1
-0.15789473684210525,0.38983467427889734,0.8334705315903301,-0.6,1.0,-0.4166666666666667,1.0,0.0,0.0,1.0,1.0,1.0,0
-0.2706766917293233,-0.7604224355583985,-0.05856121595431535,0.8,1.0,0.25,0.0,0.0,1.0,0.0,0.0,1.0,0
0.22556390977443608,-0.1830789004380875,0.7430235804260527,1.0,0.0,2.0,0.0,0.0,1.0,1.0,1.0,3.0,0
1.4887218045112782,-0.7604224355583985,0.809730884862959,0.6,1.0,-0.5,0.0,0.0,1.0,1.0,0.0,1.0,0
-0.7744360902255639,0.2629973730580042,0.2969563962517343,-0.8,1.0,0.0,1.0,0.0,0.0,1.0,1.0,1.0,0
0.3533834586466165,-0.7604224355583985,-0.7086303815074042,-0.8,1.0,0.8333333333333334,0.0,1.0,1.0,0.0,1.0,1.0,0
0.46616541353383456,-0.7604224355583985,-0.1299454328695509,-0.4,0.0,2.9166666666666665,0.0,0.0,0.0,1.0,1.0,3.0,0
-0.5338345864661654,0.040764982808743425,0.9734120893490928,0.0,1.0,-0.8333333333333334,0.0,0.0,0.0,1.0,0.0,0.0,0
0.3533834586466165,-0.7604224355583985,-0.05744628793644664,-0.8,1.0,0.16666666666666666,0.0,0.0,0.0,0.0,0.0,1.0,0
-0.5639097744360902,-0.7604224355583985,0.09546658033163435,-0.8,1.0,0.25,0.0,1.0,0.0,1.0,1.0,1.0,0
0.6842105263157895,-0.7604224355583985,0.3096324164196864,0.2,1.0,-1.0,0.0,1.0,1.0,1.0,0.0,0.0,0
-1.037593984962406,-0.011743300792556408,1.020351703675274,-0.8,0.0,0.5,1.0,0.0,1.0,0.0,1.0,1.0,1
0.24060150375939848,0.1528476584794418,0.212710848892016,-0.6,0.0,1.9166666666666667,0.0,0.0,1.0,1.0,0.0,2.0,1
-1.1804511278195489,0.25620956209707046,0.7492413381435984,1.0,0.0,-0.5833333333333334,0.0,0.0,1.0,0.0,0.0,0.0,0
0.47368421052631576,-0.09266637100168187,-0.3205345480883619,-0.4,0.0,-0.3333333333333333,0.0,0.0,0.0,1.0,1.0,1.0,0
0.46616541353383456,-0.7604224355583985,0.4558463130805878,-0.6,0.0,1.25,0.0,0.0,0.0,0.0,1.0,2.0,1
0.3458646616541353,-0.11579898944001206,-0.06334769964965584,-0.6,1.0,-0.08333333333333333,0.0,0.0,1.0,1.0,1.0,1.0,0
0.37593984962406013,0.023501918916940066,0.10271800756189602,-0.2,0.0,-0.25,0.0,0.0,1.0,1.0,0.0,1.0,0
-0.631578947368421,-0.7604224355583985,0.2700833397961101,0.8,0.0,0.5,0.0,1.0,0.0,1.0,0.0,1.0,1
0.6616541353383458,-0.7604224355583985,0.9692143465212738,0.4,1.0,0.0,0.0,0.0,0.0,1.0,1.0,1.0,0
-0.24060150375939848,0.07729779858601832,0.2074917019862211,-0.2,0.0,0.4166666666666667,0.0,1.0,1.0,0.0,1.0,1.0,0
-0.23308270676691728,-0.7604224355583985,0.5694055339852839,0.2,0.0,0.25,0.0,0.0,0.0,1.0,0.0,1.0,0
-0.20300751879699247,-0.7604224355583985,-0.9674887020653078,0.4,0.0,0.5833333333333334,0.0,0.0,0.0,1.0,0.0,1.0,0
-1.1729323308270676,-0.7604224355583985,1.0227184215203187,-0.4,1.0,0.5,0.0,1.0,0.0,0.0,1.0,1.0,0
1.218045112781955,-0.7604224355583985,0.341625167547755,0.4,1.0,0.9166666666666666,0.0,0.0,0.0,1.0,1.0,1.0,0
-1.0827067669172932,0.5427546101936882,-0.7853225675183437,-0.4,1.0,0.08333333333333333,0.0,0.0,0.0,0.0,1.0,1.0,0
-0.49624060150375937,0.4704444247438921,-0.34716372681657165,0.0,1.0,0.8333333333333334,1.0,0.0,0.0,1.0,1.0,1.0,0
0.48872180451127817,0.5288812600828492,-0.17488680345266888,-0.6,0.0,-0.08333333333333333,0.0,1.0,0.0,0.0,1.0,1.0,0
-0.7819548872180451,0.26962652623402555,0.6697835010226947,0.4,0.0,0.16666666666666666,0.0,1.0,1.0,1.0,0.0,1.0,0
-1.0902255639097744,-0.7604224355583985,-0.6610017563847019,0.2,1.0,0.4166666666666667,0.0,0.0,1.0,1.0,0.0,1.0,0
0.8796992481203008,-0.7604224355583985,-0.42490419864995904,-0.6,0.0,-0.8333333333333334,0.0,0.0,0.0,1.0,1.0,0.0,0
0.42857142857142855,0.05534104979507875,0.7623484883426627,-0.4,0.0,0.6666666666666666,0.0,0.0,0.0,0.0,1.0,1.0,0
0.6917293233082706,0.18539953497207365,-0.4138097040797776,0.8,0.0,-0.5,0.0,0.0,1.0,1.0,1.0,1.0,0
-0.39097744360902253,-0.06720653666939862,-0.417173703981143,0.4,1.0,0.16666666666666666,1.0,0.0,0.0,1.0,0.0,1.0,0
0.06015037593984962,0.1407675722604922,0.6438955634006072,-0.2,0.0,-0.9166666666666666,1.0,0.0,1.0,0.0,1.0,0.0,0
0.007518796992481203,-0.06904046396393987,-0.02850364379235496,-0.6,1.0,-0.5833333333333334,0.0,1.0,0.0,1.0,1.0,0.0,0
0.2932330827067669,0.03146160369957046,0.7963216983334214,0.2,0.0,1.9166666666666667,0.0,0.0,0.0,1.0,0.0,2.0,1
0.21804511278195488,0.10998600324938972,-0.3113473286202549,-0.6,0.0,-0.5833333333333334,0.0,1.0,1.0,1.0,0.0,0.0,0
-0.07518796992481203,0.1320215716608833,0.7838661493549215,-0.4,0.0,-1.5,1.0,0.0,0.0,1.0,1.0,0.0,0
0.2932330827067669,0.2899790685330725,1.0029596238497804,0.2,1.0,0.5833333333333334,0.0,0.0,0.0,1.0,1.0,1.0,0
0.41353383458646614,-0.7604224355583985,0.9515445568108749,0.2,1.0,0.5833333333333334,0.0,0.0,0.0,1.0,1.0,1.0,0
0.924812030075188,0.5039155761947353,0.36206531011810206,-1.0,0.0,3.0833333333333335,1.0,0.0,0.0,1.0,1.0,3.0,0
0.41353383458646614,-0.7604224355583985,-0.9547764988648727,-0.8,1.0,0.0,0.0,0.0,1.0,0.0,1.0,1.0,0
0.08270676691729323,0.9327881747377711,-0.2582919641087827,0.0,0.0,1.75,0.0,1.0,0.0,0.0,1.0,2.0,1
0.7142857142857143,-0.13194674786602345,0.16144398918955252,-0.2,0.0,0.4166666666666667,0.0,0.0,1.0,1.0,0.0,1.0,1
1.3909774436090225,-0.05605833968192992,0.7771184226446501,-0.2,1.0,-0.9166666666666666,0.0,0.0,1.0,1.0,0.0,0.0,0
1.4887218045112782,-0.7604224355583985,0.7152625064952505,-0.6,0.0,0.9166666666666666,0.0,1.0,1.0,1.0,0.0,1.0,1
0.7669172932330827,-0.7604224355583985,0.22869127939088835,0.6,1.0,-0.8333333333333334,0.0,1.0,0.0,0.0,0.0,0.0,0
-0.7293233082706767,-0.32100156232867166,0.8110640354072439,-0.8,1.0,-0.3333333333333333,0.0,1.0,1.0,0.0,0.0,1.0,0
0.10526315789473684,-0.7604224355583985,0.6869048213763019,0.0,0.0,0.8333333333333334,0.0,1.0,0.0,0.0,0.0,1.0,1
0.2857142857142857,-0.7604224355583985,-0.21205822555189036,0.0,1.0,-0.5833333333333334,0.0,1.0,0.0,0.0,1.0,0.0,0
0.23308270676691728,-0.30867874928618694,-0.20652988747869053,1.0,0.0,-0.5833333333333334,0.0,0.0,1.0,0.0,0.0,0.0,0
-0.9022556390977443,0.4038166168291876,-0.25152624809422625,-0.4,0.0,0.5833333333333334,0.0,0.0,1.0,1.0,0.0,1.0,1
-0.8270676691729323,-0.7604224355583985,-0.9311978359684642,0.8,0.0,-0.6666666666666666,0.0,0.0,1.0,1.0,0.0,0.0,0
-0.2857142857142857,0.0030583344716866266,0.23893475721402405,0.0,1.0,-1.5,0.0,0.0,0.0,1.0,0.0,0.0,0
1.4887218045112782,0.6260386649413578,0.2694241748907898,-0.8,1.0,0.3333333333333333,1.0,0.0,1.0,0.0,1.0,1.0,0
0.7894736842105263,-0.45063319930210954,0.9513117179747267,1.0,1.0,-0.5,0.0,0.0,1.0,0.0,0.0,1.0,0
0.3609022556390977,0.02076689375361949,0.4832252165072821,-0.4,1.0,-0.75,1.0,0.0,0.0,0.0,0.0,0.0,0
-0.11278195488721804,0.2852545922712348,-0.06420546238580856,-0.6,0.0,0.25,0.0,0.0,1.0,0.0,1.0,1.0,0
0.39849624060150374,0.1446561374570307,-0.23408623086129046,-0.2,0.0,0.75,1.0,0.0,0.0,0.0,0.0,1.0,1
-0.2556390977443609,0.14256867110472315,0.37806986263862985,-0.2,0.0,0.3333333333333333,0.0,1.0,1.0,0.0,0.0,1.0,0
-0.6691729323308271,0.0720468918763649,-0.6122559545810954,-0.4,0.0,-0.16666666666666666,0.0,0.0,1.0,0.0,0.0,1.0,0
-0.3533834586466165,-0.7604224355583985,-0.554401432091718,0.2,1.0,-0.16666666666666666,0.0,0.0,1.0,1.0,1.0,1.0,0
1.0751879699248121,-0.7604224355583985,0.575092505014455,-0.2,1.0,-0.6666666666666666,0.0,1.0,1.0,0.0,0.0,0.0,0
-1.1578947368421053,-0.7604224355583985,0.5016695684215139,-0.6,1.0,-0.25,0.0,0.0,1.0,1.0,1.0,1.0,0
-0.7142857142857143,-0.006910232091267525,0.1730588448285797,-0.2,1.0,0.75,0.0,0.0,0.0,1.0,1.0,1.0,0
-1.2105263157894737,-0.10906915712640432,0.9045718258108955,0.0,0.0,-0.3333333333333333,0.0,0.0,1.0,1.0,0.0,1.0,0
0.09774436090225563,0.11639985193507066,0.11154125025409246,-0.4,0.0,0.0,1.0,0.0,0.0,1.0,1.0,1.0,1
-0.17293233082706766,0.31617201935593636,0.78121374909239,0.8,0.0,0.25,0.0,0.0,0.0,1.0,0.0,1.0,1
1.4887218045112782,-0.7604224355583985,-0.9024063633075433,-0.4,1.0,-0.3333333333333333,0.0,0.0,0.0,1.0,1.0,1.0,0
-0.44360902255639095,0.12268121157665914,0.7913448959756983,0.6,0.0,-0.5,0.0,1.0,1.0,1.0,1.0,1.0,0
0.556390977443609,-0.7604224355583985,-0.07770970603458116,0.4,1.0,-0.6666666666666666,0.0,0.0,1.0,1.0,1.0,0.0,1
-0.8872180451127819,-0.7604224355583985,-0.8032902028690132,-0.4,1.0,1.1666666666666667,0.0,1.0,1.0,0.0,1.0,2.0,0
-0.20300751879699247,0.3464030262660118,0.7967478199786812,0.4,0.0,0.25,0.0,0.0,0.0,0.0,1.0,1.0,0
1.263157894736842,-0.7604224355583985,-0.6952891659287178,-0.2,1.0,-0.08333333333333333,0.0,0.0,1.0,1.0,0.0,1.0,0
-0.49624060150375937,-0.259976137085654,-0.1604042891714227,-0.4,0.0,0.3333333333333333,0.0,1.0,1.0,1.0,0.0,1.0,0
-0.9172932330827067,-0.7604224355583985,-0.8659922295915625,-0.6,1.0,-0.08333333333333333,0.0,1.0,0.0,1.0,1.0,1.0,0
-1.1729323308270676,-0.7604224355583985,0.6680568344471671,-0.2,1.0,-0.6666666666666666,0.0,0.0,0.0,1.0,0.0,0.0,0
-0.18045112781954886,0.6637236888099527,0.30317118982255115,0.0,1.0,0.25,1.0,0.0,1.0,1.0,1.0,1.0,0
-0.5639097744360902,-0.7604224355583985,0.6968222430592652,0.2,0.0,0.3333333333333333,0.0,0.0,1.0,1.0,1.0,1.0,0
0.2857142857142857,-0.7604224355583985,0.09333004381187737,0.0,1.0,-0.6666666666666666,0.0,0.0,1.0,1.0,0.0,0.0,0
-0.03007518796992481,0.17104801771984163,-0.4886778155209624,0.0,0.0,0.6666666666666666,1.0,0.0,0.0,0.0,0.0,1.0,0
0.3082706766917293,-0.7604224355583985,0.36853369155216903,0.8,1.0,1.6666666666666667,0.0,1.0,0.0,1.0,1.0,2.0,0
-0.6842105263157895,-0.12202840334757742,-0.3496910196447548,-0.8,1.0,-0.5,0.0,0.0,0.0,1.0,1.0,1.0,0
0.20300751879699247,0.3849401012017289,0.9661843752926618,-0.6,1.0,0.16666666666666666,1.0,0.0,1.0,1.0,1.0,1.0,0
0.37593984962406013,-0.7604224355583985,-0.4112961076537208,0.8,0.0,0.5833333333333334,0.0,1.0,1.0,0.0,0.0,1.0,1
0.8796992481203008,0.7173598138007907,0.7348748344326017,0.4,0.0,-0.8333333333333334,1.0,0.0,1.0,1.0,0.0,0.0,0
-1.518796992481203,0.6312195271770795,-0.4622012392433097,0.0,0.0,0.75,0.0,1.0,0.0,1.0,0.0,1.0,0
-0.14285714285714285,-0.7604224355583985,0.2126380739792252,-0.4,1.0,0.75,0.0,1.0,0.0,1.0,0.0,1.0,0
-0.39849624060150374,-0.7604224355583985,-0.034518204141040704,-0.8,1.0,0.3333333333333333,0.0,0.0,0.0,1.0,0.0,1.0,0
-0.14285714285714285,0.3485864707845009,0.2594463459417318,0.4,0.0,0.0,0.0,0.0,1.0,1.0,1.0,1.0,0
1.4887218045112782,-0.7604224355583985,-0.4339437218414047,-0.6,1.0,-0.16666666666666666,0.0,0.0,1.0,1.0,1.0,1.0,0
-0.849624060150376,-0.7604224355583985,0.015048155246673868,-0.2,1.0,-0.6666666666666666,0.0,0.0,0.0,1.0,1.0,0.0,0
-1.0451127819548873,-0.7604224355583985,0.1093197755987608,0.2,1.0,0.0,0.0,0.0,0.0,1.0,0.0,1.0,0
-0.3007518796992481,-0.7604224355583985,-0.5247379892327372,-0.4,0.0,-0.16666666666666666,0.0,0.0,0.0,1.0,1.0,1.0,0
-0.06766917293233082,-0.7604224355583985,0.7694757280461815,0.6,1.0,0.9166666666666666,0.0,1.0,1.0,1.0,0.0,1.0,0
0.20300751879699247,0.17336857390430438,0.2224454133853967,0.6,0.0,-0.16666666666666666,0.0,1.0,0.0,0.0,0.0,1.0,0
0.16541353383458646,0.23152280251230878,0.6873548606193048,-0.2,0.0,0.3333333333333333,0.0,1.0,0.0,1.0,1.0,1.0,0
-1.0,0.11630982833266844,-0.01911128492822106,-0.2,0.0,0.16666666666666666,0.0,1.0,1.0,1.0,1.0,1.0,0
-0.15789473684210525,0.1201670537198414,-0.7663311772147066,0.8,1.0,-0.16666666666666666,0.0,0.0,1.0,1.0,0.0,1.0,0
0.6090225563909775,0.5571489062857041,0.9990866084067035,0.2,0.0,0.5833333333333334,0.0,0.0,0.0,0.0,1.0,1.0,0
0.15789473684210525,0.016000657195802365,-0.9163327423352853,-0.2,0.0,-0.6666666666666666,1.0,0.0,0.0,1.0,1.0,0.0,0
-0.5789473684210527,-0.22503695061461088,0.45937947376940963,0.8,0.0,1.4166666666666667,0.0,0.0,0.0,1.0,1.0,2.0,0
-0.015037593984962405,-0.13793476689195164,0.19295378882473246,-0.2,0.0,-0.4166666666666667,0.0,1.0,0.0,1.0,1.0,1.0,0
-1.0902255639097744,-0.7604224355583985,-0.14346398619218695,0.4,1.0,-0.3333333333333333,0.0,0.0,1.0,1.0,1.0,1.0,0
-0.2631578947368421,0.5501591102534101,-0.061400664096632245,1.0,0.0,1.1666666666666667,1.0,0.0,0.0,0.0,0.0,2.0,1
-1.9022556390977443,0.23975012926691994,0.4144463823547412,-0.6,0.0,0.75,1.0,0.0,1.0,1.0,0.0,1.0,1
0.6165413533834586,0.26129389771994654,-0.6633371973711598,-0.6,0.0,0.0,0.0,1.0,0.0,0.0,0.0,1.0,0
0.19548872180451127,-0.7604224355583985,-0.17724319789014084,-0.8,1.0,0.75,0.0,0.0,0.0,0.0,0.0,1.0,0
0.19548872180451127,-0.7604224355583985,-0.9654697092951428,-0.4,1.0,-0.9166666666666666,0.0,0.0,1.0,1.0,0.0,0.0,0
0.7894736842105263,-0.0624895036122852,-0.47291151907025974,-0.4,0.0,1.6666666666666667,0.0,0.0,1.0,1.0,1.0,2.0,1
-0.8421052631578947,-0.7604224355583985,0.2213063633458726,-0.4,1.0,0.3333333333333333,0.0,0.0,1.0,1.0,0.0,1.0,0
-0.5939849624060151,0.2443555926026924,-0.8975804257971226,-0.6,0.0,-0.8333333333333334,0.0,0.0,1.0,1.0,1.0,0.0,0
-0.18796992481203006,-0.7604224355583985,0.9564534904297032,0.4,1.0,-0.16666666666666666,0.0,0.0,0.0,0.0,1.0,1.0,0
-0.23308270676691728,-0.7604224355583985,0.32540872964209344,0.4,1.0,0.25,0.0,1.0,0.0,0.0,1.0,1.0,1
0.0,0.05359236678201148,0.6153415291138621,-0.8,0.0,0.08333333333333333,0.0,1.0,0.0,0.0,1.0,1.0,0
0.19548872180451127,-0.7604224355583985,0.45971084493130293,-0.2,1.0,-0.75,0.0,0.0,0.0,1.0,1.0,0.0,1
0.007518796992481203,0.0447632373380608,-0.44751552759320373,0.6,0.0,0.3333333333333333,0.0,0.0,1.0,1.0,0.0,1.0,0
1.263157894736842,-0.022193403526410235,0.04215077975584887,-0.6,0.0,-0.5,0.0,1.0,0.0,1.0,0.0,1.0,0
0.7518796992481203,0.1790859736763622,0.25458933599663625,-0.6,0.0,-0.08333333333333333,0.0,0.0,0.0,1.0,0.0,1.0,0
-0.22556390977443608,0.17491707388504998,-0.39880560218621164,0.0,0.0,1.8333333333333333,0.0,0.0,1.0,1.0,1.0,2.0,0
-0.09022556390977443,0.4776910505139357,-0.1855029460679892,0.0,0.0,0.0,0.0,1.0,1.0,1.0,0.0,1.0,0
1.4887218045112782,-0.7604224355583985,-0.6966579884457051,0.4,1.0,-1.4166666666666667,0.0,0.0,1.0,1.0,0.0,0.0,0
-0.15037593984962405,-0.7604224355583985,-0.157797679865254,-0.8,1.0,-1.3333333333333333,0.0,0.0,0.0,1.0,0.0,0.0,0
0.17293233082706766,-0.7604224355583985,-0.5529550307,-0.4,1.0,-0.3333333333333333,0.0,1.0,1.0,1.0,0.0,1.0,0
0.48872180451127817,0.018941898304747372,-0.05286627239256344,-0.6,1.0,-0.08333333333333333,0.0,0.0,0.0,1.0,0.0,1.0,1
0.9774436090225563,0.00781548248478775,0.4409462629584,1.0,0.0,-1.1666666666666667,0.0,1.0,1.0,1.0,1.0,0.0,0
-0.5112781954887218,0.1224802450491034,0.28928712654466227,-0.6,0.0,0.16666666666666666,0.0,0.0,0.0,1.0,1.0,1.0,0
1.406015037593985,0.31226927289566014,0.7025812735175339,-0.6,0.0,0.8333333333333334,1.0,0.0,1.0,1.0,1.0,1.0,1
0.09022556390977443,0.0795606895212487,0.1317845325968621,1.0,0.0,-0.4166666666666667,0.0,0.0,1.0,1.0,1.0,1.0,0
-0.2631578947368421,-0.27710514494289673,0.06662492160023549,-0.8,1.0,-0.25,0.0,0.0,1.0,1.0,0.0,1.0,0
0.6917293233082706,-0.7604224355583985,0.1401962699535306,0.8,1.0,0.8333333333333334,0.0,0.0,1.0,1.0,0.0,1.0,0
-0.2857142857142857,-0.7604224355583985,-0.3825163893677591,0.8,1.0,0.0,0.0,1.0,0.0,1.0,1.0,1.0,0
-0.05263157894736842,-0.024522186410831457,0.25077907869464605,-0.6,0.0,0.3333333333333333,1.0,0.0,1.0,1.0,0.0,1.0,1
-1.6766917293233083,-0.3841580162590148,-0.2511955924160262,0.2,0.0,0.16666666666666666,0.0,0.0,0.0,1.0,0.0,1.0,0
0.03759398496240601,-0.7604224355583985,-0.963545160372476,0.4,1.0,-0.75,0.0,0.0,0.0,0.0,1.0,0.0,0
-0.39849624060150374,0.03487740787183146,1.00763919383897,-0.6,0.0,-0.25,0.0,1.0,1.0,0.0,0.0,1.0,0
0.7969924812030075,-0.12022487566812065,0.17450780151920195,0.6,0.0,1.1666666666666667,0.0,0.0,1.0,1.0,1.0,2.0,0
0.7142857142857143,-0.12559072112862174,0.697449722258174,-0.2,1.0,-1.3333333333333333,0.0,0.0,0.0,1.0,0.0,0.0,0
0.14285714285714285,0.21066647277771267,0.6143585567314047,0.8,0.0,-1.1666666666666667,1.0,0.0,0.0,1.0,1.0,0.0,0
1.4887218045112782,0.8005283813509488,-0.32033891440425843,0.6,0.0,-0.25,0.0,1.0,1.0,0.0,0.0,1.0,0
0.5488721804511278,0.5393648180632006,0.3204199684854987,-0.6,1.0,0.5,0.0,0.0,1.0,1.0,0.0,1.0,0
0.9097744360902256,0.7300905144621663,-0.4282403968992471,0.4,0.0,0.3333333333333333,0.0,0.0,0.0,1.0,1.0,1.0,0
1.3157894736842106,0.6755387969407176,-0.8788865744978871,-0.8,0.0,0.75,0.0,1.0,1.0,1.0,1.0,1.0,0
-0.015037593984962405,0.255518362601516,-0.586888582451766,0.4,0.0,1.0833333333333333,0.0,1.0,0.0,0.0,0.0,1.0,0
0.12030075187969924,-0.0789542642100278,-0.6373139311191074,1.0,0.0,0.08333333333333333,0.0,0.0,1.0,0.0,1.0,1.0,0
0.7518796992481203,0.3832830871310556,0.3909330328983237,-1.0,1.0,0.08333333333333333,0.0,0.0,1.0,1.0,1.0,1.0,0
0.11278195488721804,0.0709952845731081,-0.9789066974767575,-0.4,1.0,-0.8333333333333334,1.0,0.0,0.0,1.0,0.0,0.0,0
-0.3684210526315789,0.25458388783576247,-0.8193728453240523,0.2,1.0,-0.5833333333333334,0.0,1.0,1.0,1.0,1.0,0.0,0
0.19548872180451127,0.1620555295195736,0.4910550611974925,1.0,0.0,1.9166666666666667,0.0,0.0,0.0,1.0,0.0,2.0,1
-0.8796992481203008,-0.7604224355583985,-0.8960611472806576,-0.8,1.0,1.75,0.0,1.0,1.0,1.0,1.0,2.0,1
-0.03759398496240601,-0.7604224355583985,-0.08577290062072043,0.6,1.0,-0.75,0.0,0.0,1.0,1.0,1.0,0.0,0
-0.3308270676691729,-0.006681843230516929,0.6307286192071855,0.4,0.0,0.25,1.0,0.0,0.0,0.0,0.0,1.0,0
-0.9473684210526315,0.37985466868552487,0.3368670987762292,0.0,0.0,-0.5,1.0,0.0,1.0,1.0,0.0,1.0,0
0.24812030075187969,-0.7604224355583985,-0.6496799424240053,-0.2,1.0,0.08333333333333333,0.0,1.0,1.0,1.0,1.0,1.0,0
-0.23308270676691728,-0.7604224355583985,-0.5301579826324001,0.0,0.0,0.5,0.0,0.0,0.0,1.0,1.0,1.0,0
1.3082706766917294,0.142836704824321,0.4157903673663801,-0.2,0.0,1.5,0.0,0.0,1.0,1.0,0.0,2.0,0
0.39097744360902253,0.09379734637215655,-0.5757583136969261,-0.2,1.0,0.3333333333333333,1.0,0.0,1.0,1.0,1.0,1.0,0
-0.3233082706766917,0.022157362745639952,0.2161569249941836,-0.2,0.0,-0.4166666666666667,0.0,1.0,1.0,1.0,1.0,1.0,0
0.18045112781954886,-0.7604224355583985,-0.20549335603120183,-0.8,0.0,1.0,0.0,0.0,0.0,1.0,0.0,1.0,1
0.24812030075187969,-0.7604224355583985,0.13075045423632145,0.6,1.0,-1.1666666666666667,0.0,0.0,1.0,1.0,1.0,0.0,0
0.9548872180451128,-0.7604224355583985,0.1250020538214943,0.0,1.0,-0.25,0.0,1.0,0.0,0.0,1.0,1.0,0
0.45112781954887216,-0.05863329676891665,0.7989525318732017,-0.8,0.0,-0.5833333333333334,0.0,0.0,0.0,1.0,1.0,0.0,0
0.6466165413533834,0.32946793347921755,0.433635348369649,0.8,0.0,-0.6666666666666666,1.0,0.0,0.0,1.0,0.0,0.0,1
0.2857142857142857,0.08531624551120888,-0.5209587021534655,0.8,1.0,-0.16666666666666666,0.0,0.0,0.0,0.0,0.0,1.0,0
-0.6616541353383458,0.14005921421931028,-0.8298175784888808,0.0,2.0,2.0833333333333335,1.0,0.0,0.0,0.0,1.0,3.0,1
0.18045112781954886,0.3421193444228987,-0.6462428609739804,-0.2,0.0,-0.6666666666666666,0.0,0.0,1.0,1.0,0.0,0.0,0
0.18045112781954886,0.08408725488694377,0.1730640576383443,-0.8,0.0,-1.1666666666666667,0.0,0.0,1.0,0.0,1.0,0.0,0
-0.045112781954887216,-0.7604224355583985,-0.8740309955201779,0.0,1.0,-0.5833333333333334,0.0,0.0,0.0,1.0,0.0,0.0,0
0.21804511278195488,-0.7604224355583985,0.13333570124365127,-0.4,1.0,0.08333333333333333,0.0,0.0,1.0,1.0,1.0,1.0,0
0.6842105263157895,-0.21868319601338823,0.06473328492745435,0.6,1.0,0.0,0.0,0.0,1.0,0.0,1.0,1.0,0
-0.9624060150375939,-0.7604224355583985,-0.2559550921549386,0.8,1.0,-1.25,0.0,0.0,1.0,1.0,0.0,0.0,0
-1.5488721804511278,-0.7604224355583985,0.34594658684253604,0.6,1.0,-0.4166666666666667,0.0,0.0,1.0,0.0,0.0,1.0,0
-0.40601503759398494,-0.7604224355583985,0.7598072946884409,0.2,1.0,0.08333333333333333,0.0,1.0,0.0,0.0,0.0,1.0,0
-0.6842105263157895,0.36511978721523025,0.8328794398478168,0.6,0.0,-1.0833333333333333,0.0,1.0,1.0,0.0,1.0,0.0,0
1.4887218045112782,-0.037688588771910024,-0.4548146878069953,0.6,1.0,0.5,1.0,0.0,0.0,1.0,0.0,1.0,0
-0.8721804511278195,0.19464900960913817,0.3225833867497275,-0.2,0.0,0.5833333333333334,1.0,0.0,0.0,0.0,0.0,1.0,0
0.5864661654135338,-0.7604224355583985,0.8569204074219681,0.6,1.0,-1.1666666666666667,0.0,0.0,1.0,1.0,0.0,0.0,0
-0.06015037593984962,-0.011714076420323181,-0.2741130461679908,-0.2,0.0,1.1666666666666667,1.0,0.0,0.0,0.0,0.0,2.0,1
1.218045112781955,0.27354502094850797,0.4931418204945962,-0.8,1.0,-0.6666666666666666,1.0,0.0,1.0,1.0,1.0,0.0,0
-0.47368421052631576,-0.7604224355583985,-0.04051129997893164,-0.2,0.0,0.08333333333333333,0.0,0.0,1.0,1.0,0.0,1.0,1
0.9849624060150376,0.1892983639561792,0.05886938500215854,0.0,1.0,2.9166666666666665,0.0,0.0,0.0,1.0,1.0,3.0,0
-0.8195488721804511,0.36272119490544763,0.9467200502678402,0.2,0.0,0.3333333333333333,1.0,0.0,1.0,1.0,1.0,1.0,1
0.007518796992481203,0.2785148095681535,-0.9643623449620304,-0.8,0.0,1.75,1.0,0.0,1.0,1.0,0.0,2.0,1
-1.0451127819548873,-0.7604224355583985,0.15599782952911084,-0.6,0.0,0.9166666666666666,0.0,1.0,1.0,1.0,1.0,1.0,1
0.6616541353383458,-0.7604224355583985,-0.8817778441019808,0.4,0.0,-0.08333333333333333,0.0,0.0,1.0,1.0,1.0,1.0,0
-0.3383458646616541,0.4056246887810025,-0.20438640054591412,-0.2,0.0,0.8333333333333334,1.0,0.0,1.0,1.0,1.0,1.0,0
-0.39097744360902253,0.07213237120640913,-0.05945955683706635,0.4,0.0,1.3333333333333333,1.0,0.0,1.0,1.0,0.0,2.0,1
0.18796992481203006,-0.08178746132618556,-0.07709888738452775,-0.4,0.0,-0.6666666666666666,0.0,0.0,0.0,0.0,0.0,0.0,1
-0.49624060150375937,-0.7604224355583985,-0.9545485662026204,-0.4,1.0,1.6666666666666667,0.0,1.0,0.0,0.0,1.0,2.0,0
-0.15037593984962405,0.07113600031715889,0.06258898029902873,-1.0,0.0,0.3333333333333333,0.0,0.0,1.0,0.0,1.0,1.0,0
-0.45864661654135336,0.022182904690272735,-0.10989573997176141,-0.6,1.0,0.25,0.0,0.0,1.0,1.0,1.0,1.0,0
-0.46616541353383456,-0.7604224355583985,0.34843084843717276,-0.8,1.0,0.0,0.0,1.0,1.0,0.0,0.0,1.0,0
-1.3082706766917294,-0.7604224355583985,1.0064759195658344,-0.8,1.0,0.5,0.0,1.0,1.0,1.0,1.0,1.0,0
-0.3383458646616541,0.042847278092505645,0.6883542891267049,-0.8,0.0,-0.5,0.0,0.0,0.0,1.0,1.0,1.0,0
-0.06015037593984962,0.310300114323707,-0.8714505524747881,-0.4,0.0,-0.4166666666666667,0.0,1.0,1.0,1.0,1.0,1.0,0
-1.105263157894737,0.23576574260324668,0.38962104022896504,0.2,0.0,0.5,1.0,0.0,1.0,0.0,0.0,1.0,0
-0.8721804511278195,-0.7604224355583985,0.22335561085506309,0.8,0.0,0.3333333333333333,0.0,0.0,0.0,1.0,0.0,1.0,0
0.5714285714285714,0.07265300378949222,-0.1100443561560282,-0.2,0.0,-0.25,0.0,0.0,1.0,1.0,0.0,1.0,0
-0.46616541353383456,0.22102764880249215,0.6317326472526129,0.4,0.0,-1.25,0.0,1.0,1.0,1.0,1.0,0.0,0
-0.24060150375939848,0.08221838370496014,-0.28896342127948166,-1.0,0.0,0.0,0.0,0.0,1.0,1.0,0.0,1.0,0
0.2631578947368421,0.44621671501681043,0.6026548789024687,-0.6,0.0,0.3333333333333333,1.0,0.0,0.0,1.0,0.0,1.0,0
-0.8195488721804511,-0.7604224355583985,0.18792128095089827,0.0,1.0,-1.1666666666666667,0.0,1.0,1.0,1.0,0.0,0.0,0
-0.07518796992481203,-0.7604224355583985,-0.23126170566457385,-0.2,0.0,0.16666666666666666,0.0,0.0,0.0,1.0,1.0,1.0,0
0.18045112781954886,-0.059687567955969495,0.9208685001021484,-0.2,0.0,-0.25,1.0,0.0,0.0,1.0,1.0,1.0,0
-0.849624060150376,0.26535154118801146,-0.9941146100109203,-0.8,1.0,0.0,0.0,1.0,0.0,0.0,0.0,1.0,0
1.1654135338345866,0.03837422545130205,0.8044766792561986,1.0,1.0,-0.3333333333333333,0.0,0.0,1.0,1.0,0.0,1.0,0
-0.16541353383458646,0.1690620923498781,-0.40286311021016963,-1.0,0.0,0.25,0.0,0.0,0.0,0.0,1.0,1.0,1
0.2631578947368421,0.2445712888406499,0.9367284227046997,0.0,0.0,-0.25,0.0,0.0,1.0,1.0,0.0,1.0,0
-0.48120300751879697,0.1886430485423482,-0.13273919226746117,0.2,1.0,-0.25,0.0,1.0,1.0,1.0,0.0,1.0,0
-0.9323308270676691,0.46926087684320683,0.5158161120028395,-0.8,0.0,-0.08333333333333333,0.0,0.0,0.0,1.0,1.0,1.0,1
-0.3458646616541353,0.6522800357696915,-0.9968990681208194,0.6,1.0,-0.5833333333333334,0.0,1.0,1.0,1.0,1.0,0.0,0
1.1578947368421053,0.32592120725333257,0.9337719418725717,1.0,0.0,-0.5,1.0,0.0,1.0,1.0,0.0,1.0,0
-0.24812030075187969,-0.7604224355583985,0.6030267259990036,0.0,1.0,0.16666666666666666,0.0,0.0,1.0,1.0,1.0,1.0,0
0.6992481203007519,0.19716692824307971,0.18988078636257424,-0.6,0.0,0.75,0.0,0.0,1.0,1.0,1.0,1.0,0
0.7293233082706767,-0.31597042603219333,0.8800082485048629,-0.6,1.0,0.4166666666666667,0.0,0.0,1.0,0.0,1.0,1.0,0
-0.38345864661654133,-0.7604224355583985,-0.7402636531856338,0.0,1.0,-0.25,0.0,0.0,0.0,1.0,0.0,1.0,0
-0.15037593984962405,0.23109626770684535,0.7992727619318725,-0.4,0.0,0.3333333333333333,1.0,0.0,1.0,0.0,0.0,1.0,1
0.8571428571428571,0.48366355633422803,-0.5301498056759067,0.4,1.0,-0.8333333333333334,0.0,0.0,0.0,0.0,1.0,0.0,0
-0.39097744360902253,0.09287532918062572,-0.17273749043839104,0.2,0.0,-0.9166666666666666,0.0,0.0,0.0,1.0,0.0,0.0,0
0.15037593984962405,-0.03490937447738421,0.6939153350258783,-0.2,1.0,0.5,0.0,0.0,0.0,1.0,1.0,1.0,0
-0.2706766917293233,-0.15975025149217645,0.657858023248876,0.4,1.0,-0.5,0.0,1.0,1.0,1.0,1.0,1.0,0
0.6390977443609023,-0.7604224355583985,0.9119755488558459,0.8,0.0,-0.08333333333333333,0.0,0.0,1.0,0.0,1.0,1.0,1
1.4210526315789473,-0.7604224355583985,0.43067743657013485,-0.2,1.0,-0.25,0.0,0.0,1.0,1.0,0.0,1.0,0
0.015037593984962405,-0.7604224355583985,0.8268793935969067,-0.8,0.0,-0.6666666666666666,0.0,0.0,1.0,1.0,0.0,0.0,0
-0.20300751879699247,-0.12722940141081643,-0.8118506586219044,-0.6,0.0,1.0,0.0,1.0,0.0,1.0,1.0,1.0,0
-0.19548872180451127,0.1250423528142502,-0.4374739183834976,0.4,1.0,-0.25,0.0,0.0,1.0,1.0,1.0,1.0,0
-0.5939849624060151,-0.7604224355583985,-0.046854062918869496,-0.2,0.0,0.5833333333333334,0.0,1.0,0.0,1.0,1.0,1.0,0
-1.4962406015037595,0.1133666284856381,0.21389793855093853,-0.8,0.0,0.25,1.0,0.0,0.0,1.0,1.0,1.0,1
0.7443609022556391,0.3970948545164916,-0.045951122498090864,1.0,0.0,-0.6666666666666666,0.0,0.0,1.0,0.0,1.0,0.0,0
-0.2781954887218045,0.12644332064240804,-0.4832651813821434,0.0,1.0,0.16666666666666666,1.0,0.0,1.0,1.0,1.0,1.0,0
0.39849624060150374,-0.7604224355583985,0.3079651349906918,-0.4,1.0,-0.4166666666666667,0.0,0.0,1.0,0.0,0.0,1.0,0
-0.5112781954887218,0.43536632456783675,-0.0015141679186566534,0.2,0.0,-0.5,1.0,0.0,0.0,1.0,0.0,1.0,0
-0.7744360902255639,-0.7604224355583985,-0.8692158924771108,0.8,1.0,-1.0833333333333333,0.0,1.0,0.0,1.0,1.0,0.0,0
1.037593984962406,0.09757285320640911,-0.12950827233302495,0.4,0.0,0.3333333333333333,0.0,1.0,0.0,0.0,0.0,1.0,0
0.6992481203007519,-0.7604224355583985,-0.6472261399923062,0.6,0.0,1.8333333333333333,0.0,1.0,0.0,1.0,1.0,2.0,0
-1.2255639097744362,0.9752764944887573,0.740220417528175,-0.4,0.0,0.25,0.0,1.0,1.0,1.0,0.0,1.0,0
1.0676691729323309,-0.7604224355583985,-0.13028917167814028,0.0,1.0,-0.75,0.0,1.0,0.0,0.0,1.0,0.0,0
0.46616541353383456,0.40280888525904246,0.5298056580194926,0.8,1.0,0.0,0.0,0.0,1.0,0.0,1.0,1.0,0
-1.4661654135338347,0.2328346085828221,0.27249155569535877,-0.2,0.0,0.4166666666666667,1.0,0.0,1.0,0.0,1.0,1.0,0
-0.8120300751879699,0.06416876894760805,0.004856498885314731,0.0,0.0,0.8333333333333334,1.0,0.0,1.0,0.0,0.0,1.0,1
-0.47368421052631576,-0.7604224355583985,-0.19963691757870616,-0.6,0.0,0.08333333333333333,0.0,0.0,1.0,1.0,0.0,1.0,0
-0.3082706766917293,-0.7604224355583985,0.08400534926272592,0.6,1.0,1.75,0.0,0.0,1.0,0.0,1.0,2.0,1
-1.1353383458646618,0.15863048010354988,0.8440562150427128,0.8,0.0,0.16666666666666666,0.0,0.0,0.0,0.0,0.0,1.0,0
-0.15037593984962405,-0.7604224355583985,-0.4795814624818878,0.4,1.0,-0.08333333333333333,0.0,0.0,0.0,1.0,1.0,1.0,0
-1.481203007518797,-0.7604224355583985,-0.18598640862065874,0.2,0.0,0.5,0.0,1.0,0.0,1.0,1.0,1.0,0
0.3157894736842105,-0.7604224355583985,-0.740900024824729,0.8,1.0,-0.5833333333333334,0.0,0.0,0.0,1.0,1.0,0.0,0
0.3684210526315789,0.5248709397269261,-0.5114789520668089,0.8,0.0,0.3333333333333333,1.0,0.0,1.0,1.0,0.0,1.0,0
0.42857142857142855,-0.7604224355583985,-0.17633392032808007,-0.4,1.0,2.0833333333333335,0.0,1.0,1.0,1.0,1.0,3.0,0
-0.38345864661654133,0.026881995706524383,-0.3758171111247111,-0.8,1.0,0.5833333333333334,0.0,0.0,1.0,1.0,1.0,1.0,0
-0.5488721804511278,0.4321582249821452,0.21231671958903642,0.0,1.0,0.0,0.0,1.0,1.0,0.0,0.0,1.0,0
-0.13533834586466165,-0.7604224355583985,-0.9323675495948384,0.8,1.0,-1.0,0.0,1.0,1.0,1.0,1.0,0.0,0
-0.23308270676691728,0.15108557769787076,0.5754179478828904,0.4,0.0,-0.08333333333333333,0.0,1.0,0.0,1.0,1.0,1.0,0
-0.5112781954887218,-0.11449525337041046,-0.19006139488912116,-0.2,0.0,0.25,0.0,0.0,0.0,0.0,0.0,1.0,0
-0.11278195488721804,0.2757969429504604,-0.25408389787339086,-1.0,1.0,-0.3333333333333333,0.0,0.0,1.0,0.0,1.0,1.0,0
0.022556390977443608,-0.7604224355583985,0.9116523546504461,0.2,0.0,0.08333333333333333,0.0,0.0,0.0,1.0,1.0,1.0,0
-1.443609022556391,0.044563367703832846,0.9188104623647275,0.6,1.0,-0.16666666666666666,1.0,0.0,0.0,1.0,1.0,1.0,0
-0.5864661654135338,-0.7604224355583985,-0.2953612764637935,-0.8,1.0,0.3333333333333333,0.0,0.0,1.0,0.0,0.0,1.0,0
0.2932330827067669,0.2576092763328537,-0.24308435821048852,0.4,0.0,-0.08333333333333333,0.0,1.0,1.0,0.0,0.0,1.0,1
0.7293233082706767,0.25325053564631056,-0.8779761726043085,0.8,0.0,0.08333333333333333,0.0,1.0,1.0,1.0,1.0,1.0,0
-0.2932330827067669,0.3685487541074249,-0.5615185528115764,0.0,0.0,-0.25,0.0,0.0,1.0,1.0,0.0,1.0,0
-0.48120300751879697,0.21323696394186475,-0.23997067538977576,-0.8,0.0,0.08333333333333333,0.0,0.0,1.0,1.0,0.0,1.0,0
-0.7593984962406015,-0.7604224355583985,0.806930072840073,0.4,1.0,0.5,0.0,0.0,1.0,1.0,0.0,1.0,0
1.4887218045112782,-0.7604224355583985,-0.5582762873500057,0.0,1.0,3.6666666666666665,0.0,0.0,1.0,1.0,1.0,3.0,0
0.19548872180451127,-0.7604224355583985,-0.6863027929544789,-0.6,1.0,0.9166666666666666,0.0,0.0,0.0,1.0,1.0,1.0,0
-0.05263157894736842,-0.291156975268072,-0.5667376997173713,-0.2,1.0,-0.08333333333333333,0.0,1.0,1.0,1.0,0.0,1.0,0
0.6090225563909775,0.0459381667911706,-0.5467019076456205,0.6,0.0,-0.16666666666666666,0.0,1.0,1.0,1.0,1.0,1.0,0
0.18045112781954886,-0.14153837487183496,0.25890492920991565,-0.4,0.0,-0.5,0.0,0.0,1.0,1.0,1.0,1.0,0
0.5639097744360902,0.13607514095373074,0.05347566007523053,0.2,1.0,0.6666666666666666,1.0,0.0,1.0,1.0,1.0,1.0,1
0.5112781954887218,0.001045770263762427,-0.07732998861742114,0.2,0.0,-0.3333333333333333,0.0,1.0,1.0,0.0,0.0,1.0,0
-0.06015037593984962,-0.7604224355583985,0.46652296517395925,1.0,1.0,1.0,0.0,1.0,1.0,1.0,1.0,1.0,0
0.12030075187969924,0.2929558803256473,0.1205531762173731,-0.8,0.0,-0.4166666666666667,0.0,1.0,1.0,0.0,1.0,1.0,0
0.24812030075187969,0.24644439089689796,0.2260457273294201,1.0,0.0,-1.0,0.0,1.0,0.0,1.0,0.0,0.0,0
-0.18796992481203006,0.39414844233900126,0.34327905921049184,0.4,0.0,0.0,1.0,0.0,0.0,1.0,1.0,1.0,0
0.49624060150375937,0.06433416479153407,0.9636294852363138,-0.4,1.0,0.6666666666666666,0.0,1.0,1.0,1.0,1.0,1.0,0
-0.7142857142857143,0.6865867848877403,-0.863593928252062,0.2,1.0,-0.4166666666666667,0.0,0.0,0.0,1.0,0.0,1.0,0
0.3684210526315789,0.6976714404117205,-0.23340723683647358,0.0,1.0,-1.1666666666666667,1.0,0.0,1.0,1.0,1.0,0.0,0
1.1353383458646618,-0.7604224355583985,0.9916592743998786,0.0,0.0,0.4166666666666667,0.0,0.0,1.0,1.0,0.0,1.0,1
0.556390977443609,0.022337801698061373,-0.35900620848198267,0.2,0.0,0.9166666666666666,0.0,1.0,0.0,1.0,0.0,1.0,0
-1.0676691729323309,-0.7604224355583985,0.16195402685082538,0.6,1.0,2.1666666666666665,0.0,0.0,1.0,1.0,1.0,3.0,0
-0.20300751879699247,0.004763768547829578,-0.43254219149844403,0.2,1.0,0.3333333333333333,0.0,0.0,1.0,1.0,0.0,1.0,0
0.40601503759398494,-0.06821669707476971,0.048395725853734924,0.0,1.0,-0.4166666666666667,1.0,0.0,1.0,1.0,1.0,1.0,0
1.4887218045112782,-0.7604224355583985,0.9770045329724913,-0.4,1.0,-0.08333333333333333,0.0,0.0,1.0,1.0,0.0,1.0,0
1.2706766917293233,0.0736358985607153,0.2858465698881278,0.0,1.0,0.0,1.0,0.0,0.0,0.0,1.0,1.0,0
-0.12781954887218044,-0.12397476220821707,0.9943602253415893,0.8,1.0,-0.08333333333333333,1.0,0.0,0.0,1.0,0.0,1.0,0
1.2255639097744362,-0.7604224355583985,0.8800528129177515,0.2,1.0,-0.75,0.0,1.0,1.0,0.0,1.0,0.0,0
1.4210526315789473,0.12009324846878584,-0.14238708102201234,-0.4,0.0,1.25,1.0,0.0,0.0,1.0,0.0,2.0,1
-0.9398496240601504,-0.7604224355583985,-0.5657144558241843,0.4,1.0,-0.4166666666666667,0.0,0.0,0.0,1.0,1.0,1.0,0
0.5037593984962406,-0.7604224355583985,-0.42036588558419197,-0.4,1.0,2.6666666666666665,0.0,0.0,1.0,1.0,1.0,3.0,0
0.5939849624060151,-0.7604224355583985,0.4265685159322249,-0.4,1.0,2.75,0.0,1.0,1.0,1.0,1.0,3.0,0
0.2706766917293233,-0.7604224355583985,0.05576418577380767,-0.4,1.0,0.75,0.0,1.0,0.0,0.0,1.0,1.0,0
0.0,-0.7604224355583985,0.4727638227935985,0.2,1.0,0.08333333333333333,0.0,0.0,1.0,1.0,1.0,1.0,0
0.2556390977443609,0.4313174562463943,0.33655811203273656,0.4,1.0,0.3333333333333333,0.0,0.0,0.0,0.0,1.0,1.0,0
0.12781954887218044,-0.7604224355583985,-0.056679902689107164,0.8,0.0,-0.6666666666666666,0.0,1.0,1.0,1.0,1.0,0.0,0
-1.0902255639097744,-0.7604224355583985,-0.39615882358126947,-0.2,1.0,-0.25,0.0,1.0,0.0,1.0,1.0,1.0,0
0.2631578947368421,0.10530273883686764,0.6047725062103347,-0.4,0.0,-1.0833333333333333,0.0,0.0,0.0,1.0,0.0,0.0,0
0.9924812030075187,-0.7604224355583985,0.0965326510344553,0.6,1.0,0.25,0.0,1.0,0.0,1.0,0.0,1.0,0
0.045112781954887216,-0.7604224355583985,-0.48355668988113143,-0.6,1.0,1.0833333333333333,0.0,1.0,1.0,1.0,0.0,1.0,0
0.9022556390977443,0.11732594330181892,0.8943690283463143,-0.4,0.0,-0.08333333333333333,0.0,1.0,1.0,1.0,1.0,1.0,0
-0.39097744360902253,-0.7604224355583985,0.49716856271974785,0.2,0.0,1.0,0.0,0.0,0.0,0.0,1.0,1.0,1
0.5789473684210527,-0.022340152183763805,0.030092426439013345,-0.6,0.0,2.5,0.0,0.0,1.0,0.0,1.0,3.0,0
1.368421052631579,0.3590550640058802,-0.09673257762071776,0.6,0.0,-0.08333333333333333,0.0,0.0,1.0,1.0,0.0,1.0,1
0.18796992481203006,-0.7604224355583985,0.1557605955788474,-0.6,1.0,-0.8333333333333334,0.0,0.0,0.0,0.0,1.0,0.0,0
0.3383458646616541,-0.7604224355583985,0.3039910319229659,0.4,0.0,2.0833333333333335,0.0,1.0,1.0,1.0,0.0,3.0,1
0.8571428571428571,0.3578170631864227,-0.9562307705772155,0.4,0.0,2.0833333333333335,1.0,0.0,0.0,0.0,1.0,3.0,1
-1.0902255639097744,0.07746366452708481,-0.5667226745598147,-1.0,0.0,-0.5,0.0,0.0,0.0,0.0,1.0,1.0,0
0.43609022556390975,-0.7604224355583985,-0.04759601950868508,-0.4,0.0,-0.4166666666666667,0.0,0.0,0.0,1.0,0.0,1.0,0
0.20300751879699247,-0.08000689005708903,0.6171929964878694,-1.0,0.0,0.16666666666666666,0.0,0.0,1.0,0.0,1.0,1.0,0
-1.037593984962406,-0.7604224355583985,-0.0366916391769741,0.6,1.0,-0.4166666666666667,0.0,0.0,1.0,1.0,0.0,1.0,0
0.5112781954887218,0.045656265205928526,-0.6522532306324634,-0.8,1.0,0.6666666666666666,0.0,0.0,0.0,1.0,1.0,1.0,1
-1.5639097744360901,-0.7604224355583985,0.3123894817253328,0.2,0.0,0.6666666666666666,0.0,0.0,1.0,1.0,0.0,1.0,1
1.0827067669172932,0.021082328934882443,0.7980428454633162,-0.8,0.0,0.25,1.0,0.0,0.0,1.0,0.0,1.0,0
-0.3082706766917293,0.16037814457281271,0.6298029877321379,-0.8,1.0,0.0,1.0,0.0,1.0,0.0,1.0,1.0,0
-0.7819548872180451,0.03156870749807679,-0.579512047787156,-1.0,0.0,-0.3333333333333333,1.0,0.0,0.0,1.0,0.0,1.0,0
-1.4360902255639099,-0.7604224355583985,0.7880629722751347,0.4,1.0,0.25,0.0,0.0,0.0,1.0,0.0,1.0,0
0.924812030075188,0.17113067646704294,-0.747011379895905,-0.8,1.0,-0.3333333333333333,1.0,0.0,0.0,1.0,1.0,1.0,0
-0.17293233082706766,0.25108009714870805,-0.7714509740991072,0.2,0.0,0.0,0.0,0.0,0.0,1.0,1.0,1.0,0
-0.8270676691729323,0.253666101518496,-0.7983080854895692,1.0,0.0,2.5,0.0,0.0,1.0,0.0,1.0,3.0,0
-0.924812030075188,-0.7604224355583985,-0.9078571225060125,0.2,0.0,-0.5,0.0,1.0,1.0,1.0,0.0,1.0,0
-0.9924812030075187,0.07809790391911756,-0.68014912213345,0.4,0.0,0.6666666666666666,0.0,1.0,1.0,1.0,0.0,1.0,0
0.09022556390977443,0.7205914182435064,-0.4430589840923701,0.8,1.0,0.5,0.0,0.0,1.0,1.0,1.0,1.0,0
-0.3308270676691729,-0.08771530791813219,0.44240738287180587,0.6,0.0,-0.5833333333333334,0.0,0.0,0.0,0.0,0.0,0.0,0
-0.5413533834586466,0.17733368658521786,0.3842588987964927,-0.4,0.0,0.16666666666666666,1.0,0.0,1.0,1.0,0.0,1.0,0
1.0827067669172932,0.09930860854811319,0.2497629896383907,-0.6,0.0,0.6666666666666666,0.0,0.0,0.0,1.0,1.0,1.0,0
0.03007518796992481,0.24138904459768473,-0.12612311455673292,0.0,0.0,0.6666666666666666,0.0,0.0,1.0,1.0,0.0,1.0,0
1.4887218045112782,-0.18800567516937894,0.8875479134515153,0.6,0.0,-0.3333333333333333,0.0,0.0,1.0,1.0,1.0,1.0,0
0.14285714285714285,0.27480762351831745,-0.2389510089150547,0.2,0.0,0.08333333333333333,0.0,0.0,0.0,0.0,1.0,1.0,0
0.22556390977443608,0.22562143805927595,0.9594778400007258,0.0,0.0,0.5,0.0,0.0,0.0,1.0,1.0,1.0,0
1.4887218045112782,0.5297800074659261,-0.38340563338641126,-0.2,0.0,-0.5,1.0,0.0,0.0,0.0,1.0,1.0,0
0.47368421052631576,0.49612066045984343,0.9956075178426941,0.4,0.0,-0.75,0.0,0.0,1.0,0.0,0.0,0.0,0
0.48872180451127817,0.24407165392984162,-0.46174067216882153,-0.2,0.0,-0.75,0.0,0.0,1.0,1.0,1.0,0.0,0
0.09022556390977443,0.0018099915151383575,0.4495934966620769,0.4,1.0,-0.3333333333333333,1.0,0.0,1.0,1.0,0.0,1.0,0
0.5864661654135338,-0.7604224355583985,-0.13762298174507243,-0.2,1.0,0.4166666666666667,0.0,1.0,1.0,0.0,1.0,1.0,0
0.09022556390977443,-0.17823697824065285,0.5616405938872396,-0.2,1.0,0.08333333333333333,0.0,0.0,0.0,1.0,0.0,1.0,0
0.5488721804511278,0.14202962638363784,0.7955409012002624,0.4,1.0,-0.3333333333333333,1.0,0.0,0.0,1.0,1.0,1.0,0
-2.0225563909774436,-0.009769832996815615,0.39101255380022154,0.6,0.0,0.9166666666666666,0.0,1.0,0.0,0.0,0.0,1.0,1
-0.08270676691729323,-0.7604224355583985,-0.7684260112563475,0.4,1.0,-0.4166666666666667,0.0,1.0,1.0,1.0,1.0,1.0,0
-0.12781954887218044,-0.7604224355583985,-0.7623110787667056,-0.8,0.0,-0.6666666666666666,0.0,0.0,1.0,0.0,1.0,0.0,0
-0.8120300751879699,-0.7604224355583985,-0.3009045374825937,-0.2,1.0,-1.25,0.0,1.0,1.0,1.0,0.0,0.0,0
0.08270676691729323,-0.7604224355583985,0.982597673425901,0.8,1.0,-0.16666666666666666,0.0,0.0,1.0,1.0,1.0,1.0,0
0.40601503759398494,-0.7604224355583985,0.11705681183277156,0.4,1.0,0.0,0.0,1.0,0.0,1.0,1.0,1.0,0
0.0,-0.7604224355583985,0.7619137808930848,-0.4,0.0,1.1666666666666667,0.0,0.0,0.0,1.0,0.0,2.0,1
0.2857142857142857,-0.7604224355583985,-0.9842790601048467,-0.6,1.0,0.9166666666666666,0.0,1.0,0.0,1.0,1.0,1.0,0
0.7518796992481203,0.06558916745757243,-0.09887463358610783,-0.4,1.0,0.6666666666666666,1.0,0.0,0.0,0.0,1.0,1.0,0
-0.03759398496240601,0.10109442923527842,0.37966937754068575,0.6,0.0,-0.9166666666666666,0.0,1.0,0.0,1.0,1.0,0.0,1
0.5939849624060151,0.17187256810424584,0.5785370479372799,0.4,0.0,0.25,0.0,0.0,0.0,1.0,1.0,1.0,0
-0.03007518796992481,-0.7604224355583985,-0.41697071103619554,-0.6,1.0,0.5833333333333334,0.0,0.0,0.0,1.0,1.0,1.0,0
0.8947368421052632,0.3181191617118101,-0.2704664302078238,0.0,1.0,0.08333333333333333,1.0,0.0,0.0,1.0,0.0,1.0,0
0.06766917293233082,0.30846234790251853,-0.18749894114801668,0.0,0.0,0.0,0.0,0.0,0.0,1.0,0.0,1.0,0
-0.8421052631578947,-0.06795359937514696,-0.40874499943975084,-0.8,0.0,2.5,0.0,1.0,1.0,0.0,1.0,3.0,0
0.556390977443609,0.2742450739402082,-0.661341611138957,-0.6,1.0,0.0,0.0,0.0,1.0,1.0,0.0,1.0,0
-0.13533834586466165,-0.7604224355583985,0.45498405301836387,-0.8,0.0,-0.08333333333333333,0.0,1.0,0.0,1.0,1.0,1.0,0
0.7142857142857143,-0.7604224355583985,-0.7839326893383861,0.0,1.0,0.3333333333333333,0.0,0.0,1.0,1.0,1.0,1.0,0
0.5939849624060151,-0.14051889087317762,-1.0108600970017019,0.8,0.0,0.5,1.0,0.0,0.0,0.0,0.0,1.0,1
-0.6766917293233082,-0.7604224355583985,0.12412016906368617,0.2,1.0,-0.3333333333333333,0.0,0.0,1.0,1.0,0.0,1.0,0
0.7293233082706767,0.669708887253038,0.9810608144529753,0.2,1.0,2.4166666666666665,1.0,0.0,1.0,1.0,1.0,3.0,0
0.5263157894736842,0.07974966857172229,-0.7617041441709865,-0.8,1.0,-0.6666666666666666,1.0,0.0,1.0,1.0,0.0,0.0,0
-0.3533834586466165,0.41554749922228296,-0.2819429930701573,0.0,0.0,-0.3333333333333333,0.0,1.0,1.0,0.0,0.0,1.0,0
0.05263157894736842,-0.7604224355583985,0.6041356235114587,-0.4,1.0,0.08333333333333333,0.0,0.0,0.0,1.0,0.0,1.0,0
0.11278195488721804,0.5385977762289819,0.48697823511381877,0.2,0.0,-0.75,0.0,0.0,1.0,1.0,0.0,0.0,0
0.09774436090225563,-0.7604224355583985,0.17059247032627203,-0.4,0.0,1.25,0.0,0.0,1.0,1.0,0.0,2.0,1
0.12781954887218044,0.19433686510785844,0.32000928084561997,0.8,0.0,0.08333333333333333,0.0,0.0,0.0,1.0,0.0,1.0,0
1.0676691729323309,-0.7604224355583985,0.8041604354638181,-1.0,1.0,-0.3333333333333333,0.0,0.0,1.0,0.0,0.0,1.0,0
-0.7218045112781954,0.45299293024827897,-0.6889320933149167,0.4,1.0,-0.08333333333333333,0.0,0.0,1.0,1.0,1.0,1.0,0
-0.49624060150375937,-0.7604224355583985,0.4373813143512104,-0.4,1.0,-0.6666666666666666,0.0,0.0,1.0,1.0,1.0,0.0,0
0.9097744360902256,0.2152859606781762,-0.8966377249253951,-0.8,1.0,-1.0,0.0,0.0,1.0,0.0,1.0,0.0,0
0.13533834586466165,-0.1388238772836487,-0.7489771202369071,0.0,0.0,-0.8333333333333334,0.0,0.0,0.0,1.0,1.0,0.0,0
0.6691729323308271,-0.7604224355583985,-0.09855389246765602,-0.4,1.0,-0.08333333333333333,0.0,0.0,0.0,1.0,1.0,1.0,0
-1.1954887218045114,-0.7604224355583985,0.788292744752598,-0.4,0.0,-0.5,0.0,0.0,0.0,1.0,1.0,1.0,1
0.2631578947368421,0.0008055506249765379,-0.37063987112094454,-0.2,0.0,-0.08333333333333333,0.0,0.0,0.0,0.0,1.0,1.0,0
1.4887218045112782,-0.7604224355583985,-0.40760799363935013,-0.8,1.0,3.6666666666666665,0.0,0.0,0.0,1.0,1.0,3.0,0
0.21804511278195488,0.014410396919077325,-0.9183799456053525,-0.8,0.0,-1.5833333333333333,0.0,0.0,0.0,1.0,1.0,0.0,0
0.7669172932330827,-0.7604224355583985,-0.9804400812431736,-0.6,1.0,0.08333333333333333,0.0,0.0,0.0,0.0,0.0,1.0,0
0.015037593984962405,-0.039954613688077026,-0.6376112656995969,-0.6,0.0,-0.6666666666666666,0.0,0.0,1.0,1.0,0.0,0.0,0
-0.6541353383458647,-0.05274611357962166,0.19720192214694168,-0.2,1.0,-0.4166666666666667,1.0,0.0,0.0,0.0,1.0,1.0,0
-0.7669172932330827,0.13554314768975262,-0.46432857668701166,0.4,0.0,0.25,0.0,0.0,0.0,1.0,0.0,1.0,0
-0.9323308270676691,-0.08962781978465713,0.5800067536550038,-0.2,1.0,-0.4166666666666667,0.0,0.0,0.0,1.0,0.0,1.0,0
0.23308270676691728,0.4013751673300978,-0.5596545133669604,-0.2,0.0,0.4166666666666667,0.0,0.0,0.0,1.0,1.0,1.0,1
-0.9774436090225563,0.36896776735864045,-0.8652961661700659,0.0,0.0,0.3333333333333333,0.0,0.0,1.0,1.0,1.0,1.0,0
1.2481203007518797,0.7031182209299077,0.8054883731983388,-0.8,0.0,-0.5,0.0,0.0,0.0,0.0,0.0,1.0,0
-1.218045112781955,-0.7604224355583985,-0.6884728549958586,-0.2,1.0,-0.6666666666666666,0.0,0.0,1.0,1.0,0.0,0.0,0
-0.6842105263157895,0.026546503047267574,0.022964880099625933,-0.8,1.0,0.0,0.0,0.0,1.0,0.0,1.0,1.0,0
0.045112781954887216,-0.7604224355583985,-0.19457333727019732,0.6,0.0,-0.4166666666666667,0.0,0.0,1.0,1.0,1.0,1.0,0
1.150375939849624,0.06744652125961427,-0.6757850804529474,-0.4,1.0,-0.3333333333333333,1.0,0.0,0.0,0.0,1.0,1.0,0
0.9398496240601504,0.39548234297511714,-0.6196854350389999,0.0,0.0,0.4166666666666667,0.0,0.0,0.0,1.0,1.0,1.0,0
-0.03007518796992481,-0.7604224355583985,0.23970819508633906,0.4,1.0,-0.16666666666666666,0.0,1.0,1.0,0.0,0.0,1.0,0
-0.518796992481203,-0.3339787505907065,0.10417279033401972,-0.4,0.0,0.25,0.0,1.0,0.0,1.0,0.0,1.0,1
0.39849624060150374,0.13408749189425212,0.7545926451087174,0.8,0.0,0.9166666666666666,1.0,0.0,1.0,0.0,0.0,1.0,1
-0.7669172932330827,-0.7604224355583985,0.34808281672642455,0.0,0.0,1.6666666666666667,0.0,0.0,1.0,1.0,1.0,2.0,0
0.10526315789473684,0.3931148554261295,-0.43988724488055464,-0.6,0.0,-0.3333333333333333,0.0,0.0,0.0,1.0,1.0,1.0,0
-0.3308270676691729,0.38421231247874044,0.6249900311401503,0.0,1.0,0.0,0.0,0.0,1.0,0.0,0.0,1.0,0
0.015037593984962405,0.06760376875310534,0.7581076120693412,0.0,0.0,0.25,0.0,1.0,1.0,1.0,0.0,1.0,0
0.556390977443609,0.20974892150901656,-0.20929288107779448,0.4,0.0,-0.8333333333333334,0.0,1.0,0.0,0.0,1.0,0.0,0
0.38345864661654133,-0.7604224355583985,-0.9944790978466116,0.8,1.0,-0.75,0.0,0.0,1.0,0.0,1.0,0.0,0
0.6466165413533834,-0.7604224355583985,-0.8564974543473495,-0.4,0.0,-0.16666666666666666,0.0,1.0,1.0,1.0,1.0,1.0,0
1.150375939849624,-0.7604224355583985,0.6868988930828444,-0.6,0.0,0.16666666666666666,0.0,0.0,1.0,0.0,0.0,1.0,0
-0.21052631578947367,-0.018708730123068774,-0.9707725677930383,0.8,1.0,-0.8333333333333334,1.0,0.0,1.0,0.0,1.0,0.0,0
-0.8345864661654135,0.023986902466869957,1.0258110486780612,0.8,0.0,0.16666666666666666,1.0,0.0,0.0,1.0,1.0,1.0,1
-1.6390977443609023,-0.7604224355583985,-0.988463515378364,-0.4,0.0,-0.3333333333333333,0.0,1.0,1.0,1.0,1.0,1.0,0
-0.20300751879699247,0.17015608674530167,0.37211979803428524,0.6,3.0,1.5,1.0,0.0,0.0,0.0,0.0,2.0,1
0.3609022556390977,-0.29987014741737056,-0.843984768885352,-0.6,0.0,0.5833333333333334,0.0,0.0,0.0,1.0,0.0,1.0,0
0.8270676691729323,0.012048080438635112,0.9438594442505969,0.6,0.0,-0.25,1.0,0.0,0.0,0.0,1.0,1.0,1
0.22556390977443608,-0.17308698571715614,-0.681512322992848,0.6,0.0,-0.3333333333333333,0.0,0.0,0.0,1.0,1.0,1.0,0
-0.6766917293233082,0.18218172004547875,-0.9470073680766254,0.8,0.0,-0.6666666666666666,0.0,1.0,0.0,1.0,1.0,0.0,0
-0.7142857142857143,-0.7604224355583985,-0.806771439884102,-0.2,0.0,-1.0833333333333333,0.0,0.0,0.0,0.0,0.0,0.0,0
-0.6691729323308271,-0.04957452487184083,0.23326618433696322,0.4,0.0,-0.5833333333333334,0.0,0.0,1.0,1.0,0.0,0.0,0
0.39097744360902253,-0.7604224355583985,0.5461993314571478,-0.4,1.0,0.5833333333333334,0.0,0.0,1.0,0.0,1.0,1.0,0
-0.9548872180451128,0.5351556466168538,-0.048125477441629726,0.4,0.0,-0.16666666666666666,0.0,0.0,1.0,0.0,1.0,1.0,0
0.7142857142857143,0.2643008740790357,0.0209336218947209,-0.8,0.0,0.5,0.0,0.0,1.0,0.0,1.0,1.0,1
-0.44360902255639095,-0.2105538845125675,-0.19255526440763776,-0.6,1.0,-0.08333333333333333,0.0,0.0,1.0,1.0,0.0,1.0,0
0.48120300751879697,-0.7604224355583985,-0.3347567285172508,0.8,0.0,-0.25,0.0,1.0,1.0,1.0,1.0,1.0,0
-0.7593984962406015,-0.11565427787026719,-0.08056029528012021,0.8,1.0,-0.5,1.0,0.0,1.0,1.0,1.0,1.0,0
0.8646616541353384,0.2796377149377167,-0.7442876356879691,0.4,1.0,0.6666666666666666,1.0,0.0,0.0,1.0,0.0,1.0,1
-0.3684210526315789,0.09489087067043955,-0.06752397796667972,-0.2,0.0,-0.9166666666666666,1.0,0.0,1.0,1.0,1.0,0.0,0
0.6240601503759399,0.20468707219936,0.9937694402349446,1.0,1.0,0.5,1.0,0.0,1.0,1.0,1.0,1.0,0
0.2932330827067669,-0.7604224355583985,-0.5095564473832656,0.8,0.0,-0.5833333333333334,0.0,0.0,1.0,1.0,0.0,0.0,0
-0.9398496240601504,-0.7604224355583985,-0.48791255460514066,0.6,0.0,1.3333333333333333,0.0,1.0,1.0,1.0,1.0,2.0,0
0.631578947368421,0.3042624216999347,0.6771040235353252,-0.2,0.0,-0.9166666666666666,0.0,1.0,0.0,1.0,1.0,0.0,0
-0.3684210526315789,0.38052964982973264,0.6514446318472269,0.8,0.0,-0.16666666666666666,1.0,0.0,0.0,1.0,0.0,1.0,0
-0.37593984962406013,-0.06456584433226803,-0.3777648621614278,-0.4,1.0,-0.6666666666666666,0.0,0.0,0.0,1.0,1.0,0.0,0
0.47368421052631576,-0.7604224355583985,0.5164121099192488,0.4,0.0,-0.5,0.0,1.0,1.0,1.0,1.0,1.0,0
0.7368421052631579,0.13132880517486062,-0.11359019112741449,-0.6,0.0,0.0,0.0,1.0,0.0,0.0,0.0,1.0,0
0.22556390977443608,0.032459149831671856,-0.5081369277360194,0.8,0.0,0.9166666666666666,0.0,1.0,0.0,1.0,1.0,1.0,0
-0.5037593984962406,-0.7604224355583985,-0.1235065906908162,0.0,0.0,0.08333333333333333,0.0,0.0,0.0,1.0,1.0,1.0,0
-0.7443609022556391,0.10230406752726037,-0.17936286943713034,0.8,1.0,0.3333333333333333,1.0,0.0,1.0,0.0,0.0,1.0,0
-0.11278195488721804,-0.7604224355583985,0.41396077335099235,0.0,1.0,-0.3333333333333333,0.0,0.0,1.0,1.0,0.0,1.0,0
-0.17293233082706766,-0.7604224355583985,0.8294303995989204,0.6,1.0,-0.25,0.0,1.0,1.0,1.0,1.0,1.0,0
0.8120300751879699,-0.7604224355583985,0.15452822602334298,-0.6,0.0,-0.4166666666666667,0.0,1.0,0.0,1.0,1.0,1.0,0
0.5488721804511278,0.16817815302672626,0.32428746448294227,-0.2,0.0,-0.08333333333333333,0.0,1.0,0.0,0.0,0.0,1.0,1
-2.030075187969925,-0.7604224355583985,0.818654295272199,-1.0,0.0,-0.08333333333333333,0.0,1.0,1.0,1.0,1.0,1.0,1
-0.2556390977443609,0.2835498633408024,-0.4594541907093677,-0.8,1.0,0.25,1.0,0.0,0.0,1.0,1.0,1.0,0
-0.12030075187969924,-0.7604224355583985,-0.6222337835301534,0.6,1.0,-0.25,0.0,0.0,1.0,1.0,0.0,1.0,0
0.48120300751879697,0.09811628550080558,-0.49003917656514945,0.6,1.0,-0.5,0.0,0.0,1.0,1.0,1.0,1.0,0
1.0,-0.7604224355583985,-0.5553484258656045,-0.8,1.0,1.4166666666666667,0.0,1.0,0.0,1.0,0.0,2.0,1
0.20300751879699247,0.10577361947258307,-0.5409492143286343,0.4,1.0,0.08333333333333333,1.0,0.0,1.0,1.0,0.0,1.0,0
-0.5112781954887218,-0.1543546332127783,0.3960308542121485,-0.8,0.0,1.4166666666666667,1.0,0.0,0.0,0.0,0.0,2.0,1
-0.6165413533834586,-0.7604224355583985,0.2575177085408183,0.6,0.0,-0.3333333333333333,0.0,0.0,0.0,1.0,1.0,1.0,0
1.443609022556391,0.11318775652368493,0.20326319335959592,0.4,0.0,0.08333333333333333,0.0,0.0,1.0,1.0,1.0,1.0,0
-1.7067669172932332,-0.7604224355583985,0.9994221702587996,-0.2,1.0,0.16666666666666666,0.0,0.0,1.0,1.0,0.0,1.0,0
-1.0225563909774436,0.18074612172797214,0.7086007400401159,0.6,1.0,1.1666666666666667,0.0,0.0,1.0,0.0,1.0,2.0,0
-0.24060150375939848,-0.1572096898459684,-0.8402246976538397,-1.0,0.0,-0.16666666666666666,1.0,0.0,1.0,1.0,1.0,1.0,0
-0.7894736842105263,-0.7604224355583985,0.3327601201654862,-0.6,1.0,-0.4166666666666667,0.0,0.0,0.0,1.0,0.0,1.0,0
-0.556390977443609,-0.7604224355583985,0.028484325732639273,0.4,1.0,0.25,0.0,0.0,0.0,0.0,0.0,1.0,0
-0.6691729323308271,-0.1165295987458435,0.07543221922726992,-0.8,0.0,2.0,0.0,1.0,1.0,1.0,0.0,3.0,1
-1.0300751879699248,0.2533259078878344,0.4958196715342131,0.0,0.0,0.9166666666666666,0.0,0.0,1.0,0.0,1.0,1.0,1
-0.8195488721804511,-0.7604224355583985,0.42687351640942695,-0.2,1.0,-0.08333333333333333,0.0,0.0,1.0,1.0,1.0,1.0,0
-0.7218045112781954,-0.05850198296767545,-0.04649458346903033,0.8,0.0,0.16666666666666666,0.0,0.0,0.0,1.0,1.0,1.0,0
-0.9548872180451128,-0.7604224355583985,0.6291692736039031,0.0,1.0,-0.3333333333333333,0.0,1.0,1.0,1.0,0.0,1.0,0
-0.8796992481203008,-0.7604224355583985,-0.7334440714701773,0.6,0.0,0.25,0.0,0.0,0.0,1.0,1.0,1.0,0
0.3458646616541353,0.08502180800222071,0.7097542019654596,-0.8,0.0,1.25,1.0,0.0,0.0,1.0,0.0,2.0,1
1.4887218045112782,-0.19568134292963518,0.16682003144806357,-0.6,0.0,-0.25,0.0,0.0,1.0,1.0,1.0,1.0,0
0.3684210526315789,0.5695030591375544,0.5528707058361622,0.0,0.0,0.25,0.0,0.0,1.0,1.0,1.0,1.0,1
-0.40601503759398494,0.16575057139328053,-0.4012309896940964,0.6,1.0,1.8333333333333333,1.0,0.0,1.0,0.0,0.0,2.0,1
-0.5338345864661654,0.2985266097898747,-0.6799907958133474,-0.4,0.0,0.08333333333333333,1.0,0.0,0.0,1.0,1.0,1.0,0
-0.47368421052631576,-0.0347599619362346,0.017702190900503983,0.4,0.0,0.3333333333333333,1.0,0.0,0.0,1.0,1.0,1.0,0
-0.38345864661654133,0.1454944773575558,0.8831958305698842,-0.6,0.0,1.0833333333333333,0.0,0.0,1.0,1.0,0.0,1.0,0
-0.8646616541353384,-0.7604224355583985,-0.5950061537985861,-0.8,1.0,0.08333333333333333,0.0,1.0,0.0,0.0,1.0,1.0,0
-0.11278195488721804,-0.7604224355583985,0.47048592713846255,0.8,1.0,0.3333333333333333,0.0,0.0,0.0,1.0,0.0,1.0,0
1.481203007518797,-0.09741207998436457,1.0080676663592218,1.0,0.0,0.3333333333333333,1.0,0.0,1.0,1.0,1.0,1.0,0
-0.39097744360902253,-0.7604224355583985,0.451658484812517,-0.2,1.0,-0.08333333333333333,0.0,1.0,1.0,1.0,0.0,1.0,0
0.12030075187969924,0.12519599622966418,0.00998549484577049,1.0,0.0,0.5,0.0,1.0,1.0,1.0,1.0,1.0,0
-1.5789473684210527,-0.7604224355583985,-0.317918637494182,-0.2,1.0,-0.25,0.0,0.0,1.0,1.0,0.0,1.0,0
-0.15037593984962405,0.30949076374684503,-0.17676648132657835,-0.4,0.0,-0.5,0.0,1.0,1.0,1.0,0.0,1.0,1
1.4887218045112782,0.44594781945245526,-0.3744628027054995,1.0,1.0,-0.5833333333333334,0.0,0.0,1.0,1.0,0.0,0.0,0
0.849624060150376,0.20571642823796737,-0.1694531136508796,-0.2,1.0,0.4166666666666667,0.0,0.0,1.0,1.0,1.0,1.0,0
0.5037593984962406,0.15151579493093464,-0.37200675161076474,0.8,0.0,0.8333333333333334,0.0,1.0,0.0,1.0,0.0,1.0,1
-1.6165413533834587,0.1870075805906136,-0.21047864198128677,-0.8,0.0,-0.9166666666666666,0.0,0.0,0.0,0.0,1.0,0.0,0
0.706766917293233,0.060945312855327255,-0.2814471628707915,-0.4,0.0,-1.0,0.0,1.0,0.0,0.0,0.0,0.0,0
-0.5263157894736842,-0.7604224355583985,0.3330373189906111,-0.6,1.0,-0.5833333333333334,0.0,0.0,1.0,1.0,1.0,0.0,0
-0.518796992481203,-0.7604224355583985,0.1497077057465989,-0.2,1.0,0.25,0.0,1.0,0.0,1.0,0.0,1.0,0
-0.42105263157894735,-0.7604224355583985,0.17631388678467128,0.2,1.0,-0.6666666666666666,0.0,1.0,0.0,1.0,0.0,0.0,0
0.6917293233082706,0.20905137570206553,0.43042579073405196,0.2,1.0,-0.6666666666666666,1.0,0.0,1.0,1.0,0.0,0.0,0
0.6992481203007519,0.28119162103557777,-0.6914027607193833,0.4,0.0,-0.25,0.0,1.0,1.0,1.0,1.0,1.0,0
-1.1879699248120301,-0.7604224355583985,-0.7874644190598215,-0.6,1.0,-0.8333333333333334,0.0,1.0,1.0,1.0,0.0,0.0,0
0.5263157894736842,-0.7604224355583985,0.21934573360267892,-0.6,0.0,0.0,0.0,0.0,1.0,0.0,0.0,1.0,0
-0.7669172932330827,0.049644099248631994,-0.08758348321226114,-0.6,0.0,0.08333333333333333,1.0,0.0,1.0,0.0,1.0,1.0,0
0.44360902255639095,0.2852911814986688,-0.5771939828332466,-0.2,1.0,-0.25,1.0,0.0,1.0,1.0,1.0,1.0,0
0.38345864661654133,0.2980441334246941,0.45395109898934105,0.4,0.0,-0.08333333333333333,0.0,1.0,1.0,1.0,0.0,1.0,0
-0.9849624060150376,-0.2881266507510057,0.5603716324514274,-0.4,0.0,-0.6666666666666666,0.0,1.0,1.0,1.0,0.0,0.0,0
-0.3082706766917293,-0.7604224355583985,-0.37046662185524165,0.4,0.0,0.08333333333333333,0.0,0.0,1.0,1.0,1.0,1.0,0
1.3909774436090225,0.059729563300519053,-0.49546571153000707,0.8,0.0,-0.5,0.0,1.0,1.0,0.0,1.0,1.0,0
-0.21052631578947367,-0.7604224355583985,-1.0105118608670414,0.2,0.0,-0.25,0.0,1.0,0.0,1.0,0.0,1.0,1
-0.43609022556390975,-0.7604224355583985,-0.9580104851579937,0.8,0.0,-0.5,0.0,0.0,0.0,0.0,1.0,1.0,0
0.48872180451127817,0.3246374503122013,-0.3173354160722936,0.8,0.0,3.25,0.0,0.0,0.0,1.0,1.0,3.0,0
-0.6616541353383458,0.14656347825501032,0.13188684676498527,-0.6,0.0,-0.3333333333333333,1.0,0.0,0.0,0.0,1.0,1.0,1
1.1353383458646618,-0.7604224355583985,-0.940265569659812,-0.8,1.0,0.0,0.0,1.0,0.0,0.0,0.0,1.0,0
-0.007518796992481203,-0.7604224355583985,-0.7693545046661676,0.2,0.0,0.16666666666666666,0.0,0.0,0.0,1.0,0.0,1.0,0
-1.6917293233082706,-0.7604224355583985,-0.16942848056944332,0.6,1.0,0.25,0.0,1.0,1.0,1.0,1.0,1.0,0
-0.9398496240601504,0.11868468073685687,0.8465099152624557,-0.8,0.0,-0.5,0.0,0.0,0.0,1.0,0.0,1.0,0
-0.3458646616541353,0.3140488256209524,-0.46672759351020526,-1.0,1.0,0.8333333333333334,1.0,0.0,0.0,0.0,1.0,1.0,0
0.49624060150375937,-0.030648413996061174,0.6961443733659662,-1.0,0.0,0.5,0.0,0.0,0.0,1.0,0.0,1.0,0
0.49624060150375937,-0.24611030852906254,-0.7224949223016652,-0.2,0.0,-0.75,1.0,0.0,1.0,1.0,0.0,0.0,0
1.0827067669172932,-0.02212602293627453,0.2219804511967935,0.2,0.0,1.5833333333333333,0.0,1.0,1.0,0.0,0.0,2.0,1
-0.849624060150376,0.32984001536590846,0.4928189329250647,-0.4,1.0,0.16666666666666666,0.0,0.0,1.0,1.0,0.0,1.0,0
0.06015037593984962,0.029096074888668267,-0.8202236576471857,0.2,0.0,-0.16666666666666666,0.0,0.0,0.0,1.0,0.0,1.0,0
-0.5789473684210527,0.02356162125378116,0.2745444828349713,-0.6,0.0,0.3333333333333333,0.0,1.0,1.0,0.0,0.0,1.0,0
1.3609022556390977,0.42442747750692905,0.3749395192690618,0.6,1.0,0.0,0.0,0.0,1.0,1.0,1.0,1.0,0
0.18796992481203006,0.019783137137638847,-0.801740158553742,0.0,0.0,0.4166666666666667,0.0,0.0,1.0,1.0,0.0,1.0,0
-0.22556390977443608,0.6444243991541542,0.5069390036097431,0.0,0.0,-0.4166666666666667,0.0,0.0,1.0,1.0,1.0,1.0,0
0.015037593984962405,-0.7604224355583985,-0.11026114771505813,0.6,1.0,0.08333333333333333,0.0,0.0,1.0,1.0,0.0,1.0,0
0.41353383458646614,-0.3163805857872633,-0.8326138931856952,-0.4,0.0,-0.16666666666666666,0.0,1.0,0.0,1.0,0.0,1.0,1
0.18796992481203006,-0.22132412339908916,-0.6783981291123546,1.0,0.0,-0.08333333333333333,1.0,0.0,0.0,1.0,0.0,1.0,0
1.4887218045112782,0.0316929698422107,-0.6552770691437055,-0.6,1.0,-0.75,1.0,0.0,1.0,1.0,1.0,0.0,0
-0.706766917293233,0.3563495766128866,-0.10890796362736437,-0.6,0.0,1.75,1.0,0.0,1.0,1.0,1.0,2.0,0
-0.8721804511278195,-0.7604224355583985,-0.35379298986964536,0.6,1.0,-0.16666666666666666,0.0,0.0,1.0,1.0,0.0,1.0,0
0.7368421052631579,0.1318400358151341,-0.25432920656819147,0.2,0.0,0.5,0.0,0.0,1.0,1.0,1.0,1.0,0
0.5413533834586466,-0.7604224355583985,-0.48023970747960276,-0.8,1.0,-0.08333333333333333,0.0,1.0,1.0,1.0,0.0,1.0,0
-0.2631578947368421,0.3152788347890218,-0.08434346641372624,-0.2,1.0,-1.0833333333333333,0.0,0.0,0.0,1.0,1.0,0.0,0
0.7894736842105263,0.03765646546731042,0.8950191985994919,0.8,1.0,-0.25,1.0,0.0,0.0,0.0,0.0,1.0,0
1.0150375939849625,-0.304921184492796,0.4404453221612259,-1.0,0.0,1.1666666666666667,0.0,0.0,1.0,0.0,1.0,2.0,0
0.41353383458646614,-0.03919156767955236,0.6604681077615545,-0.8,0.0,1.6666666666666667,0.0,0.0,0.0,1.0,1.0,2.0,1
0.45112781954887216,0.27980585301496214,-0.41223277802003444,0.4,1.0,0.08333333333333333,1.0,0.0,1.0,1.0,1.0,1.0,0
-0.06015037593984962,-0.7604224355583985,-0.41165374728834886,0.6,1.0,-1.5833333333333333,0.0,1.0,1.0,1.0,0.0,0.0,0
0.3308270676691729,0.5177659698952141,-0.9445568364275237,-0.6,0.0,-0.3333333333333333,0.0,0.0,1.0,1.0,1.0,1.0,0
0.3233082706766917,0.19974815329193943,-0.4410352895722214,-0.4,0.0,0.75,0.0,1.0,1.0,1.0,1.0,1.0,0
-0.24060150375939848,-0.7604224355583985,0.3869961349826425,-0.4,1.0,0.3333333333333333,0.0,0.0,1.0,1.0,1.0,1.0,0
-0.706766917293233,-0.7604224355583985,1.0100804242000605,0.4,0.0,-0.5,0.0,0.0,1.0,1.0,0.0,1.0,0
0.48872180451127817,-0.05106810183667345,-0.2519110761091946,-0.8,0.0,-0.75,0.0,0.0,0.0,0.0,1.0,0.0,0
0.2556390977443609,-0.7604224355583985,0.6084423242845517,0.0,1.0,-1.25,0.0,1.0,1.0,1.0,0.0,0.0,0
-0.3308270676691729,-0.0029415153322769807,-0.514264023448445,-0.2,0.0,-0.75,1.0,0.0,1.0,1.0,1.0,0.0,0
0.40601503759398494,0.2183460580141397,-0.502349277930024,0.2,1.0,-0.75,1.0,0.0,0.0,1.0,1.0,0.0,0
0.8120300751879699,0.18998682121841423,-0.4100920508100746,0.2,1.0,-0.25,1.0,0.0,1.0,1.0,1.0,1.0,0
-0.06766917293233082,0.3193260577704726,0.8729918065618291,-1.0,0.0,-0.3333333333333333,0.0,0.0,0.0,1.0,1.0,1.0,0
-0.5338345864661654,-0.7604224355583985,-0.18675851773754354,-0.8,1.0,-0.25,0.0,1.0,1.0,0.0,1.0,1.0,0
-0.7293233082706767,-0.7604224355583985,-0.031158599353790544,0.0,1.0,-0.8333333333333334,0.0,1.0,1.0,0.0,0.0,0.0,0
-1.0451127819548873,-0.26241703813808004,-0.47852786163771927,-0.8,1.0,0.5833333333333334,0.0,0.0,1.0,0.0,1.0,1.0,1
0.2706766917293233,-0.04724135441410836,0.6575914544671928,0.8,1.0,-0.25,1.0,0.0,0.0,0.0,1.0,1.0,0
-0.11278195488721804,0.435244726107499,-0.2836804941130386,-0.6,0.0,-0.08333333333333333,0.0,0.0,1.0,1.0,1.0,1.0,0
0.18045112781954886,0.03448942103188748,-0.20795298454440245,-0.2,0.0,0.3333333333333333,0.0,0.0,0.0,1.0,1.0,1.0,0
-0.44360902255639095,-0.7604224355583985,-0.2360023984035516,0.8,1.0,0.5,0.0,0.0,1.0,1.0,1.0,1.0,0
-0.11278195488721804,0.2085707013759234,0.6849373434320452,-0.4,0.0,-0.75,1.0,0.0,1.0,1.0,1.0,0.0,0
-0.5112781954887218,0.385723126338724,0.05783571548944264,-1.0,0.0,-0.9166666666666666,0.0,0.0,0.0,1.0,0.0,0.0,0
0.2932330827067669,-0.7604224355583985,-0.1822392160956235,0.4,1.0,0.08333333333333333,0.0,0.0,1.0,0.0,0.0,1.0,0
0.9097744360902256,-0.7604224355583985,-0.43040585940259934,-0.6,1.0,1.25,0.0,1.0,1.0,1.0,0.0,2.0,0
0.06766917293233082,-0.013301046017064753,0.02913255395864982,0.4,0.0,-0.75,0.0,1.0,0.0,0.0,0.0,0.0,0
1.4887218045112782,-0.7604224355583985,0.9049158712553533,-0.4,1.0,0.75,0.0,0.0,0.0,1.0,1.0,1.0,0
-0.03007518796992481,-0.7604224355583985,0.3496307145906163,0.6,0.0,-0.4166666666666667,0.0,1.0,1.0,1.0,0.0,1.0,0
-1.0827067669172932,0.11235623303169677,-0.5238350488119586,-0.6,0.0,-1.0,0.0,0.0,0.0,0.0,1.0,0.0,0
0.47368421052631576,-0.16130588127955273,0.7570306046872105,0.2,0.0,-1.3333333333333333,0.0,0.0,1.0,1.0,1.0,0.0,0
-0.5037593984962406,0.5371272340240327,0.331218559442577,0.4,1.0,0.16666666666666666,1.0,0.0,0.0,0.0,0.0,1.0,0
-0.9097744360902256,0.363166846994624,-0.1537725730314009,-0.8,1.0,0.0,0.0,1.0,1.0,0.0,1.0,1.0,0
-0.39849624060150374,0.23331426436515978,-0.39457750240741113,-0.2,1.0,-0.75,0.0,1.0,0.0,1.0,0.0,0.0,1
-0.5263157894736842,0.4407828621699865,0.7268986222211606,0.0,0.0,0.5,0.0,0.0,0.0,0.0,0.0,1.0,0
0.18796992481203006,0.29570461665556513,0.1575286579966226,0.6,1.0,-1.5833333333333333,0.0,1.0,1.0,1.0,1.0,0.0,0
-0.16541353383458646,-0.7604224355583985,-0.6832622938943818,0.8,1.0,-0.75,0.0,0.0,1.0,0.0,0.0,0.0,0
0.9473684210526315,0.6676953045013095,0.9320124652591146,0.8,1.0,-0.5,1.0,0.0,1.0,1.0,0.0,1.0,0
-0.6466165413533834,0.18055855296892004,0.08295747228810282,-0.2,0.0,2.3333333333333335,1.0,0.0,1.0,1.0,0.0,3.0,1
-0.37593984962406013,0.530028532154194,0.8306679819641896,0.0,0.0,-0.3333333333333333,0.0,0.0,1.0,0.0,1.0,1.0,1
-1.4661654135338347,-0.18298550780617856,0.8821206630029643,0.6,2.0,0.3333333333333333,0.0,0.0,1.0,1.0,1.0,1.0,1
-0.38345864661654133,0.06628013190455664,-0.5046853321882189,0.4,1.0,-0.9166666666666666,1.0,0.0,0.0,1.0,0.0,0.0,0
0.5413533834586466,-0.019117557936240676,-0.907843834951711,0.2,1.0,-0.08333333333333333,1.0,0.0,1.0,1.0,1.0,1.0,0
-0.17293233082706766,-0.7604224355583985,-0.5947023798648581,-1.0,1.0,0.5,0.0,0.0,0.0,1.0,1.0,1.0,0
-0.18796992481203006,-0.7604224355583985,0.3400884107867854,-0.4,1.0,0.3333333333333333,0.0,0.0,1.0,1.0,0.0,1.0,0
-1.6766917293233083,-0.7604224355583985,0.6566560106443533,0.4,1.0,1.9166666666666667,0.0,0.0,1.0,1.0,1.0,2.0,0
1.0977443609022557,0.4500447160317503,0.9398281024874177,0.8,0.0,-0.25,0.0,0.0,1.0,1.0,0.0,1.0,0
0.12781954887218044,-0.7604224355583985,0.3955467783877418,0.4,1.0,-0.6666666666666666,0.0,0.0,1.0,1.0,1.0,0.0,0
0.007518796992481203,-0.7604224355583985,-0.5875134041398143,0.4,1.0,1.5,0.0,1.0,1.0,1.0,1.0,2.0,0
0.18045112781954886,0.08848415179138938,-0.4008262303476754,-0.8,0.0,-0.9166666666666666,1.0,0.0,0.0,0.0,0.0,0.0,1
0.24060150375939848,-0.14375558803491523,-0.0004965456830588846,0.6,0.0,1.5833333333333333,0.0,1.0,1.0,1.0,1.0,2.0,0
0.09774436090225563,0.3153183229488223,-0.09477205008948021,0.6,0.0,-0.75,0.0,0.0,1.0,1.0,0.0,0.0,0
-0.6766917293233082,-0.03444201957022237,-1.0026245730574652,0.6,1.0,-0.3333333333333333,1.0,0.0,1.0,1.0,0.0,1.0,0
-0.9323308270676691,-0.027484346842527985,-1.0066382321522276,0.0,1.0,-1.25,1.0,0.0,1.0,0.0,1.0,0.0,0
-0.12030075187969924,0.35047438090067395,0.1046514489247494,0.6,1.0,-0.5833333333333334,1.0,0.0,1.0,1.0,1.0,0.0,0
0.12030075187969924,0.5547871382519257,0.1654949556483157,0.2,0.0,0.0,1.0,0.0,0.0,1.0,0.0,1.0,0
-0.3383458646616541,0.030219763753465533,-0.9384659237475811,0.0,0.0,-0.8333333333333334,0.0,1.0,0.0,0.0,0.0,0.0,0
-1.0225563909774436,0.37694696117260085,0.1223938091240269,-0.4,1.0,-0.4166666666666667,1.0,0.0,1.0,0.0,0.0,1.0,0
-0.21052631578947367,0.4145226091065102,0.05278143646894487,-0.4,1.0,0.25,1.0,0.0,0.0,1.0,0.0,1.0,0
0.8796992481203008,0.23206866364193104,0.25217498738001765,0.0,0.0,0.6666666666666666,1.0,0.0,0.0,1.0,0.0,1.0,1
1.4887218045112782,0.30839684770094494,-0.42522913045861366,-0.4,0.0,0.3333333333333333,0.0,0.0,1.0,0.0,1.0,1.0,0
0.15037593984962405,0.22726348737097737,0.8738082756676901,-1.0,1.0,2.5833333333333335,1.0,0.0,1.0,1.0,1.0,3.0,0
-1.3984962406015038,-0.497450486920742,0.8130673897481154,-0.4,1.0,0.3333333333333333,0.0,0.0,0.0,1.0,0.0,1.0,1
0.17293233082706766,0.3507011244214328,-0.35397932226573764,-1.0,0.0,-0.3333333333333333,1.0,0.0,0.0,1.0,0.0,1.0,1
1.4887218045112782,0.16413531761858655,0.8640679873047642,0.4,0.0,-0.3333333333333333,0.0,0.0,0.0,1.0,0.0,1.0,0
-0.03759398496240601,-0.08734792700284601,0.9169744289961012,-0.8,2.0,0.3333333333333333,1.0,0.0,0.0,1.0,0.0,1.0,0
-0.12781954887218044,-0.7604224355583985,-0.08545134180661941,-0.4,1.0,0.0,0.0,1.0,0.0,1.0,0.0,1.0,0
1.0300751879699248,-0.21649246498922167,0.08230566664362637,0.4,0.0,-0.4166666666666667,0.0,0.0,0.0,1.0,0.0,1.0,0
-0.3007518796992481,0.3515696288884722,-0.5767612174108359,0.0,0.0,0.4166666666666667,1.0,0.0,1.0,1.0,1.0,1.0,0
0.46616541353383456,-0.7604224355583985,-0.9457041656354973,0.4,0.0,0.5833333333333334,0.0,1.0,1.0,0.0,1.0,1.0,0
0.7218045112781954,0.43312051382871053,0.2790017418194981,-1.0,0.0,1.9166666666666667,0.0,0.0,1.0,1.0,0.0,2.0,1
-0.22556390977443608,0.14660069427863176,-0.2789475694827296,0.8,0.0,0.4166666666666667,1.0,0.0,1.0,0.0,0.0,1.0,1
0.7593984962406015,-0.7604224355583985,0.8728577044753378,-0.4,1.0,-0.16666666666666666,0.0,0.0,1.0,1.0,1.0,1.0,0
0.39849624060150374,-0.22432451839821144,-0.3533916035177779,0.4,0.0,-0.3333333333333333,0.0,1.0,1.0,1.0,1.0,1.0,0
-0.7368421052631579,-0.7604224355583985,0.5129219804639734,1.0,1.0,0.5,0.0,0.0,0.0,1.0,0.0,1.0,1
-1.112781954887218,0.041606299991158266,0.9735058177128977,0.4,0.0,0.5,1.0,0.0,0.0,1.0,0.0,1.0,1
-0.9548872180451128,0.13768561540749638,0.7036589963833578,-0.6,0.0,-0.08333333333333333,0.0,0.0,1.0,0.0,1.0,1.0,0
-0.41353383458646614,-0.7604224355583985,0.7704597225482005,0.0,1.0,-0.6666666666666666,0.0,0.0,0.0,1.0,1.0,0.0,0
-0.45864661654135336,-0.7604224355583985,0.7323719702619426,1.0,1.0,0.4166666666666667,0.0,0.0,0.0,0.0,0.0,1.0,0
-0.518796992481203,0.19960884783931013,-0.8779771947238701,0.4,0.0,-0.3333333333333333,0.0,0.0,1.0,1.0,0.0,1.0,0
-0.8120300751879699,-0.18675592192140927,0.27954714481760473,-0.2,0.0,-0.5833333333333334,0.0,0.0,1.0,0.0,1.0,0.0,0
1.4887218045112782,-0.7604224355583985,-0.6783207546615362,-0.2,1.0,-0.5,0.0,0.0,0.0,1.0,1.0,1.0,0
-0.38345864661654133,-0.0022819690441816852,1.020031473616603,-0.2,0.0,0.4166666666666667,0.0,1.0,0.0,1.0,1.0,1.0,0
0.12781954887218044,0.1754785265698316,0.7372405301580851,-0.4,0.0,0.16666666666666666,0.0,0.0,1.0,1.0,1.0,1.0,0
-1.2030075187969924,0.1881042388698332,-0.14335697027408018,0.6,0.0,-0.16666666666666666,0.0,0.0,1.0,0.0,0.0,1.0,0
-0.16541353383458646,-0.0880410852364858,0.3439980181101699,-0.8,0.0,-1.3333333333333333,0.0,1.0,0.0,1.0,1.0,0.0,0
0.045112781954887216,-0.4739220466901264,0.04290898804669496,-0.6,0.0,-0.5,0.0,1.0,0.0,1.0,0.0,1.0,1
-0.09774436090225563,0.5091515181454166,-0.15418898454082497,0.0,0.0,1.9166666666666667,0.0,0.0,0.0,1.0,1.0,2.0,1
-1.1954887218045114,0.5545323456017849,0.5183475955212257,-0.4,1.0,1.4166666666666667,0.0,0.0,1.0,1.0,0.0,2.0,1
-0.40601503759398494,-0.7604224355583985,-0.167049906137483,0.0,1.0,0.16666666666666666,0.0,1.0,0.0,1.0,1.0,1.0,0
-0.5714285714285714,0.4057597633593674,-0.3069712259289247,-0.4,0.0,2.1666666666666665,1.0,0.0,1.0,1.0,0.0,3.0,1
-0.015037593984962405,-0.02463187574361044,-0.3106373643727196,-0.2,1.0,-1.1666666666666667,1.0,0.0,1.0,1.0,0.0,0.0,0
0.42857142857142855,0.14435378664617768,0.3606656195903523,0.8,1.0,-0.5833333333333334,1.0,0.0,1.0,1.0,1.0,0.0,0
-0.06015037593984962,-0.003098762825768051,0.40198684710995064,0.6,1.0,-0.9166666666666666,0.0,1.0,1.0,1.0,1.0,0.0,0
-0.2932330827067669,0.032811487638462644,-0.8887669954527181,0.0,1.0,1.0833333333333333,1.0,0.0,0.0,1.0,0.0,1.0,0
0.7293233082706767,-0.7604224355583985,0.27704254304369064,-0.8,1.0,-0.5833333333333334,0.0,0.0,1.0,0.0,1.0,0.0,0
-0.13533834586466165,-0.21574477548728613,0.17162869513789225,-0.8,0.0,-0.08333333333333333,0.0,0.0,0.0,1.0,0.0,1.0,0
-1.6165413533834587,-0.7604224355583985,0.49965323316220933,0.2,0.0,0.5,0.0,0.0,0.0,1.0,0.0,1.0,1
-0.42857142857142855,0.30844064508453306,0.5346796351493119,0.8,0.0,0.16666666666666666,0.0,0.0,0.0,1.0,1.0,1.0,0
-0.5939849624060151,-0.7604224355583985,0.24037431040467883,-0.6,0.0,-1.1666666666666667,0.0,0.0,0.0,1.0,0.0,0.0,0
-0.12030075187969924,0.16673558160163582,0.8713040827416008,-0.4,0.0,0.16666666666666666,0.0,0.0,0.0,1.0,0.0,1.0,0
-0.03007518796992481,0.11215456135843023,-0.07665079016869188,0.8,1.0,0.5833333333333334,1.0,0.0,1.0,1.0,1.0,1.0,0
0.7819548872180451,0.4098304911978423,0.09864935843471588,0.0,1.0,0.16666666666666666,1.0,0.0,0.0,1.0,1.0,1.0,0
-0.22556390977443608,-0.7604224355583985,-0.4940326999045469,0.0,1.0,-0.16666666666666666,0.0,0.0,0.0,1.0,0.0,1.0,0
-0.9473684210526315,-0.7604224355583985,-0.6924016781670025,-0.4,1.0,0.5,0.0,1.0,0.0,1.0,0.0,1.0,0
0.12030075187969924,-0.7604224355583985,0.358111138381829,0.8,0.0,2.6666666666666665,0.0,1.0,0.0,0.0,1.0,3.0,0
1.4887218045112782,0.11680225508732271,0.12581126587846772,0.2,0.0,0.9166666666666666,1.0,0.0,0.0,1.0,0.0,1.0,0
0.9849624060150376,0.3105345360977605,1.0062124171428362,-0.8,0.0,0.0,0.0,1.0,0.0,1.0,0.0,1.0,0
-0.39097744360902253,-0.0121671717142237,-0.8136558239797684,1.0,0.0,0.75,0.0,0.0,1.0,0.0,0.0,1.0,0
0.24812030075187969,0.09037088666471131,0.9747092612848072,0.8,1.0,0.5,1.0,0.0,1.0,0.0,1.0,1.0,0
0.17293233082706766,-0.09488569960189434,0.4781852471606478,1.0,0.0,-0.25,0.0,0.0,0.0,0.0,0.0,1.0,0
-0.6390977443609023,-0.7604224355583985,0.2208417077931379,-0.2,1.0,0.6666666666666666,0.0,0.0,0.0,0.0,1.0,1.0,0
-0.16541353383458646,-0.7604224355583985,-0.5821086403216204,0.6,1.0,0.25,0.0,0.0,1.0,1.0,1.0,1.0,0
-0.6842105263157895,0.43643704915480647,0.34466045379808763,0.4,1.0,1.5833333333333333,0.0,0.0,1.0,1.0,0.0,2.0,1
0.5112781954887218,-0.7604224355583985,-0.6083800772032459,-0.6,1.0,-0.6666666666666666,0.0,0.0,1.0,1.0,0.0,0.0,0
0.0,-0.13419537918799262,-0.673805132650038,-0.2,1.0,0.25,0.0,0.0,0.0,1.0,1.0,1.0,0
-0.007518796992481203,-0.052494376560893966,0.962335788507109,-0.6,1.0,-0.25,1.0,0.0,1.0,0.0,0.0,1.0,0
-0.03007518796992481,0.08546550135331174,0.889161431391566,-0.8,0.0,0.5,1.0,0.0,0.0,0.0,0.0,1.0,1
0.44360902255639095,-0.7604224355583985,0.05839317949837692,0.6,1.0,-0.75,0.0,0.0,0.0,0.0,0.0,0.0,0
0.2781954887218045,0.3349010028308075,0.21685932555696263,-0.4,0.0,-0.5,0.0,1.0,0.0,0.0,1.0,1.0,0
0.39849624060150374,0.0038324277630125106,-0.404348352145231,-1.0,0.0,-1.0,0.0,0.0,1.0,0.0,1.0,0.0,0
0.06015037593984962,0.5897409760838472,-0.5520320567358128,0.2,0.0,-0.5,0.0,0.0,0.0,0.0,1.0,1.0,0
-0.48872180451127817,0.2224334743011016,0.31755047002806874,-0.4,1.0,-0.4166666666666667,1.0,0.0,0.0,1.0,1.0,1.0,0
-1.3909774436090225,0.22925160652759646,-0.6858182060702915,1.0,0.0,-0.75,1.0,0.0,1.0,1.0,0.0,0.0,1
-0.13533834586466165,0.0927388443108393,-0.9134572133724416,0.0,0.0,3.0833333333333335,1.0,0.0,1.0,1.0,0.0,3.0,0
-0.556390977443609,-0.7604224355583985,-0.29521920184472156,-0.6,1.0,0.16666666666666666,0.0,0.0,1.0,1.0,0.0,1.0,0
1.4887218045112782,0.5702076564016125,0.8653296916916886,0.6,0.0,2.1666666666666665,0.0,0.0,1.0,0.0,0.0,3.0,1
0.46616541353383456,-0.1510481266256792,0.8002187335861974,0.4,0.0,-0.75,1.0,0.0,1.0,1.0,0.0,0.0,0
0.49624060150375937,0.003956768456669908,-0.4695126648918414,-0.4,0.0,-0.16666666666666666,0.0,0.0,1.0,1.0,1.0,1.0,0
-0.9624060150375939,-0.027248749825623354,-0.48832906832652084,-0.8,0.0,-0.75,0.0,0.0,1.0,1.0,1.0,0.0,0
-0.38345864661654133,-0.7604224355583985,-0.41790002214166516,-0.2,1.0,0.5833333333333334,0.0,1.0,0.0,1.0,0.0,1.0,0
0.6090225563909775,0.22462710425763455,-0.49740262809937014,0.0,1.0,0.25,1.0,0.0,1.0,1.0,1.0,1.0,0
0.7744360902255639,0.44789464841023524,-0.3757146947446318,0.2,1.0,-0.5833333333333334,1.0,0.0,0.0,0.0,1.0,0.0,0
-0.7293233082706767,-0.7604224355583985,-0.06464425831363305,0.4,1.0,-0.9166666666666666,0.0,0.0,0.0,1.0,0.0,0.0,0
-0.9774436090225563,0.21464020390620167,0.6780655314069873,0.6,1.0,-0.4166666666666667,1.0,0.0,1.0,1.0,1.0,1.0,0
1.4887218045112782,-0.7604224355583985,-0.19870300693520912,-0.8,1.0,0.08333333333333333,0.0,0.0,1.0,1.0,1.0,1.0,0
-0.21052631578947367,0.37686297048350154,-0.2788034506245343,-0.4,0.0,0.4166666666666667,0.0,0.0,1.0,1.0,0.0,1.0,1
-0.2706766917293233,0.369657634912297,0.5673859279433818,0.0,1.0,0.0,0.0,0.0,1.0,0.0,0.0,1.0,1
0.20300751879699247,0.2784795522826174,0.8644171433470305,0.2,1.0,1.0833333333333333,1.0,0.0,0.0,1.0,1.0,1.0,0
0.8796992481203008,-0.7604224355583985,-0.24396225670200614,-0.6,1.0,0.08333333333333333,0.0,0.0,0.0,0.0,0.0,1.0,0
-0.9473684210526315,0.28824895435705417,-0.5546648323027601,0.2,1.0,2.0,1.0,0.0,1.0,1.0,1.0,3.0,0
-0.045112781954887216,0.21460228273686952,-0.11208174707830315,0.2,0.0,-0.08333333333333333,0.0,0.0,1.0,1.0,0.0,1.0,0
-0.48120300751879697,-0.2099474592013465,0.41049006416738837,0.4,1.0,0.0,1.0,0.0,0.0,1.0,0.0,1.0,0
-1.7518796992481203,0.19215436078365034,0.3605380590690562,-0.6,0.0,-0.8333333333333334,0.0,1.0,0.0,0.0,1.0,0.0,0
0.8045112781954887,0.055127860741870406,-0.08059443407347992,-0.8,0.0,0.08333333333333333,0.0,0.0,0.0,0.0,0.0,1.0,0
-0.03759398496240601,-0.7604224355583985,-0.4914771965764618,0.8,1.0,0.4166666666666667,0.0,0.0,0.0,1.0,1.0,1.0,0
-0.7368421052631579,0.0223432861647003,-0.7611065108632785,0.0,0.0,0.5,1.0,0.0,1.0,0.0,0.0,1.0,0
0.43609022556390975,0.5804326609546991,0.6907178384011089,0.2,0.0,1.4166666666666667,0.0,0.0,1.0,1.0,1.0,2.0,1
-0.15037593984962405,0.11387464679545159,0.7250512433253996,0.2,0.0,-0.4166666666666667,0.0,0.0,1.0,1.0,1.0,1.0,0
-0.6165413533834586,-0.7604224355583985,-0.8997685793547439,0.8,1.0,0.5,0.0,0.0,0.0,0.0,1.0,1.0,0
0.6616541353383458,-0.7604224355583985,-0.13072357249184965,0.6,1.0,-0.5,0.0,1.0,0.0,0.0,0.0,1.0,0
0.007518796992481203,-0.7604224355583985,0.11323715103081403,-0.4,1.0,-0.08333333333333333,0.0,1.0,0.0,0.0,0.0,1.0,0
-0.08270676691729323,0.05758999451514153,-0.8387792161697274,0.4,2.0,0.3333333333333333,1.0,0.0,1.0,1.0,0.0,1.0,0
-1.2857142857142858,0.43286948195569347,0.7730827879793121,0.6,1.0,0.0,0.0,0.0,1.0,1.0,1.0,1.0,0
-0.8796992481203008,-0.7604224355583985,-0.47771200580359496,0.0,1.0,-0.6666666666666666,0.0,0.0,0.0,0.0,1.0,0.0,0
-0.9323308270676691,-0.7604224355583985,-0.39771060549979553,0.4,1.0,-0.08333333333333333,0.0,1.0,1.0,1.0,0.0,1.0,0
0.7819548872180451,-0.7604224355583985,0.48646053155583346,-0.2,1.0,-0.4166666666666667,0.0,0.0,0.0,1.0,0.0,1.0,0
0.18796992481203006,0.4051882035860654,0.936372111825502,-0.2,1.0,0.5833333333333334,1.0,0.0,0.0,1.0,1.0,1.0,0
0.12030075187969924,0.5073205681327652,0.7523336586654723,0.4,0.0,0.75,1.0,0.0,0.0,1.0,1.0,1.0,0
-0.2631578947368421,0.03645333018577181,0.24959485097049616,0.8,0.0,0.0,0.0,1.0,0.0,1.0,0.0,1.0,0
0.5639097744360902,0.0772391931425049,-0.7519318634657802,0.0,0.0,1.75,1.0,0.0,1.0,1.0,0.0,2.0,1
0.48120300751879697,-0.7604224355583985,-0.06991256917034436,0.6,1.0,-1.25,0.0,0.0,0.0,1.0,1.0,0.0,0
-1.5037593984962405,-0.7604224355583985,-0.24702125612616951,0.0,1.0,-0.4166666666666667,0.0,0.0,0.0,0.0,1.0,1.0,0
-0.39849624060150374,-0.0622370614478467,0.5907100830689346,0.8,0.0,0.08333333333333333,1.0,0.0,1.0,0.0,0.0,1.0,0
-1.6015037593984962,-0.7604224355583985,0.05562742617645644,0.6,0.0,0.5,0.0,0.0,0.0,0.0,1.0,1.0,0
-0.18796992481203006,0.24348356240709945,-0.03388806743127174,0.6,0.0,-0.5,0.0,0.0,1.0,1.0,0.0,1.0,0
-0.8195488721804511,-0.7604224355583985,0.9756664762543102,-0.2,0.0,0.3333333333333333,0.0,1.0,0.0,0.0,0.0,1.0,0
0.23308270676691728,-0.7604224355583985,1.008708944172213,0.6,1.0,0.4166666666666667,0.0,0.0,0.0,0.0,1.0,1.0,0
-0.03007518796992481,-0.12458612353941306,0.4608319056665416,0.4,0.0,0.5,0.0,1.0,0.0,1.0,1.0,1.0,1
0.3533834586466165,-0.7604224355583985,-0.7846010533197615,0.4,1.0,-0.75,0.0,0.0,1.0,1.0,1.0,0.0,0
0.09774436090225563,0.05809174486308204,-0.7592465598969093,0.4,0.0,2.1666666666666665,1.0,0.0,1.0,1.0,1.0,3.0,1
0.15789473684210525,-0.7604224355583985,-0.008464683149963046,0.2,1.0,-0.16666666666666666,0.0,1.0,0.0,1.0,0.0,1.0,0
0.03759398496240601,0.20931321980931375,-0.535869484531051,0.0,0.0,0.08333333333333333,1.0,0.0,0.0,0.0,0.0,1.0,1
0.41353383458646614,-0.7604224355583985,0.3211500684883989,-0.6,1.0,-0.3333333333333333,0.0,0.0,1.0,0.0,0.0,1.0,0
0.18796992481203006,0.11093113355032753,0.49195963700956963,-1.0,1.0,0.16666666666666666,1.0,0.0,0.0,1.0,1.0,1.0,0
0.5639097744360902,0.4519108449804144,-0.19611684002027382,-0.8,0.0,1.25,0.0,1.0,0.0,1.0,0.0,2.0,1
1.4887218045112782,0.3894091580172383,-0.21646785376484332,0.0,0.0,0.08333333333333333,1.0,0.0,1.0,1.0,0.0,1.0,0
-0.7368421052631579,0.3180904857862407,0.748014999093508,-0.2,1.0,0.08333333333333333,0.0,0.0,0.0,1.0,1.0,1.0,0
-1.1578947368421053,0.09516015798241204,0.6801541305193021,0.4,1.0,0.6666666666666666,1.0,0.0,1.0,0.0,1.0,1.0,0
0.7293233082706767,-0.7604224355583985,0.763953624902308,-0.6,0.0,-0.25,0.0,1.0,1.0,0.0,0.0,1.0,1
0.24060150375939848,0.6042726188904071,0.20834006122240648,0.0,0.0,-0.08333333333333333,0.0,1.0,0.0,1.0,0.0,1.0,0
-0.9398496240601504,0.2751097392806001,-0.007285566023621523,0.8,0.0,-0.3333333333333333,0.0,1.0,1.0,0.0,0.0,1.0,0
-0.44360902255639095,-0.08954210540604267,0.2619969430959209,0.0,0.0,0.08333333333333333,1.0,0.0,0.0,1.0,1.0,1.0,0
-0.6842105263157895,0.038941084253199205,0.3434802123402285,-0.8,0.0,1.0,1.0,0.0,0.0,1.0,0.0,1.0,1
-0.18045112781954886,0.4080534456572994,-0.8488174523848798,0.8,1.0,-0.4166666666666667,0.0,0.0,1.0,1.0,1.0,1.0,0
0.0,0.2730732001185115,0.8158849645318126,-0.8,0.0,-0.9166666666666666,1.0,0.0,0.0,1.0,1.0,0.0,0
0.6691729323308271,-0.7604224355583985,0.4512837757812094,0.6,1.0,-0.4166666666666667,0.0,0.0,1.0,1.0,0.0,1.0,0
0.8646616541353384,-0.7604224355583985,-0.04782671189375373,0.6,1.0,-0.25,0.0,0.0,0.0,1.0,0.0,1.0,0
-1.368421052631579,-0.7604224355583985,-0.10664049359175759,0.8,1.0,-0.25,0.0,1.0,1.0,0.0,1.0,1.0,0
0.41353383458646614,-0.7604224355583985,0.10468425896267904,0.4,0.0,1.25,0.0,1.0,0.0,1.0,0.0,2.0,1
0.20300751879699247,-0.7604224355583985,-0.7778534288214465,0.6,1.0,0.9166666666666666,0.0,0.0,1.0,1.0,0.0,1.0,0
0.06015037593984962,-0.07962901030566545,-0.08758726505463942,-0.2,0.0,1.25,1.0,0.0,0.0,1.0,0.0,2.0,0
0.13533834586466165,0.21321643636673043,-0.15460488499046818,-0.6,1.0,-0.16666666666666666,0.0,1.0,1.0,0.0,1.0,1.0,0
0.9323308270676691,-0.7604224355583985,0.13187969192805346,-0.6,1.0,-0.5,0.0,0.0,0.0,1.0,1.0,1.0,0
-0.5639097744360902,-0.7604224355583985,-0.9085991813077844,1.0,1.0,0.16666666666666666,0.0,0.0,0.0,1.0,0.0,1.0,0
-0.15789473684210525,0.3183542886315743,0.9262465865997828,0.6,0.0,-0.5,0.0,0.0,0.0,1.0,0.0,1.0,0
0.7518796992481203,0.03598871751192937,0.7415937373712339,1.0,1.0,0.08333333333333333,1.0,0.0,0.0,1.0,0.0,1.0,0
0.7218045112781954,-0.7604224355583985,-0.3989351047346751,-1.0,0.0,0.25,0.0,0.0,1.0,0.0,0.0,1.0,0
0.24060150375939848,-0.7604224355583985,0.9116295613842208,0.6,1.0,-0.5,0.0,1.0,0.0,1.0,0.0,1.0,0
-0.03007518796992481,0.2968573731935489,0.17978510702805583,0.4,0.0,-0.3333333333333333,0.0,0.0,1.0,1.0,1.0,1.0,0
-0.48872180451127817,-0.7604224355583985,0.605481857186133,0.2,0.0,0.6666666666666666,0.0,1.0,1.0,0.0,0.0,1.0,0
-0.7894736842105263,0.2404045828359934,-0.14610115687324943,1.0,1.0,2.0833333333333335,0.0,0.0,1.0,1.0,1.0,3.0,0
-0.6992481203007519,0.3296500961211541,-0.6828923888250136,0.0,0.0,0.25,0.0,1.0,0.0,0.0,1.0,1.0,0
-0.2857142857142857,0.22675977828495164,0.29235072550685315,0.6,0.0,0.16666666666666666,1.0,0.0,0.0,1.0,1.0,1.0,1
1.037593984962406,-0.7604224355583985,-0.29477764619408037,0.8,1.0,0.25,0.0,0.0,0.0,1.0,1.0,1.0,0
-1.6917293233082706,-0.7604224355583985,0.2252563443919431,0.0,1.0,0.0,0.0,0.0,1.0,1.0,1.0,1.0,0
0.3609022556390977,0.4923894211063196,-0.7844602052441635,0.6,0.0,-0.75,0.0,1.0,1.0,0.0,0.0,0.0,0
0.7293233082706767,0.33091128839954215,0.8525343901708897,-0.8,0.0,0.25,0.0,0.0,1.0,1.0,0.0,1.0,1
0.6165413533834586,-0.3228142569023678,-0.04737616159096996,-0.4,1.0,0.5,0.0,1.0,0.0,0.0,1.0,1.0,1
1.0526315789473684,-0.7604224355583985,0.7440348655203681,-0.4,1.0,2.75,0.0,0.0,0.0,1.0,1.0,3.0,0
-1.3458646616541354,0.22542948172691274,0.47274859321212975,0.0,0.0,-0.3333333333333333,0.0,0.0,0.0,0.0,1.0,1.0,0
-0.09022556390977443,0.1709916060629839,-0.8209176768295592,0.2,1.0,-0.4166666666666667,0.0,1.0,0.0,1.0,1.0,1.0,0
-0.5413533834586466,0.27102561367362155,-0.20106880487264842,0.4,1.0,-0.3333333333333333,1.0,0.0,0.0,0.0,0.0,1.0,0
0.7293233082706767,0.3738353098502314,-0.062458046783178935,-0.4,0.0,1.4166666666666667,1.0,0.0,1.0,1.0,0.0,2.0,1
-0.18045112781954886,-0.061685010705874815,-0.8822940144806236,0.6,0.0,-0.5833333333333334,0.0,0.0,1.0,1.0,1.0,0.0,0
-0.8947368421052632,-0.09200933189833575,0.5855208842662966,0.4,0.0,-0.08333333333333333,0.0,0.0,1.0,0.0,1.0,1.0,0
-1.1654135338345866,-0.1293733577695051,-0.10954791268492542,0.0,0.0,0.3333333333333333,1.0,0.0,1.0,0.0,0.0,1.0,1
-0.5939849624060151,0.45140784104009923,0.16369582079586578,-0.4,0.0,1.5833333333333333,0.0,1.0,1.0,0.0,1.0,2.0,1
1.1729323308270676,-0.7604224355583985,-0.7795355309840855,0.4,1.0,-1.0,0.0,1.0,1.0,0.0,1.0,0.0,0
-0.10526315789473684,0.28555435754781494,0.5743913309951498,0.0,0.0,-0.25,0.0,0.0,1.0,0.0,1.0,1.0,0
-0.03007518796992481,-0.7604224355583985,0.6502059251504401,0.4,1.0,-0.8333333333333334,0.0,1.0,0.0,1.0,1.0,0.0,0
-0.2932330827067669,0.22026084201684368,1.0186196198660693,0.0,0.0,-0.8333333333333334,0.0,0.0,0.0,1.0,0.0,0.0,0
-0.21052631578947367,-0.7604224355583985,0.8865198655963885,1.0,1.0,-0.08333333333333333,0.0,1.0,0.0,0.0,1.0,1.0,0
0.17293233082706766,-0.7604224355583985,-0.6457723793397442,0.4,1.0,0.16666666666666666,0.0,0.0,1.0,0.0,1.0,1.0,0
-1.4887218045112782,-0.7604224355583985,1.0156881809632023,-0.2,1.0,-0.25,0.0,0.0,1.0,1.0,0.0,1.0,0
0.2932330827067669,-0.7604224355583985,-0.4353822529124979,-0.6,0.0,0.3333333333333333,0.0,0.0,1.0,1.0,1.0,1.0,1
-0.06015037593984962,0.19698515734876026,0.8448101304313997,1.0,1.0,-0.25,1.0,0.0,0.0,1.0,1.0,1.0,0
1.0150375939849625,0.07217287791001392,-0.8467216984356335,-0.8,0.0,-0.16666666666666666,0.0,0.0,0.0,1.0,1.0,1.0,0
-0.40601503759398494,-0.7604224355583985,0.5497188979557993,0.2,1.0,-1.1666666666666667,0.0,1.0,0.0,1.0,0.0,0.0,0
-1.0225563909774436,0.12315436434855362,0.4080264493878972,-0.6,1.0,0.5,0.0,0.0,0.0,1.0,1.0,1.0,0
-1.3984962406015038,0.4312908957579569,0.8425599342163852,-0.6,1.0,0.3333333333333333,1.0,0.0,1.0,1.0,0.0,1.0,0
-0.7293233082706767,0.3897392445593797,-0.25856732311869635,-0.2,0.0,1.5,0.0,0.0,1.0,1.0,1.0,2.0,0
-0.20300751879699247,-0.7604224355583985,-1.015546004132174,0.0,1.0,-0.5,0.0,0.0,1.0,0.0,1.0,1.0,0
1.4210526315789473,0.453758483441553,0.0006011085142175955,0.4,1.0,-0.3333333333333333,1.0,0.0,0.0,1.0,1.0,1.0,0
0.7368421052631579,0.28319094417404495,-0.7367455176543687,-0.8,1.0,0.0,1.0,0.0,0.0,1.0,1.0,1.0,0
0.46616541353383456,0.047528270368848775,-0.5087592963371197,1.0,1.0,-0.3333333333333333,0.0,1.0,0.0,1.0,1.0,1.0,0
0.39097744360902253,0.13566427605295003,-0.3335836418963232,-0.4,0.0,-0.08333333333333333,0.0,0.0,1.0,0.0,1.0,1.0,0
0.13533834586466165,-0.37252342543019473,0.00896470403953142,0.0,2.0,0.4166666666666667,1.0,0.0,0.0,1.0,1.0,1.0,0
-0.9022556390977443,-0.7604224355583985,-0.0456850647761884,-1.0,1.0,0.16666666666666666,0.0,1.0,0.0,1.0,0.0,1.0,0
0.18796992481203006,0.2833098004010634,-0.03587741873414843,-0.4,1.0,0.5,0.0,1.0,0.0,1.0,1.0,1.0,0
1.1353383458646618,0.008758497348593366,-0.7869266819584273,0.6,0.0,1.0833333333333333,1.0,0.0,0.0,0.0,0.0,1.0,1
1.4887218045112782,0.5638868869497468,0.764424004324588,-0.4,0.0,-0.08333333333333333,1.0,0.0,0.0,1.0,0.0,1.0,0
0.5864661654135338,0.17088983003206962,0.652833487907623,0.0,0.0,0.08333333333333333,0.0,1.0,1.0,1.0,1.0,1.0,0
0.5488721804511278,0.1556172357825878,0.7565472443464971,0.6,0.0,0.6666666666666666,1.0,0.0,1.0,0.0,0.0,1.0,1
0.5789473684210527,-0.046728321734796394,-0.28940109287578847,0.4,1.0,0.6666666666666666,0.0,1.0,0.0,1.0,0.0,1.0,0
-0.37593984962406013,-0.7604224355583985,-0.36191822711317806,0.0,1.0,-0.3333333333333333,0.0,1.0,1.0,0.0,1.0,1.0,0
0.08270676691729323,-0.7604224355583985,0.14960549379043198,1.0,0.0,-0.25,0.0,0.0,1.0,1.0,1.0,1.0,0
0.48872180451127817,0.30322687604897763,0.04353687609342839,-0.4,0.0,0.3333333333333333,0.0,0.0,0.0,1.0,1.0,1.0,0
0.007518796992481203,0.04324811425428933,-0.9035884445806136,0.4,0.0,-0.5,0.0,0.0,0.0,1.0,1.0,1.0,0
-1.3383458646616542,-0.7604224355583985,0.843234124279262,0.0,1.0,-0.3333333333333333,0.0,0.0,1.0,1.0,0.0,1.0,1
0.3533834586466165,-0.7604224355583985,-0.18891856300721893,0.8,0.0,0.16666666666666666,0.0,0.0,1.0,1.0,0.0,1.0,0
0.2706766917293233,-0.05706074348448303,0.7966066652672147,-1.0,0.0,-0.08333333333333333,0.0,1.0,1.0,1.0,0.0,1.0,1
-0.49624060150375937,0.4133673453837774,-0.6911253574703463,-0.8,0.0,-0.4166666666666667,1.0,0.0,1.0,1.0,0.0,1.0,0
0.2781954887218045,-0.7604224355583985,0.9505924524391798,-0.4,1.0,-0.75,0.0,1.0,0.0,1.0,1.0,0.0,0
1.4887218045112782,-0.7604224355583985,-0.5650389370058773,-1.0,1.0,0.4166666666666667,0.0,0.0,1.0,1.0,0.0,1.0,0
-0.42857142857142855,0.16839330081801993,0.5288982202726428,0.6,0.0,-0.9166666666666666,1.0,0.0,0.0,1.0,1.0,0.0,0
-0.05263157894736842,0.5023501527169324,-0.8876801757227952,0.4,1.0,-0.5,0.0,0.0,1.0,1.0,0.0,1.0,1
0.3308270676691729,-0.7604224355583985,0.7897563177529521,0.6,0.0,-0.75,0.0,1.0,1.0,0.0,0.0,0.0,0
1.4887218045112782,0.14356606053777782,0.64026468808169,0.4,0.0,0.08333333333333333,0.0,1.0,1.0,0.0,1.0,1.0,0
-0.556390977443609,0.3023957443046067,1.0219279142513238,-0.8,0.0,0.0,1.0,0.0,1.0,1.0,0.0,1.0,0
0.42857142857142855,0.2165625878126768,0.4681758347171343,0.6,1.0,-0.75,1.0,0.0,1.0,1.0,0.0,0.0,0
-1.3834586466165413,-0.2774997131428074,0.08524967761710198,-0.4,0.0,-0.08333333333333333,0.0,0.0,1.0,0.0,0.0,1.0,0
-0.7669172932330827,-0.7604224355583985,-0.7480885917019482,0.8,1.0,0.5833333333333334,0.0,0.0,1.0,1.0,0.0,1.0,0
-0.6842105263157895,-0.01802936140554974,-0.7436495264456191,0.0,0.0,1.0,1.0,0.0,1.0,1.0,1.0,1.0,0
-0.03007518796992481,0.5587682342356155,0.3600904729130012,0.8,0.0,-1.1666666666666667,0.0,0.0,1.0,1.0,0.0,0.0,0
0.9323308270676691,-0.7604224355583985,-0.9340326845727537,-0.6,0.0,0.0,0.0,0.0,1.0,0.0,1.0,1.0,0
-0.7669172932330827,0.198258415453754,0.17425717780268063,0.6,0.0,-0.25,0.0,0.0,1.0,0.0,0.0,1.0,0
-1.0526315789473684,-0.7604224355583985,0.24385401424042524,-0.6,0.0,3.1666666666666665,0.0,0.0,0.0,1.0,0.0,3.0,0
-0.37593984962406013,0.13086983366670396,-0.15709303063943927,0.4,1.0,-1.1666666666666667,0.0,0.0,1.0,0.0,0.0,0.0,0
0.9699248120300752,-0.7604224355583985,0.7998720306308791,-0.2,1.0,-0.75,0.0,0.0,0.0,1.0,0.0,0.0,0
0.5939849624060151,0.5819084525777171,0.6160450540081588,0.0,0.0,0.25,0.0,1.0,0.0,1.0,1.0,1.0,1
0.44360902255639095,-0.7604224355583985,-0.35938285954045773,0.6,1.0,-0.75,0.0,0.0,1.0,1.0,1.0,0.0,0
0.5112781954887218,-0.3532955121902261,-0.5513282252056474,1.0,1.0,-0.9166666666666666,0.0,0.0,1.0,1.0,0.0,0.0,0
0.7218045112781954,-0.04766232640340939,0.3292812340253893,-0.6,0.0,-0.8333333333333334,1.0,0.0,0.0,1.0,1.0,0.0,0
-0.8571428571428571,0.2953536891401957,0.6445957153003505,-0.8,0.0,0.0,0.0,0.0,1.0,1.0,0.0,1.0,0
0.03007518796992481,-0.7604224355583985,-1.0034154891742848,-0.4,1.0,3.1666666666666665,0.0,0.0,0.0,1.0,1.0,3.0,0
-0.5037593984962406,0.38387995380042,-0.13310419116293312,0.0,1.0,-0.08333333333333333,1.0,0.0,1.0,0.0,0.0,1.0,0
0.6466165413533834,0.03674353682049558,-0.14576958128744394,0.2,0.0,-0.16666666666666666,1.0,0.0,1.0,0.0,0.0,1.0,0
0.05263157894736842,-0.7604224355583985,-0.651559109238134,0.8,1.0,0.08333333333333333,0.0,1.0,0.0,1.0,1.0,1.0,0
-0.2857142857142857,0.12765765990579486,-0.22136993918260855,-0.4,0.0,0.25,0.0,1.0,0.0,1.0,1.0,1.0,0
-0.24060150375939848,0.3185445996239459,-0.23764167375655648,-0.8,0.0,-1.0,1.0,0.0,0.0,1.0,1.0,0.0,0
0.7894736842105263,0.26935144105732045,-0.9807187110356846,0.0,1.0,0.5,1.0,0.0,0.0,1.0,1.0,1.0,1
-0.7593984962406015,0.19074062198317604,-0.152689330719944,-0.8,0.0,1.0833333333333333,1.0,0.0,1.0,0.0,1.0,1.0,1
-0.44360902255639095,0.013298773880885696,0.47133449079856043,0.4,0.0,0.75,0.0,0.0,0.0,1.0,0.0,1.0,0
0.42105263157894735,-0.7604224355583985,-0.3738771281966631,-0.2,0.0,-0.25,0.0,0.0,0.0,1.0,1.0,1.0,0
0.23308270676691728,-0.015685927160250107,0.1775380793836823,-0.2,0.0,0.25,0.0,1.0,1.0,1.0,1.0,1.0,1
-0.39097744360902253,0.34537758770357513,-0.3234304172304828,-0.8,0.0,0.25,0.0,0.0,1.0,1.0,1.0,1.0,0
0.5939849624060151,-0.0008221607239401762,-0.01603726034650113,0.6,0.0,-1.0,0.0,1.0,1.0,1.0,0.0,0.0,0
1.0451127819548873,0.2600043429140828,-0.029645453554695472,-0.8,0.0,-0.5,1.0,0.0,1.0,0.0,0.0,1.0,0
0.7819548872180451,0.12154490843859228,0.142699849607883,-0.8,0.0,-1.1666666666666667,0.0,0.0,0.0,1.0,1.0,0.0,0
0.3684210526315789,0.46700683940412213,-0.5489244044205139,-0.4,1.0,-0.5833333333333334,0.0,0.0,1.0,1.0,0.0,0.0,0
0.8345864661654135,-0.7604224355583985,0.513700017874316,0.2,1.0,0.0,0.0,1.0,0.0,1.0,1.0,1.0,0
0.7894736842105263,0.5039666600840008,-0.2812940493604535,0.2,0.0,-0.5833333333333334,1.0,0.0,0.0,0.0,0.0,0.0,1
-1.300751879699248,0.32643369148598067,-0.5334968383925485,-0.2,0.0,-0.16666666666666666,1.0,0.0,1.0,1.0,1.0,1.0,1
0.015037593984962405,0.4194711650053107,0.05899173271369035,0.0,1.0,-0.5,1.0,0.0,1.0,1.0,1.0,1.0,0
0.706766917293233,0.5470984644707829,0.9722064993261039,0.6,1.0,-1.3333333333333333,0.0,0.0,0.0,0.0,1.0,0.0,0
-0.05263157894736842,-0.2270204471493486,0.6829593376563031,-0.8,0.0,0.08333333333333333,0.0,1.0,1.0,0.0,1.0,1.0,0
0.21804511278195488,-0.7604224355583985,0.6019202815734969,1.0,0.0,-0.3333333333333333,0.0,1.0,1.0,0.0,0.0,1.0,0
-0.3157894736842105,0.113818078439547,0.14816880253454986,-0.2,0.0,-0.3333333333333333,0.0,0.0,1.0,0.0,0.0,1.0,0
1.3984962406015038,-0.7604224355583985,-0.735669225755931,0.6,1.0,-0.25,0.0,0.0,0.0,1.0,0.0,1.0,0
-0.16541353383458646,-0.7604224355583985,-0.17170882931152723,0.2,1.0,0.0,0.0,0.0,1.0,1.0,1.0,1.0,0
1.0,0.3007309736311153,0.9319693318136122,-0.2,0.0,-0.08333333333333333,0.0,0.0,0.0,0.0,0.0,1.0,0
0.022556390977443608,-0.7604224355583985,0.06739887053233137,-0.8,0.0,0.0,0.0,1.0,1.0,1.0,1.0,1.0,0
0.3684210526315789,0.49077166014687634,-0.28898693002940007,1.0,1.0,-0.16666666666666666,0.0,1.0,1.0,1.0,1.0,1.0,0
0.10526315789473684,-0.7604224355583985,-0.7165143985343829,0.0,1.0,0.5,0.0,1.0,1.0,1.0,0.0,1.0,0
-0.924812030075188,-0.7604224355583985,-0.8136565394634615,0.6,1.0,-0.6666666666666666,0.0,0.0,0.0,1.0,0.0,0.0,0
-0.12030075187969924,0.4704369815391677,0.5528474015101561,0.8,0.0,0.0,1.0,0.0,0.0,1.0,1.0,1.0,0
-0.7593984962406015,-0.7604224355583985,0.85890934987702,0.0,0.0,-0.08333333333333333,0.0,0.0,0.0,1.0,0.0,1.0,0
-0.38345864661654133,-0.7604224355583985,-0.703625368649779,-0.4,1.0,0.5833333333333334,0.0,0.0,1.0,1.0,0.0,1.0,0
-0.45112781954887216,-0.7604224355583985,-0.6552602041709379,-0.2,1.0,0.08333333333333333,0.0,0.0,0.0,1.0,0.0,1.0,0
-1.3533834586466165,-0.7604224355583985,-0.2994066212649676,-0.2,0.0,0.25,0.0,1.0,1.0,1.0,0.0,1.0,0
-0.43609022556390975,0.6891457586719504,-0.8480098757192052,0.0,0.0,-0.75,1.0,0.0,1.0,1.0,0.0,0.0,0
-1.781954887218045,0.3819730830995808,-0.9851422400746763,0.0,0.0,-0.4166666666666667,0.0,0.0,1.0,1.0,1.0,1.0,0
-0.3609022556390977,0.45756344969660906,0.14447568013432702,0.0,0.0,0.25,0.0,1.0,1.0,0.0,1.0,1.0,0
0.6992481203007519,0.26740320180811905,-0.5072914304346067,0.2,0.0,0.25,0.0,0.0,0.0,1.0,1.0,1.0,0
-0.849624060150376,-0.7604224355583985,0.19944312370981362,0.2,2.0,-0.08333333333333333,0.0,1.0,1.0,1.0,1.0,1.0,0
0.39097744360902253,-0.7604224355583985,-0.9508780326447104,0.0,0.0,0.16666666666666666,0.0,0.0,1.0,1.0,0.0,1.0,0
0.42857142857142855,-0.7604224355583985,0.6136787450109388,0.4,0.0,0.0,0.0,0.0,1.0,1.0,0.0,1.0,0
-0.24812030075187969,-0.7604224355583985,-0.20013315662589656,0.6,2.0,0.3333333333333333,0.0,1.0,0.0,1.0,1.0,1.0,1
-0.2556390977443609,0.29693987524170334,0.5366889177836413,0.0,0.0,-0.25,0.0,0.0,1.0,1.0,1.0,1.0,0
0.11278195488721804,0.20176416487889373,-0.8619133592687657,-0.6,0.0,0.5833333333333334,0.0,0.0,1.0,0.0,0.0,1.0,0
-0.2857142857142857,0.39129706813341164,0.39192397781336175,0.4,1.0,0.3333333333333333,0.0,1.0,0.0,0.0,0.0,1.0,0
1.0526315789473684,-0.7604224355583985,-0.9596584485272729,-1.0,0.0,0.8333333333333334,0.0,1.0,1.0,1.0,1.0,1.0,1
0.9172932330827067,0.3190902257049978,1.0207831403422545,-0.4,0.0,0.4166666666666667,0.0,0.0,0.0,0.0,0.0,1.0,0
0.5789473684210527,0.0034525109239802298,-0.995998682998945,-0.2,1.0,0.4166666666666667,1.0,0.0,0.0,0.0,0.0,1.0,0
0.03759398496240601,0.2202552008511579,-0.006404090113638006,-0.4,0.0,-0.5,0.0,1.0,1.0,0.0,0.0,1.0,0
-0.8120300751879699,-0.13572672062311064,-0.4281453397800119,-0.6,0.0,0.0,1.0,0.0,1.0,1.0,1.0,1.0,0
0.0,-0.7604224355583985,0.7213965526206955,0.2,1.0,1.75,0.0,1.0,1.0,0.0,1.0,2.0,0
0.7293233082706767,-0.017965428194444247,-0.5847075837310765,-0.2,1.0,-1.25,1.0,0.0,1.0,1.0,1.0,0.0,0
1.105263157894737,0.5531725896229425,0.11949916652537994,0.4,1.0,-0.75,1.0,0.0,1.0,1.0,1.0,0.0,0
-1.150375939849624,0.3505159061480831,-0.7915808011705315,-0.2,0.0,-0.75,0.0,0.0,0.0,1.0,1.0,0.0,0
0.09022556390977443,0.5935569896217047,0.08751091272338257,0.2,1.0,-1.0,1.0,0.0,1.0,1.0,1.0,0.0,0
0.03759398496240601,0.521432022445258,-0.5646534957191718,-1.0,0.0,0.0,0.0,1.0,0.0,0.0,1.0,1.0,0
0.19548872180451127,0.13114985486338407,-0.8466030303545238,-0.2,0.0,0.25,0.0,1.0,0.0,1.0,0.0,1.0,0
-1.3383458646616542,0.35753571004784457,0.11760906303194138,0.0,1.0,0.0,1.0,0.0,0.0,1.0,1.0,1.0,0
-0.6616541353383458,-0.7604224355583985,0.6437422454663567,-0.8,0.0,-0.75,0.0,0.0,0.0,1.0,1.0,0.0,0
-0.706766917293233,-0.7604224355583985,0.044363464182950174,0.8,1.0,0.8333333333333334,0.0,0.0,0.0,1.0,0.0,1.0,0
-0.2706766917293233,-0.7604224355583985,-0.1349684350314616,0.2,1.0,0.0,0.0,0.0,0.0,1.0,0.0,1.0,0
-1.1203007518796992,-0.7604224355583985,-0.015879853934003995,0.6,1.0,0.0,0.0,0.0,0.0,1.0,1.0,1.0,0
0.06766917293233082,-0.7604224355583985,-0.11414356665810214,0.0,0.0,0.3333333333333333,0.0,0.0,1.0,0.0,1.0,1.0,0
0.556390977443609,-0.7604224355583985,-0.7432146145721288,-0.6,1.0,0.5833333333333334,0.0,0.0,0.0,1.0,1.0,1.0,0
1.037593984962406,0.6683949657453925,0.4070033077066667,0.6,0.0,0.75,0.0,1.0,1.0,0.0,0.0,1.0,1
1.0601503759398496,-0.7604224355583985,-0.7387899612016193,-1.0,1.0,2.1666666666666665,0.0,1.0,1.0,0.0,1.0,3.0,0
-0.45864661654135336,-0.7604224355583985,-0.5041451419998767,-0.4,1.0,1.0,0.0,0.0,1.0,1.0,0.0,1.0,0
-0.3458646616541353,0.4517432553498327,-0.10576647915457436,0.6,1.0,0.0,0.0,1.0,1.0,1.0,0.0,1.0,0
1.4887218045112782,-0.7604224355583985,-0.6715846801142681,1.0,1.0,1.0833333333333333,0.0,1.0,0.0,1.0,1.0,1.0,0
0.2631578947368421,-0.7604224355583985,-0.5235177829000166,-0.4,1.0,-0.5,0.0,1.0,1.0,0.0,0.0,1.0,0
0.20300751879699247,0.7951767955037089,0.9378149357987542,1.0,1.0,0.8333333333333334,0.0,0.0,1.0,1.0,0.0,1.0,1
0.47368421052631576,0.5343231829305847,-0.14473867149754446,0.8,0.0,0.0,0.0,0.0,1.0,1.0,0.0,1.0,0
-0.7142857142857143,-0.7604224355583985,0.8754202604283987,1.0,1.0,0.9166666666666666,0.0,1.0,1.0,1.0,1.0,1.0,0
1.2406015037593985,0.2524679022569324,0.6757835472736048,0.0,0.0,-0.25,0.0,0.0,1.0,0.0,0.0,1.0,0
-1.112781954887218,0.5738011572929754,-0.8564130272715555,0.6,1.0,-0.4166666666666667,1.0,0.0,1.0,0.0,1.0,1.0,0
-0.8045112781954887,-0.7604224355583985,0.7242789297846024,-0.4,1.0,-0.5833333333333334,0.0,0.0,1.0,1.0,0.0,0.0,0
-0.2857142857142857,0.07333064881749614,-0.224315687759339,0.8,1.0,-0.8333333333333334,0.0,0.0,0.0,0.0,0.0,0.0,0
0.23308270676691728,0.10792157165696589,-0.7615618651280022,0.6,1.0,-0.5833333333333334,0.0,0.0,1.0,0.0,0.0,0.0,0
1.4887218045112782,-0.7604224355583985,0.5402038847442652,-0.2,1.0,-0.5,0.0,0.0,1.0,0.0,0.0,1.0,0
-1.150375939849624,-0.7604224355583985,0.8544435050881753,0.8,1.0,0.08333333333333333,0.0,0.0,0.0,0.0,1.0,1.0,0
0.24060150375939848,0.32453363719367834,-0.4812103122153638,-0.2,1.0,0.0,1.0,0.0,1.0,1.0,1.0,1.0,0
0.556390977443609,-0.7604224355583985,-0.8721268889887445,0.8,1.0,-0.25,0.0,0.0,1.0,0.0,0.0,1.0,0
-0.11278195488721804,-0.7604224355583985,-0.8922082675929458,0.6,0.0,0.5,0.0,1.0,1.0,1.0,0.0,1.0,1
-1.037593984962406,0.1188972429938779,-0.8455977757656221,-0.2,0.0,0.08333333333333333,0.0,0.0,1.0,1.0,0.0,1.0,1
-0.5488721804511278,-0.7604224355583985,-0.456175742215314,-0.8,1.0,-0.3333333333333333,0.0,1.0,1.0,1.0,1.0,1.0,0
1.300751879699248,-0.7604224355583985,-0.5776180602393831,-0.8,1.0,-0.4166666666666667,0.0,1.0,0.0,1.0,1.0,1.0,0
-0.7744360902255639,0.0801378904602364,0.5927865189584653,0.6,0.0,0.08333333333333333,0.0,0.0,0.0,0.0,0.0,1.0,0
-1.0601503759398496,-0.7604224355583985,0.16693808625743636,-0.8,0.0,0.75,0.0,0.0,0.0,1.0,1.0,1.0,1
1.3609022556390977,0.3737010971166239,0.6850845286489254,-0.4,0.0,-0.25,0.0,0.0,0.0,0.0,0.0,1.0,0
-0.5639097744360902,0.11236751536306834,0.9364973214718064,0.4,0.0,1.8333333333333333,1.0,0.0,0.0,0.0,1.0,2.0,0
0.18045112781954886,-0.7604224355583985,0.19497738113292498,0.6,1.0,2.0,0.0,0.0,0.0,1.0,1.0,3.0,0
0.2932330827067669,-0.7604224355583985,-0.06782519660150363,0.2,1.0,-1.0833333333333333,0.0,0.0,1.0,1.0,1.0,0.0,0
0.20300751879699247,0.1401956207395732,0.37124721456448834,0.2,1.0,-1.0833333333333333,0.0,0.0,0.0,0.0,1.0,0.0,0
1.4887218045112782,0.35044860390747085,-0.07556724122136647,-0.4,0.0,2.0,1.0,0.0,1.0,1.0,1.0,3.0,0
0.2781954887218045,0.5073875569752838,0.7148189066054861,-0.6,1.0,-0.3333333333333333,1.0,0.0,1.0,1.0,0.0,1.0,0
-1.2105263157894737,-0.34227784550876444,0.045864344547305105,-1.0,0.0,-0.08333333333333333,0.0,0.0,0.0,1.0,1.0,1.0,0
0.46616541353383456,-0.7604224355583985,0.6836759456809892,0.4,1.0,-1.0833333333333333,0.0,0.0,0.0,1.0,0.0,0.0,0
-1.0451127819548873,-0.7604224355583985,0.6447194939792688,0.0,1.0,-0.5833333333333334,0.0,0.0,1.0,1.0,0.0,0.0,0
-0.16541353383458646,0.32052292509013824,0.7678531132420316,-0.2,0.0,-1.1666666666666667,1.0,0.0,0.0,0.0,1.0,0.0,0
0.7368421052631579,0.1929488249510639,0.2984222179151241,-0.4,0.0,-1.25,0.0,1.0,1.0,1.0,0.0,0.0,1
-1.5714285714285714,0.10878169272499995,-0.2718874830344124,-0.2,0.0,1.8333333333333333,1.0,0.0,1.0,1.0,0.0,2.0,1
0.17293233082706766,-0.04880293876526401,-0.4004262749631942,-0.6,1.0,-0.5,0.0,1.0,1.0,1.0,0.0,1.0,0
-0.15037593984962405,0.7545036775111678,0.5084172951317852,-0.4,1.0,0.25,0.0,0.0,1.0,1.0,0.0,1.0,0
0.43609022556390975,0.10461459497272632,-0.8546402631037967,-0.6,1.0,-1.0833333333333333,1.0,0.0,0.0,0.0,0.0,0.0,1
0.3684210526315789,-0.7604224355583985,-0.38314529953405413,0.8,1.0,1.1666666666666667,0.0,0.0,1.0,0.0,0.0,2.0,0
-0.6015037593984962,0.005444704255816858,0.9563698810495587,0.6,2.0,1.1666666666666667,1.0,0.0,1.0,1.0,1.0,2.0,1
0.5939849624060151,0.2331762908544285,-0.2514006296000972,-0.6,0.0,0.16666666666666666,0.0,1.0,0.0,1.0,1.0,1.0,0
-0.14285714285714285,0.419349018098309,-0.6620914380493974,-0.2,0.0,0.25,0.0,0.0,1.0,0.0,1.0,1.0,1
0.3308270676691729,0.4433326690599572,0.39765295795651723,-0.4,0.0,0.25,0.0,1.0,1.0,1.0,1.0,1.0,0
0.43609022556390975,0.09461343500803222,-0.4421173053402043,-0.2,1.0,-1.3333333333333333,0.0,0.0,1.0,1.0,1.0,0.0,0
-0.43609022556390975,0.44522120597231774,0.3678074756036032,0.2,0.0,-0.08333333333333333,0.0,0.0,1.0,0.0,0.0,1.0,0
-0.3458646616541353,-0.7604224355583985,-0.29179131947075165,0.0,1.0,0.25,0.0,0.0,1.0,1.0,1.0,1.0,0
-0.631578947368421,0.15094454855572637,-0.550748683414181,-0.8,0.0,-0.8333333333333334,0.0,1.0,0.0,0.0,1.0,0.0,0
-0.5488721804511278,-0.2459184305462228,0.6660339576226677,-0.8,1.0,-0.3333333333333333,0.0,0.0,0.0,0.0,0.0,1.0,0
0.7218045112781954,0.14233142874782692,-0.2912038051467043,-0.2,0.0,0.08333333333333333,0.0,0.0,1.0,0.0,1.0,1.0,0
-0.09774436090225563,0.02002437532022915,0.897930399535038,0.2,1.0,0.5,0.0,0.0,1.0,1.0,0.0,1.0,0
-0.3533834586466165,0.24894859836424213,0.9315766334780188,0.4,0.0,-0.08333333333333333,0.0,0.0,1.0,1.0,0.0,1.0,0
1.0827067669172932,0.1267165254305512,-0.5420489127650342,-0.6,1.0,0.25,1.0,0.0,1.0,1.0,1.0,1.0,0
0.39097744360902253,0.2560474569331278,0.8189081897713176,0.6,1.0,0.4166666666666667,0.0,0.0,1.0,1.0,1.0,1.0,0
0.41353383458646614,-0.7604224355583985,0.3641819153064067,-0.4,1.0,0.5833333333333334,0.0,1.0,1.0,1.0,1.0,1.0,0
0.7819548872180451,0.3115215833937246,0.7215654067722834,-0.6,0.0,-0.08333333333333333,1.0,0.0,1.0,1.0,1.0,1.0,0
0.5864661654135338,-0.17908949940491578,-0.0262829868326725,0.0,1.0,-0.25,0.0,0.0,0.0,1.0,0.0,1.0,0
0.9699248120300752,-0.7604224355583985,0.2540005951291149,-0.4,1.0,-1.5,0.0,0.0,0.0,1.0,1.0,0.0,0
-0.9924812030075187,-0.008676308698532614,-0.9684633952793155,0.6,0.0,-0.6666666666666666,0.0,0.0,0.0,1.0,0.0,0.0,0
0.13533834586466165,-0.7604224355583985,-0.40757467254163965,0.4,1.0,-0.08333333333333333,0.0,0.0,1.0,0.0,0.0,1.0,0
0.09022556390977443,-0.7604224355583985,0.41627076356036463,1.0,0.0,0.9166666666666666,0.0,0.0,1.0,1.0,0.0,1.0,1
-0.9548872180451128,0.1684895140327718,-0.17298688761143824,0.2,0.0,0.8333333333333334,0.0,1.0,0.0,1.0,0.0,1.0,1
0.48120300751879697,0.2279218584162215,0.39458159088565775,0.6,1.0,0.3333333333333333,1.0,0.0,1.0,1.0,1.0,1.0,0
-0.045112781954887216,0.02737160187833576,0.3836712822604889,1.0,1.0,-0.5833333333333334,1.0,0.0,0.0,0.0,0.0,0.0,0
0.5864661654135338,-0.7604224355583985,-0.675352008394668,0.4,0.0,0.8333333333333334,0.0,0.0,0.0,1.0,0.0,1.0,1
-0.06766917293233082,-0.7604224355583985,-0.5917796289782652,0.2,1.0,-0.16666666666666666,0.0,1.0,0.0,1.0,1.0,1.0,0
0.43609022556390975,-0.7604224355583985,0.7038952082140597,-0.8,1.0,-0.3333333333333333,0.0,1.0,1.0,1.0,0.0,1.0,0
-0.11278195488721804,-0.7604224355583985,-0.29920413937980095,-0.4,1.0,1.9166666666666667,0.0,0.0,1.0,1.0,1.0,2.0,0
-0.849624060150376,-0.7604224355583985,-0.641428780050475,-0.4,1.0,0.16666666666666666,0.0,0.0,1.0,1.0,0.0,1.0,0
-0.8270676691729323,-0.7604224355583985,0.16119489865237366,-0.4,1.0,-0.5,0.0,0.0,0.0,1.0,1.0,1.0,0
-0.06766917293233082,0.45323252309087775,-0.5088076425923866,0.4,0.0,0.3333333333333333,1.0,0.0,1.0,1.0,1.0,1.0,0
-1.5488721804511278,0.22044848912541914,0.29451271280369573,1.0,0.0,0.6666666666666666,0.0,1.0,0.0,1.0,1.0,1.0,1
1.255639097744361,0.28243259913692526,-0.7400194688223511,0.8,0.0,0.16666666666666666,0.0,0.0,0.0,1.0,0.0,1.0,1
0.39849624060150374,-0.7604224355583985,-0.36838967490593,0.4,0.0,1.0,0.0,0.0,0.0,1.0,0.0,1.0,1
-1.1203007518796992,-0.7604224355583985,-0.7952282348263479,-0.2,1.0,-0.5,0.0,1.0,1.0,1.0,1.0,1.0,0
-0.7368421052631579,-0.7604224355583985,-0.43057829097265293,-0.2,1.0,0.75,0.0,1.0,1.0,0.0,1.0,1.0,0
1.4887218045112782,0.24765308899459887,-0.3442257463485099,0.2,0.0,1.0,0.0,0.0,1.0,1.0,0.0,1.0,1
0.07518796992481203,-0.7604224355583985,-0.27103523974389265,-1.0,1.0,-0.9166666666666666,0.0,0.0,1.0,0.0,1.0,0.0,0
-0.44360902255639095,0.134276157546632,-0.28918665219175016,0.8,0.0,-0.16666666666666666,0.0,0.0,1.0,1.0,0.0,1.0,0
0.6090225563909775,0.3486695996288426,0.31422602615373985,1.0,0.0,1.1666666666666667,0.0,0.0,1.0,1.0,0.0,2.0,0
-1.5639097744360901,-0.7604224355583985,0.6358254184014486,-0.2,1.0,0.6666666666666666,0.0,0.0,0.0,1.0,0.0,1.0,1
0.14285714285714285,-0.4684398521873562,0.5874139519064638,0.2,1.0,-0.25,1.0,0.0,0.0,0.0,0.0,1.0,0
0.6842105263157895,-0.7604224355583985,0.7748263195276072,0.8,1.0,-0.4166666666666667,0.0,0.0,1.0,1.0,0.0,1.0,0
0.7368421052631579,0.5072843706529481,0.5503299210297652,-0.4,0.0,-0.3333333333333333,0.0,1.0,0.0,0.0,1.0,1.0,1
0.3383458646616541,-0.11065534322791182,0.2956679123322942,0.0,1.0,-1.0,0.0,1.0,0.0,1.0,1.0,0.0,0
0.10526315789473684,0.09989685676990222,0.655982229429301,0.4,0.0,-0.5833333333333334,0.0,0.0,1.0,0.0,1.0,0.0,0
-0.5789473684210527,-0.7604224355583985,-0.7086622716377282,-1.0,1.0,0.0,0.0,1.0,0.0,0.0,0.0,1.0,0
1.1578947368421053,-0.26083853028986703,0.5841019778907873,-0.4,0.0,-0.4166666666666667,0.0,0.0,0.0,1.0,0.0,1.0,0
-1.6165413533834587,0.1142269062527189,0.6847524420033392,0.8,1.0,1.0,0.0,0.0,1.0,0.0,1.0,1.0,0
-0.6917293233082706,0.09267295236164848,-0.7311424626412109,-1.0,0.0,-0.5833333333333334,0.0,0.0,0.0,1.0,0.0,0.0,0
-0.5639097744360902,-0.7604224355583985,-0.15754531854547787,-0.6,1.0,-0.25,0.0,0.0,0.0,1.0,1.0,1.0,0
0.15037593984962405,-0.7604224355583985,-0.35704108141271756,0.0,1.0,0.5,0.0,1.0,1.0,1.0,1.0,1.0,0
-0.43609022556390975,0.18035923178135593,0.6491977064148098,-0.2,1.0,-0.4166666666666667,1.0,0.0,0.0,1.0,1.0,1.0,0
0.8947368421052632,-0.15331391649327597,-0.6777051320495427,0.8,0.0,-0.4166666666666667,1.0,0.0,1.0,0.0,0.0,1.0,0
0.15789473684210525,-0.1877809687362289,0.9883417809385693,0.0,1.0,-0.08333333333333333,1.0,0.0,1.0,0.0,0.0,1.0,0
0.44360902255639095,-0.7604224355583985,-0.3264540513178125,0.6,0.0,-0.16666666666666666,0.0,0.0,0.0,1.0,1.0,1.0,0
0.22556390977443608,-0.7604224355583985,-0.07630214518620652,-1.0,0.0,0.4166666666666667,0.0,0.0,0.0,0.0,1.0,1.0,1
-0.849624060150376,-0.7604224355583985,-0.521940652416361,0.0,1.0,-0.75,0.0,1.0,1.0,1.0,0.0,0.0,0
0.9172932330827067,-0.08746623478320042,-0.25871338400405897,0.0,0.0,1.9166666666666667,0.0,0.0,1.0,1.0,0.0,2.0,1
-0.6917293233082706,0.22162373197662255,-0.20339719323413075,0.0,0.0,-0.5,0.0,1.0,0.0,1.0,0.0,1.0,0
1.368421052631579,0.4978885391061471,0.30486760165905347,0.6,1.0,1.0,0.0,0.0,0.0,1.0,0.0,1.0,0
-0.45112781954887216,0.4144301566688823,-0.23692067061775512,0.0,0.0,2.4166666666666665,0.0,0.0,0.0,1.0,1.0,3.0,0
-0.09774436090225563,0.41435063190261756,0.5846715029105495,0.4,1.0,-0.25,0.0,1.0,1.0,0.0,0.0,1.0,0
0.13533834586466165,0.0057748691474815966,0.21238295293663254,-0.8,0.0,0.5,0.0,1.0,1.0,0.0,0.0,1.0,0
0.12030075187969924,0.19626277474288714,0.13798338110251693,-1.0,0.0,0.16666666666666666,1.0,0.0,0.0,1.0,0.0,1.0,1
0.39097744360902253,0.274454580565816,-0.4596723110238279,0.0,2.0,-0.5,0.0,0.0,1.0,1.0,1.0,1.0,1
0.08270676691729323,-0.28033808132751054,0.3741725207499855,0.6,1.0,-0.75,0.0,1.0,0.0,1.0,0.0,0.0,0
-0.42857142857142855,0.03190012598211617,-0.6378449222313944,1.0,1.0,-1.1666666666666667,0.0,1.0,0.0,0.0,0.0,0.0,0
1.4887218045112782,-0.0830955849690984,0.9133894468455029,0.2,0.0,-0.5833333333333334,0.0,0.0,1.0,1.0,1.0,0.0,0
0.8646616541353384,-0.7604224355583985,0.23015597672276025,0.0,0.0,0.8333333333333334,0.0,1.0,1.0,1.0,0.0,1.0,1
1.4887218045112782,0.11582124070466147,0.11610102783065465,0.6,1.0,-0.8333333333333334,1.0,0.0,0.0,1.0,1.0,0.0,0
-0.3233082706766917,-0.19730725223951343,0.5363874947249049,0.4,0.0,-0.4166666666666667,0.0,0.0,1.0,1.0,1.0,1.0,0
1.4887218045112782,0.24674885714488307,-0.2449815143289026,-0.6,3.0,-0.16666666666666666,0.0,0.0,0.0,1.0,0.0,1.0,1
-0.03759398496240601,0.25822416339260323,0.9338025032474655,0.4,0.0,1.25,1.0,0.0,1.0,1.0,1.0,2.0,1
-1.2255639097744362,0.23026090508821,-0.17155469368162748,-0.6,1.0,0.08333333333333333,1.0,0.0,1.0,1.0,1.0,1.0,0
-0.7443609022556391,0.1647513799211874,-0.05117231364300922,-0.2,0.0,-0.3333333333333333,0.0,0.0,1.0,0.0,0.0,1.0,0
0.18796992481203006,0.3677166821687728,-0.926973006972261,-1.0,1.0,-0.75,1.0,0.0,1.0,1.0,0.0,0.0,1
0.2857142857142857,0.31500664854468313,-0.450342403664912,-0.6,1.0,-0.5,1.0,0.0,1.0,1.0,0.0,1.0,0
0.23308270676691728,0.12100515857179628,-0.7059959705491583,-0.6,1.0,0.5,0.0,0.0,1.0,1.0,0.0,1.0,0
-0.37593984962406013,-0.0505567928468766,-0.48807772912630637,0.4,1.0,-0.16666666666666666,1.0,0.0,1.0,1.0,1.0,1.0,0
-0.03759398496240601,-0.12611754332405456,0.2978843786017737,0.8,0.0,-0.4166666666666667,0.0,1.0,1.0,1.0,1.0,1.0,0
0.022556390977443608,-0.7604224355583985,-0.29027612943253345,-0.6,0.0,-0.4166666666666667,0.0,0.0,0.0,1.0,1.0,1.0,0
-1.1353383458646618,0.13770778832262245,-0.08194536949813801,0.8,0.0,0.4166666666666667,0.0,0.0,1.0,0.0,1.0,1.0,0
1.330827067669173,0.41581106701904624,0.5382582801586279,0.4,0.0,-1.25,0.0,0.0,0.0,1.0,0.0,0.0,1
-0.7518796992481203,-0.7604224355583985,-0.6042055364894768,-0.4,0.0,1.5,0.0,1.0,1.0,1.0,1.0,2.0,0
0.48872180451127817,0.010241888875382316,-0.7953800195812558,1.0,1.0,2.25,1.0,0.0,0.0,1.0,1.0,3.0,0
-0.9924812030075187,0.3630826212569544,-1.0072827807478162,-0.4,1.0,-0.5833333333333334,0.0,0.0,1.0,1.0,1.0,0.0,0
0.43609022556390975,0.5724048120866989,-0.9091988588546156,0.4,1.0,1.75,1.0,0.0,1.0,0.0,1.0,2.0,0
0.022556390977443608,0.22334961527837643,0.6602279096645622,0.6,0.0,0.3333333333333333,1.0,0.0,1.0,0.0,0.0,1.0,1
0.7368421052631579,0.17637084929198862,-0.12653032699010203,0.4,0.0,0.16666666666666666,0.0,1.0,0.0,1.0,0.0,1.0,0
0.556390977443609,-0.7604224355583985,-0.4571216116576826,0.2,1.0,-1.0833333333333333,0.0,0.0,0.0,1.0,1.0,0.0,0
-1.7669172932330828,-0.7604224355583985,-0.454262129971957,0.4,1.0,-0.25,0.0,0.0,1.0,1.0,0.0,1.0,0
-0.924812030075188,-0.7604224355583985,0.8978457680353318,0.0,1.0,-0.16666666666666666,0.0,1.0,1.0,1.0,1.0,1.0,0
0.12781954887218044,-0.7604224355583985,0.7841374198865882,1.0,1.0,-1.25,0.0,1.0,1.0,1.0,0.0,0.0,0
-0.5789473684210527,0.2839175576541824,0.11987571537189881,0.8,0.0,0.0,0.0,1.0,0.0,1.0,0.0,1.0,0
-0.44360902255639095,0.5060016322556212,-0.8119562435726251,-0.2,0.0,-0.16666666666666666,0.0,1.0,1.0,1.0,1.0,1.0,0
-0.05263157894736842,0.13084867929538233,0.5142260006007507,0.6,1.0,0.5833333333333334,0.0,1.0,1.0,1.0,0.0,1.0,1
0.6691729323308271,0.07036864508484647,0.9734650351423872,0.2,0.0,0.4166666666666667,0.0,0.0,1.0,1.0,0.0,1.0,1
-0.3383458646616541,-0.7604224355583985,0.3403064288892896,1.0,2.0,0.16666666666666666,0.0,0.0,0.0,1.0,0.0,1.0,1
-1.5714285714285714,0.08816558262918982,0.3023864064231016,0.8,0.0,-0.16666666666666666,0.0,0.0,0.0,1.0,0.0,1.0,1
1.037593984962406,0.43743028606312007,-0.421441870846761,0.0,0.0,-1.0,1.0,0.0,0.0,1.0,0.0,0.0,0
0.6390977443609023,-0.7604224355583985,-0.42467391511271496,0.4,1.0,0.5833333333333334,0.0,0.0,1.0,0.0,0.0,1.0,0
-0.09774436090225563,0.24381396234733443,-0.412461528377936,1.0,1.0,-0.16666666666666666,1.0,0.0,1.0,1.0,0.0,1.0,0
1.4887218045112782,0.20426617855958235,-0.25574995275891155,0.6,0.0,-0.9166666666666666,1.0,0.0,0.0,1.0,0.0,0.0,0
-0.45864661654135336,-0.08366831998525158,0.3814572690779576,-0.8,0.0,0.25,0.0,1.0,0.0,0.0,1.0,1.0,1
1.0902255639097744,-0.7604224355583985,0.34270084617445584,-0.8,1.0,-0.6666666666666666,0.0,0.0,0.0,1.0,1.0,0.0,0
-0.39849624060150374,0.06572377193879687,0.2215708878884326,0.8,0.0,-0.5833333333333334,0.0,0.0,1.0,1.0,1.0,0.0,0
-0.12781954887218044,0.20717521801440447,0.33225314886289853,1.0,0.0,0.25,0.0,0.0,0.0,1.0,0.0,1.0,1
-0.42105263157894735,0.20753891650209022,0.21329396810194828,-0.8,0.0,1.4166666666666667,1.0,0.0,1.0,1.0,1.0,2.0,1
0.43609022556390975,0.2515782434185715,0.9589503240949485,1.0,0.0,1.0,1.0,0.0,1.0,1.0,1.0,1.0,0
0.19548872180451127,0.3260361460041801,-0.4630501095392759,0.0,0.0,-0.75,0.0,1.0,1.0,1.0,1.0,0.0,0
-0.2932330827067669,-0.04418431270955812,-0.7306308918005954,0.6,0.0,1.8333333333333333,1.0,0.0,1.0,0.0,0.0,2.0,1
0.3308270676691729,0.03216909989599494,0.16833910554061632,0.6,0.0,-0.4166666666666667,1.0,0.0,1.0,1.0,1.0,1.0,0
0.18045112781954886,0.24407510130887183,-0.4502106524534129,-0.8,0.0,-0.5833333333333334,0.0,0.0,1.0,1.0,1.0,0.0,0
-0.21804511278195488,-0.7604224355583985,0.3074497823076982,0.4,0.0,-0.75,0.0,0.0,1.0,0.0,0.0,0.0,0
0.5789473684210527,-0.7604224355583985,-0.697922452555446,-1.0,1.0,-0.75,0.0,1.0,0.0,1.0,1.0,0.0,1
0.49624060150375937,-0.7604224355583985,-0.27946087792659985,0.8,1.0,0.9166666666666666,0.0,0.0,1.0,1.0,1.0,1.0,0
1.4887218045112782,0.0027648371569793796,0.7809678271258524,0.8,0.0,-0.75,0.0,1.0,1.0,1.0,1.0,0.0,0
-0.2781954887218045,-0.10617954835338882,-0.26904650171275307,-0.8,1.0,-0.25,0.0,0.0,1.0,1.0,1.0,1.0,1
0.24812030075187969,0.03771248537655107,0.14347512729540912,0.4,0.0,1.6666666666666667,1.0,0.0,1.0,0.0,1.0,2.0,0
-1.255639097744361,0.025068831035687782,-0.8865892675146259,-0.6,1.0,0.3333333333333333,0.0,0.0,1.0,1.0,1.0,1.0,0
-0.16541353383458646,0.2531924786494611,-0.5281455314274298,-0.4,3.0,1.0833333333333333,1.0,0.0,1.0,1.0,1.0,1.0,1
0.6917293233082706,0.2114037417930343,0.43709920935218965,-0.8,0.0,-0.5833333333333334,0.0,1.0,0.0,1.0,1.0,0.0,0
-0.5112781954887218,0.5927791355532548,0.14732698486355916,0.6,0.0,1.0,0.0,0.0,1.0,1.0,0.0,1.0,0
0.47368421052631576,0.06608128081413299,0.4461505891305506,0.8,0.0,0.0,1.0,0.0,0.0,0.0,0.0,1.0,1
1.4887218045112782,0.3395551212206197,0.8875941132557026,-0.4,1.0,0.5833333333333334,1.0,0.0,1.0,0.0,1.0,1.0,0
-0.18045112781954886,0.4316176916201151,-0.687609572814073,0.6,0.0,-0.3333333333333333,1.0,0.0,1.0,1.0,1.0,1.0,0
1.3759398496240602,0.5211376632857933,0.5633140080336043,-0.6,1.0,-0.75,0.0,0.0,1.0,1.0,1.0,0.0,0
0.48872180451127817,0.12073594960934728,-0.06612285647154366,0.0,0.0,-1.25,0.0,0.0,0.0,1.0,1.0,0.0,0
0.6917293233082706,0.18490123200316336,-0.17535616075538732,0.0,0.0,0.5833333333333334,0.0,1.0,1.0,1.0,0.0,1.0,0
0.14285714285714285,-0.0012824641739948427,0.7865863161443913,-0.4,0.0,1.1666666666666667,1.0,0.0,1.0,1.0,0.0,2.0,1
0.2706766917293233,0.3845257105723947,0.7752758477108294,0.6,0.0,-0.9166666666666666,1.0,0.0,1.0,1.0,1.0,0.0,0
0.39849624060150374,0.7238600820107967,0.07360937120098922,-0.8,0.0,0.08333333333333333,0.0,0.0,1.0,0.0,1.0,1.0,0
0.8270676691729323,0.4878158460265765,-0.7631840710843272,0.4,0.0,0.5833333333333334,0.0,0.0,0.0,0.0,0.0,1.0,0
-1.669172932330827,0.3003698606777022,0.7502880907867039,0.2,1.0,2.4166666666666665,1.0,0.0,0.0,1.0,1.0,3.0,1
-0.5939849624060151,0.39722844045391165,0.11251001517464261,0.4,0.0,0.25,0.0,0.0,1.0,1.0,1.0,1.0,0
0.5413533834586466,-0.7604224355583985,0.3622699384543484,0.0,0.0,-0.5,0.0,0.0,1.0,1.0,0.0,1.0,1
0.7969924812030075,-0.7604224355583985,0.9067161304393212,0.4,0.0,-0.3333333333333333,0.0,0.0,0.0,1.0,0.0,1.0,0
0.6466165413533834,-0.7604224355583985,-0.3088796253625172,0.4,1.0,0.08333333333333333,0.0,0.0,0.0,0.0,0.0,1.0,0
0.3157894736842105,-0.7604224355583985,-0.8986599884781574,-0.2,1.0,-1.25,0.0,0.0,0.0,1.0,1.0,0.0,0
-0.5338345864661654,-0.7604224355583985,-0.7870812264361516,0.2,0.0,1.5,0.0,0.0,0.0,1.0,1.0,2.0,0
-0.18796992481203006,-0.27392752332181297,0.06582552189105399,-0.8,0.0,-0.8333333333333334,0.0,0.0,1.0,1.0,1.0,0.0,0
0.45112781954887216,-0.7604224355583985,-0.9990540027926864,-0.8,1.0,-0.4166666666666667,0.0,0.0,0.0,1.0,0.0,1.0,0
-0.5338345864661654,-0.029738149233042372,0.4250863403558484,0.0,2.0,0.5,1.0,0.0,0.0,1.0,0.0,1.0,1
0.13533834586466165,-0.13687023191733153,1.0155367028441629,-0.6,0.0,-0.16666666666666666,1.0,0.0,0.0,0.0,1.0,1.0,0
1.4586466165413534,0.23543111178874743,-0.5921189726727393,0.2,0.0,0.0,0.0,0.0,0.0,1.0,1.0,1.0,0
0.0,-0.0379729191923779,1.0042617019593905,-0.2,0.0,0.0,0.0,0.0,0.0,0.0,1.0,1.0,1
-0.15037593984962405,0.3224234494795808,-0.3952416756985837,-0.8,0.0,0.0,0.0,1.0,1.0,1.0,0.0,1.0,1
-0.3082706766917293,0.22583580235533546,-0.06381613704476882,-0.6,0.0,0.25,0.0,0.0,0.0,1.0,0.0,1.0,0
-1.3082706766917294,0.5865145427096767,-0.48679537792423627,-0.2,0.0,0.08333333333333333,0.0,0.0,0.0,1.0,0.0,1.0,1
-0.21804511278195488,0.5002464680132783,-0.21129848408170165,-0.8,0.0,0.16666666666666666,0.0,0.0,0.0,0.0,0.0,1.0,0
-0.42857142857142855,-0.7604224355583985,0.9255182242001372,-0.2,1.0,-0.5,0.0,0.0,1.0,1.0,0.0,1.0,0
-0.5112781954887218,-0.7604224355583985,0.06512506335544214,0.8,0.0,-0.08333333333333333,0.0,0.0,1.0,1.0,1.0,1.0,0
0.19548872180451127,0.1646106641771366,0.9810004071868806,0.2,1.0,-1.25,0.0,0.0,0.0,1.0,1.0,0.0,0
0.5413533834586466,0.17411845719289562,0.9986240993050483,0.8,0.0,-0.3333333333333333,1.0,0.0,0.0,1.0,1.0,1.0,0
0.37593984962406013,0.010883101374998866,0.10340109006495952,0.8,0.0,0.75,0.0,0.0,0.0,0.0,1.0,1.0,0
0.9473684210526315,0.32913784693707615,-0.3219433354802103,0.0,1.0,-0.25,0.0,0.0,1.0,0.0,0.0,1.0,0
-0.18796992481203006,-0.7604224355583985,0.14270352923830504,0.2,0.0,-0.5833333333333334,0.0,1.0,0.0,1.0,1.0,0.0,0
-0.21052631578947367,0.42935683777249317,-0.31330816278736107,0.0,0.0,0.6666666666666666,1.0,0.0,0.0,1.0,0.0,1.0,0
1.0601503759398496,0.0522955254704702,-0.19599019940658302,-0.2,1.0,2.1666666666666665,0.0,0.0,1.0,1.0,1.0,3.0,0
-0.7669172932330827,0.377949756722771,0.49099751586617046,0.8,1.0,-0.6666666666666666,1.0,0.0,1.0,1.0,0.0,0.0,0
0.19548872180451127,0.21490008927536441,0.2739931515434069,-0.4,0.0,0.08333333333333333,0.0,1.0,1.0,1.0,0.0,1.0,0
1.0827067669172932,0.534900462219096,-0.4317575103109506,0.6,0.0,0.5833333333333334,0.0,0.0,1.0,1.0,1.0,1.0,0
-0.849624060150376,-0.10651841004215247,0.48352112012038545,-1.0,0.0,-1.4166666666666667,0.0,0.0,1.0,1.0,1.0,0.0,0
0.20300751879699247,0.09615449178405344,-0.977328340449628,0.8,0.0,1.75,0.0,1.0,1.0,1.0,1.0,2.0,0
-1.2330827067669172,0.12297729442563905,-0.7268797130092697,1.0,0.0,0.5,0.0,0.0,1.0,1.0,1.0,1.0,0
0.3007518796992481,-0.7604224355583985,0.4678853483377078,-0.6,1.0,0.4166666666666667,0.0,0.0,0.0,1.0,0.0,1.0,0
0.46616541353383456,-0.48606904340207113,-0.4679249043647445,-0.4,0.0,-0.3333333333333333,1.0,0.0,1.0,1.0,0.0,1.0,0
-0.14285714285714285,0.5193396200729755,-0.25585431116615803,0.0,1.0,-0.4166666666666667,0.0,1.0,1.0,1.0,1.0,1.0,0
0.007518796992481203,0.08380684194264658,-0.6751868338735024,0.2,1.0,-0.8333333333333334,0.0,1.0,0.0,1.0,1.0,0.0,0
0.7368421052631579,-0.7604224355583985,-0.8440330129286628,-0.4,1.0,0.0,0.0,0.0,1.0,1.0,0.0,1.0,0
0.9624060150375939,-0.08656787914774051,-0.6283358373133181,0.4,0.0,0.8333333333333334,0.0,1.0,1.0,1.0,1.0,1.0,0
-0.3157894736842105,-0.7604224355583985,-0.15878320754661537,0.8,2.0,-0.6666666666666666,0.0,1.0,1.0,0.0,1.0,0.0,0
0.924812030075188,0.6353344441467598,-0.5036854948329941,-0.2,1.0,0.9166666666666666,0.0,1.0,1.0,0.0,0.0,1.0,1
0.8345864661654135,0.4035745951513633,-0.1248063179254347,0.8,0.0,2.5,0.0,1.0,1.0,0.0,1.0,3.0,0
0.03759398496240601,-0.7604224355583985,0.2495963841498386,0.6,1.0,-0.08333333333333333,0.0,1.0,1.0,0.0,1.0,1.0,0
0.39849624060150374,0.6855346291378195,-0.3126320306973169,-1.0,0.0,0.5833333333333334,0.0,1.0,1.0,1.0,0.0,1.0,1
-0.5112781954887218,-0.06628538132262544,0.8131058214436343,-0.4,0.0,0.3333333333333333,1.0,0.0,0.0,1.0,0.0,1.0,0
-0.9398496240601504,-0.7604224355583985,0.0289602246005524,0.2,1.0,-0.08333333333333333,0.0,1.0,0.0,1.0,1.0,1.0,0
0.06766917293233082,0.27871930182426297,-0.619754734745281,0.2,0.0,0.16666666666666666,0.0,1.0,1.0,0.0,0.0,1.0,0
-0.5112781954887218,-0.09026111898240895,0.7123181888859064,0.8,0.0,-0.4166666666666667,0.0,1.0,1.0,0.0,0.0,1.0,0
-0.19548872180451127,-0.7604224355583985,-0.5119296045815489,0.4,1.0,-0.6666666666666666,0.0,1.0,1.0,1.0,0.0,0.0,0
-0.3082706766917293,-0.7604224355583985,0.5931069534410487,0.4,1.0,-0.8333333333333334,0.0,0.0,1.0,1.0,1.0,0.0,0
-0.3082706766917293,0.23631129033477533,-0.8333717948406728,0.8,1.0,0.5,1.0,0.0,0.0,0.0,1.0,1.0,0
0.43609022556390975,0.0473546478249643,0.7546276015977263,0.4,1.0,-1.0833333333333333,1.0,0.0,0.0,1.0,0.0,0.0,0
-0.7518796992481203,0.37535372361398606,-0.41500200654846464,-0.4,0.0,-0.3333333333333333,1.0,0.0,1.0,1.0,0.0,1.0,1
0.556390977443609,0.08179466948233959,0.4240873206962731,0.6,1.0,1.1666666666666667,1.0,0.0,0.0,1.0,0.0,2.0,1
-0.21052631578947367,-0.7604224355583985,-0.3438972371213894,-0.4,0.0,3.5833333333333335,0.0,0.0,1.0,1.0,1.0,3.0,0
-0.18045112781954886,-0.7604224355583985,-0.026415453527864886,0.8,1.0,0.6666666666666666,0.0,0.0,1.0,1.0,1.0,1.0,0
-0.22556390977443608,0.07849153192474732,-0.6997670717283904,-0.2,1.0,0.75,0.0,1.0,0.0,1.0,1.0,1.0,1
-0.3383458646616541,0.009489341702995048,-0.5420359318466009,-0.2,0.0,-0.08333333333333333,0.0,1.0,0.0,1.0,1.0,1.0,0
-1.1353383458646618,0.3698517066817923,0.7427510833509119,-0.4,0.0,0.3333333333333333,0.0,0.0,0.0,1.0,0.0,1.0,0
-0.3233082706766917,-0.7604224355583985,-0.020755159819253553,0.2,1.0,0.25,0.0,0.0,1.0,1.0,1.0,1.0,0
-0.40601503759398494,-0.26697768554645995,0.5399513190005768,-0.8,0.0,2.25,0.0,1.0,0.0,1.0,1.0,3.0,0
1.1879699248120301,-0.7604224355583985,0.8695968364377448,0.0,1.0,1.1666666666666667,0.0,0.0,0.0,0.0,1.0,2.0,0
-0.42105263157894735,-0.0027114811315347635,-0.5893395229486924,-0.4,1.0,-0.4166666666666667,1.0,0.0,1.0,0.0,0.0,1.0,0
-0.17293233082706766,-0.7604224355583985,0.17683894960350066,0.0,1.0,0.16666666666666666,0.0,1.0,1.0,0.0,0.0,1.0,0
-0.17293233082706766,-0.7604224355583985,-0.1083869892867816,0.2,1.0,-0.6666666666666666,0.0,1.0,1.0,1.0,1.0,0.0,0
0.22556390977443608,-0.7604224355583985,0.806723093628835,0.6,1.0,-0.9166666666666666,0.0,0.0,1.0,1.0,0.0,0.0,0
0.2857142857142857,-0.7604224355583985,0.3942390786205423,0.0,1.0,-0.3333333333333333,0.0,0.0,1.0,1.0,0.0,1.0,0
-0.5037593984962406,0.1325973623084496,-0.06440201597751749,0.0,1.0,2.5,0.0,0.0,0.0,0.0,1.0,3.0,0
-1.586466165413534,0.3412827282118887,0.7659180364878799,-0.8,0.0,1.9166666666666667,0.0,0.0,1.0,0.0,1.0,2.0,0
0.5939849624060151,-0.7604224355583985,0.5384670991850768,0.2,0.0,-0.08333333333333333,0.0,0.0,0.0,0.0,0.0,1.0,0
-0.2781954887218045,0.08988982059095209,0.8181195223175337,0.6,1.0,-1.0833333333333333,1.0,0.0,1.0,0.0,0.0,0.0,1
-0.8872180451127819,0.15605748175464848,0.23119894752348738,0.6,2.0,1.5,0.0,0.0,0.0,1.0,0.0,2.0,1
-0.03759398496240601,-0.7604224355583985,0.764119003847386,0.0,2.0,0.5833333333333334,0.0,1.0,0.0,1.0,1.0,1.0,1
-1.0601503759398496,0.44534264773360877,-0.6169464612495951,0.6,0.0,0.3333333333333333,1.0,0.0,0.0,1.0,1.0,1.0,0
-0.15037593984962405,0.287846316156232,-0.662740279547145,-0.4,0.0,0.5833333333333334,0.0,0.0,0.0,1.0,1.0,1.0,1
0.15789473684210525,-0.7604224355583985,0.09521268583251578,-0.8,1.0,0.8333333333333334,0.0,0.0,1.0,0.0,0.0,1.0,0
0.08270676691729323,0.14789040578354237,-0.8134452673500645,0.4,0.0,0.4166666666666667,1.0,0.0,1.0,1.0,0.0,1.0,0
-0.09774436090225563,0.25994800960674846,-0.1797483107238357,0.8,0.0,0.08333333333333333,0.0,1.0,1.0,1.0,1.0,1.0,0
-1.150375939849624,-0.17103399315515064,0.4640643587803202,-0.8,1.0,1.3333333333333333,0.0,1.0,0.0,0.0,0.0,2.0,1
1.1729323308270676,0.19676311479940614,0.7631154868617392,-0.2,0.0,-1.0833333333333333,0.0,0.0,1.0,1.0,0.0,0.0,0
0.39849624060150374,0.21028451885107155,-0.8000113455271347,-0.4,0.0,0.08333333333333333,0.0,0.0,0.0,1.0,0.0,1.0,0
-0.8796992481203008,0.49888240281064816,0.4756884134954025,-1.0,0.0,0.8333333333333334,0.0,0.0,1.0,0.0,1.0,1.0,0
-0.19548872180451127,-0.7604224355583985,0.8966605181916204,-1.0,1.0,-0.4166666666666667,0.0,0.0,0.0,0.0,0.0,1.0,0
-1.263157894736842,0.4097244059431403,0.3891513762903782,0.6,2.0,1.5,1.0,0.0,0.0,0.0,0.0,2.0,1
0.21052631578947367,-0.7604224355583985,-0.9842882591809018,-0.8,1.0,-0.5,0.0,0.0,1.0,1.0,1.0,1.0,0
0.24812030075187969,0.6100103895385522,-0.5674235419432513,0.2,0.0,-0.3333333333333333,0.0,0.0,1.0,1.0,1.0,1.0,0
1.3609022556390977,-0.004645304068428312,-0.5157692989269151,-0.8,1.0,-0.6666666666666666,1.0,0.0,1.0,0.0,1.0,0.0,0
0.8270676691729323,0.29106475787901426,0.41420444665449424,0.0,0.0,0.5,0.0,1.0,0.0,1.0,1.0,1.0,0
0.12030075187969924,-0.7604224355583985,-1.0085209763848222,0.4,1.0,-0.4166666666666667,0.0,0.0,1.0,1.0,1.0,1.0,0
-0.45112781954887216,-0.13139203324025542,-0.27360290629476175,0.2,0.0,-0.16666666666666666,0.0,1.0,1.0,1.0,0.0,1.0,1
-0.48872180451127817,-0.7604224355583985,-0.5318373250722225,-1.0,1.0,0.08333333333333333,0.0,0.0,1.0,1.0,0.0,1.0,0
-0.7368421052631579,-0.7604224355583985,0.7904308144516975,0.6,1.0,-0.16666666666666666,0.0,0.0,0.0,1.0,1.0,1.0,0
-0.5037593984962406,-0.7604224355583985,0.15061064616737752,0.6,1.0,-0.3333333333333333,0.0,1.0,0.0,1.0,0.0,1.0,0
0.8872180451127819,0.3504847230377646,0.6696954965284349,0.0,1.0,0.75,1.0,0.0,0.0,0.0,0.0,1.0,0
0.45112781954887216,0.3378076134504036,-0.6263231816844353,0.6,0.0,-0.6666666666666666,0.0,0.0,0.0,1.0,1.0,0.0,0
1.413533834586466,-0.7604224355583985,0.42844522965940546,0.2,1.0,-0.08333333333333333,0.0,1.0,0.0,1.0,0.0,1.0,0
-0.8120300751879699,0.21145482568229998,0.12220492142903049,-0.4,0.0,2.25,0.0,0.0,0.0,1.0,1.0,3.0,1
-0.24060150375939848,0.4891959728815063,-0.19281876683063603,0.8,0.0,0.16666666666666666,1.0,0.0,1.0,1.0,0.0,1.0,1
0.03007518796992481,-0.7604224355583985,-0.005645166339098673,1.0,1.0,0.16666666666666666,0.0,0.0,1.0,1.0,1.0,1.0,0
0.7293233082706767,-0.7604224355583985,-0.6592484124886148,0.2,1.0,-0.9166666666666666,0.0,0.0,0.0,0.0,1.0,0.0,0
-1.556390977443609,0.3111692455869338,-0.5700246318037869,-0.6,0.0,2.25,0.0,0.0,1.0,0.0,1.0,3.0,0
0.3609022556390977,0.29581767501785083,-1.0031816282185748,0.6,0.0,0.08333333333333333,0.0,0.0,1.0,1.0,0.0,1.0,0
0.5639097744360902,-0.031367270873380586,-0.28191723565720317,-0.8,1.0,0.25,1.0,0.0,1.0,1.0,0.0,1.0,1
1.2406015037593985,0.13532878339369311,-0.5786814734313437,-0.4,1.0,1.75,1.0,0.0,1.0,1.0,1.0,2.0,0
-0.44360902255639095,-0.16318830692908698,0.6962461764743086,0.8,0.0,-0.9166666666666666,0.0,1.0,1.0,1.0,0.0,0.0,0
-1.2406015037593985,0.8041352016612919,-0.7690333546998912,-0.2,0.0,1.3333333333333333,0.0,0.0,1.0,1.0,1.0,2.0,1
0.2631578947368421,-0.7604224355583985,-0.5026707345321689,-0.2,1.0,2.9166666666666665,0.0,1.0,0.0,1.0,1.0,3.0,0
-0.20300751879699247,0.25690898829258324,-0.030684642513044466,1.0,0.0,0.16666666666666666,1.0,0.0,0.0,1.0,1.0,1.0,0
0.3383458646616541,0.08631151950713133,-0.8483709905603427,-0.4,1.0,3.0833333333333335,1.0,0.0,0.0,1.0,1.0,3.0,0
0.6616541353383458,-0.7604224355583985,-0.7350934658068429,0.0,1.0,0.0,0.0,0.0,0.0,1.0,1.0,1.0,0
-0.18045112781954886,-0.7604224355583985,-0.14330790853512004,-0.4,0.0,-1.25,0.0,1.0,0.0,1.0,0.0,0.0,0
-0.18796992481203006,0.27974427028955895,-0.21002226559700157,-0.8,0.0,0.9166666666666666,0.0,1.0,1.0,1.0,0.0,1.0,0
0.45864661654135336,-0.7604224355583985,-0.1725535089172906,-0.4,1.0,0.4166666666666667,0.0,0.0,0.0,0.0,0.0,1.0,0
0.518796992481203,0.011003837990579189,-0.08816067412873571,-0.2,0.0,0.0,1.0,0.0,1.0,0.0,0.0,1.0,0
-0.6842105263157895,-0.7604224355583985,-0.6388716413310912,-0.2,0.0,-1.3333333333333333,0.0,0.0,1.0,1.0,1.0,0.0,0
-0.49624060150375937,0.5537787015360699,0.053342886744169656,0.6,1.0,0.0,1.0,0.0,1.0,0.0,1.0,1.0,0
0.015037593984962405,-0.04849322309921021,-0.1296301089847759,-0.6,0.0,-0.16666666666666666,0.0,0.0,0.0,1.0,1.0,1.0,0
-0.007518796992481203,-0.7604224355583985,0.7221508768572075,1.0,1.0,-1.1666666666666667,0.0,0.0,1.0,1.0,1.0,0.0,0
0.10526315789473684,-0.7604224355583985,-0.6582446910790556,-0.6,0.0,0.8333333333333334,0.0,0.0,1.0,1.0,0.0,1.0,1
-0.5939849624060151,-0.7604224355583985,-0.4348256065992129,-0.8,0.0,-0.08333333333333333,0.0,0.0,0.0,1.0,1.0,1.0,0
-0.12781954887218044,-0.12142808929918275,0.9451276902027158,-0.2,1.0,0.9166666666666666,1.0,0.0,0.0,1.0,0.0,1.0,0
-0.16541353383458646,-0.7604224355583985,0.06904550514618041,-0.6,0.0,1.5,0.0,0.0,1.0,1.0,1.0,2.0,1
-0.21052631578947367,-0.7604224355583985,-0.23401672673109694,0.2,1.0,-0.3333333333333333,0.0,1.0,1.0,0.0,0.0,1.0,0
-0.3082706766917293,-0.11366976279172518,0.48040713066380425,0.0,1.0,2.5833333333333335,0.0,0.0,1.0,1.0,1.0,3.0,0
0.2781954887218045,-0.7604224355583985,0.3798511103987505,-0.2,1.0,-0.5,0.0,1.0,0.0,1.0,1.0,1.0,0
0.21804511278195488,0.4439857906871328,0.01914245957485185,0.2,0.0,0.08333333333333333,0.0,0.0,1.0,1.0,0.0,1.0,0
0.3007518796992481,0.43281596923120186,0.08784013743419626,0.2,3.0,0.6666666666666666,1.0,0.0,1.0,0.0,1.0,1.0,1
-0.7894736842105263,0.5522452446638196,0.6108227385317228,0.0,0.0,0.08333333333333333,0.0,0.0,0.0,0.0,1.0,1.0,0
0.9022556390977443,-0.7604224355583985,-0.42695017537655217,0.2,1.0,0.5,0.0,0.0,1.0,1.0,1.0,1.0,0
0.6992481203007519,-0.7604224355583985,0.7611249090153887,0.6,0.0,1.4166666666666667,0.0,1.0,0.0,1.0,0.0,2.0,1
0.12030075187969924,0.708903706437812,-0.6801851007420207,0.6,0.0,0.4166666666666667,0.0,0.0,1.0,1.0,1.0,1.0,1
0.9548872180451128,0.6053518052259054,-0.6250335734334774,-0.2,1.0,-0.9166666666666666,0.0,1.0,0.0,0.0,1.0,0.0,0
-0.19548872180451127,-0.7604224355583985,0.7529983430164258,-0.6,0.0,0.5833333333333334,0.0,0.0,0.0,0.0,1.0,1.0,1
0.8045112781954887,0.49741146885808185,-0.06036433707305591,0.8,1.0,-0.3333333333333333,0.0,0.0,0.0,0.0,0.0,1.0,0
1.1278195488721805,0.2378644912869258,0.3578663407468091,0.8,0.0,-0.6666666666666666,0.0,0.0,1.0,1.0,1.0,0.0,0
0.7443609022556391,0.42437106585007145,0.10080500859027602,-1.0,0.0,0.0,1.0,0.0,0.0,1.0,1.0,1.0,0
0.2706766917293233,0.31785817944931954,1.0030657198602817,0.6,1.0,-1.4166666666666667,0.0,0.0,1.0,1.0,1.0,0.0,0
1.4887218045112782,-0.22767521411651576,-0.5040794197120614,0.2,1.0,-0.5,0.0,0.0,1.0,0.0,0.0,1.0,1
-0.03759398496240601,0.20924442892775652,-0.15880201454655019,-0.2,0.0,-0.16666666666666666,0.0,0.0,1.0,1.0,0.0,1.0,0
0.6090225563909775,-0.7604224355583985,0.433321148816392,-0.8,1.0,0.16666666666666666,0.0,0.0,1.0,1.0,1.0,1.0,0
0.6240601503759399,0.07278517943549084,0.15254510964979248,-0.6,0.0,0.75,1.0,0.0,1.0,1.0,0.0,1.0,1
-0.05263157894736842,0.10246084492361097,0.9019486581678279,0.0,2.0,1.0,0.0,1.0,0.0,0.0,1.0,1.0,1
1.2030075187969924,-0.7604224355583985,0.7009354565993343,0.2,1.0,-0.6666666666666666,0.0,0.0,1.0,0.0,0.0,0.0,0
-0.022556390977443608,0.03243736866416289,0.3438857893822988,0.4,0.0,-1.0833333333333333,1.0,0.0,1.0,0.0,0.0,0.0,0
-0.6165413533834586,0.2691416993831424,-0.5263352554717575,-0.6,0.0,-0.5833333333333334,0.0,0.0,1.0,1.0,1.0,0.0,0
0.2932330827067669,0.5242409312091576,0.04154220976883098,0.8,1.0,0.08333333333333333,1.0,0.0,1.0,0.0,1.0,1.0,0
-0.5338345864661654,0.031037262680762595,-0.9354498533450079,-1.0,0.0,0.25,1.0,0.0,1.0,0.0,1.0,1.0,1
0.5263157894736842,-0.7604224355583985,-0.5610084129383474,-0.8,0.0,0.5,0.0,1.0,1.0,1.0,0.0,1.0,1
-0.48872180451127817,0.19437314093719896,-0.776455680320864,0.0,0.0,-0.16666666666666666,1.0,0.0,1.0,1.0,1.0,1.0,1
0.48872180451127817,0.2092700492219128,0.7206543916069676,0.4,0.0,0.9166666666666666,0.0,0.0,1.0,1.0,1.0,1.0,0
-0.6992481203007519,0.057209215831351704,-0.46264075065482746,-0.8,1.0,-0.08333333333333333,1.0,0.0,0.0,0.0,1.0,1.0,0
0.40601503759398494,-0.7604224355583985,0.18901270021884858,0.4,1.0,1.3333333333333333,0.0,1.0,1.0,0.0,1.0,2.0,0
-0.24060150375939848,-0.7604224355583985,1.0268456380983826,0.6,1.0,-0.75,0.0,0.0,1.0,1.0,1.0,0.0,0
-0.6917293233082706,-0.7604224355583985,-0.8536584150528572,0.8,0.0,2.4166666666666665,0.0,0.0,0.0,1.0,1.0,3.0,0
-0.7593984962406015,0.3330349522316666,-0.5725046004962647,-0.6,0.0,0.4166666666666667,0.0,0.0,1.0,1.0,0.0,1.0,1
-0.6390977443609023,-0.027680455699632116,-0.18419953920294868,0.8,0.0,-1.1666666666666667,0.0,0.0,0.0,0.0,1.0,0.0,0
-0.18045112781954886,0.6141709842803825,0.14023715473599738,0.2,0.0,-0.5,0.0,0.0,0.0,1.0,0.0,1.0,1
0.2556390977443609,0.06553612483022142,-0.6550813332476458,0.6,0.0,-0.16666666666666666,0.0,0.0,0.0,1.0,0.0,1.0,0
-0.12781954887218044,-0.387977007078762,0.2039449471072292,0.2,0.0,3.4166666666666665,0.0,0.0,0.0,1.0,1.0,3.0,0
-0.8270676691729323,0.3312222576579706,-0.46071599730824825,0.6,0.0,-1.0,1.0,0.0,1.0,0.0,0.0,0.0,0
0.2781954887218045,-0.17221229163776716,-0.9280336604414051,0.0,0.0,0.08333333333333333,0.0,1.0,1.0,1.0,1.0,1.0,1
0.47368421052631576,0.11875433346317152,0.839709856030627,-0.6,1.0,-0.5,0.0,0.0,0.0,1.0,1.0,1.0,0
-0.45112781954887216,0.39326873389011385,-0.3722960114467171,-0.8,1.0,0.4166666666666667,0.0,0.0,1.0,1.0,1.0,1.0,0
-1.0075187969924813,0.22648179417588035,0.6220225114167561,0.8,1.0,-0.6666666666666666,1.0,0.0,1.0,1.0,0.0,0.0,1
0.8345864661654135,-0.7604224355583985,-0.2273523027651018,-0.2,0.0,1.3333333333333333,0.0,0.0,0.0,1.0,0.0,2.0,1
-0.5488721804511278,0.16191614571742094,0.9475016650966487,0.0,0.0,1.0833333333333333,1.0,0.0,0.0,0.0,1.0,1.0,1
0.03007518796992481,-0.7604224355583985,0.8290058111330032,-0.6,1.0,0.25,0.0,0.0,1.0,1.0,1.0,1.0,0
0.7518796992481203,-0.7604224355583985,-0.5506781571644259,-0.6,1.0,-0.08333333333333333,0.0,1.0,1.0,1.0,1.0,1.0,0
0.11278195488721804,0.05321111800108107,-0.8063117927172194,-1.0,0.0,-0.4166666666666667,1.0,0.0,1.0,1.0,0.0,1.0,0
-1.300751879699248,0.08291592951191105,0.7160856193782625,0.2,1.0,-1.0833333333333333,1.0,0.0,1.0,0.0,1.0,0.0,0
-0.12030075187969924,-0.7604224355583985,-0.13320803851039875,-0.6,1.0,0.5833333333333334,0.0,0.0,1.0,0.0,0.0,1.0,0
1.3909774436090225,-0.023924301197662597,0.4218911946060706,0.2,1.0,0.0,1.0,0.0,1.0,1.0,0.0,1.0,0
0.14285714285714285,-0.7604224355583985,0.02668672405953181,-0.6,0.0,-0.5833333333333334,0.0,0.0,1.0,0.0,1.0,0.0,0
-0.3383458646616541,-0.7604224355583985,-0.5749467507649608,0.6,1.0,-0.5,0.0,0.0,1.0,1.0,1.0,1.0,0
0.18045112781954886,-0.7604224355583985,0.0869693937796103,-0.2,0.0,-0.8333333333333334,0.0,1.0,1.0,0.0,1.0,0.0,0
0.08270676691729323,0.09035043743910036,0.8474216459114644,-0.4,0.0,-0.4166666666666667,1.0,0.0,1.0,1.0,1.0,1.0,0
0.706766917293233,-0.7604224355583985,-0.19524507424612614,-0.4,2.0,1.75,0.0,0.0,1.0,1.0,1.0,2.0,1
-0.5413533834586466,0.19038969446780674,-0.6518617588403443,0.8,0.0,-0.16666666666666666,1.0,0.0,1.0,0.0,1.0,1.0,0
-0.5488721804511278,0.317356585800426,-0.14332773765461643,-0.4,1.0,0.4166666666666667,1.0,0.0,0.0,1.0,1.0,1.0,0
0.2857142857142857,0.025960997058798074,-0.6552257587417096,0.8,1.0,0.5833333333333334,1.0,0.0,1.0,0.0,0.0,1.0,0
0.5939849624060151,-0.7604224355583985,0.5328805002968621,0.2,1.0,-1.5,0.0,0.0,1.0,1.0,1.0,0.0,0
-1.3533834586466165,-0.7604224355583985,-0.9980503835950835,-0.2,1.0,-0.75,0.0,1.0,0.0,1.0,0.0,0.0,0
0.8270676691729323,-0.06455675578755203,-0.3156783558389156,-0.2,1.0,-0.25,1.0,0.0,1.0,1.0,0.0,1.0,1
-0.3458646616541353,-0.26029838867545396,-0.05866087261157809,0.0,0.0,0.6666666666666666,1.0,0.0,1.0,1.0,1.0,1.0,0
0.17293233082706766,-0.7604224355583985,0.35430742264503334,0.8,0.0,-0.75,0.0,0.0,1.0,1.0,0.0,0.0,0
0.2857142857142857,-0.7604224355583985,-0.06328034197054172,-0.6,1.0,-0.9166666666666666,0.0,1.0,0.0,1.0,1.0,0.0,0
-1.300751879699248,0.2261624415184466,-0.8080212876841111,-0.2,0.0,-0.16666666666666666,0.0,1.0,1.0,1.0,1.0,1.0,0
-0.2706766917293233,-0.008390724685690095,0.1616543413953439,0.4,0.0,0.5,1.0,0.0,0.0,0.0,1.0,1.0,1
-0.8345864661654135,-0.7604224355583985,-0.8138516620877841,0.4,1.0,0.16666666666666666,0.0,0.0,1.0,1.0,0.0,1.0,0
-1.481203007518797,-0.7604224355583985,0.3120367482646007,-0.8,2.0,0.25,0.0,0.0,1.0,0.0,1.0,1.0,0
-0.3157894736842105,-0.7604224355583985,-0.6252315579925727,-0.4,0.0,0.6666666666666666,0.0,1.0,0.0,1.0,0.0,1.0,1
-0.10526315789473684,-0.7604224355583985,-0.5678643821101992,0.4,1.0,0.3333333333333333,0.0,1.0,1.0,1.0,0.0,1.0,0
-0.8947368421052632,-0.7604224355583985,-0.2634717594114534,-0.6,0.0,0.16666666666666666,0.0,0.0,0.0,0.0,1.0,1.0,1
0.7593984962406015,-0.11439958860232245,-0.8298812565375727,0.0,1.0,-0.16666666666666666,1.0,0.0,0.0,0.0,0.0,1.0,0
0.45112781954887216,-0.0758373634695896,0.6822401743327126,-0.4,1.0,-0.6666666666666666,0.0,0.0,0.0,0.0,0.0,0.0,0
-0.3308270676691729,0.44087241567524815,1.027295472917473,-0.2,0.0,-0.8333333333333334,0.0,1.0,1.0,1.0,1.0,0.0,0
-0.15789473684210525,-0.7604224355583985,0.18323823575519882,0.6,1.0,-0.3333333333333333,0.0,0.0,0.0,0.0,0.0,1.0,0
-0.007518796992481203,-0.7604224355583985,0.930201371607793,-1.0,1.0,2.3333333333333335,0.0,0.0,0.0,1.0,1.0,3.0,0
0.37593984962406013,0.05088092482523846,-0.9171930603703422,-0.8,0.0,0.25,0.0,0.0,0.0,0.0,0.0,1.0,1
-0.6842105263157895,0.7030601639330583,-0.2673879083000325,0.2,1.0,-1.25,0.0,0.0,0.0,1.0,0.0,0.0,0
0.39097744360902253,0.4588495571234426,0.3643001745396916,0.8,0.0,0.0,0.0,1.0,0.0,1.0,1.0,1.0,0
0.45112781954887216,0.10973528477446633,-0.7451739155598924,-0.6,1.0,1.3333333333333333,0.0,1.0,1.0,0.0,0.0,2.0,0
1.4210526315789473,-0.7604224355583985,0.9571825683130416,-0.8,1.0,0.3333333333333333,0.0,1.0,1.0,0.0,1.0,1.0,0
-0.7142857142857143,-0.7604224355583985,-0.1308779125456616,-0.2,1.0,0.4166666666666667,0.0,1.0,1.0,0.0,1.0,1.0,0
-0.556390977443609,0.4038586121737374,0.4492235915927091,-0.8,0.0,0.6666666666666666,0.0,0.0,1.0,1.0,0.0,1.0,1
-0.6917293233082706,-0.7604224355583985,0.33190818351083523,0.0,1.0,-0.8333333333333334,0.0,0.0,0.0,1.0,0.0,0.0,0
0.9774436090225563,-0.7604224355583985,-0.4771981862999439,-0.2,0.0,1.25,0.0,1.0,1.0,1.0,1.0,2.0,1
1.4887218045112782,-0.7604224355583985,-0.3106637350574107,-0.8,1.0,-1.0833333333333333,0.0,1.0,0.0,0.0,1.0,0.0,0
-0.6842105263157895,-0.7604224355583985,-0.5538402884523617,0.2,1.0,-0.3333333333333333,0.0,1.0,0.0,1.0,0.0,1.0,0
-1.2932330827067668,-0.16960176386715073,-0.7518614394279812,0.6,0.0,0.8333333333333334,0.0,1.0,1.0,1.0,0.0,1.0,1
0.3082706766917293,0.7935523748347755,-0.8705265563910393,0.4,1.0,0.08333333333333333,0.0,0.0,1.0,1.0,1.0,1.0,0
0.3458646616541353,-0.7604224355583985,-0.11120701715742684,-0.8,3.0,1.0833333333333333,0.0,1.0,0.0,1.0,0.0,1.0,1
-0.045112781954887216,0.035838286426975355,0.3178194918967001,-0.2,0.0,1.1666666666666667,0.0,0.0,0.0,0.0,0.0,2.0,0
0.924812030075188,0.7367722401683982,-0.03349036070982624,1.0,1.0,-0.5833333333333334,0.0,0.0,0.0,1.0,1.0,0.0,0
-0.6015037593984962,-0.22491770263997554,-0.5013150973575272,0.6,1.0,-0.08333333333333333,0.0,0.0,0.0,0.0,1.0,1.0,0
0.06015037593984962,-0.7604224355583985,-0.1161793221890787,-0.2,1.0,0.08333333333333333,0.0,0.0,1.0,0.0,0.0,1.0,0
0.3684210526315789,-0.012589397295899371,0.916208861444411,0.4,1.0,-0.08333333333333333,1.0,0.0,1.0,1.0,0.0,1.0,0
0.6691729323308271,0.24257549143073634,-0.4191355602678108,-0.2,0.0,0.08333333333333333,1.0,0.0,1.0,1.0,0.0,1.0,0
0.3082706766917293,0.3765766813249483,-0.22184655353421479,-0.8,0.0,-0.75,0.0,1.0,1.0,0.0,1.0,0.0,0
-0.10526315789473684,0.19936925499671146,-0.04537331830987931,-1.0,1.0,0.16666666666666666,1.0,0.0,0.0,1.0,1.0,1.0,0
-1.413533834586466,0.5072613358930644,0.853444587640556,0.2,0.0,0.75,0.0,0.0,1.0,1.0,0.0,1.0,0
0.17293233082706766,-0.22713013648212757,0.4020002368762085,0.2,0.0,0.08333333333333333,0.0,0.0,0.0,0.0,0.0,1.0,1
-0.2932330827067669,0.5542480935308405,-0.5627438697421053,0.6,0.0,0.75,0.0,0.0,0.0,0.0,1.0,1.0,0
0.24812030075187969,0.17708860927598025,0.46956285096231914,-0.6,0.0,0.5833333333333334,1.0,0.0,0.0,1.0,0.0,1.0,1
-0.22556390977443608,0.4820820712041253,0.4384444209073023,-0.6,2.0,-0.5833333333333334,0.0,0.0,0.0,1.0,0.0,0.0,1
-0.6015037593984962,-0.7604224355583985,-1.0107910017193331,-0.6,1.0,0.16666666666666666,0.0,0.0,0.0,1.0,1.0,1.0,0
0.5338345864661654,0.01598788622348592,-0.8374676323481934,-0.6,0.0,0.4166666666666667,0.0,0.0,1.0,1.0,1.0,1.0,0
-0.9924812030075187,0.5110204676769238,-0.6611233886125406,0.0,0.0,2.1666666666666665,0.0,1.0,0.0,1.0,1.0,3.0,0
0.21804511278195488,0.3323981273053612,0.6555336211536845,0.6,0.0,0.9166666666666666,1.0,0.0,0.0,1.0,1.0,1.0,0
1.218045112781955,-0.07272892447767997,0.9103968851928481,0.2,0.0,-0.5,0.0,0.0,0.0,1.0,0.0,1.0,0
-0.46616541353383456,-0.7604224355583985,0.7315769656668764,0.2,1.0,-0.25,0.0,1.0,0.0,1.0,0.0,1.0,0
-2.2706766917293235,-0.7604224355583985,0.2696029436021256,1.0,0.0,1.1666666666666667,0.0,0.0,1.0,1.0,1.0,2.0,1
0.3308270676691729,0.33475550776582846,-0.7359418250430283,0.2,0.0,1.25,0.0,0.0,1.0,1.0,0.0,2.0,1
-0.13533834586466165,0.04734430568787377,0.5941616786167352,0.6,0.0,-1.0833333333333333,1.0,0.0,1.0,1.0,1.0,0.0,0
0.9097744360902256,0.1106662338116663,-0.06496510164404098,0.8,0.0,2.1666666666666665,0.0,1.0,1.0,1.0,1.0,3.0,0
-0.022556390977443608,0.2654222124581305,0.46364804948285226,-0.4,0.0,0.3333333333333333,0.0,0.0,0.0,1.0,1.0,1.0,0
1.0751879699248121,0.05874314280074237,0.21880401023499427,0.8,0.0,-0.3333333333333333,1.0,0.0,0.0,1.0,1.0,1.0,1
0.06766917293233082,0.24834060606255287,0.9194092200039532,0.6,1.0,2.25,1.0,0.0,0.0,1.0,0.0,3.0,1
0.6090225563909775,0.1322870198462085,-0.9835675626779687,-0.6,1.0,0.6666666666666666,1.0,0.0,1.0,1.0,0.0,1.0,0
1.4887218045112782,0.43948288687750864,0.5395601538443258,0.4,0.0,0.0,0.0,0.0,0.0,1.0,1.0,1.0,0
-0.5413533834586466,0.2452923395046249,-0.13698405480707312,0.8,0.0,0.16666666666666666,0.0,0.0,0.0,1.0,0.0,1.0,0
1.2105263157894737,0.15169874106810535,-0.1394040250812809,-0.8,0.0,-0.5833333333333334,1.0,0.0,1.0,0.0,1.0,0.0,0
-0.08270676691729323,-0.0431494722043118,-0.7286649470356811,-0.2,1.0,-0.9166666666666666,0.0,0.0,0.0,0.0,1.0,0.0,0
0.09022556390977443,-0.7604224355583985,-0.43832953466857083,-0.8,1.0,1.6666666666666667,0.0,0.0,1.0,1.0,1.0,2.0,0
0.24060150375939848,0.2988929721613566,0.23019093321176934,0.2,1.0,0.3333333333333333,0.0,0.0,0.0,1.0,1.0,1.0,0
1.0676691729323309,0.20861481215760527,0.7577962744508568,0.8,2.0,2.0833333333333335,0.0,0.0,0.0,1.0,0.0,3.0,1
0.6616541353383458,-0.7604224355583985,0.8124102690819183,-0.2,1.0,1.1666666666666667,0.0,0.0,0.0,1.0,1.0,2.0,0
-1.0,0.4719843846265855,0.4888950159278169,0.2,1.0,0.8333333333333334,0.0,1.0,0.0,0.0,0.0,1.0,1
1.2857142857142858,0.06269673810171404,-0.9222484637223578,-0.4,0.0,-0.25,0.0,0.0,1.0,1.0,0.0,1.0,0
0.2556390977443609,0.3848762463401469,-0.1084451478898406,0.2,1.0,-0.25,0.0,0.0,1.0,1.0,1.0,1.0,0
0.12030075187969924,-0.13444108329341756,-0.6232941303634288,-0.2,0.0,0.16666666666666666,1.0,0.0,1.0,1.0,0.0,1.0,0
-0.9172932330827067,0.07574937695479608,0.10746013126825994,-0.8,0.0,1.25,0.0,0.0,1.0,0.0,0.0,2.0,1
0.631578947368421,-0.12004921603662747,0.3786987728049248,0.8,1.0,-1.0,1.0,0.0,0.0,1.0,0.0,0.0,0
-0.37593984962406013,-0.7604224355583985,-0.6990982988991902,0.0,1.0,-0.16666666666666666,0.0,0.0,0.0,1.0,0.0,1.0,0
-0.37593984962406013,0.7423898226476271,-0.018467042968501015,-1.0,0.0,1.0,0.0,0.0,1.0,0.0,0.0,1.0,0
-0.46616541353383456,-0.7604224355583985,-0.05750904607753312,-0.2,1.0,1.4166666666666667,0.0,0.0,0.0,1.0,1.0,2.0,1
0.631578947368421,-0.7604224355583985,-0.667102788048305,0.8,1.0,-0.5833333333333334,0.0,0.0,0.0,1.0,0.0,0.0,0
0.12030075187969924,0.4379984768069154,0.6146891101976485,1.0,1.0,0.0,1.0,0.0,1.0,1.0,1.0,1.0,0
-0.3533834586466165,0.15474559733461193,-0.9746338288611559,-0.4,0.0,-0.6666666666666666,0.0,1.0,0.0,0.0,0.0,0.0,0
0.19548872180451127,0.33354069840530126,0.19204175153985512,-0.2,0.0,-0.4166666666666667,1.0,0.0,1.0,1.0,1.0,1.0,1
0.45112781954887216,0.44474664290900173,-0.2071923231666083,-0.4,0.0,-0.3333333333333333,0.0,0.0,1.0,1.0,0.0,1.0,1
-0.2631578947368421,-0.04688995680159861,0.024457583507487623,0.4,0.0,2.0,0.0,1.0,1.0,1.0,1.0,3.0,0
0.42105263157894735,0.2892602900052763,-0.5024008949678884,0.6,1.0,-1.3333333333333333,1.0,0.0,1.0,1.0,0.0,0.0,0
0.5112781954887218,-0.7604224355583985,0.6544025436467414,-0.2,1.0,0.5833333333333334,0.0,0.0,1.0,1.0,0.0,1.0,0
-0.10526315789473684,0.5376718415612805,-0.6800227881556276,0.4,0.0,0.4166666666666667,0.0,0.0,0.0,0.0,0.0,1.0,0
1.0526315789473684,0.14627930453358942,-0.9973402149236358,0.0,1.0,-0.08333333333333333,1.0,0.0,1.0,0.0,0.0,1.0,0
0.06015037593984962,-0.7604224355583985,0.09422869133049686,-0.4,1.0,0.3333333333333333,0.0,0.0,1.0,1.0,1.0,1.0,0
-1.4661654135338347,0.2411785977777959,-0.40306027707361564,0.4,0.0,-0.3333333333333333,0.0,0.0,0.0,0.0,1.0,1.0,0
-0.518796992481203,-0.01803288713410333,-0.8309618413381694,0.4,1.0,-0.4166666666666667,1.0,0.0,0.0,1.0,1.0,1.0,0
0.08270676691729323,-0.012659285070784367,-0.8014271855439589,0.2,0.0,0.75,1.0,0.0,0.0,1.0,1.0,1.0,1
-1.300751879699248,0.8705445711047193,-0.4974873618110325,-0.6,0.0,-0.3333333333333333,0.0,0.0,0.0,0.0,0.0,1.0,1
-1.3984962406015038,0.17616894257015184,-0.19259747794553458,0.0,0.0,-0.08333333333333333,0.0,0.0,0.0,0.0,1.0,1.0,0
0.45112781954887216,-0.7604224355583985,0.541427259647627,0.2,1.0,-0.5833333333333334,0.0,1.0,0.0,1.0,0.0,0.0,0
-0.49624060150375937,-0.7604224355583985,-0.29320777275931276,0.4,1.0,-0.16666666666666666,0.0,0.0,0.0,1.0,0.0,1.0,0
-0.09774436090225563,0.2879454283033501,-0.9525708670627467,0.6,1.0,-0.8333333333333334,0.0,1.0,0.0,1.0,0.0,0.0,0
-1.2781954887218046,0.21876005689585692,-0.6500559802107433,-0.2,0.0,0.08333333333333333,0.0,0.0,1.0,1.0,0.0,1.0,0
-0.42105263157894735,-0.7604224355583985,0.22223291472852574,0.6,0.0,-0.3333333333333333,0.0,0.0,1.0,1.0,0.0,1.0,1
0.5037593984962406,-0.7604224355583985,-0.7255115037640194,-0.2,0.0,0.4166666666666667,0.0,0.0,0.0,1.0,0.0,1.0,1
-0.43609022556390975,-0.7604224355583985,0.8937117032562049,-0.2,1.0,0.08333333333333333,0.0,0.0,1.0,0.0,0.0,1.0,0
0.7819548872180451,-0.017879635466306422,0.15160782601174191,-0.8,0.0,0.25,0.0,0.0,1.0,1.0,0.0,1.0,0
-1.8045112781954886,-0.7604224355583985,-0.8885940528228836,0.0,1.0,-0.6666666666666666,0.0,0.0,1.0,0.0,0.0,0.0,0
0.8345864661654135,-0.7604224355583985,-1.006926367656662,0.6,1.0,0.0,0.0,1.0,1.0,1.0,1.0,1.0,0
-0.13533834586466165,-0.7604224355583985,0.7918000458165096,-0.8,1.0,1.25,0.0,1.0,1.0,1.0,1.0,2.0,0
-0.45864661654135336,-0.7604224355583985,1.0167986116549994,-0.4,1.0,0.5,0.0,0.0,1.0,0.0,1.0,1.0,0
-0.3533834586466165,0.221601088964356,-0.7714632395338472,0.6,1.0,0.5,1.0,0.0,0.0,1.0,0.0,1.0,0
-0.09022556390977443,0.5503527119257652,0.4695076565059891,-0.8,0.0,-0.3333333333333333,0.0,0.0,0.0,0.0,1.0,1.0,0
-0.46616541353383456,0.332023538233921,-0.3804751143911497,-0.4,0.0,0.5833333333333334,0.0,1.0,0.0,1.0,0.0,1.0,0
0.17293233082706766,-0.7604224355583985,-0.040717665918432656,0.6,1.0,1.6666666666666667,0.0,0.0,0.0,0.0,1.0,2.0,0
0.6090225563909775,0.4187943818220643,0.7207698911174362,0.8,0.0,0.4166666666666667,0.0,0.0,1.0,0.0,1.0,1.0,0
0.924812030075188,0.22844758371832655,-0.29897375363060064,0.8,0.0,0.25,0.0,0.0,1.0,1.0,0.0,1.0,0
0.5714285714285714,-0.7604224355583985,-0.970068736262873,-0.2,0.0,0.0,0.0,1.0,0.0,0.0,0.0,1.0,0
0.518796992481203,0.3202791013732753,-0.32166480789965546,0.4,0.0,0.75,0.0,1.0,0.0,1.0,1.0,1.0,0
0.3458646616541353,0.010541654151962556,-0.7607601145438289,0.0,1.0,0.0,0.0,0.0,1.0,0.0,0.0,1.0,0
0.24060150375939848,0.048225111030089,-0.6995888140768353,-0.4,0.0,0.4166666666666667,0.0,1.0,0.0,1.0,0.0,1.0,0
-0.07518796992481203,0.4757573842760889,-0.32669332950719915,-0.2,0.0,0.3333333333333333,1.0,0.0,1.0,1.0,0.0,1.0,0
0.20300751879699247,0.3970635930566497,0.7467037219078426,0.2,0.0,-0.08333333333333333,0.0,0.0,1.0,0.0,1.0,1.0,0
-0.007518796992481203,0.25787589976103,-0.8955444658422338,0.6,0.0,2.1666666666666665,0.0,1.0,0.0,1.0,1.0,3.0,0
-1.2105263157894737,0.22568623311513902,0.3091253429051424,-0.6,0.0,-1.5,1.0,0.0,1.0,0.0,0.0,0.0,0
-0.49624060150375937,-0.7604224355583985,0.7033660569169834,0.4,1.0,-0.3333333333333333,0.0,1.0,0.0,1.0,1.0,1.0,0
-1.5639097744360901,0.3703098163451914,0.13513565379175052,-0.6,0.0,-0.25,0.0,0.0,1.0,1.0,0.0,1.0,0
-0.21804511278195488,0.3381309619335315,-0.057388027121431526,-0.2,0.0,0.0,0.0,0.0,0.0,1.0,1.0,1.0,0
-0.9097744360902256,0.017122230623467436,0.24214083964311162,0.8,0.0,-0.08333333333333333,0.0,1.0,0.0,1.0,0.0,1.0,0
0.21052631578947367,0.08810501844759117,-0.5628032548886384,-0.2,1.0,-0.5833333333333334,1.0,0.0,1.0,0.0,1.0,0.0,1
0.21052631578947367,0.06790980199155869,-0.09085314147808453,0.4,0.0,0.4166666666666667,1.0,0.0,0.0,1.0,1.0,1.0,1
-1.1578947368421053,0.791790215703681,-0.3044136783617161,-0.8,0.0,-0.3333333333333333,0.0,0.0,1.0,1.0,0.0,1.0,0
-0.9097744360902256,-0.06840567612524318,-0.24733443355986492,0.2,1.0,0.4166666666666667,1.0,0.0,0.0,1.0,0.0,1.0,0
-0.8045112781954887,-0.04600006291466738,0.06163084542192002,-0.4,0.0,0.0,0.0,0.0,1.0,1.0,0.0,1.0,0
-0.44360902255639095,-0.7604224355583985,-0.04933709797003226,1.0,2.0,-0.8333333333333334,0.0,1.0,1.0,0.0,0.0,0.0,1
-0.06015037593984962,-0.40840680200789464,-0.9063694274840032,0.0,0.0,-0.5833333333333334,0.0,0.0,1.0,1.0,1.0,0.0,0
-0.518796992481203,-0.7604224355583985,-0.5273971354843756,0.6,0.0,0.08333333333333333,0.0,0.0,1.0,1.0,0.0,1.0,0
0.9473684210526315,0.21004328066848124,0.46044442014071274,0.6,0.0,0.5833333333333334,0.0,0.0,1.0,1.0,0.0,1.0,0
0.7443609022556391,0.23536192915957324,-1.0115651550753415,0.6,1.0,-0.25,0.0,1.0,0.0,0.0,0.0,1.0,0
-0.6766917293233082,0.20188208091163115,-0.6829877525801176,0.4,1.0,1.1666666666666667,0.0,0.0,0.0,0.0,0.0,2.0,0
0.2706766917293233,-0.7604224355583985,-0.5270099565944153,0.2,0.0,0.25,0.0,0.0,1.0,1.0,1.0,1.0,0
-0.16541353383458646,-0.7604224355583985,0.8931207137256477,-0.8,1.0,-0.16666666666666666,0.0,1.0,1.0,0.0,0.0,1.0,0
0.15037593984962405,-0.7604224355583985,0.3829191044750566,0.4,0.0,1.3333333333333333,0.0,0.0,0.0,1.0,1.0,2.0,0
1.0601503759398496,0.15055311433675228,0.8667196720836025,0.8,0.0,2.1666666666666665,0.0,0.0,0.0,1.0,1.0,3.0,0
-1.2932330827067668,0.4053449026328925,-0.2056222453079283,0.2,0.0,0.25,0.0,0.0,1.0,0.0,1.0,1.0,0
0.3007518796992481,0.22323647856656723,-0.935714480099524,-0.8,0.0,-0.8333333333333334,0.0,0.0,1.0,0.0,0.0,0.0,0
-1.2857142857142858,-0.7604224355583985,0.7182680490663387,0.8,2.0,1.6666666666666667,0.0,0.0,0.0,1.0,1.0,2.0,1
0.7669172932330827,0.16079833306687968,-0.1179416607373086,0.4,1.0,-0.8333333333333334,1.0,0.0,1.0,0.0,1.0,0.0,0
1.3233082706766917,0.25368161472413187,-0.6267143468406862,0.6,1.0,-0.25,0.0,0.0,1.0,0.0,0.0,1.0,0
-1.0225563909774436,0.0429821959718238,0.838582458154106,0.8,0.0,2.3333333333333335,0.0,1.0,0.0,1.0,0.0,3.0,0
-1.0676691729323309,0.05301383390112578,-0.22045401784339685,1.0,1.0,0.6666666666666666,0.0,0.0,0.0,0.0,1.0,1.0,0
1.4887218045112782,0.24066000228232165,0.5344826727097785,-0.2,1.0,0.16666666666666666,0.0,0.0,1.0,0.0,1.0,1.0,0
1.0526315789473684,-0.03850875158300323,-0.32685615315337313,0.0,0.0,-0.08333333333333333,0.0,1.0,1.0,0.0,1.0,1.0,0
-1.112781954887218,0.05611514308640475,-0.4455363974859437,0.8,0.0,1.5833333333333333,1.0,0.0,1.0,0.0,0.0,2.0,1
0.6691729323308271,-0.21737280023429642,-0.4109863032145789,-0.6,0.0,2.25,0.0,0.0,0.0,1.0,1.0,3.0,0
-0.05263157894736842,0.19285566736772508,-1.015528832523538,0.6,1.0,1.8333333333333333,1.0,0.0,0.0,0.0,0.0,2.0,1
0.0,-0.7604224355583985,-0.31335129623286356,0.4,1.0,0.0,0.0,1.0,1.0,1.0,0.0,1.0,0
0.3533834586466165,0.3089534427152747,-0.1699888065131504,-0.6,1.0,0.5,0.0,1.0,1.0,1.0,0.0,1.0,0
0.6015037593984962,0.30964417211368866,-0.9830620223427673,0.8,0.0,1.5,0.0,0.0,1.0,0.0,1.0,2.0,1
-0.15037593984962405,-0.7604224355583985,-0.4242211161468956,-0.6,1.0,1.0833333333333333,0.0,0.0,1.0,0.0,0.0,1.0,0
1.0902255639097744,-0.7604224355583985,-0.5113466897955289,1.0,3.0,1.5,0.0,0.0,0.0,1.0,1.0,2.0,1
-0.18796992481203006,-0.7604224355583985,0.9745448022473346,1.0,1.0,0.25,0.0,1.0,1.0,1.0,1.0,1.0,0
-0.045112781954887216,0.14422027905828103,-0.6033067867589011,1.0,0.0,2.6666666666666665,0.0,1.0,1.0,1.0,0.0,3.0,0
-0.045112781954887216,0.36046057610639615,-0.38339030159298626,0.6,0.0,0.5,0.0,0.0,0.0,1.0,0.0,1.0,0
-0.41353383458646614,-0.14506653226067098,-0.5207092027684621,-1.0,0.0,1.9166666666666667,1.0,0.0,0.0,0.0,1.0,2.0,0
-1.300751879699248,0.367531463895423,-0.5884030570062913,0.4,1.0,-0.5833333333333334,1.0,0.0,0.0,1.0,0.0,0.0,0
0.19548872180451127,-0.7604224355583985,-0.5348742467138539,0.6,1.0,2.4166666666666665,0.0,0.0,1.0,1.0,1.0,3.0,0
0.06015037593984962,-0.7604224355583985,-0.7132604809098093,-0.2,0.0,-0.3333333333333333,0.0,1.0,1.0,1.0,0.0,1.0,0
0.2556390977443609,-0.7604224355583985,0.287449253360825,0.8,1.0,-0.25,0.0,1.0,1.0,1.0,0.0,1.0,0
-0.18045112781954886,0.2109652195104886,-0.6020364965676588,-0.4,1.0,1.1666666666666667,0.0,0.0,0.0,1.0,1.0,2.0,0
-1.105263157894737,0.28951124352877017,-0.05836558227021189,-1.0,0.0,0.0,0.0,1.0,1.0,1.0,1.0,1.0,0
0.39097744360902253,0.5558307539037944,0.7568949694213771,0.6,0.0,0.9166666666666666,0.0,1.0,1.0,1.0,1.0,1.0,0
0.3157894736842105,-0.7604224355583985,-0.03906448973938894,-0.4,0.0,0.16666666666666666,0.0,1.0,1.0,1.0,1.0,1.0,0
-0.015037593984962405,0.2752621291036396,0.8062930879292407,-0.8,1.0,-0.4166666666666667,0.0,1.0,1.0,1.0,1.0,1.0,0
0.7218045112781954,0.4519414796440691,0.7481014704084251,0.0,1.0,-0.4166666666666667,0.0,0.0,1.0,1.0,1.0,1.0,0
-0.18796992481203006,-0.7604224355583985,0.043857923847748705,0.0,1.0,-0.3333333333333333,0.0,0.0,1.0,1.0,1.0,1.0,0
-0.06766917293233082,0.40040183120073103,-0.4457594239742999,-1.0,0.0,-0.08333333333333333,0.0,0.0,1.0,0.0,0.0,1.0,0
0.11278195488721804,-0.2558181278780963,-0.7504868930414486,1.0,1.0,0.4166666666666667,1.0,0.0,0.0,0.0,0.0,1.0,0
0.5488721804511278,-0.7604224355583985,-0.4067680157835704,0.6,1.0,-0.5,0.0,0.0,1.0,1.0,1.0,1.0,0
-0.42105263157894735,-0.14830675515096214,0.5523122197076663,-1.0,0.0,1.4166666666666667,0.0,1.0,0.0,1.0,1.0,2.0,1
-0.3383458646616541,0.06305714590941641,0.0539123095519756,0.6,0.0,0.16666666666666666,1.0,0.0,0.0,1.0,0.0,1.0,1
-0.6090225563909775,0.6546799600213723,-1.0111209419138398,-0.2,0.0,1.0,0.0,0.0,1.0,0.0,0.0,1.0,0
-0.03007518796992481,-0.7604224355583985,-0.8193698811773236,-0.2,1.0,0.4166666666666667,0.0,0.0,1.0,1.0,0.0,1.0,0
-1.1879699248120301,-0.21217430935580672,0.9094737068047485,-0.6,1.0,0.3333333333333333,0.0,1.0,0.0,1.0,0.0,1.0,1
-0.8571428571428571,-0.13064708597163927,0.20206813116809239,-0.2,0.0,0.4166666666666667,1.0,0.0,0.0,1.0,0.0,1.0,0
-0.08270676691729323,0.20982296180864235,0.6200556467442362,-1.0,1.0,1.3333333333333333,0.0,0.0,0.0,0.0,1.0,2.0,0
0.17293233082706766,0.1457248249563916,0.33243334854162054,0.0,1.0,2.4166666666666665,0.0,1.0,1.0,1.0,1.0,3.0,0
0.706766917293233,-0.7604224355583985,-0.271241810107306,-0.2,1.0,-0.4166666666666667,0.0,0.0,0.0,1.0,1.0,1.0,0
0.11278195488721804,-0.0771959442055807,-0.2205737080440682,-0.8,0.0,0.08333333333333333,0.0,1.0,1.0,1.0,1.0,1.0,0
1.4887218045112782,-0.7604224355583985,-0.6201526458906388,-0.6,1.0,-0.75,0.0,0.0,0.0,1.0,1.0,0.0,0
-0.14285714285714285,-0.7604224355583985,0.9378978296952054,-0.6,1.0,0.16666666666666666,0.0,1.0,0.0,0.0,0.0,1.0,0
0.22556390977443608,-0.7604224355583985,0.4938020075194783,0.0,1.0,-0.08333333333333333,0.0,1.0,1.0,1.0,1.0,1.0,0
-0.2932330827067669,0.15905772005472402,0.14422883826018384,-1.0,0.0,-1.4166666666666667,1.0,0.0,0.0,0.0,0.0,0.0,1
0.10526315789473684,0.20493833912094733,0.12991517813052542,-0.4,1.0,-0.5,1.0,0.0,1.0,1.0,1.0,1.0,0
-0.7894736842105263,-0.7604224355583985,-0.8276621327572329,0.2,1.0,-0.5833333333333334,0.0,0.0,1.0,1.0,1.0,0.0,0
0.47368421052631576,0.04091705923368917,0.8013992816799252,0.8,0.0,-0.25,1.0,0.0,0.0,0.0,0.0,1.0,1
1.4887218045112782,-0.7604224355583985,0.45932622134024675,-0.4,0.0,-1.25,0.0,1.0,1.0,1.0,1.0,0.0,0
-0.7744360902255639,0.2974544749114836,-0.777871418125732,0.8,1.0,-0.5,1.0,0.0,0.0,1.0,1.0,1.0,0
0.9849624060150376,-0.7604224355583985,0.4528585553898728,0.8,1.0,0.16666666666666666,0.0,1.0,1.0,1.0,0.0,1.0,0
0.3157894736842105,-0.03994771893001659,-0.4035852376804889,-1.0,0.0,-0.4166666666666667,0.0,0.0,1.0,1.0,1.0,1.0,0
0.6015037593984962,0.2283157214704215,0.3447153416185495,0.4,0.0,-0.08333333333333333,0.0,0.0,1.0,1.0,1.0,1.0,0
-0.3533834586466165,-0.7604224355583985,-0.6533930983676369,0.8,1.0,-0.08333333333333333,0.0,1.0,0.0,0.0,1.0,1.0,0
-0.46616541353383456,-0.7604224355583985,0.22895345305845644,-0.2,1.0,-0.6666666666666666,0.0,0.0,0.0,1.0,0.0,0.0,0
-0.7669172932330827,-0.7604224355583985,-0.10456947493590364,-0.2,1.0,-0.5833333333333334,0.0,0.0,0.0,1.0,0.0,0.0,0
-1.0526315789473684,-0.7604224355583985,0.36832405483007086,-0.8,0.0,-0.08333333333333333,0.0,1.0,1.0,0.0,1.0,1.0,1
0.16541353383458646,0.18128728188618953,0.006991400013773009,0.2,0.0,0.16666666666666666,0.0,1.0,1.0,0.0,0.0,1.0,0
0.2556390977443609,-0.7604224355583985,-1.000716889107566,0.4,1.0,-0.9166666666666666,0.0,0.0,1.0,1.0,0.0,0.0,0
0.6616541353383458,0.19775439296963454,-0.7015225620755571,-0.6,1.0,0.25,1.0,0.0,0.0,1.0,1.0,1.0,0
-0.5338345864661654,0.05641075583824408,-0.13121531421296867,1.0,0.0,0.0,0.0,0.0,0.0,1.0,0.0,1.0,0
-0.12781954887218044,0.4888892344973423,-0.45879011963015126,0.4,1.0,1.0833333333333333,0.0,1.0,1.0,0.0,0.0,1.0,1
-0.9022556390977443,-0.7604224355583985,0.9314265863263658,0.8,1.0,0.5,0.0,0.0,1.0,0.0,0.0,1.0,1
-1.218045112781955,0.4627004361992191,0.9346485116086592,0.2,0.0,0.25,0.0,1.0,1.0,0.0,0.0,1.0,0
0.18045112781954886,0.2734767785136146,0.9180869039270219,0.4,0.0,-0.6666666666666666,0.0,0.0,1.0,0.0,0.0,0.0,0
1.1578947368421053,-0.7604224355583985,-0.8277639358655752,0.4,1.0,-1.0,0.0,1.0,1.0,1.0,0.0,0.0,0
-0.45864661654135336,0.27777377977570794,0.6322600609464342,0.6,0.0,1.1666666666666667,1.0,0.0,0.0,1.0,1.0,2.0,1
-0.06766917293233082,0.012341342704772013,-0.6050551222691363,0.4,1.0,-0.3333333333333333,1.0,0.0,1.0,1.0,1.0,1.0,0
0.12781954887218044,-0.7604224355583985,-0.3409597677131085,-0.8,1.0,-1.1666666666666667,0.0,0.0,1.0,0.0,0.0,0.0,0
-0.9624060150375939,0.16856026365241422,-0.1771306625264011,1.0,1.0,0.5833333333333334,0.0,0.0,1.0,0.0,0.0,1.0,0
-0.42105263157894735,0.3379368118145127,0.7652032682784045,0.0,1.0,0.8333333333333334,1.0,0.0,1.0,1.0,1.0,1.0,0
0.8872180451127819,0.03738780495152537,0.6930932442624279,0.8,0.0,-1.0833333333333333,0.0,0.0,1.0,1.0,0.0,0.0,0
0.8947368421052632,0.4627995483463374,-0.27041522201778423,0.4,0.0,-1.1666666666666667,0.0,0.0,0.0,1.0,0.0,0.0,0
-0.12781954887218044,-0.7604224355583985,-0.294147305060399,-0.2,1.0,-1.0833333333333333,0.0,1.0,1.0,1.0,1.0,0.0,0
0.7819548872180451,0.20051347143664314,-0.38615748588229304,1.0,0.0,-0.5,0.0,0.0,1.0,0.0,0.0,1.0,0
0.07518796992481203,0.05886607320297827,-0.9340895144203825,-0.6,0.0,1.8333333333333333,1.0,0.0,1.0,1.0,0.0,2.0,1
-0.9548872180451128,-0.3269270584349158,-0.16460428066227736,0.2,0.0,1.8333333333333333,0.0,0.0,0.0,1.0,0.0,2.0,1
0.06015037593984962,0.3195593826511982,-0.579098702636417,0.6,0.0,2.1666666666666665,0.0,0.0,1.0,1.0,1.0,3.0,0
0.44360902255639095,-0.7604224355583985,-0.3164423902112633,-0.4,1.0,0.08333333333333333,0.0,0.0,1.0,1.0,0.0,1.0,0
-1.4962406015037595,-0.7604224355583985,1.0111734788593096,0.2,0.0,-0.6666666666666666,0.0,0.0,1.0,0.0,0.0,0.0,1
-0.6240601503759399,-0.7604224355583985,-0.26033088821040035,0.4,1.0,-0.75,0.0,0.0,1.0,1.0,0.0,0.0,0
-0.5338345864661654,0.2417753860976371,-0.5646289648496917,-0.6,1.0,0.3333333333333333,1.0,0.0,1.0,1.0,1.0,1.0,0
-0.3007518796992481,0.4120118202791993,0.1606193431271978,-0.8,0.0,1.75,1.0,0.0,0.0,1.0,1.0,2.0,0
-0.24812030075187969,-0.7604224355583985,0.969614915177492,0.0,1.0,-0.6666666666666666,0.0,0.0,1.0,1.0,0.0,0.0,0
-1.631578947368421,-0.3136964878141616,-0.9560889003820557,-0.6,1.0,-0.4166666666666667,1.0,0.0,1.0,1.0,1.0,1.0,0
-1.4511278195488722,0.2894182426444781,-0.8193298140905061,-0.2,0.0,0.9166666666666666,1.0,0.0,1.0,1.0,1.0,1.0,1
-0.8045112781954887,0.25013810082870686,0.7919103325172135,0.4,0.0,1.9166666666666667,1.0,0.0,0.0,0.0,1.0,2.0,1
-0.06766917293233082,0.4214247320221044,-0.9927538622384702,-0.6,0.0,0.6666666666666666,1.0,0.0,0.0,0.0,1.0,1.0,1
0.20300751879699247,-0.7604224355583985,-0.28234816126440293,-0.8,1.0,0.4166666666666667,0.0,0.0,1.0,0.0,0.0,1.0,0
0.6466165413533834,0.40216414703087244,0.5683002138912947,0.8,0.0,1.6666666666666667,1.0,0.0,0.0,0.0,0.0,2.0,1
-0.7443609022556391,-0.7604224355583985,-0.772976896392723,-0.8,1.0,0.4166666666666667,0.0,0.0,1.0,0.0,0.0,1.0,0
-0.10526315789473684,0.04985062859235014,-0.8597102827655441,0.8,0.0,-0.6666666666666666,0.0,0.0,0.0,1.0,1.0,0.0,0
-1.5112781954887218,-0.7604224355583985,0.8739855111996835,0.2,1.0,-0.3333333333333333,0.0,0.0,1.0,1.0,0.0,1.0,0
-0.15037593984962405,-0.08215249175576941,-0.013860247892101983,0.2,1.0,0.08333333333333333,1.0,0.0,0.0,1.0,0.0,1.0,0
-0.3609022556390977,-0.27391334205807516,-0.9213267163016445,0.6,2.0,0.8333333333333334,0.0,0.0,0.0,0.0,0.0,1.0,1
0.48120300751879697,-0.7604224355583985,0.9222764697983477,-0.2,1.0,0.08333333333333333,0.0,0.0,1.0,1.0,0.0,1.0,0
1.4887218045112782,-0.21504597608796056,-0.01587903623835479,1.0,0.0,2.8333333333333335,0.0,1.0,1.0,1.0,0.0,3.0,1
0.43609022556390975,-0.7604224355583985,-0.16599988271178034,0.6,1.0,-0.08333333333333333,0.0,1.0,0.0,0.0,0.0,1.0,0
-0.7894736842105263,-0.1932313533324932,-0.2286461017062626,0.8,0.0,-0.5833333333333334,1.0,0.0,0.0,1.0,0.0,0.0,0
0.706766917293233,0.35062081615993396,0.8590703337079829,0.2,1.0,-0.25,1.0,0.0,1.0,1.0,1.0,1.0,0
0.17293233082706766,-0.33656577350429884,-0.4596310173935365,-0.4,1.0,-0.08333333333333333,0.0,1.0,1.0,0.0,1.0,1.0,0
-1.0,0.1722138586282354,-0.7111412182106444,-0.6,1.0,1.6666666666666667,0.0,1.0,0.0,1.0,1.0,2.0,0
1.2406015037593985,0.2566374288444319,-0.41076429884578436,0.4,0.0,-0.8333333333333334,1.0,0.0,0.0,1.0,1.0,0.0,0
0.8571428571428571,0.6946400973508499,0.031231476478537454,0.2,0.0,-0.4166666666666667,0.0,0.0,1.0,1.0,1.0,1.0,0
-0.8120300751879699,0.16849382325655954,0.6612134373459234,-0.8,0.0,-0.6666666666666666,0.0,0.0,0.0,1.0,1.0,0.0,0
-0.49624060150375937,-0.7604224355583985,-0.9451735833710349,0.8,0.0,-0.3333333333333333,0.0,0.0,1.0,1.0,0.0,1.0,0
1.0676691729323309,-0.7604224355583985,-0.31395455119816057,0.2,1.0,-0.16666666666666666,0.0,0.0,1.0,1.0,1.0,1.0,0
-0.18045112781954886,-0.7604224355583985,0.4958928552948286,0.0,0.0,-0.5,0.0,0.0,0.0,0.0,0.0,1.0,1
-0.17293233082706766,0.588524129635711,0.6166491266691053,-0.8,0.0,-0.16666666666666666,0.0,0.0,1.0,1.0,1.0,1.0,0
0.5939849624060151,-0.7604224355583985,-0.7609495132986062,1.0,0.0,1.25,0.0,0.0,0.0,1.0,1.0,2.0,1
-0.9097744360902256,0.13836968509642028,-0.7659762973028951,-0.8,0.0,2.1666666666666665,0.0,0.0,0.0,0.0,1.0,3.0,1
1.0977443609022557,-0.7604224355583985,0.2005870799232337,0.8,1.0,1.75,0.0,1.0,0.0,0.0,0.0,2.0,1
1.300751879699248,0.2762061625112495,0.18066535639456527,0.2,0.0,0.25,0.0,0.0,1.0,0.0,0.0,1.0,0
-0.23308270676691728,0.031018067047526295,0.6726606653768371,-0.6,1.0,-0.5833333333333334,1.0,0.0,0.0,1.0,1.0,0.0,0
0.3308270676691729,-0.7604224355583985,-0.4540716068856619,0.0,1.0,1.1666666666666667,0.0,1.0,0.0,1.0,0.0,2.0,0
-0.24812030075187969,-0.7604224355583985,0.18571248057813122,0.2,1.0,0.08333333333333333,0.0,1.0,0.0,1.0,1.0,1.0,0
-0.09774436090225563,0.30925430488518296,-0.40674133846301086,0.0,1.0,-0.16666666666666666,0.0,1.0,0.0,1.0,0.0,1.0,0
-0.2857142857142857,0.16654456546355353,0.47720452344122616,-0.8,0.0,-0.08333333333333333,0.0,0.0,1.0,1.0,0.0,1.0,0
-0.24060150375939848,0.191446316140562,-0.7170189167500228,0.8,0.0,0.4166666666666667,0.0,1.0,1.0,1.0,1.0,1.0,0
0.2556390977443609,0.32183003018924655,0.16845460505108498,-1.0,0.0,0.08333333333333333,0.0,0.0,1.0,0.0,1.0,1.0,0
0.3533834586466165,0.1058056644276593,0.2860158328875402,-0.2,0.0,-0.4166666666666667,0.0,0.0,0.0,1.0,1.0,1.0,0
1.4285714285714286,-0.2629582766458209,-0.16634740336274784,-0.8,0.0,1.75,0.0,0.0,1.0,1.0,1.0,2.0,0
-0.07518796992481203,0.02647160090288423,-0.6099840894313734,0.4,0.0,-0.4166666666666667,0.0,1.0,1.0,1.0,1.0,1.0,0
-0.44360902255639095,0.4817106944631451,0.6889456875050869,1.0,0.0,-0.4166666666666667,0.0,1.0,1.0,1.0,0.0,1.0,0
0.8721804511278195,-0.7604224355583985,1.0221955051525689,0.2,1.0,-0.5833333333333334,0.0,0.0,1.0,1.0,1.0,0.0,0
0.45864661654135336,-0.1940584892511702,-0.7493163617194251,0.8,1.0,0.08333333333333333,0.0,0.0,1.0,1.0,1.0,1.0,0
-0.06766917293233082,-0.7604224355583985,0.16966448797623268,0.2,1.0,-0.25,0.0,1.0,1.0,1.0,1.0,1.0,0
1.3909774436090225,0.3681052958049041,0.468931896556901,-1.0,0.0,-0.16666666666666666,1.0,0.0,1.0,1.0,0.0,1.0,0
0.5714285714285714,-0.7604224355583985,0.6533276827156901,-0.2,0.0,1.8333333333333333,0.0,0.0,0.0,1.0,1.0,2.0,1
-0.03759398496240601,0.2010635634405297,-0.12721862230293,-0.4,1.0,0.5,1.0,0.0,0.0,1.0,1.0,1.0,0
-0.8571428571428571,-0.7604224355583985,-0.7552701059541916,0.6,1.0,0.25,0.0,1.0,1.0,1.0,1.0,1.0,0
0.2781954887218045,-0.7604224355583985,0.20442084597514232,-0.8,1.0,0.25,0.0,0.0,0.0,1.0,1.0,1.0,0
-0.9097744360902256,-0.7604224355583985,-0.5811527541075473,-0.4,0.0,-0.5,0.0,0.0,1.0,1.0,1.0,1.0,0
-1.0902255639097744,0.11387731067924763,0.5170928415473205,0.8,0.0,-0.5,1.0,0.0,1.0,1.0,0.0,1.0,0
0.5939849624060151,0.6462586398467892,0.12840969822814302,0.0,0.0,-0.6666666666666666,0.0,0.0,1.0,0.0,0.0,0.0,0
0.7593984962406015,-0.7604224355583985,-0.0889141806695982,0.6,2.0,0.75,0.0,0.0,1.0,1.0,0.0,1.0,1
0.5639097744360902,-0.005941753632352503,0.9302405187870049,0.4,0.0,1.0,0.0,1.0,0.0,1.0,0.0,1.0,1
1.0601503759398496,-0.0050626719796523795,0.39601889541327684,-0.8,0.0,-0.4166666666666667,1.0,0.0,0.0,1.0,1.0,1.0,0
-0.7443609022556391,-0.7604224355583985,-0.7051131658837445,-0.8,0.0,0.0,0.0,0.0,1.0,1.0,0.0,1.0,0
1.1954887218045114,-0.7604224355583985,-0.21471880277091515,-0.4,1.0,0.5833333333333334,0.0,1.0,1.0,0.0,1.0,1.0,0
-0.5714285714285714,-0.20684011710276476,-0.20944395034900914,0.8,0.0,2.1666666666666665,0.0,0.0,1.0,0.0,0.0,3.0,1
-0.18796992481203006,0.6831272616814144,0.037330668326929536,0.0,0.0,-1.1666666666666667,1.0,0.0,1.0,1.0,0.0,0.0,0
-0.7819548872180451,-0.11328044400988319,-0.4474313049413222,-0.2,0.0,0.3333333333333333,0.0,0.0,0.0,0.0,1.0,1.0,0
0.9172932330827067,-0.7604224355583985,-0.9080761627280782,0.8,1.0,-0.4166666666666667,0.0,1.0,1.0,1.0,0.0,1.0,0
-0.7593984962406015,0.3626430804306043,0.47374781729561727,-0.6,0.0,-0.5833333333333334,1.0,0.0,0.0,1.0,0.0,0.0,0
-1.2481203007518797,0.14230502495843658,0.4655590042153488,0.8,1.0,0.0,1.0,0.0,1.0,1.0,0.0,1.0,0
-0.09774436090225563,0.2850310610809359,-0.014958719785027818,-0.2,1.0,-0.6666666666666666,0.0,1.0,1.0,1.0,0.0,0.0,0
1.1954887218045114,-0.7604224355583985,-1.0146453123744312,0.4,0.0,-0.16666666666666666,0.0,0.0,0.0,1.0,1.0,1.0,0
0.14285714285714285,0.1374925621818054,0.5493624848646453,0.4,1.0,0.8333333333333334,1.0,0.0,0.0,1.0,0.0,1.0,1
-0.17293233082706766,-0.7604224355583985,-0.41209019234118155,0.2,1.0,-0.3333333333333333,0.0,0.0,0.0,1.0,1.0,1.0,0
-1.3609022556390977,-0.054777324974118205,-0.031483735586357475,0.0,1.0,-0.08333333333333333,1.0,0.0,0.0,1.0,1.0,1.0,0
-0.3533834586466165,-0.7604224355583985,0.20341548917428456,0.4,0.0,0.16666666666666666,0.0,0.0,1.0,0.0,1.0,1.0,0
-0.2781954887218045,-0.12137159929280153,-0.6495656694570107,-1.0,1.0,2.25,0.0,0.0,1.0,0.0,1.0,3.0,0
-0.21052631578947367,0.1984846888773724,-0.7096254149006892,-0.4,1.0,0.9166666666666666,1.0,0.0,0.0,0.0,0.0,1.0,0
-0.15037593984962405,0.2362251842085439,-0.056953217459897544,0.6,3.0,0.3333333333333333,1.0,0.0,1.0,1.0,0.0,1.0,1
-0.7142857142857143,-0.07299092528397494,0.24172739228041648,-0.4,0.0,-0.8333333333333334,0.0,0.0,0.0,1.0,1.0,0.0,0
-0.24060150375939848,0.5467129064660646,0.3651487381997895,-0.6,1.0,-0.5,0.0,1.0,1.0,1.0,1.0,1.0,0
0.44360902255639095,0.24808307117909253,0.1568596807435102,-0.4,0.0,0.08333333333333333,0.0,1.0,1.0,0.0,0.0,1.0,0
-0.06766917293233082,-0.7604224355583985,0.3255941421305801,-0.6,0.0,-0.4166666666666667,0.0,1.0,0.0,0.0,0.0,1.0,0
0.20300751879699247,-0.7604224355583985,0.5971693676389025,0.8,1.0,-0.5833333333333334,0.0,0.0,1.0,1.0,0.0,0.0,0
-0.5488721804511278,0.25412836370663605,-0.9286580732816287,-0.8,1.0,-0.16666666666666666,0.0,1.0,0.0,0.0,1.0,1.0,1
0.19548872180451127,0.1557429084181431,0.9772141696945895,-0.6,0.0,1.0,1.0,0.0,1.0,1.0,0.0,1.0,1
-0.3007518796992481,0.0741624073580544,0.793626982321037,0.8,1.0,-0.4166666666666667,1.0,0.0,1.0,1.0,0.0,1.0,0
-1.0300751879699248,-0.7604224355583985,0.6257024484746335,0.2,1.0,2.4166666666666665,0.0,0.0,0.0,1.0,1.0,3.0,0
-0.41353383458646614,0.3576718815195374,0.28401074094341383,-1.0,0.0,-0.75,0.0,0.0,0.0,1.0,0.0,0.0,0
-0.03007518796992481,-0.7604224355583985,0.9688873704734959,0.4,1.0,0.0,0.0,0.0,0.0,1.0,0.0,1.0,0
-1.4661654135338347,0.52840364138812,0.652933348988798,0.4,0.0,0.08333333333333333,0.0,0.0,0.0,1.0,1.0,1.0,0
-0.03759398496240601,-0.00010957180849386856,-0.7800224687432646,0.0,0.0,-0.4166666666666667,0.0,0.0,1.0,1.0,1.0,1.0,0
0.12030075187969924,-0.7604224355583985,-0.6009512100170785,-0.6,1.0,-0.4166666666666667,0.0,0.0,0.0,1.0,1.0,1.0,0
0.5639097744360902,-0.025373062235102765,0.27316319045933163,-0.6,1.0,-1.5833333333333333,1.0,0.0,0.0,1.0,0.0,0.0,0
0.9097744360902256,0.04810703829830471,0.8056491526053892,-0.6,1.0,0.0,0.0,1.0,1.0,1.0,0.0,1.0,0
-0.14285714285714285,0.22710294919750307,-0.8958883068627793,-0.4,0.0,0.4166666666666667,1.0,0.0,1.0,0.0,1.0,1.0,0
0.8571428571428571,0.22902024038495622,0.7989625486449061,0.0,0.0,-0.8333333333333334,1.0,0.0,1.0,1.0,0.0,0.0,1
0.12781954887218044,0.41653948253822215,0.08577719352287942,-1.0,1.0,0.3333333333333333,0.0,0.0,0.0,0.0,0.0,1.0,0
0.03759398496240601,-0.7604224355583985,0.8829150543262936,0.4,1.0,0.08333333333333333,0.0,0.0,1.0,1.0,0.0,1.0,0
-0.5639097744360902,-0.7604224355583985,0.25615696076836814,-0.4,1.0,-1.0,0.0,0.0,1.0,0.0,1.0,0.0,0
-0.3533834586466165,-0.7604224355583985,0.6139011582275579,0.2,1.0,-0.75,0.0,0.0,0.0,0.0,0.0,0.0,0
1.2105263157894737,0.00809307484624194,-0.7436913311356913,0.2,0.0,-0.08333333333333333,1.0,0.0,0.0,0.0,1.0,1.0,1
1.1428571428571428,0.32343321813733483,-0.1938263722945295,1.0,0.0,-0.3333333333333333,1.0,0.0,0.0,1.0,1.0,1.0,0
-0.007518796992481203,0.3723703304614445,-0.12099278984084709,0.6,0.0,-0.4166666666666667,0.0,0.0,0.0,1.0,1.0,1.0,0
-0.19548872180451127,0.3179701409182776,0.3168073891067353,-0.2,0.0,0.5,0.0,0.0,1.0,1.0,0.0,1.0,1
0.15789473684210525,-0.7604224355583985,-0.8772128537156539,-0.6,0.0,0.0,0.0,0.0,1.0,1.0,1.0,1.0,0
-0.47368421052631576,0.13617401805227863,-0.7409469401126096,0.6,0.0,-0.08333333333333333,0.0,0.0,1.0,1.0,0.0,1.0,0
-0.5939849624060151,-0.7604224355583985,-0.3399235429014883,0.2,1.0,-0.5833333333333334,0.0,0.0,0.0,1.0,0.0,0.0,0
-0.3007518796992481,-0.25193152141964326,0.03045078155733452,-1.0,1.0,-0.3333333333333333,0.0,0.0,0.0,1.0,0.0,1.0,0
-0.015037593984962405,0.4976053839285304,-0.7397399191222346,-0.8,1.0,-0.5,0.0,0.0,0.0,0.0,0.0,1.0,0
-0.48120300751879697,0.019996561239417312,-0.6497604854454648,-0.2,1.0,-0.5,0.0,0.0,1.0,0.0,1.0,1.0,0
-0.2631578947368421,-0.7604224355583985,0.44821087553100714,-0.8,0.0,0.6666666666666666,0.0,1.0,0.0,1.0,0.0,1.0,0
-0.09022556390977443,0.2770222511471252,-0.3052318850708323,0.4,0.0,0.5,0.0,0.0,1.0,0.0,0.0,1.0,1
0.0,0.1211562948024611,0.1121711825399492,0.2,1.0,-0.08333333333333333,0.0,0.0,0.0,0.0,1.0,1.0,0
-0.9624060150375939,0.4856127357777106,-0.9888151245075782,-0.4,0.0,-0.6666666666666666,0.0,1.0,1.0,1.0,0.0,0.0,1
0.7593984962406015,0.07475441635696725,-0.08321249111873925,0.2,0.0,-0.5,0.0,0.0,0.0,0.0,0.0,1.0,0
0.5488721804511278,0.4982818537136833,-0.42728062663083977,-0.2,1.0,0.16666666666666666,0.0,0.0,1.0,1.0,0.0,1.0,0
-0.9624060150375939,0.2383818331900255,0.8196146788123433,0.8,1.0,0.0,1.0,0.0,0.0,1.0,0.0,1.0,0
0.09774436090225563,-0.7604224355583985,-0.4711314978536129,-0.6,0.0,1.1666666666666667,0.0,0.0,1.0,0.0,0.0,2.0,0
-0.48872180451127817,-0.2039310776479426,-0.42402149619650154,0.2,0.0,0.8333333333333334,0.0,0.0,1.0,1.0,0.0,1.0,0
-1.4736842105263157,0.5350917134057483,0.42224914087656734,-0.8,1.0,2.1666666666666665,0.0,0.0,0.0,0.0,0.0,3.0,1
0.3684210526315789,0.06685968332924676,-0.25300045113802155,-0.4,0.0,-0.25,0.0,0.0,0.0,0.0,1.0,1.0,0
0.8796992481203008,-0.7604224355583985,-0.8016579801409838,0.6,0.0,0.16666666666666666,0.0,0.0,0.0,0.0,1.0,1.0,0
0.924812030075188,0.09122873559656641,0.6298585910362927,-0.6,1.0,-0.4166666666666667,0.0,0.0,0.0,1.0,1.0,1.0,0
-0.20300751879699247,0.19819409049503142,-0.28854782746570695,-0.2,0.0,0.5,0.0,0.0,1.0,1.0,0.0,1.0,0
-1.631578947368421,-0.7604224355583985,0.5873458787436566,-0.4,0.0,1.4166666666666667,0.0,0.0,1.0,1.0,0.0,2.0,1
-0.05263157894736842,0.4572671317990589,-0.9812114748763653,0.2,0.0,0.6666666666666666,0.0,0.0,1.0,0.0,1.0,1.0,0
0.43609022556390975,-0.7604224355583985,-0.5214849915157689,0.2,0.0,-0.75,0.0,1.0,0.0,1.0,0.0,0.0,0
-1.3157894736842106,0.37486670297644736,-0.38975023614156007,0.8,0.0,0.8333333333333334,0.0,0.0,1.0,1.0,0.0,1.0,1
0.14285714285714285,0.1461899860768979,-0.16595235415216278,0.6,1.0,0.9166666666666666,0.0,0.0,0.0,0.0,0.0,1.0,0
0.7293233082706767,0.6895428340566105,0.35855882674983997,1.0,1.0,0.0,0.0,0.0,1.0,1.0,1.0,1.0,0
0.9022556390977443,-0.7604224355583985,-0.7563544725971664,0.8,0.0,-0.16666666666666666,0.0,0.0,0.0,0.0,1.0,1.0,0
0.3007518796992481,-0.7604224355583985,0.4030554731116756,-0.2,1.0,-0.6666666666666666,0.0,1.0,0.0,0.0,0.0,0.0,0
-0.9924812030075187,-0.18460695119322215,0.10404349220946864,-0.8,0.0,0.16666666666666666,0.0,0.0,0.0,0.0,1.0,1.0,1
-0.12781954887218044,-0.7604224355583985,0.37925041073235766,-0.6,1.0,0.9166666666666666,0.0,1.0,0.0,1.0,1.0,1.0,0
1.2105263157894737,0.20241391747656245,-0.745848412258638,-0.8,0.0,-0.4166666666666667,0.0,0.0,1.0,1.0,1.0,1.0,0
-0.6090225563909775,-0.7604224355583985,-0.22412342706978905,0.8,1.0,-0.3333333333333333,0.0,0.0,0.0,0.0,1.0,1.0,0
-0.8721804511278195,0.19168379354602852,-0.22761089901420412,-0.2,0.0,-0.16666666666666666,1.0,0.0,0.0,0.0,0.0,1.0,0
0.45112781954887216,-0.14992467280945218,0.2361161603107653,0.4,0.0,-0.6666666666666666,0.0,1.0,0.0,1.0,0.0,0.0,0
0.20300751879699247,-0.7604224355583985,-0.3049847365608208,-0.8,1.0,-0.3333333333333333,0.0,0.0,0.0,0.0,0.0,1.0,0
0.6015037593984962,-0.27613439434780274,0.04881499929793164,1.0,0.0,3.5,0.0,0.0,1.0,1.0,1.0,3.0,0
0.3383458646616541,0.26074098513321714,0.1789134434658644,0.4,1.0,0.25,0.0,1.0,0.0,0.0,1.0,1.0,0
-1.1804511278195489,-0.7604224355583985,0.3164235832113285,0.4,1.0,0.4166666666666667,0.0,1.0,0.0,0.0,0.0,1.0,0
0.9097744360902256,-0.11917146632582536,-0.6494392332672322,0.6,1.0,0.5,1.0,0.0,1.0,1.0,1.0,1.0,0
-0.9473684210526315,0.13773442716058312,0.10903399096931819,0.6,1.0,-0.3333333333333333,0.0,1.0,0.0,1.0,0.0,1.0,1
-0.6165413533834586,-0.7604224355583985,1.0158237140170796,-0.6,0.0,-1.1666666666666667,0.0,0.0,1.0,0.0,0.0,0.0,0
-0.924812030075188,-0.010045780018278183,0.13629514622250802,0.0,0.0,-0.16666666666666666,0.0,1.0,1.0,1.0,1.0,1.0,0
-0.20300751879699247,0.023443626871520358,-0.06150083181367585,0.2,0.0,0.4166666666666667,1.0,0.0,1.0,1.0,0.0,1.0,0
1.4887218045112782,0.1894687741696037,-0.6993789729308245,-0.4,0.0,-0.5,0.0,1.0,0.0,1.0,1.0,1.0,0
-0.42857142857142855,0.3549662374274968,-0.5215420257873101,0.0,1.0,0.75,1.0,0.0,1.0,1.0,0.0,1.0,1
-0.45112781954887216,-0.7604224355583985,0.8598305862379524,-0.2,1.0,-0.8333333333333334,0.0,0.0,0.0,1.0,1.0,0.0,0
-1.6766917293233083,0.1586757661280829,-0.7709485001225906,0.2,1.0,-0.8333333333333334,0.0,0.0,0.0,1.0,1.0,0.0,0
0.8796992481203008,0.28845086107889084,-0.4996010028526081,0.8,0.0,0.25,0.0,0.0,0.0,1.0,1.0,1.0,0
-0.11278195488721804,0.22452666016861833,0.7729833357459616,1.0,0.0,-1.3333333333333333,0.0,0.0,0.0,0.0,0.0,0.0,0
0.3609022556390977,-0.7604224355583985,0.8443568204057994,-0.6,1.0,3.75,0.0,0.0,0.0,0.0,1.0,3.0,0
-0.3684210526315789,-0.7604224355583985,-0.4076565443185294,-0.6,1.0,0.75,0.0,0.0,1.0,1.0,1.0,1.0,0
0.631578947368421,-0.7604224355583985,-0.48797960564838616,-0.2,1.0,-0.6666666666666666,0.0,0.0,1.0,0.0,0.0,0.0,0
-0.045112781954887216,0.44960650714729805,0.7366632370296542,-1.0,0.0,0.16666666666666666,1.0,0.0,1.0,1.0,0.0,1.0,0
1.3233082706766917,-0.7604224355583985,0.7352293054965885,0.4,1.0,0.3333333333333333,0.0,0.0,0.0,1.0,0.0,1.0,0
-0.03759398496240601,0.12233145930414101,0.23649138040185394,0.2,0.0,-0.16666666666666666,0.0,0.0,0.0,0.0,1.0,1.0,0
0.2631578947368421,-0.7604224355583985,-0.7420454120055355,0.4,1.0,0.16666666666666666,0.0,0.0,1.0,1.0,0.0,1.0,0
0.007518796992481203,-0.7604224355583985,-0.590530905509774,-0.6,1.0,-0.6666666666666666,0.0,0.0,1.0,1.0,1.0,0.0,0
-0.06015037593984962,-0.08656717400202982,-0.2608856947084744,0.0,0.0,-0.5,0.0,1.0,0.0,1.0,1.0,1.0,0
-0.5263157894736842,0.30496662721637585,-0.23369731436807534,0.8,3.0,0.08333333333333333,0.0,0.0,0.0,1.0,1.0,1.0,1
0.45112781954887216,0.2951806150429752,0.33991301507000327,0.2,1.0,1.3333333333333333,1.0,0.0,1.0,1.0,1.0,2.0,0
0.17293233082706766,-0.7604224355583985,0.11066386282235571,0.2,0.0,1.4166666666666667,0.0,0.0,1.0,1.0,0.0,2.0,1
-0.38345864661654133,0.35103700882830674,0.12063750108121081,-0.4,1.0,0.5,1.0,0.0,1.0,1.0,1.0,1.0,0
-0.09774436090225563,0.0466961200806733,0.4052415824301736,-0.8,1.0,-0.16666666666666666,0.0,0.0,0.0,1.0,1.0,1.0,0
0.18796992481203006,0.17948547789624786,0.6018130612314778,-1.0,0.0,1.5833333333333333,0.0,0.0,0.0,0.0,0.0,2.0,1
0.5789473684210527,-0.7604224355583985,-0.9224261081021758,0.0,1.0,0.5833333333333334,0.0,0.0,1.0,0.0,1.0,1.0,0
0.09774436090225563,0.443118931560085,-0.6554371330670629,0.0,1.0,-1.0,1.0,0.0,1.0,1.0,0.0,0.0,0
0.7819548872180451,0.1478435527685411,-0.0605375863387588,-0.4,0.0,1.9166666666666667,1.0,0.0,0.0,1.0,0.0,2.0,1
0.518796992481203,0.32490023461373047,-0.4072378841460697,0.4,0.0,0.6666666666666666,1.0,0.0,0.0,0.0,0.0,1.0,1
0.2631578947368421,-0.7604224355583985,-0.680095971916243,0.2,1.0,-0.9166666666666666,0.0,0.0,0.0,1.0,1.0,0.0,0
1.481203007518797,0.14424253032293047,0.038100119932954056,0.8,0.0,0.3333333333333333,0.0,0.0,0.0,1.0,0.0,1.0,0
0.6691729323308271,0.060557012617289664,0.36506860402615465,-0.2,0.0,0.25,0.0,1.0,1.0,1.0,0.0,1.0,1
-0.18045112781954886,0.2765436139085918,-0.2583694407715572,0.8,1.0,-0.5833333333333334,1.0,0.0,0.0,1.0,1.0,0.0,0
-1.3157894736842106,0.2512316251269899,-0.7458523985249282,-0.6,0.0,0.9166666666666666,0.0,1.0,0.0,0.0,1.0,1.0,0
0.8270676691729323,-0.1236513353755659,-0.8251292182714606,-0.6,0.0,0.16666666666666666,0.0,1.0,1.0,1.0,1.0,1.0,0
0.6917293233082706,0.19150946585643333,0.06760840504247355,-0.8,1.0,1.0833333333333333,1.0,0.0,0.0,0.0,1.0,1.0,1
0.8120300751879699,0.051335352061037114,-0.13402338328474225,0.0,1.0,-0.6666666666666666,1.0,0.0,1.0,0.0,1.0,0.0,0
-0.9849624060150376,-0.7604224355583985,0.13944255898875574,-0.6,1.0,0.3333333333333333,0.0,0.0,0.0,1.0,1.0,1.0,0
0.3157894736842105,0.07825233082976574,0.029000189475413697,-1.0,0.0,0.16666666666666666,0.0,1.0,1.0,1.0,1.0,1.0,0
-0.6842105263157895,0.18187263117561228,0.7606966409190493,0.8,0.0,-0.6666666666666666,0.0,0.0,1.0,1.0,1.0,0.0,0
0.49624060150375937,-0.11543442910756876,-0.9025575347907143,1.0,0.0,1.0,0.0,1.0,0.0,0.0,1.0,1.0,0
-1.2105263157894737,0.4049947586127575,-0.8343419907286092,0.2,1.0,2.75,1.0,0.0,1.0,1.0,1.0,3.0,0
-0.5263157894736842,0.19852872130953078,-0.7904358228375499,-0.6,0.0,-0.3333333333333333,1.0,0.0,1.0,1.0,1.0,1.0,0
0.6015037593984962,0.31651863764751786,0.1173934980163854,0.8,0.0,2.6666666666666665,0.0,1.0,0.0,0.0,1.0,3.0,1
-1.1278195488721805,-0.7604224355583985,-0.33917064963236293,-0.2,1.0,-0.5833333333333334,0.0,0.0,1.0,1.0,1.0,0.0,0
0.15789473684210525,-0.7604224355583985,-0.27161406605166594,-1.0,0.0,-0.4166666666666667,0.0,1.0,0.0,1.0,1.0,1.0,0
-0.6616541353383458,-0.7604224355583985,-0.14300801865572635,-0.2,0.0,0.25,0.0,0.0,1.0,1.0,0.0,1.0,1
0.3233082706766917,-0.7604224355583985,0.9024043190684199,-0.8,2.0,1.5833333333333333,0.0,1.0,1.0,1.0,0.0,2.0,1
-0.6390977443609023,0.22582295303349564,0.08580519959886922,-0.8,1.0,0.08333333333333333,0.0,0.0,0.0,1.0,1.0,1.0,0
-0.37593984962406013,0.456124952446736,0.8176892099820708,0.4,0.0,-0.5,0.0,0.0,1.0,1.0,1.0,1.0,0
-0.7669172932330827,-0.7604224355583985,-0.02442518231738273,-0.6,1.0,0.8333333333333334,0.0,0.0,1.0,1.0,1.0,1.0,0
0.24060150375939848,0.13303941031954888,-0.02618414787105911,-0.6,0.0,-0.9166666666666666,1.0,0.0,0.0,0.0,0.0,0.0,0
0.5714285714285714,0.13930768559072731,-0.631510949519687,1.0,0.0,-0.5833333333333334,0.0,0.0,1.0,0.0,1.0,0.0,0
1.0827067669172932,-0.7604224355583985,-0.45561919811398516,0.0,1.0,2.5,0.0,1.0,1.0,0.0,1.0,3.0,0
-0.2706766917293233,0.2762335064949208,-0.8584179147917695,0.2,0.0,-0.08333333333333333,0.0,1.0,0.0,0.0,0.0,1.0,0
0.47368421052631576,-0.44569334020040796,1.0263156691056572,-0.2,1.0,-0.16666666666666666,0.0,1.0,0.0,1.0,1.0,1.0,0
-0.3233082706766917,-0.06215346250636444,1.0201779433497902,-0.2,0.0,0.6666666666666666,0.0,1.0,0.0,1.0,1.0,1.0,0
0.9774436090225563,0.40538063001556934,0.9836315473625292,-0.8,1.0,-0.08333333333333333,0.0,0.0,1.0,1.0,1.0,1.0,0
-0.11278195488721804,0.13208464302723125,-0.34885390372374775,0.8,0.0,-0.3333333333333333,0.0,0.0,0.0,0.0,1.0,1.0,0
-0.09022556390977443,-0.06274233752434079,0.1721178815601071,0.2,0.0,0.8333333333333334,0.0,1.0,1.0,1.0,0.0,1.0,0
-0.518796992481203,0.22213214203405313,0.11588260088032601,-0.8,0.0,-0.8333333333333334,0.0,0.0,0.0,1.0,1.0,0.0,0
0.0,0.5443155677486566,0.4759066360218189,-0.6,1.0,-0.8333333333333334,1.0,0.0,1.0,0.0,1.0,0.0,0
0.6015037593984962,-0.7604224355583985,-0.3947088447710856,0.4,1.0,-0.08333333333333333,0.0,0.0,1.0,1.0,1.0,1.0,0
-0.556390977443609,0.1261058692450659,0.7897473231008093,-0.2,1.0,0.08333333333333333,1.0,0.0,0.0,1.0,0.0,1.0,1
-0.3233082706766917,0.12741164240227631,0.09006181651344031,0.2,0.0,2.8333333333333335,1.0,0.0,0.0,1.0,0.0,3.0,1
-0.45864661654135336,0.21783161504340623,-0.5004424116757742,0.6,1.0,-0.5833333333333334,0.0,1.0,1.0,0.0,0.0,0.0,0
-0.5112781954887218,-0.7604224355583985,0.542958190327095,-0.8,0.0,1.0833333333333333,0.0,1.0,0.0,0.0,1.0,1.0,1
-0.7744360902255639,-0.03273298141600234,-0.9896907743360601,0.0,0.0,1.4166666666666667,1.0,0.0,1.0,1.0,0.0,2.0,1
-0.08270676691729323,-0.7604224355583985,0.28159117951703067,0.4,0.0,0.25,0.0,0.0,0.0,1.0,0.0,1.0,0
-0.03759398496240601,0.4116395816934614,0.02941915628374193,0.2,1.0,-0.75,0.0,1.0,1.0,1.0,0.0,0.0,0
-0.6240601503759399,-0.7604224355583985,0.35720870902083124,-0.2,1.0,0.5833333333333334,0.0,0.0,0.0,0.0,0.0,1.0,0
-0.8646616541353384,-0.7604224355583985,-0.7560037833755577,1.0,1.0,0.8333333333333334,0.0,0.0,1.0,0.0,1.0,1.0,0
-0.39097744360902253,0.2896340172319591,0.9742627994602698,0.0,0.0,0.5,0.0,0.0,0.0,1.0,0.0,1.0,0
0.05263157894736842,0.058346615862746344,-0.8053714427204839,-0.8,0.0,0.16666666666666666,1.0,0.0,0.0,1.0,0.0,1.0,0
-0.16541353383458646,0.07742425471680779,0.3968692988885857,0.8,1.0,-0.25,1.0,0.0,0.0,1.0,0.0,1.0,0
-0.5488721804511278,-0.050987245128510716,-0.8243068208721416,-0.6,1.0,-0.5,1.0,0.0,1.0,1.0,1.0,1.0,0
1.0676691729323309,0.6251529235791676,0.6856308515546377,0.4,2.0,0.3333333333333333,0.0,0.0,0.0,1.0,0.0,1.0,1
0.5037593984962406,0.3147448827869584,0.5074868596947978,0.0,2.0,0.4166666666666667,1.0,0.0,0.0,1.0,0.0,1.0,1
0.46616541353383456,0.2276691028536894,0.13625303489656732,0.4,0.0,1.4166666666666667,0.0,0.0,1.0,1.0,0.0,2.0,0
-0.12781954887218044,0.012757848771238527,-0.855654614556797,0.0,1.0,-0.25,0.0,1.0,0.0,1.0,0.0,1.0,0
0.42105263157894735,0.171896464708887,0.8386780263331218,-1.0,0.0,0.5,1.0,0.0,0.0,1.0,0.0,1.0,1
-1.2781954887218046,-0.21722934225692622,0.03264220589755324,-0.6,0.0,0.9166666666666666,1.0,0.0,0.0,0.0,0.0,1.0,1
-0.3533834586466165,0.3571829021439133,0.9185106746972898,0.4,0.0,0.8333333333333334,0.0,1.0,1.0,1.0,0.0,1.0,0
-1.1278195488721805,0.4905123232243774,0.14805023666539635,0.6,2.0,0.4166666666666667,0.0,0.0,0.0,1.0,0.0,1.0,1
0.41353383458646614,-0.7604224355583985,-0.5968577233845498,0.0,1.0,0.25,0.0,0.0,0.0,1.0,0.0,1.0,0
0.7293233082706767,-0.7604224355583985,-0.19739469389627262,0.4,1.0,-0.08333333333333333,0.0,1.0,1.0,0.0,0.0,1.0,0
-1.0225563909774436,-0.7604224355583985,0.44190010493334975,0.8,0.0,-0.8333333333333334,0.0,0.0,1.0,1.0,0.0,0.0,1
-1.0225563909774436,0.2370100897341009,0.21045871064983426,0.4,0.0,-0.3333333333333333,0.0,0.0,0.0,1.0,1.0,1.0,0
0.3007518796992481,0.42208333811591875,0.20820831001090734,0.4,1.0,1.3333333333333333,1.0,0.0,1.0,0.0,0.0,2.0,0
1.4887218045112782,0.5123056349094763,0.8598053398847791,-0.4,0.0,-0.16666666666666666,0.0,0.0,1.0,1.0,0.0,1.0,0
0.5864661654135338,0.40502116240214786,-0.07784656784388866,0.6,1.0,-0.08333333333333333,0.0,0.0,0.0,1.0,0.0,1.0,0
-0.9172932330827067,-0.7604224355583985,-0.44516955877526065,0.2,1.0,0.5833333333333334,0.0,1.0,1.0,0.0,0.0,1.0,0
0.21052631578947367,-0.7604224355583985,0.8949833222028775,1.0,1.0,1.0,0.0,0.0,1.0,1.0,0.0,1.0,0
-0.518796992481203,-0.1897592942024213,-0.02713512791123616,1.0,1.0,-0.9166666666666666,1.0,0.0,0.0,1.0,0.0,0.0,0
1.4511278195488722,0.12339090155973918,0.8195856506167919,-0.6,0.0,0.08333333333333333,0.0,1.0,0.0,1.0,0.0,1.0,0
0.7443609022556391,0.3997364870479032,0.48003303490423327,0.4,0.0,1.1666666666666667,1.0,0.0,0.0,1.0,0.0,2.0,1
0.14285714285714285,0.5304451949197072,0.11551933958810887,0.0,0.0,-0.25,0.0,0.0,0.0,1.0,0.0,1.0,0
0.7218045112781954,0.05048800196531939,-0.6264954088305765,-0.4,1.0,0.25,1.0,0.0,0.0,0.0,0.0,1.0,0
0.6766917293233082,-0.7604224355583985,-0.8819387257209874,-0.2,0.0,1.9166666666666667,0.0,0.0,0.0,1.0,1.0,2.0,1
-2.2706766917293235,0.0993319567060904,0.24689471772443483,-1.0,1.0,0.16666666666666666,1.0,0.0,1.0,0.0,0.0,1.0,1
-0.06766917293233082,-0.7604224355583985,0.4734198191282777,-0.8,1.0,0.5,0.0,1.0,1.0,1.0,1.0,1.0,0
-0.3458646616541353,-0.7604224355583985,0.718499150299232,0.6,1.0,2.8333333333333335,0.0,0.0,0.0,1.0,1.0,3.0,0
-0.45112781954887216,-0.7604224355583985,0.8277048573549107,0.6,1.0,0.08333333333333333,0.0,1.0,1.0,1.0,0.0,1.0,0
0.08270676691729323,0.3500009147306859,-0.4210080833047886,-0.6,0.0,0.75,1.0,0.0,0.0,1.0,1.0,1.0,0
-0.3383458646616541,0.5286113459746894,-0.6506831527737835,-0.6,1.0,2.0,1.0,0.0,1.0,1.0,1.0,3.0,0
-0.39849624060150374,0.24997466372286617,-0.6043650893530534,-0.4,1.0,-0.08333333333333333,1.0,0.0,1.0,1.0,1.0,1.0,0
-0.3458646616541353,-0.7604224355583985,-0.49967837730342646,-0.4,1.0,0.16666666666666666,0.0,0.0,0.0,1.0,0.0,1.0,1
-0.8872180451127819,-0.7604224355583985,-0.1924423201960733,0.4,1.0,1.3333333333333333,0.0,0.0,0.0,1.0,1.0,2.0,0
-0.3157894736842105,-0.040407552282930796,-0.46049205091228657,0.0,0.0,0.75,0.0,1.0,1.0,1.0,0.0,1.0,0
-1.3082706766917294,-0.03589266099622439,0.809305376489436,-0.8,0.0,-0.16666666666666666,0.0,0.0,1.0,1.0,0.0,1.0,0
-0.9323308270676691,-0.22656155399071543,0.7242969190888879,-1.0,0.0,-0.4166666666666667,0.0,1.0,0.0,1.0,1.0,1.0,0
-0.9097744360902256,-0.7604224355583985,0.0005749422534388895,-0.8,1.0,2.75,0.0,1.0,1.0,0.0,0.0,3.0,0
0.21052631578947367,-0.7604224355583985,-0.34484719504200473,0.6,1.0,1.75,0.0,1.0,0.0,1.0,1.0,2.0,0
0.42105263157894735,0.7469481195703045,-1.0080509035984104,0.6,1.0,0.4166666666666667,1.0,0.0,0.0,1.0,0.0,1.0,0
-0.8045112781954887,-0.7604224355583985,-0.6181452030715205,0.0,1.0,0.8333333333333334,0.0,1.0,0.0,1.0,1.0,1.0,0
-0.045112781954887216,0.2681744745166019,0.31740604453400484,-0.4,0.0,-0.25,0.0,0.0,0.0,0.0,0.0,1.0,0
1.1203007518796992,-0.17146483718440184,-0.6290986451421917,-0.2,0.0,-0.4166666666666667,0.0,0.0,0.0,1.0,1.0,1.0,0
0.40601503759398494,-0.7604224355583985,-0.6897689026000551,-0.8,1.0,0.5,0.0,1.0,0.0,1.0,0.0,1.0,0
1.1278195488721805,-0.7604224355583985,-0.17926801674180745,-0.2,1.0,0.25,0.0,1.0,1.0,1.0,1.0,1.0,0
-1.0751879699248121,-0.7604224355583985,-0.8594597612609789,-0.4,1.0,-0.5,0.0,0.0,1.0,1.0,0.0,1.0,0
0.8421052631578947,-0.7604224355583985,-0.3432140524063698,0.0,1.0,-0.6666666666666666,0.0,1.0,1.0,1.0,0.0,0.0,0
0.6090225563909775,-0.7604224355583985,0.09894730628694237,0.0,1.0,-0.08333333333333333,0.0,0.0,1.0,1.0,1.0,1.0,0
-0.43609022556390975,0.2792344499407071,0.6975211684155347,-0.8,0.0,-1.5833333333333333,1.0,0.0,1.0,1.0,0.0,0.0,0
0.9097744360902256,-0.7604224355583985,-0.7275451128439163,0.0,0.0,0.3333333333333333,0.0,1.0,0.0,1.0,0.0,1.0,1
1.1578947368421053,0.5564671870824827,-0.14737512669491384,0.6,0.0,-0.5833333333333334,1.0,0.0,1.0,1.0,0.0,0.0,1
-0.23308270676691728,0.6038523520468166,0.7465953772343056,0.6,2.0,0.25,1.0,0.0,1.0,1.0,0.0,1.0,1
0.46616541353383456,-0.7604224355583985,0.3033972826695923,-0.4,2.0,-0.8333333333333334,0.0,1.0,1.0,1.0,1.0,0.0,0
0.42105263157894735,0.42807276743326844,0.7498634001088305,-0.4,1.0,-0.4166666666666667,1.0,0.0,1.0,1.0,1.0,1.0,0
0.21804511278195488,0.29506081862167605,0.9298515000818336,0.4,1.0,2.3333333333333335,0.0,1.0,1.0,0.0,1.0,3.0,0
-0.20300751879699247,-0.7604224355583985,0.8606192536917364,-0.4,0.0,-0.75,0.0,0.0,0.0,0.0,0.0,0.0,0
-0.05263157894736842,0.33742025340664716,-0.9009395195245921,0.8,0.0,0.5,1.0,0.0,1.0,1.0,0.0,1.0,1
-0.5714285714285714,0.28646830473843427,0.36589764520262436,0.0,0.0,0.6666666666666666,0.0,1.0,1.0,0.0,0.0,1.0,0
-0.9022556390977443,-0.1594355998061477,-0.874496979828343,0.0,1.0,1.9166666666666667,0.0,0.0,1.0,0.0,1.0,2.0,0
0.849624060150376,0.31084675894856356,-0.5354754574400277,0.6,1.0,-0.25,1.0,0.0,0.0,0.0,0.0,1.0,0
0.43609022556390975,-0.7604224355583985,0.1312618206530245,-0.4,1.0,-0.5,0.0,0.0,0.0,1.0,1.0,1.0,0
-0.5939849624060151,0.29450837613208697,-0.2970836501371621,-1.0,0.0,-0.5,1.0,0.0,1.0,1.0,1.0,1.0,0
0.045112781954887216,0.04575576910066384,0.5746235565595611,0.2,0.0,0.08333333333333333,0.0,0.0,0.0,0.0,0.0,1.0,0
0.24812030075187969,-0.022066320599433434,-0.49861925701362486,0.2,1.0,1.0833333333333333,0.0,0.0,0.0,1.0,1.0,1.0,1
-0.48120300751879697,0.05720482825804056,-0.05057570245486284,-0.4,0.0,-0.16666666666666666,1.0,0.0,1.0,1.0,0.0,1.0,0
-0.3082706766917293,0.20229529629811432,0.513119453963288,-0.8,0.0,1.1666666666666667,0.0,1.0,1.0,1.0,1.0,2.0,0
-0.48120300751879697,-0.7604224355583985,0.4204911974424524,-1.0,1.0,-1.0833333333333333,0.0,0.0,0.0,1.0,1.0,0.0,0
1.3458646616541354,0.11004844781955034,-0.7288005823015145,-0.4,0.0,0.5833333333333334,1.0,0.0,1.0,1.0,1.0,1.0,1
-0.20300751879699247,-0.13778692134127019,-0.15169184423971113,-0.6,0.0,1.25,0.0,0.0,0.0,1.0,1.0,2.0,0
1.3984962406015038,-0.7604224355583985,-0.9324181445131412,-0.6,1.0,-0.5,0.0,0.0,1.0,1.0,0.0,1.0,0
-0.14285714285714285,0.2435281432859218,0.492542960643414,-0.6,1.0,1.75,1.0,0.0,1.0,1.0,0.0,2.0,1
-0.06766917293233082,-0.7604224355583985,0.4395914434794074,0.2,1.0,0.0,0.0,0.0,1.0,0.0,0.0,1.0,0
0.14285714285714285,0.06902166007832056,0.4714056303200525,0.2,1.0,-0.5,1.0,0.0,0.0,1.0,0.0,1.0,0
1.1954887218045114,0.03494188952960079,0.22811725704505492,-0.8,0.0,0.25,0.0,0.0,1.0,1.0,1.0,1.0,0
0.7518796992481203,0.14890275997556904,0.5843604719279336,0.0,0.0,0.9166666666666666,0.0,1.0,1.0,1.0,0.0,1.0,1
1.4887218045112782,-0.7604224355583985,0.3009673978356363,-0.4,1.0,0.3333333333333333,0.0,0.0,1.0,1.0,0.0,1.0,0
-0.10526315789473684,0.06420441798076112,-0.7763596010820671,-0.8,1.0,-0.9166666666666666,1.0,0.0,0.0,1.0,1.0,0.0,0
-0.015037593984962405,0.4978635456081782,-0.7262713474461642,0.4,1.0,-1.0,0.0,1.0,1.0,1.0,1.0,0.0,0
-0.8796992481203008,0.2383399945445227,-0.3952656955082829,0.6,0.0,0.08333333333333333,1.0,0.0,1.0,0.0,0.0,1.0,1
-0.3157894736842105,0.0474251623960365,0.2677940986138399,-1.0,0.0,-0.25,0.0,0.0,1.0,0.0,0.0,1.0,0
-0.9699248120300752,0.3269338748434528,0.885891364277918,0.6,0.0,-0.16666666666666666,1.0,0.0,1.0,1.0,1.0,1.0,0
1.413533834586466,-0.016345081700728428,-0.1529021360126836,-0.8,0.0,0.16666666666666666,0.0,0.0,0.0,1.0,0.0,1.0,0
1.1278195488721805,-0.7604224355583985,-0.5327786971885198,0.2,1.0,0.3333333333333333,0.0,1.0,1.0,1.0,0.0,1.0,0
0.6842105263157895,-0.15711386837883365,-0.19439201325995717,0.4,1.0,0.4166666666666667,0.0,0.0,1.0,1.0,1.0,1.0,0
0.15789473684210525,-0.7604224355583985,0.12811502115851378,-0.8,1.0,2.9166666666666665,0.0,0.0,1.0,0.0,1.0,3.0,0
1.300751879699248,-0.7604224355583985,-0.6900725743218271,0.8,1.0,-0.25,0.0,0.0,1.0,1.0,1.0,1.0,0
-0.21804511278195488,-0.7604224355583985,-0.3406506787576597,0.2,1.0,0.25,0.0,0.0,1.0,1.0,1.0,1.0,0
0.07518796992481203,0.7125262750023612,0.12261111174283786,-0.8,0.0,1.4166666666666667,0.0,1.0,0.0,0.0,0.0,2.0,1
-0.2706766917293233,0.20166238884797957,-0.3827316477474466,-0.2,0.0,0.6666666666666666,1.0,0.0,0.0,1.0,1.0,1.0,0
-0.37593984962406013,0.3490441103507595,-0.7059507928645323,0.4,0.0,-1.25,0.0,1.0,0.0,1.0,0.0,0.0,0
0.7443609022556391,0.5701989596045135,-0.7327429996628285,0.2,1.0,-0.08333333333333333,1.0,0.0,0.0,1.0,1.0,1.0,0
-0.15037593984962405,-0.19200447814536026,0.851240182381904,-0.6,1.0,-0.5833333333333334,1.0,0.0,1.0,0.0,1.0,0.0,0
-0.3383458646616541,-0.7604224355583985,-0.18711789497542644,-1.0,1.0,0.5833333333333334,0.0,0.0,1.0,1.0,1.0,1.0,0
0.06015037593984962,0.1323592581067958,0.9142350463588717,0.8,0.0,-0.16666666666666666,1.0,0.0,1.0,1.0,0.0,1.0,1
-0.8421052631578947,-0.7604224355583985,0.8870599535727745,-0.2,2.0,-1.25,0.0,0.0,1.0,1.0,1.0,0.0,1
0.3533834586466165,0.19574214215980407,0.02696770472703471,0.6,0.0,0.25,0.0,0.0,0.0,1.0,0.0,1.0,0
0.8120300751879699,0.34460803868460715,-0.8499901301579829,-0.8,1.0,-0.75,0.0,1.0,1.0,0.0,0.0,0.0,0
0.7218045112781954,-0.7604224355583985,0.2509465018788475,-0.4,1.0,0.16666666666666666,0.0,1.0,1.0,1.0,1.0,1.0,0
0.22556390977443608,-0.19337857208698733,-0.639345495959881,0.0,1.0,-0.08333333333333333,1.0,0.0,1.0,1.0,0.0,1.0,0
-0.39097744360902253,0.16976747310917037,-0.9529980108275683,0.6,0.0,1.75,1.0,0.0,0.0,0.0,0.0,2.0,1
-0.24812030075187969,-0.2715176486806587,0.33782533586529406,0.6,0.0,0.75,0.0,1.0,1.0,1.0,1.0,1.0,1
0.48872180451127817,-0.7604224355583985,0.7265398582550147,-0.2,1.0,1.8333333333333333,0.0,0.0,0.0,1.0,1.0,2.0,0
-1.1278195488721805,0.15865108602820754,0.9897324768141763,0.4,0.0,0.25,1.0,0.0,0.0,0.0,0.0,1.0,0
0.7969924812030075,0.348858578679316,0.580585579962777,-0.4,0.0,-0.5833333333333334,0.0,0.0,0.0,1.0,0.0,0.0,0
0.12030075187969924,-0.7604224355583985,0.3645404748486401,0.6,1.0,-1.0,0.0,1.0,1.0,1.0,1.0,0.0,0
0.6766917293233082,0.31184563702256296,-0.1526777807688971,0.0,0.0,-0.16666666666666666,1.0,0.0,1.0,0.0,0.0,1.0,0
-0.2857142857142857,-0.7604224355583985,0.9505057767003505,-0.8,1.0,1.0,0.0,0.0,1.0,1.0,0.0,1.0,0
-1.0977443609022557,-0.7604224355583985,-0.6917770609028665,-0.8,1.0,0.3333333333333333,0.0,0.0,0.0,1.0,0.0,1.0,0
0.03759398496240601,0.5853916373401135,-0.783980422321916,-0.6,0.0,-1.0,1.0,0.0,1.0,1.0,0.0,0.0,0
0.2857142857142857,-0.7604224355583985,-0.44507184414516515,1.0,1.0,-0.08333333333333333,0.0,1.0,1.0,1.0,0.0,1.0,0
-0.6165413533834586,-0.7604224355583985,-0.07490286350628154,-0.4,1.0,-0.08333333333333333,0.0,0.0,0.0,1.0,0.0,1.0,0
-1.4285714285714286,-0.21290742584638744,-0.3580067799745826,0.8,1.0,-1.0833333333333333,1.0,0.0,0.0,0.0,1.0,0.0,0
-0.42857142857142855,-0.07120189226634972,0.5812035534497622,-0.6,1.0,-0.25,1.0,0.0,1.0,0.0,1.0,1.0,0
-0.3533834586466165,-0.17962384315459637,-0.3807105085262021,-0.8,1.0,1.5833333333333333,1.0,0.0,0.0,1.0,1.0,2.0,1
0.6390977443609023,0.38569625245219324,1.0126062860608576,0.2,1.0,0.08333333333333333,0.0,1.0,1.0,1.0,0.0,1.0,0
-0.5714285714285714,-0.7604224355583985,0.9267058249188406,-0.4,1.0,-0.3333333333333333,0.0,1.0,1.0,0.0,1.0,1.0,0
-0.5112781954887218,0.31866470944333875,0.22134980342724353,0.8,1.0,2.0833333333333335,1.0,0.0,0.0,0.0,1.0,3.0,0
-0.8421052631578947,-0.7604224355583985,0.09170937103489481,-0.8,0.0,0.16666666666666666,0.0,1.0,1.0,0.0,1.0,1.0,0
-1.0977443609022557,-0.7604224355583985,-0.8936406659466688,-0.4,1.0,1.0833333333333333,0.0,1.0,1.0,1.0,0.0,1.0,0
-0.09774436090225563,-0.1214747072656138,0.19959777039949422,-0.2,1.0,0.08333333333333333,0.0,0.0,0.0,0.0,1.0,1.0,0
1.4887218045112782,0.03299584406705474,-0.6740363360948876,0.2,0.0,-0.25,0.0,0.0,0.0,1.0,0.0,1.0,0
0.3157894736842105,0.25601878100755837,0.8041721898387773,-0.2,1.0,-0.3333333333333333,0.0,0.0,0.0,1.0,0.0,1.0,0
-0.20300751879699247,0.0775827558026734,0.361289419158839,0.4,0.0,-0.4166666666666667,0.0,1.0,1.0,1.0,1.0,1.0,0
0.48872180451127817,-0.7604224355583985,0.6963303991261901,-0.2,0.0,-0.16666666666666666,0.0,0.0,1.0,1.0,1.0,1.0,0
0.41353383458646614,-0.06748640116703186,0.2090874350458989,0.6,0.0,0.9166666666666666,0.0,1.0,1.0,1.0,1.0,1.0,1
0.20300751879699247,-0.7604224355583985,0.6573286675278878,0.4,1.0,0.25,0.0,1.0,0.0,1.0,1.0,1.0,0
0.6842105263157895,-0.13841865354855376,0.959910809847049,0.2,0.0,-0.16666666666666666,0.0,1.0,1.0,1.0,1.0,1.0,0
1.0,0.23627321246639635,0.9456127881466839,0.2,0.0,-0.3333333333333333,1.0,0.0,0.0,0.0,0.0,1.0,0
0.21804511278195488,0.18407550637590786,0.7796254775055123,-1.0,1.0,0.3333333333333333,0.0,0.0,0.0,1.0,0.0,1.0,0
-0.45112781954887216,-0.10148641190091656,0.17312967771420343,-0.6,1.0,-0.5,0.0,0.0,0.0,0.0,1.0,1.0,0
1.0150375939849625,-0.7604224355583985,-0.5329233271064959,0.0,1.0,-1.0,0.0,0.0,1.0,1.0,0.0,0.0,0
0.6165413533834586,-0.7604224355583985,0.3205223848655778,-0.4,0.0,1.4166666666666667,0.0,0.0,0.0,1.0,0.0,2.0,1
-0.42105263157894735,0.42287129927288897,0.7244133385069619,-0.6,0.0,-0.8333333333333334,1.0,0.0,0.0,1.0,0.0,0.0,0
-0.9398496240601504,0.2692059459923416,-0.45483737886126435,1.0,0.0,0.75,0.0,1.0,0.0,1.0,0.0,1.0,0
0.09774436090225563,0.5984133281314472,0.1770295749017519,-0.8,0.0,0.25,0.0,1.0,0.0,0.0,1.0,1.0,0
-1.0075187969924813,0.34952102389977785,0.9539411205471205,0.6,0.0,-0.16666666666666666,1.0,0.0,0.0,0.0,1.0,1.0,0
1.0751879699248121,0.2648784667656403,0.15830863743413245,0.8,0.0,-0.3333333333333333,1.0,0.0,0.0,1.0,1.0,1.0,0
-1.1428571428571428,0.02600761502522912,0.1946510183568841,-0.8,0.0,1.5833333333333333,0.0,0.0,1.0,1.0,0.0,2.0,1
0.3233082706766917,-0.7604224355583985,0.4219074463071014,-1.0,1.0,0.4166666666666667,0.0,0.0,0.0,0.0,1.0,1.0,0
-0.6992481203007519,-0.21981338788862884,-0.33288052584985095,0.0,1.0,-0.25,0.0,0.0,0.0,1.0,1.0,1.0,0
0.3609022556390977,-0.009415693150986346,0.9555430885361244,-0.2,1.0,-0.16666666666666666,1.0,0.0,1.0,1.0,0.0,1.0,0
0.5939849624060151,0.4323986796695014,-0.10899218627924596,0.8,0.0,0.3333333333333333,0.0,0.0,0.0,1.0,1.0,1.0,0
0.5939849624060151,-0.7604224355583985,0.9207434948797562,0.0,1.0,-0.5833333333333334,0.0,0.0,0.0,1.0,0.0,0.0,0
-0.6541353383458647,0.334560104054435,0.6787134529971293,1.0,0.0,0.8333333333333334,1.0,0.0,0.0,1.0,0.0,1.0,1
0.15037593984962405,0.4398577109975191,0.6471659371501239,0.0,0.0,0.0,0.0,0.0,1.0,1.0,1.0,1.0,0
1.4887218045112782,-0.7604224355583985,-0.778954149377408,0.4,1.0,-0.6666666666666666,0.0,1.0,0.0,1.0,0.0,0.0,0
-0.13533834586466165,-0.7604224355583985,-0.7940435982543734,0.6,0.0,-0.9166666666666666,0.0,0.0,1.0,1.0,0.0,0.0,0
-0.2857142857142857,-0.7604224355583985,0.0980681812519508,0.2,1.0,0.5,0.0,0.0,0.0,1.0,1.0,1.0,0
-1.0977443609022557,-0.7604224355583985,0.4589177823634036,-0.4,0.0,0.25,0.0,0.0,0.0,1.0,1.0,1.0,0
0.7894736842105263,0.19216329262931947,0.28222867548764363,0.6,1.0,-0.9166666666666666,1.0,0.0,1.0,1.0,1.0,0.0,0
0.6842105263157895,0.38960158444674203,0.9184844062245551,-0.8,0.0,-0.16666666666666666,1.0,0.0,0.0,1.0,0.0,1.0,0
-1.4360902255639099,-0.7604224355583985,0.0398912822528231,0.6,0.0,-0.75,0.0,0.0,0.0,1.0,1.0,0.0,0
-1.300751879699248,0.16091687589580433,0.1416795698614248,0.0,1.0,-0.25,0.0,0.0,1.0,0.0,0.0,1.0,0
1.330827067669173,-0.7604224355583985,0.8075962903703688,0.4,1.0,1.0833333333333333,0.0,1.0,1.0,0.0,1.0,1.0,0
0.38345864661654133,-0.7604224355583985,0.09550695405432026,-0.6,1.0,-0.08333333333333333,0.0,0.0,1.0,1.0,0.0,1.0,0
0.5639097744360902,0.1721506305628406,0.3930724313528533,0.6,1.0,-0.5833333333333334,1.0,0.0,0.0,1.0,1.0,0.0,0
0.10526315789473684,-0.7604224355583985,-0.6447087617238713,-0.6,1.0,0.25,0.0,0.0,0.0,0.0,0.0,1.0,0
-0.022556390977443608,-0.07584441492669677,-1.0139383122736247,0.8,1.0,0.0,0.0,0.0,1.0,1.0,1.0,1.0,0
0.3684210526315789,-0.7604224355583985,-0.344267448826626,-0.6,1.0,-0.16666666666666666,0.0,0.0,0.0,1.0,1.0,1.0,0
0.7443609022556391,-0.7604224355583985,-0.18402588108942103,-0.2,1.0,0.4166666666666667,0.0,0.0,1.0,1.0,1.0,1.0,0
-0.49624060150375937,0.3435299492424365,-0.32869371970134187,0.2,0.0,1.25,0.0,0.0,0.0,1.0,1.0,2.0,0
0.6466165413533834,0.02750691150527101,0.3000219372410924,0.6,0.0,0.0,0.0,1.0,0.0,1.0,1.0,1.0,0
-0.40601503759398494,0.5807509950683284,0.393859872263163,-0.6,0.0,0.25,0.0,0.0,0.0,1.0,0.0,1.0,1
-1.4736842105263157,0.3952820032437486,0.3674751845341045,0.8,0.0,-0.4166666666666667,0.0,1.0,1.0,1.0,1.0,1.0,0
1.0225563909774436,-0.7604224355583985,-0.7550966522645765,0.2,0.0,0.3333333333333333,0.0,0.0,0.0,1.0,1.0,1.0,0
1.3609022556390977,-0.7604224355583985,-0.9989792858527284,-0.4,1.0,0.16666666666666666,0.0,0.0,0.0,1.0,0.0,1.0,0
-0.13533834586466165,-0.7604224355583985,-0.8169950885877415,-0.4,1.0,-0.16666666666666666,0.0,1.0,1.0,1.0,1.0,1.0,0
0.24812030075187969,-0.7604224355583985,0.04550118546704407,0.4,1.0,0.25,0.0,0.0,0.0,1.0,0.0,1.0,0
0.22556390977443608,-0.30654513506458886,-0.4733705529654053,0.8,1.0,-1.0833333333333333,1.0,0.0,1.0,0.0,0.0,0.0,0
-0.8421052631578947,-0.04062779279324632,-0.04114992028106247,-0.8,0.0,2.25,1.0,0.0,1.0,0.0,1.0,3.0,0
0.5789473684210527,0.1628282125194781,0.04670749097372603,0.0,0.0,0.75,1.0,0.0,1.0,1.0,0.0,1.0,1
1.4887218045112782,0.012492087187819743,0.20164313385435034,0.6,0.0,1.0,1.0,0.0,1.0,1.0,0.0,1.0,1
0.47368421052631576,-0.7604224355583985,-0.453851851179903,-0.2,1.0,0.6666666666666666,0.0,0.0,1.0,1.0,1.0,1.0,0
0.8345864661654135,-0.7604224355583985,-0.8455117132985296,0.6,1.0,-0.4166666666666667,0.0,1.0,0.0,1.0,0.0,1.0,0
-0.3609022556390977,0.393552594213441,-0.42560946114751075,0.4,0.0,-0.16666666666666666,0.0,1.0,0.0,1.0,1.0,1.0,0
0.6015037593984962,-0.7604224355583985,-0.34461180090695237,0.2,1.0,0.5,0.0,0.0,0.0,1.0,0.0,1.0,0
0.8571428571428571,-0.7604224355583985,0.4879373921104891,0.2,1.0,0.6666666666666666,0.0,0.0,0.0,0.0,0.0,1.0,0
0.022556390977443608,0.2654514368303637,-0.9220040749351627,0.2,0.0,-0.4166666666666667,1.0,0.0,0.0,1.0,0.0,1.0,1
-0.6691729323308271,-0.7604224355583985,-0.8496612120830378,0.4,1.0,-1.0833333333333333,0.0,1.0,1.0,0.0,0.0,0.0,0
0.3458646616541353,-0.7604224355583985,0.271015819472221,-1.0,1.0,0.75,0.0,0.0,0.0,1.0,1.0,1.0,0
1.0150375939849625,0.2754949838872247,-0.8022811664377334,-1.0,0.0,0.5,1.0,0.0,1.0,1.0,0.0,1.0,1
1.0902255639097744,-0.7604224355583985,-0.7635033812353926,0.8,1.0,-0.5,0.0,0.0,1.0,1.0,1.0,1.0,0
-1.330827067669173,-0.7604224355583985,0.2402600374376843,1.0,1.0,0.75,0.0,0.0,0.0,0.0,0.0,1.0,1
-0.45112781954887216,0.21575958354721117,-0.13662948153113005,0.4,0.0,-0.5,1.0,0.0,1.0,1.0,0.0,1.0,0
-0.631578947368421,-0.7604224355583985,-0.37896380840726573,0.4,1.0,0.5833333333333334,0.0,0.0,0.0,0.0,0.0,1.0,1
-0.8947368421052632,-0.20913544474068835,0.04847422463607119,-0.2,1.0,0.08333333333333333,1.0,0.0,1.0,1.0,1.0,1.0,0
-0.3007518796992481,0.1418771582110751,-0.018085587948086023,-0.6,0.0,0.5833333333333334,1.0,0.0,1.0,1.0,1.0,1.0,1
-0.5488721804511278,-0.7604224355583985,-0.04552418315718178,0.2,0.0,-0.3333333333333333,0.0,1.0,1.0,1.0,0.0,1.0,1
0.10526315789473684,-0.13684304463270713,-0.9750649588922679,-0.6,0.0,-0.5,0.0,0.0,0.0,0.0,0.0,1.0,0
-0.43609022556390975,0.43121458332215223,-0.16290551795078329,-1.0,1.0,0.25,1.0,0.0,1.0,1.0,1.0,1.0,0
-0.015037593984962405,-0.0818724705590893,-0.8462907728284338,-0.4,2.0,-1.0,0.0,1.0,0.0,1.0,0.0,0.0,1
0.5789473684210527,-0.7604224355583985,0.5358197073083978,0.8,1.0,-0.5833333333333334,0.0,0.0,1.0,1.0,0.0,0.0,0
-1.5037593984962405,0.4435219615085244,0.12696043490165226,0.4,0.0,-0.3333333333333333,1.0,0.0,1.0,1.0,0.0,1.0,0
0.09022556390977443,-0.20302222317634533,0.23494593562461025,0.2,1.0,-0.08333333333333333,1.0,0.0,1.0,1.0,0.0,1.0,0
-1.5714285714285714,0.3250943063832258,-0.2989772288371104,-0.4,0.0,1.4166666666666667,0.0,0.0,0.0,1.0,1.0,2.0,1
0.24060150375939848,-0.7604224355583985,0.17981147771274691,-0.2,0.0,-0.08333333333333333,0.0,1.0,0.0,1.0,0.0,1.0,0
-0.5413533834586466,0.2441631661731887,0.27093210788012023,-0.8,0.0,0.08333333333333333,1.0,0.0,0.0,1.0,0.0,1.0,1
-1.0150375939849625,-0.7604224355583985,0.7484717843256177,-0.2,0.0,0.6666666666666666,0.0,0.0,0.0,0.0,0.0,1.0,1
-1.255639097744361,0.1261589902219403,-0.4630757647402738,0.0,0.0,-1.3333333333333333,0.0,1.0,0.0,1.0,1.0,0.0,0
-1.1428571428571428,0.4997366476644262,0.98956198727129,0.8,1.0,0.5833333333333334,1.0,0.0,1.0,1.0,0.0,1.0,0
-0.5789473684210527,-0.7604224355583985,0.13349586737896482,0.4,1.0,-0.9166666666666666,0.0,1.0,0.0,1.0,0.0,0.0,0
-0.9473684210526315,0.20113431306017213,-0.5383971862070588,-0.4,0.0,-0.25,1.0,0.0,1.0,1.0,1.0,1.0,0
0.45112781954887216,0.38038924748377567,-0.05686470190585696,-0.2,0.0,-0.75,1.0,0.0,1.0,0.0,1.0,0.0,0
-0.18796992481203006,-0.02067146403410183,0.46866798528607795,-0.8,0.0,2.75,0.0,0.0,1.0,0.0,1.0,3.0,0
-1.5263157894736843,-0.7604224355583985,0.7798463575427891,0.4,1.0,-1.3333333333333333,0.0,0.0,0.0,0.0,0.0,0.0,0
-0.6390977443609023,-0.7604224355583985,-0.7232113259024392,0.4,1.0,0.0,0.0,0.0,0.0,1.0,1.0,1.0,0
-1.3609022556390977,-0.7604224355583985,-0.7879516634548691,0.0,1.0,-0.75,0.0,1.0,0.0,1.0,1.0,0.0,0
0.518796992481203,-0.7604224355583985,0.9862842542609291,-0.8,0.0,1.6666666666666667,0.0,1.0,1.0,1.0,1.0,2.0,0
1.0150375939849625,0.23139485774057442,-0.38108102686730716,-0.8,1.0,-0.3333333333333333,0.0,0.0,1.0,0.0,1.0,1.0,0
-1.631578947368421,0.42845049048564515,0.695190122543192,-0.4,0.0,0.5833333333333334,1.0,0.0,1.0,1.0,0.0,1.0,0
-0.09774436090225563,0.012384121544555867,1.0274734239331595,0.0,0.0,0.3333333333333333,1.0,0.0,0.0,1.0,0.0,1.0,0
-1.0150375939849625,-0.7604224355583985,-0.8890542110495472,-0.4,1.0,0.16666666666666666,0.0,1.0,1.0,0.0,1.0,1.0,0
0.3533834586466165,0.39239474495643545,-0.6721360114058325,0.2,0.0,-0.08333333333333333,1.0,0.0,1.0,1.0,1.0,1.0,0
-0.12781954887218044,0.3894878209387456,0.6634594428707354,-0.8,1.0,0.4166666666666667,0.0,0.0,1.0,0.0,1.0,1.0,0
0.13533834586466165,0.14813101716994548,-0.7151062244142714,-0.8,1.0,0.4166666666666667,0.0,0.0,0.0,0.0,1.0,1.0,0
0.2556390977443609,-0.7604224355583985,-0.24736039539673124,0.8,2.0,1.9166666666666667,0.0,0.0,1.0,1.0,1.0,2.0,1
0.5413533834586466,0.10184893514575102,-0.127726309089211,0.2,0.0,0.25,0.0,0.0,0.0,1.0,1.0,1.0,0
0.556390977443609,0.20414559864304888,0.3134517705857755,0.6,2.0,1.5833333333333333,0.0,1.0,0.0,0.0,1.0,2.0,1
0.10526315789473684,-0.253918622032458,0.29204552060573874,0.0,0.0,1.3333333333333333,0.0,0.0,1.0,1.0,0.0,2.0,1
-0.07518796992481203,0.49740864827523906,0.43723208489520665,-0.8,1.0,2.9166666666666665,0.0,0.0,1.0,1.0,1.0,3.0,0
-0.8195488721804511,-0.29495865084314477,-0.23174935890744627,1.0,0.0,-0.16666666666666666,0.0,1.0,1.0,1.0,0.0,1.0,0
-1.3909774436090225,-0.7604224355583985,-0.9406666493758109,0.0,1.0,0.16666666666666666,0.0,1.0,1.0,1.0,1.0,1.0,0
0.3082706766917293,0.4331663482999073,-0.9220045859949436,-0.2,0.0,0.5,0.0,0.0,0.0,1.0,0.0,1.0,0
-0.7518796992481203,-0.7604224355583985,-0.8919026538440066,1.0,1.0,-0.6666666666666666,0.0,0.0,1.0,1.0,0.0,0.0,0
0.10526315789473684,0.19790584259839297,-0.3155493643502329,-0.6,0.0,0.5833333333333334,1.0,0.0,0.0,0.0,0.0,1.0,1
-0.6842105263157895,-0.7604224355583985,0.7587546137518779,0.2,1.0,-0.3333333333333333,0.0,0.0,1.0,0.0,0.0,1.0,0
0.14285714285714285,0.1779680043267741,-0.3415339944828543,0.2,0.0,0.9166666666666666,0.0,0.0,0.0,0.0,1.0,1.0,0
-0.7368421052631579,-0.7604224355583985,0.36425060174095086,-0.2,1.0,-0.8333333333333334,0.0,1.0,0.0,1.0,1.0,0.0,0
0.17293233082706766,0.28323168592622006,-0.9319367261995949,-0.8,0.0,1.0833333333333333,0.0,1.0,0.0,0.0,1.0,1.0,0
0.06766917293233082,0.023918895080547044,-0.15840052598272658,0.8,0.0,-0.16666666666666666,0.0,0.0,1.0,1.0,0.0,1.0,0
-1.3834586466165413,-0.7604224355583985,0.7278930423427084,-0.4,1.0,-0.75,0.0,1.0,1.0,1.0,0.0,0.0,0
-0.24812030075187969,-0.7604224355583985,-0.39490918020517274,-1.0,2.0,1.5,0.0,0.0,0.0,0.0,0.0,2.0,1
-1.1879699248120301,-0.7604224355583985,-0.9530578048219259,0.4,1.0,0.08333333333333333,0.0,1.0,1.0,1.0,1.0,1.0,0
1.368421052631579,-0.7604224355583985,-0.33895283595377124,0.0,1.0,-0.3333333333333333,0.0,1.0,1.0,1.0,0.0,1.0,0
-0.20300751879699247,0.3074421587581507,-0.6191947154374424,0.4,0.0,1.1666666666666667,0.0,0.0,0.0,1.0,0.0,2.0,1
-0.03007518796992481,0.234114918144923,-0.42368082374659727,-0.4,1.0,0.16666666666666666,1.0,0.0,0.0,0.0,1.0,1.0,0
1.300751879699248,0.3839010298222183,0.3975816140111129,-0.4,0.0,-0.08333333333333333,0.0,0.0,0.0,1.0,1.0,1.0,0
1.150375939849624,-0.7604224355583985,-0.7923279705701117,0.0,1.0,0.0,0.0,1.0,1.0,1.0,0.0,1.0,0
0.03007518796992481,0.44259618353986974,0.8905496741802251,0.4,0.0,2.5833333333333335,1.0,0.0,1.0,1.0,1.0,3.0,0
-0.5939849624060151,-0.7604224355583985,0.593878653710109,-0.2,1.0,-0.8333333333333334,0.0,0.0,0.0,1.0,1.0,0.0,0
1.255639097744361,-0.7604224355583985,-0.7047334484665845,1.0,1.0,0.08333333333333333,0.0,0.0,0.0,1.0,0.0,1.0,0
0.15789473684210525,0.18949314087138533,0.17910386434020328,0.6,0.0,-0.4166666666666667,0.0,0.0,1.0,1.0,0.0,1.0,0
-0.3082706766917293,-0.06377474919436131,0.6335922915831137,-0.6,2.0,1.0,0.0,0.0,0.0,0.0,0.0,1.0,1
0.11278195488721804,-0.7604224355583985,0.09098908337978656,0.4,0.0,0.4166666666666667,0.0,0.0,1.0,0.0,1.0,1.0,1
-0.9924812030075187,0.06528665994767267,-0.7603330729909635,0.8,0.0,-0.16666666666666666,0.0,0.0,1.0,1.0,1.0,1.0,0
0.5864661654135338,0.05410218713086357,0.9628695393422126,-0.8,0.0,0.5,0.0,1.0,0.0,1.0,1.0,1.0,0
-0.2857142857142857,-0.17162310322169722,0.3303462826086486,0.6,3.0,0.0,0.0,0.0,0.0,0.0,1.0,1.0,1
0.06015037593984962,0.10039845041879586,0.5641585854274116,0.2,0.0,0.08333333333333333,0.0,1.0,1.0,1.0,1.0,1.0,0
-0.7218045112781954,0.22592535586059723,-0.25135933596980564,-0.2,0.0,0.5,1.0,0.0,0.0,1.0,1.0,1.0,0
0.6691729323308271,-0.14351701373612097,-0.8833972903354893,-0.8,0.0,1.0833333333333333,0.0,1.0,1.0,1.0,1.0,1.0,0
-0.16541353383458646,-0.7604224355583985,0.850050230788209,0.0,1.0,-0.9166666666666666,0.0,0.0,0.0,1.0,0.0,0.0,0
-1.0451127819548873,0.014478325955876867,-0.1859818090826311,-0.4,0.0,2.9166666666666665,0.0,1.0,1.0,1.0,1.0,3.0,0
-0.5864661654135338,0.29219220752093533,-0.3708551295006321,-0.4,0.0,-0.3333333333333333,0.0,0.0,0.0,1.0,0.0,1.0,0
0.2556390977443609,-0.7604224355583985,0.34383601215964554,1.0,0.0,0.3333333333333333,0.0,0.0,0.0,1.0,0.0,1.0,0
-0.9624060150375939,-0.7604224355583985,0.1039253351881397,1.0,1.0,-0.08333333333333333,0.0,0.0,0.0,1.0,0.0,1.0,0
-1.7293233082706767,-0.7604224355583985,0.032793377380724034,-0.6,1.0,-0.3333333333333333,0.0,0.0,0.0,1.0,0.0,1.0,0
-0.3157894736842105,0.15537842643522318,0.08715102442571895,0.0,0.0,0.75,0.0,1.0,0.0,0.0,0.0,1.0,0
-0.6766917293233082,0.23647535423680335,0.44840875787814644,-0.2,1.0,-0.5,1.0,0.0,1.0,0.0,1.0,1.0,0
1.255639097744361,0.19806066125665814,0.838756422903502,0.8,1.0,0.08333333333333333,0.0,0.0,1.0,1.0,1.0,1.0,0
-1.0526315789473684,0.37682309057608404,-0.3534246179796198,0.6,0.0,0.3333333333333333,0.0,0.0,0.0,1.0,0.0,1.0,1
0.2631578947368421,0.3577938717274921,0.5535677913772206,-0.6,0.0,-0.9166666666666666,1.0,0.0,1.0,1.0,1.0,0.0,0
-0.18796992481203006,-0.7604224355583985,0.2657926863001354,-0.6,1.0,-0.8333333333333334,0.0,0.0,0.0,1.0,0.0,0.0,0
0.045112781954887216,-0.7604224355583985,0.7614939963891072,-0.4,1.0,-1.0,0.0,0.0,1.0,0.0,1.0,0.0,0
0.41353383458646614,0.5142550494015291,-0.04634453631737737,0.8,1.0,-0.25,1.0,0.0,1.0,1.0,0.0,1.0,0
-0.8120300751879699,-0.7604224355583985,0.2682566077154952,0.8,0.0,1.3333333333333333,0.0,1.0,0.0,1.0,0.0,2.0,1
-1.7067669172932332,0.5462642770949987,0.7481909058700712,0.8,1.0,0.25,1.0,0.0,1.0,0.0,1.0,1.0,0
1.0902255639097744,-0.7604224355583985,0.6461981943491354,0.6,0.0,0.75,0.0,0.0,0.0,0.0,0.0,1.0,0
-0.022556390977443608,-0.016091542642962142,0.242815234129901,-0.2,0.0,0.25,1.0,0.0,1.0,0.0,1.0,1.0,0
-0.19548872180451127,0.0474300984160116,0.6851114103933974,-0.6,0.0,0.8333333333333334,1.0,0.0,0.0,0.0,1.0,1.0,1
0.5789473684210527,0.2378746767249696,0.8742215186064731,0.2,0.0,0.16666666666666666,1.0,0.0,1.0,1.0,1.0,1.0,1
0.7293233082706767,-0.2387492924548352,-0.21151558227660025,0.8,0.0,0.75,0.0,1.0,0.0,1.0,0.0,1.0,1
0.21052631578947367,0.36107162403949844,-0.5279401876074904,0.0,0.0,1.1666666666666667,1.0,0.0,0.0,0.0,0.0,2.0,1
0.045112781954887216,0.3799789310296589,-0.6946547363167899,0.0,0.0,-0.4166666666666667,0.0,1.0,0.0,1.0,1.0,1.0,0
-0.6390977443609023,0.0639936577627787,-0.05776079412557227,-0.6,1.0,0.25,1.0,0.0,0.0,1.0,0.0,1.0,0
0.2781954887218045,0.17046783949896419,-0.6983685055321585,-0.6,1.0,0.8333333333333334,1.0,0.0,1.0,0.0,0.0,1.0,0
-0.2932330827067669,0.3581364158438562,-0.6612836569598103,0.8,1.0,0.6666666666666666,1.0,0.0,0.0,1.0,0.0,1.0,0
-1.4360902255639099,0.7003676825609513,0.9947358542805027,-0.8,1.0,3.0833333333333335,1.0,0.0,0.0,1.0,1.0,3.0,0
0.08270676691729323,-0.7604224355583985,0.019666704698032035,-0.2,2.0,-0.5833333333333334,0.0,1.0,1.0,1.0,0.0,0.0,0
-0.5488721804511278,-0.7604224355583985,0.40477018088833183,0.8,0.0,-0.5,0.0,0.0,1.0,0.0,1.0,1.0,0
-0.2932330827067669,0.7113106037970764,0.4883414359732169,-0.8,1.0,0.6666666666666666,0.0,0.0,0.0,1.0,1.0,1.0,0
0.16541353383458646,-0.7604224355583985,0.5989923178771395,-0.4,0.0,0.0,0.0,0.0,1.0,1.0,0.0,1.0,0
-0.3007518796992481,0.34231051726002776,0.9606998861486576,0.6,0.0,2.0833333333333335,1.0,0.0,0.0,1.0,0.0,3.0,1
-0.2556390977443609,0.22429623422025902,-0.42606992601004273,-0.6,0.0,-1.3333333333333333,0.0,0.0,0.0,0.0,0.0,0.0,0
0.5037593984962406,-0.7604224355583985,0.47337177950887943,0.0,1.0,0.16666666666666666,0.0,1.0,1.0,1.0,0.0,1.0,0
0.518796992481203,0.16624738572124595,-0.9849149206841611,0.2,0.0,-0.16666666666666666,0.0,0.0,0.0,0.0,1.0,1.0,0
0.09022556390977443,0.23792113799235376,0.0963839326382324,0.0,1.0,1.0,1.0,0.0,0.0,1.0,0.0,1.0,1
0.9473684210526315,0.3341698450783121,-0.36908481841982116,0.4,0.0,0.3333333333333333,1.0,0.0,1.0,1.0,0.0,1.0,0
0.2631578947368421,-0.7604224355583985,0.7990631252097743,0.4,1.0,0.8333333333333334,0.0,0.0,0.0,1.0,1.0,1.0,0
-0.14285714285714285,0.32532441893349134,0.9599343185969672,-1.0,0.0,-0.6666666666666666,1.0,0.0,0.0,1.0,0.0,0.0,0
-0.5263157894736842,0.1900291299610575,-0.7226004050404295,0.6,1.0,-0.16666666666666666,1.0,0.0,1.0,1.0,1.0,1.0,0
-0.21052631578947367,-0.17529330829648204,-0.6972448894980154,0.8,1.0,-0.9166666666666666,0.0,0.0,1.0,0.0,0.0,0.0,0
1.2255639097744362,-0.7604224355583985,-0.6184385513857196,0.0,2.0,1.6666666666666667,0.0,1.0,0.0,0.0,0.0,2.0,1
0.7293233082706767,0.10160048880700669,0.37009262830762696,0.8,0.0,0.8333333333333334,1.0,0.0,1.0,0.0,1.0,1.0,1
1.0451127819548873,-0.7604224355583985,-0.02772478868636296,0.4,1.0,-0.25,0.0,0.0,1.0,1.0,0.0,1.0,0
0.007518796992481203,-0.7604224355583985,-0.9415392328456079,0.2,1.0,0.5,0.0,0.0,0.0,1.0,1.0,1.0,0
1.4887218045112782,0.012972683164438495,-0.16179917573723257,-1.0,0.0,1.5,1.0,0.0,1.0,1.0,1.0,2.0,1
-0.5639097744360902,0.6540255064522988,0.24538719358292896,-0.8,0.0,-0.9166666666666666,0.0,0.0,0.0,0.0,0.0,0.0,0
0.22556390977443608,-0.7604224355583985,0.5510232247284452,0.8,0.0,1.5,0.0,0.0,1.0,1.0,0.0,2.0,1
0.7969924812030075,0.4597911616958269,0.7370001276371803,-0.2,0.0,-0.9166666666666666,0.0,0.0,1.0,1.0,0.0,0.0,0
0.6917293233082706,-0.7604224355583985,0.9155043144305526,-0.4,1.0,0.5833333333333334,0.0,0.0,0.0,1.0,1.0,1.0,0
-0.11278195488721804,-0.7604224355583985,-0.08336141393887452,-0.8,1.0,-0.8333333333333334,0.0,0.0,1.0,1.0,0.0,0.0,0
0.10526315789473684,0.21209306090002678,-0.17950606838772015,-0.6,0.0,-0.3333333333333333,1.0,0.0,1.0,1.0,0.0,1.0,0
0.09774436090225563,-0.22908166641131256,-0.713494239653563,0.0,0.0,-0.25,0.0,0.0,0.0,1.0,1.0,1.0,0
-1.1353383458646618,0.22546685444958103,0.010087195742156538,-0.2,0.0,0.25,0.0,0.0,1.0,1.0,1.0,1.0,0
0.8195488721804511,0.18392538868904756,0.10167718321224832,-0.8,1.0,0.08333333333333333,1.0,0.0,0.0,1.0,0.0,1.0,0
1.2781954887218046,0.24472124982846347,-0.9229430961764682,0.2,2.0,0.08333333333333333,0.0,0.0,1.0,1.0,0.0,1.0,1
-0.8796992481203008,0.20268712226470548,-0.37876020219058126,0.0,0.0,-0.5833333333333334,0.0,1.0,0.0,0.0,0.0,0.0,1
0.2631578947368421,0.37134097442283714,0.38666670584791646,-1.0,0.0,0.08333333333333333,0.0,0.0,1.0,0.0,1.0,1.0,0
-0.2857142857142857,-0.4152548637523335,-0.26695575614935885,-0.8,0.0,-0.08333333333333333,0.0,1.0,0.0,1.0,1.0,1.0,0
0.5714285714285714,0.43192278466428724,0.6312269024934992,0.2,0.0,0.16666666666666666,1.0,0.0,1.0,0.0,0.0,1.0,0
-0.3609022556390977,-0.7604224355583985,0.3121273080577646,1.0,1.0,2.8333333333333335,0.0,1.0,0.0,1.0,1.0,3.0,0
-0.6842105263157895,0.034592450655176264,-0.10843462005835541,-0.2,0.0,0.0,0.0,1.0,1.0,0.0,1.0,1.0,0
-0.09022556390977443,-0.7604224355583985,0.32351065361607373,0.4,1.0,-0.75,0.0,0.0,1.0,1.0,1.0,0.0,0
-0.706766917293233,-0.7604224355583985,0.12511387370154092,-0.8,1.0,-0.16666666666666666,0.0,0.0,1.0,0.0,0.0,1.0,0
-0.48120300751879697,-0.7604224355583985,0.5727784263268357,-1.0,1.0,-0.16666666666666666,0.0,0.0,0.0,1.0,1.0,1.0,0
0.40601503759398494,0.12151599746445266,-0.5837586479300229,0.0,0.0,-0.6666666666666666,0.0,0.0,0.0,1.0,0.0,0.0,0
-0.7819548872180451,-0.7604224355583985,-0.842810864568775,0.6,0.0,0.5833333333333334,0.0,1.0,1.0,1.0,0.0,1.0,0
-0.3609022556390977,0.5404260623578373,-0.011793215502538531,1.0,0.0,0.4166666666666667,1.0,0.0,0.0,1.0,0.0,1.0,0
-0.7293233082706767,0.17834063466012898,-0.5717720474064165,-0.2,0.0,2.0833333333333335,1.0,0.0,1.0,0.0,1.0,3.0,1
0.6917293233082706,-0.014834659588361823,-0.8180755711763819,-0.2,0.0,0.16666666666666666,0.0,1.0,1.0,1.0,0.0,1.0,0
0.2857142857142857,-0.041486346870812124,0.3714178063193309,1.0,0.0,-0.08333333333333333,0.0,1.0,0.0,1.0,1.0,1.0,0
-0.20300751879699247,-0.7604224355583985,0.8690797461514964,-0.4,0.0,0.6666666666666666,0.0,0.0,0.0,1.0,1.0,1.0,1
-1.2857142857142858,-0.7604224355583985,0.4678141066042595,1.0,1.0,-0.75,0.0,0.0,0.0,1.0,0.0,0.0,0
-0.37593984962406013,-0.7604224355583985,0.5457769916542661,0.6,1.0,-0.16666666666666666,0.0,0.0,0.0,1.0,1.0,1.0,0
-0.38345864661654133,0.28661050912342984,0.0395437616018556,0.8,0.0,0.4166666666666667,1.0,0.0,0.0,0.0,1.0,1.0,0
-0.9548872180451128,0.12362148420714535,0.7740677023889363,-0.8,0.0,-0.3333333333333333,0.0,0.0,1.0,0.0,1.0,1.0,0
-0.5639097744360902,-0.06298937357166373,0.36571734331194605,-0.2,0.0,0.3333333333333333,0.0,1.0,1.0,0.0,1.0,1.0,0
0.8646616541353384,-0.7604224355583985,-0.763653019539221,0.4,1.0,0.0,0.0,1.0,1.0,1.0,1.0,1.0,0
0.6917293233082706,-0.7604224355583985,-0.17400532754268536,-0.8,0.0,-0.6666666666666666,0.0,0.0,1.0,0.0,0.0,0.0,0
-0.45864661654135336,0.4187429061851818,-0.8638764420989073,-0.2,0.0,0.16666666666666666,0.0,0.0,0.0,1.0,0.0,1.0,0
-0.3609022556390977,0.47578292622072177,-0.41927477295211013,0.0,1.0,-1.0,1.0,0.0,0.0,1.0,1.0,0.0,0
-1.4962406015037595,-0.7604224355583985,-0.1680206130852002,0.0,2.0,0.4166666666666667,0.0,1.0,0.0,1.0,0.0,1.0,1
-1.4586466165413534,0.5440382104357727,0.3663358278587119,0.0,0.0,-0.16666666666666666,0.0,1.0,0.0,1.0,0.0,1.0,0
0.11278195488721804,0.19185780783753006,0.8932790400457502,-0.4,1.0,-0.08333333333333333,0.0,1.0,0.0,1.0,1.0,1.0,0
-0.39849624060150374,-0.7604224355583985,-0.8814389092553312,-0.2,1.0,-0.08333333333333333,0.0,1.0,1.0,0.0,0.0,1.0,0
0.6541353383458647,-0.29513611251367644,0.06221662214271274,-0.4,1.0,-0.6666666666666666,1.0,0.0,1.0,1.0,1.0,0.0,0
-1.150375939849624,0.3995541677069197,0.19601186834129036,0.2,0.0,-0.6666666666666666,1.0,0.0,0.0,1.0,0.0,0.0,0
1.4887218045112782,-0.15780326583534948,0.7638963862068544,-0.8,0.0,0.25,0.0,0.0,1.0,1.0,0.0,1.0,0
-0.47368421052631576,-0.7604224355583985,-0.011515914465457647,-0.6,1.0,-0.6666666666666666,0.0,0.0,1.0,0.0,1.0,0.0,0
-1.3984962406015038,-0.7604224355583985,0.9662879160042589,-0.4,0.0,-0.5833333333333334,0.0,0.0,0.0,1.0,0.0,0.0,0
-0.15789473684210525,0.028203125370323913,0.7373668641359072,0.6,0.0,1.1666666666666667,0.0,0.0,1.0,1.0,0.0,2.0,0
0.38345864661654133,0.7326581850434756,-0.1988002105055238,0.6,0.0,-0.3333333333333333,0.0,0.0,0.0,1.0,1.0,1.0,0
-1.406015037593985,-0.14735849086908784,-0.9094270981527364,-0.6,1.0,-1.0,0.0,0.0,1.0,1.0,1.0,0.0,0
0.8571428571428571,0.0046838520339477704,0.2850220260377293,0.2,0.0,0.6666666666666666,1.0,0.0,0.0,1.0,0.0,1.0,0
-0.5639097744360902,-0.7604224355583985,-0.2593018182357118,0.8,0.0,0.4166666666666667,0.0,0.0,1.0,1.0,0.0,1.0,0
-0.9924812030075187,-0.09275435751647527,0.1831901961358004,1.0,0.0,0.75,0.0,0.0,0.0,1.0,0.0,1.0,1
0.8270676691729323,0.04281977740978741,0.7231338492396645,-0.8,0.0,1.3333333333333333,0.0,0.0,1.0,1.0,1.0,2.0,0
-0.5413533834586466,0.20587289223622426,0.04159147593170351,-0.6,0.0,0.4166666666666667,1.0,0.0,0.0,0.0,0.0,1.0,1
-0.42857142857142855,0.32768642201584,0.13106363167001686,-0.6,0.0,0.3333333333333333,1.0,0.0,0.0,0.0,1.0,1.0,0
0.9548872180451128,-0.3969734127552006,0.2912255762933677,-0.4,2.0,-0.6666666666666666,0.0,0.0,0.0,1.0,0.0,0.0,1
0.3233082706766917,0.22327902235778085,0.05973593796654162,0.2,0.0,-0.8333333333333334,1.0,0.0,1.0,1.0,0.0,0.0,0
-0.03007518796992481,-0.0523692523720025,0.4845336317581749,0.6,0.0,-0.75,1.0,0.0,0.0,1.0,1.0,0.0,0
-1.6917293233082706,-0.16746133323701567,-0.4328567998995258,-0.8,0.0,0.4166666666666667,1.0,0.0,1.0,1.0,1.0,1.0,0
0.39097744360902253,0.286773084384513,0.46633581508221733,0.2,2.0,1.4166666666666667,1.0,0.0,0.0,1.0,0.0,2.0,1
-0.7218045112781954,0.24765238384888819,0.26203414824796567,-0.8,1.0,-0.5,1.0,0.0,0.0,1.0,0.0,1.0,0
0.09774436090225563,-0.7604224355583985,0.22546598111404137,-0.8,1.0,-0.08333333333333333,0.0,0.0,1.0,0.0,1.0,1.0,0
1.4887218045112782,-0.7604224355583985,-0.6583757268068616,0.0,1.0,0.25,0.0,0.0,0.0,1.0,0.0,1.0,0
-1.105263157894737,-0.1340031094575358,0.7632802525350803,-0.6,0.0,-0.08333333333333333,0.0,0.0,0.0,0.0,1.0,1.0,1
0.11278195488721804,-0.7604224355583985,0.035382610654344365,0.0,1.0,-0.25,0.0,0.0,1.0,1.0,1.0,1.0,0
1.4887218045112782,-0.7604224355583985,0.8988936450099548,0.2,0.0,0.8333333333333334,0.0,0.0,1.0,1.0,0.0,1.0,1
-1.0,0.13387187400581796,-0.3930942024995169,-0.8,0.0,0.08333333333333333,1.0,0.0,1.0,1.0,1.0,1.0,1
-0.9924812030075187,0.38069175499367536,0.04775332370922581,0.2,0.0,0.16666666666666666,0.0,0.0,0.0,0.0,0.0,1.0,0
0.5639097744360902,-0.7604224355583985,-0.5312811898187183,1.0,1.0,0.3333333333333333,0.0,1.0,0.0,0.0,1.0,1.0,0
0.3684210526315789,0.18695273592422412,0.46282095033354975,-0.4,2.0,2.1666666666666665,1.0,0.0,1.0,0.0,0.0,3.0,1
-0.7368421052631579,0.1618077099770165,-0.04262023927052359,0.2,1.0,-0.16666666666666666,0.0,0.0,0.0,0.0,0.0,1.0,1
-0.924812030075188,-0.7604224355583985,-0.20412044503596777,0.0,1.0,0.5,0.0,1.0,0.0,0.0,0.0,1.0,0
-0.3308270676691729,-0.7604224355583985,-0.20588104598094287,-0.2,0.0,-0.3333333333333333,0.0,0.0,0.0,1.0,0.0,1.0,1
0.9398496240601504,-0.7604224355583985,0.07180798768550348,0.4,0.0,-0.08333333333333333,0.0,0.0,1.0,1.0,0.0,1.0,0
0.13533834586466165,-0.012128702098227728,-0.3703510201328169,-0.6,0.0,1.4166666666666667,0.0,0.0,0.0,1.0,1.0,2.0,0
0.7518796992481203,0.14520003984856764,0.02279858124694247,0.8,1.0,-0.4166666666666667,1.0,0.0,1.0,0.0,1.0,1.0,0
-0.06766917293233082,0.15980423431380839,-0.3482573947475576,0.6,0.0,-0.25,0.0,1.0,0.0,1.0,0.0,1.0,0
-0.9473684210526315,0.2129390790538465,0.6133732334739558,0.0,0.0,1.0833333333333333,1.0,0.0,1.0,0.0,1.0,1.0,1
-1.7593984962406015,-0.7604224355583985,-0.18840157493292667,0.8,0.0,0.75,0.0,0.0,0.0,1.0,1.0,1.0,1
-0.22556390977443608,0.08480470147284169,0.996031799672743,-0.2,0.0,-0.5833333333333334,0.0,0.0,0.0,0.0,1.0,0.0,0
-0.8421052631578947,-0.7604224355583985,-0.17837028913079345,-0.6,1.0,0.16666666666666666,0.0,1.0,1.0,1.0,0.0,1.0,0
0.11278195488721804,0.3150092340789557,-0.05124764385470419,-0.2,0.0,2.8333333333333335,0.0,1.0,1.0,0.0,1.0,3.0,1
-0.6390977443609023,-0.7604224355583985,0.6349902445076088,1.0,1.0,-0.25,0.0,1.0,1.0,0.0,1.0,1.0,0
0.18045112781954886,-0.7604224355583985,0.8138079153705445,0.0,1.0,-0.5833333333333334,0.0,1.0,0.0,0.0,0.0,0.0,0
-0.21804511278195488,0.08635045922026788,0.19837623531134332,-0.8,0.0,0.9166666666666666,1.0,0.0,0.0,1.0,0.0,1.0,1
0.45112781954887216,-0.7604224355583985,0.9325739155343394,0.2,1.0,-0.3333333333333333,0.0,0.0,0.0,1.0,1.0,1.0,0
0.18796992481203006,-0.7604224355583985,-0.5328124271340549,0.4,0.0,-0.08333333333333333,0.0,0.0,0.0,1.0,0.0,1.0,0
0.06015037593984962,-0.7604224355583985,-0.917396871010939,-0.8,1.0,-0.25,0.0,0.0,1.0,1.0,0.0,1.0,0
0.39849624060150374,0.3711637478008757,0.1471673297880265,-0.4,1.0,-0.3333333333333333,0.0,0.0,1.0,1.0,0.0,1.0,0
-0.6090225563909775,-0.7604224355583985,-0.6236318386666043,0.8,1.0,0.5833333333333334,0.0,0.0,1.0,0.0,0.0,1.0,0
-0.3233082706766917,0.25273711121938136,-0.742601751682952,0.0,0.0,0.0,0.0,1.0,1.0,1.0,1.0,1.0,0
0.022556390977443608,-0.7604224355583985,0.6887426945601393,-1.0,1.0,0.6666666666666666,0.0,0.0,0.0,1.0,0.0,1.0,0
1.4887218045112782,-0.7604224355583985,-0.6373579844722153,0.6,1.0,0.16666666666666666,0.0,1.0,1.0,1.0,1.0,1.0,0
-0.9323308270676691,0.015962187579806282,0.11961906114996368,-0.6,0.0,-0.4166666666666667,1.0,0.0,1.0,0.0,1.0,1.0,0
-0.9548872180451128,0.38320896848190616,-0.3577273324864222,-0.6,0.0,1.6666666666666667,0.0,1.0,0.0,1.0,1.0,2.0,0
0.44360902255639095,-0.7604224355583985,0.9638651860072346,-0.4,1.0,0.3333333333333333,0.0,0.0,1.0,1.0,1.0,1.0,0
-0.7443609022556391,0.6585668015283955,0.8697997271707362,-0.8,1.0,0.08333333333333333,0.0,1.0,1.0,1.0,0.0,1.0,0
0.3157894736842105,0.24166820394960728,0.023415328190453593,0.0,0.0,-0.25,0.0,0.0,1.0,1.0,0.0,1.0,0
-0.8796992481203008,0.05288455718749341,0.2684452909865792,0.2,0.0,-0.5833333333333334,0.0,0.0,1.0,1.0,1.0,0.0,0
1.2481203007518797,-0.7604224355583985,0.9490574332814652,-0.6,0.0,1.0,0.0,0.0,0.0,0.0,1.0,1.0,1
0.21052631578947367,0.6793947687355159,0.6610293536128671,1.0,0.0,-0.3333333333333333,0.0,0.0,1.0,1.0,0.0,1.0,0
0.21052631578947367,-0.7604224355583985,-0.6847452871664076,-0.4,0.0,-0.8333333333333334,0.0,0.0,1.0,1.0,0.0,0.0,0
-0.20300751879699247,0.5321724101633593,-0.32358721037124283,0.0,0.0,1.25,0.0,0.0,1.0,1.0,1.0,2.0,0
-0.09774436090225563,-0.7604224355583985,0.12156497237146943,0.8,1.0,-0.4166666666666667,0.0,0.0,1.0,1.0,0.0,1.0,0
-0.18045112781954886,-0.19633493465395122,-0.6601817098603748,0.8,0.0,-0.6666666666666666,0.0,0.0,0.0,1.0,1.0,0.0,0
0.8947368421052632,-0.7604224355583985,1.0229413457967187,-0.6,1.0,-0.8333333333333334,0.0,0.0,1.0,1.0,1.0,0.0,0
-0.08270676691729323,-0.7604224355583985,-0.0643731922058785,0.0,1.0,-0.16666666666666666,0.0,0.0,1.0,1.0,0.0,1.0,0
-0.18796992481203006,-0.20337902690597073,0.317445293925173,0.0,0.0,-0.75,1.0,0.0,1.0,1.0,1.0,0.0,0
0.2706766917293233,0.04971061799401003,0.31096955323026193,0.8,0.0,0.6666666666666666,1.0,0.0,1.0,0.0,0.0,1.0,0
-1.2481203007518797,-0.7604224355583985,-0.7218606971136494,0.4,1.0,-0.8333333333333334,0.0,1.0,1.0,1.0,0.0,0.0,0
-0.2857142857142857,-0.7604224355583985,-0.9823010543291046,-0.8,1.0,-0.16666666666666666,0.0,0.0,0.0,1.0,1.0,1.0,0
-0.5714285714285714,0.27515776753845267,-0.058055471195201505,0.4,1.0,-0.5833333333333334,1.0,0.0,1.0,0.0,0.0,0.0,0
-0.45112781954887216,-0.7604224355583985,-0.3420059070844769,-1.0,0.0,0.08333333333333333,0.0,1.0,1.0,1.0,0.0,1.0,1
1.4887218045112782,0.07691310242605769,-0.7166481939850055,-0.8,1.0,0.08333333333333333,0.0,0.0,0.0,1.0,0.0,1.0,0
-0.7218045112781954,0.13868645221958126,0.9584119737218172,-0.6,0.0,0.08333333333333333,0.0,0.0,1.0,1.0,0.0,1.0,0
0.8721804511278195,-0.008386963908566277,-0.2632999411131368,-0.6,1.0,-0.6666666666666666,0.0,0.0,1.0,1.0,1.0,0.0,0
-0.7669172932330827,0.3386567655851598,0.7360295229014194,0.8,2.0,0.08333333333333333,0.0,0.0,1.0,1.0,1.0,1.0,1
-0.022556390977443608,-0.7604224355583985,0.635975158917233,0.6,1.0,-0.08333333333333333,0.0,1.0,1.0,1.0,0.0,1.0,0
1.4887218045112782,0.022970787497719476,0.9928420711566421,0.6,0.0,-0.75,0.0,0.0,1.0,1.0,0.0,0.0,0
0.48872180451127817,0.009291430806852321,0.11693252209407257,-1.0,0.0,0.25,0.0,0.0,1.0,1.0,0.0,1.0,0
-0.3458646616541353,0.2790448440940462,0.5829088577264508,-0.2,0.0,0.3333333333333333,1.0,0.0,0.0,1.0,0.0,1.0,1
0.6691729323308271,0.0642984374088574,0.5116383005064732,0.8,1.0,0.0,0.0,0.0,1.0,1.0,1.0,1.0,0
-0.7293233082706767,0.3224815848259538,1.0146410194722721,0.8,0.0,1.1666666666666667,1.0,0.0,0.0,1.0,0.0,2.0,1
1.1654135338345866,0.5399388066717283,0.5792882036031505,0.4,2.0,-0.75,0.0,1.0,0.0,1.0,0.0,0.0,1
-0.8195488721804511,-0.7604224355583985,0.4993961700924496,-0.2,1.0,2.25,0.0,0.0,1.0,1.0,1.0,3.0,0
-0.7218045112781954,0.41486256768860175,0.588419513131234,-0.2,0.0,1.4166666666666667,0.0,0.0,0.0,1.0,0.0,2.0,1
-0.8571428571428571,-0.7604224355583985,-1.0024077814984351,-0.8,1.0,-0.5,0.0,0.0,1.0,1.0,0.0,1.0,0
0.8721804511278195,-0.7604224355583985,-0.39617906154859045,0.0,2.0,0.4166666666666667,0.0,0.0,1.0,0.0,0.0,1.0,0
-0.9699248120300752,0.5236819857091253,-0.4332277270884555,-0.8,0.0,1.9166666666666667,1.0,0.0,1.0,0.0,1.0,2.0,0
-1.0300751879699248,-0.05188481726873644,0.9088595151601415,-0.6,0.0,0.0,1.0,0.0,1.0,1.0,1.0,1.0,1
0.03007518796992481,0.16901570943201727,0.6274624361478716,-0.2,1.0,-0.8333333333333334,1.0,0.0,1.0,1.0,1.0,0.0,0
-0.44360902255639095,0.01650938065132656,0.29577247516345295,0.2,0.0,-0.4166666666666667,0.0,0.0,1.0,1.0,0.0,1.0,0
0.12030075187969924,0.042552135437806775,0.6023586686534969,-0.2,1.0,0.6666666666666666,0.0,1.0,1.0,1.0,1.0,1.0,0
-0.8045112781954887,-0.7604224355583985,-0.48427585320472183,0.2,1.0,-0.4166666666666667,0.0,0.0,0.0,1.0,1.0,1.0,0
-0.5639097744360902,-0.7604224355583985,-0.4494647095973067,0.4,1.0,-0.6666666666666666,0.0,0.0,1.0,1.0,1.0,0.0,0
-0.6165413533834586,0.3529662091433189,-0.5543250797604613,0.2,0.0,2.0,0.0,0.0,0.0,1.0,1.0,3.0,0
-1.0676691729323309,-0.7604224355583985,0.7775403535997072,0.2,1.0,0.5833333333333334,0.0,0.0,1.0,1.0,1.0,1.0,0
0.22556390977443608,0.19567013894778698,-0.4973946555667891,0.2,0.0,3.6666666666666665,1.0,0.0,1.0,1.0,1.0,3.0,0
1.4887218045112782,0.39893262093768006,-0.3959509244624259,-0.2,0.0,-0.75,1.0,0.0,1.0,1.0,0.0,0.0,1
-1.2706766917293233,-0.7604224355583985,0.10847182521040016,-0.8,1.0,0.9166666666666666,0.0,0.0,1.0,1.0,1.0,1.0,0
-0.5789473684210527,0.06404442825395065,-0.6648873438983872,0.6,0.0,-1.25,0.0,1.0,0.0,1.0,1.0,0.0,0
0.42857142857142855,-0.7604224355583985,-0.30428897977519254,0.6,1.0,-0.08333333333333333,0.0,0.0,0.0,1.0,1.0,1.0,0
1.2255639097744362,-0.7604224355583985,-0.053137747348142736,-0.4,2.0,1.5833333333333333,0.0,0.0,0.0,1.0,1.0,2.0,1
0.18045112781954886,-0.7604224355583985,0.41359700099899405,-1.0,1.0,-0.16666666666666666,0.0,1.0,1.0,0.0,0.0,1.0,0
0.49624060150375937,0.5552615446161949,-0.5767033654436454,-0.6,0.0,-0.16666666666666666,0.0,0.0,0.0,1.0,0.0,1.0,0
-0.45112781954887216,0.20474583434192015,0.4769660629474889,1.0,0.0,-0.08333333333333333,1.0,0.0,1.0,0.0,1.0,1.0,0
-0.2706766917293233,-0.7604224355583985,0.6903139989622933,0.8,0.0,-0.6666666666666666,0.0,0.0,1.0,1.0,1.0,0.0,0
-0.39097744360902253,-0.7604224355583985,-0.48298941352440505,0.2,1.0,-0.75,0.0,0.0,0.0,0.0,1.0,0.0,0
0.22556390977443608,0.15250840504306107,-0.5071086754569802,-0.8,0.0,0.08333333333333333,1.0,0.0,0.0,1.0,1.0,1.0,1
-0.24060150375939848,0.3507765750124801,-0.26155017463551544,0.6,0.0,-1.0,1.0,0.0,0.0,1.0,1.0,0.0,1
-1.4360902255639099,-0.7604224355583985,-0.8600180429655625,0.2,1.0,-1.0,0.0,1.0,0.0,1.0,1.0,0.0,0
-1.0075187969924813,-0.09330476291845553,-0.9878075190436848,0.8,0.0,-0.75,0.0,0.0,0.0,0.0,0.0,0.0,0
0.8421052631578947,-0.7604224355583985,0.36215127037323847,0.4,1.0,0.3333333333333333,0.0,0.0,1.0,0.0,0.0,1.0,0
-0.5037593984962406,0.0684833988524693,-0.5951582451893626,0.2,0.0,-0.75,0.0,0.0,0.0,1.0,1.0,0.0,0
0.631578947368421,-0.7604224355583985,0.18381961736187627,-0.6,1.0,-0.75,0.0,1.0,0.0,1.0,1.0,0.0,0
0.24060150375939848,-0.2096956438330953,0.16376297405106738,-0.6,0.0,0.25,0.0,1.0,1.0,1.0,1.0,1.0,1
0.2631578947368421,0.19991448933014638,-0.6525012990500806,0.8,0.0,0.08333333333333333,0.0,0.0,1.0,1.0,1.0,1.0,0
0.9624060150375939,0.19006603258658536,-0.35339385218081354,1.0,0.0,3.25,0.0,0.0,1.0,0.0,1.0,3.0,0
-0.7744360902255639,-0.018070416555818487,-0.8773747574542224,0.8,1.0,1.0833333333333333,0.0,0.0,1.0,0.0,1.0,1.0,0
-0.3157894736842105,-0.7604224355583985,-0.3803750488860623,-1.0,1.0,0.25,0.0,0.0,1.0,1.0,0.0,1.0,0
-0.05263157894736842,0.2549620809852797,0.03869397139828388,-0.4,0.0,0.25,0.0,0.0,0.0,1.0,1.0,1.0,0
0.007518796992481203,0.18550225119726885,0.3956948835122276,-0.6,3.0,1.9166666666666667,0.0,0.0,0.0,1.0,1.0,2.0,1
-0.9774436090225563,0.23019987080947077,0.7645615816175886,0.8,0.0,-0.25,0.0,1.0,1.0,1.0,0.0,1.0,1
0.38345864661654133,-0.12442934614306257,0.6476683089146842,-0.6,1.0,-0.75,0.0,0.0,1.0,0.0,1.0,0.0,0
-0.7744360902255639,0.21760808385310734,-0.06025987645385331,0.2,0.0,1.0,1.0,0.0,0.0,0.0,1.0,1.0,0
-1.1203007518796992,-0.7604224355583985,0.45492548556748014,-0.4,1.0,-0.6666666666666666,0.0,0.0,1.0,1.0,1.0,0.0,0
0.2781954887218045,-0.013527397790206524,-0.953814684357342,0.0,0.0,-0.75,0.0,1.0,0.0,1.0,0.0,0.0,1
-0.6240601503759399,0.0951281913768593,0.10166256690251652,-0.6,2.0,-0.16666666666666666,1.0,0.0,1.0,1.0,0.0,1.0,1
-0.41353383458646614,0.0350493850757242,-0.295575921571744,0.2,0.0,-1.25,1.0,0.0,0.0,1.0,0.0,0.0,1
-0.03007518796992481,-0.7604224355583985,0.6999972530536781,-1.0,0.0,-0.25,0.0,0.0,1.0,1.0,1.0,1.0,0
-0.045112781954887216,0.3738693918929163,-0.47252219372921994,0.2,1.0,-0.08333333333333333,1.0,0.0,0.0,1.0,0.0,1.0,0
0.9398496240601504,-0.7604224355583985,0.9254886849448051,1.0,1.0,1.3333333333333333,0.0,0.0,0.0,1.0,0.0,2.0,0
-0.11278195488721804,0.26444409700783567,0.3327909881762488,0.4,1.0,0.9166666666666666,0.0,0.0,0.0,1.0,1.0,1.0,1
0.21052631578947367,0.17840660495884317,0.01729794261386381,0.8,1.0,-0.5,0.0,1.0,0.0,1.0,1.0,1.0,0
-0.9774436090225563,-0.7604224355583985,0.7904403201636212,0.4,1.0,0.3333333333333333,0.0,0.0,0.0,0.0,1.0,1.0,0
-0.39849624060150374,-0.7604224355583985,0.31317262973348364,-0.4,0.0,-0.5,0.0,1.0,0.0,1.0,1.0,1.0,1
-0.7744360902255639,-0.7604224355583985,-0.18589993730574145,0.4,0.0,0.16666666666666666,0.0,1.0,0.0,0.0,0.0,1.0,1
-0.015037593984962405,-0.7604224355583985,0.9045416732838264,0.8,0.0,0.8333333333333334,0.0,0.0,0.0,1.0,0.0,1.0,0
0.6165413533834586,0.08422985101955643,0.848959629215908,0.4,0.0,0.5,0.0,0.0,1.0,0.0,0.0,1.0,0
-0.10526315789473684,0.39950660954620787,0.15613366921885663,-0.2,1.0,-1.0,1.0,0.0,1.0,1.0,1.0,0.0,0
0.007518796992481203,-0.7604224355583985,-0.9575075001216963,-0.8,1.0,0.4166666666666667,0.0,0.0,0.0,1.0,1.0,1.0,0
-0.8045112781954887,-0.0686499699392466,-0.7680614212087,-0.8,1.0,0.08333333333333333,0.0,0.0,1.0,1.0,1.0,1.0,0
-0.6917293233082706,-0.7604224355583985,0.17718207514035306,-1.0,1.0,1.6666666666666667,0.0,0.0,1.0,0.0,1.0,2.0,0
0.8045112781954887,0.037196632114396215,-0.927605596768978,-0.2,0.0,-0.5833333333333334,1.0,0.0,1.0,0.0,0.0,0.0,0
0.7518796992481203,-0.7604224355583985,-0.520686511714193,-0.4,1.0,-0.08333333333333333,0.0,1.0,0.0,1.0,1.0,1.0,0
-0.05263157894736842,0.4942188824780262,-0.11299501090665459,-0.2,0.0,1.0,1.0,0.0,1.0,0.0,1.0,1.0,0
0.5789473684210527,0.08361292687219801,0.5480393510920646,-0.2,1.0,0.5833333333333334,0.0,1.0,1.0,1.0,0.0,1.0,0
-0.2631578947368421,-0.10738785470347276,-0.9351711213405408,0.0,2.0,0.16666666666666666,1.0,0.0,0.0,1.0,0.0,1.0,1
-0.6616541353383458,0.03055423786891804,0.35496382782753727,-1.0,1.0,-0.5833333333333334,1.0,0.0,0.0,0.0,0.0,0.0,0
0.5338345864661654,0.2714013779879129,-0.06718841611458373,0.0,0.0,1.25,1.0,0.0,1.0,0.0,1.0,2.0,1
-0.15789473684210525,-0.7604224355583985,0.30726978705288827,1.0,1.0,0.75,0.0,1.0,0.0,1.0,1.0,1.0,0
0.5939849624060151,0.14384224260781062,0.9432909413503966,-0.8,2.0,0.8333333333333334,0.0,0.0,0.0,0.0,0.0,1.0,1
-0.3458646616541353,-0.02723793759139236,0.39120215697891103,-0.4,1.0,0.8333333333333334,0.0,0.0,1.0,0.0,1.0,1.0,1
0.40601503759398494,-0.7604224355583985,0.23439859059933638,-0.8,1.0,0.08333333333333333,0.0,0.0,1.0,1.0,0.0,1.0,0
1.4887218045112782,0.09985180579393942,-0.8891334253155765,-0.4,1.0,1.1666666666666667,0.0,1.0,1.0,1.0,1.0,2.0,1
-0.15037593984962405,-0.10920720898665909,-0.7343845236788692,-0.4,0.0,2.8333333333333335,0.0,0.0,1.0,1.0,1.0,3.0,0
1.037593984962406,0.08119459048251515,0.6235263559278399,0.4,0.0,-1.0833333333333333,1.0,0.0,1.0,0.0,1.0,0.0,0
-1.6842105263157894,0.25223034650194254,-0.2715823803452543,-0.4,1.0,0.25,1.0,0.0,0.0,1.0,0.0,1.0,1
-0.2932330827067669,0.38375279252391975,-0.2279408392087109,0.2,0.0,0.8333333333333334,0.0,0.0,1.0,1.0,1.0,1.0,0
-0.007518796992481203,-0.008871085613738729,-0.14988892754488295,0.6,0.0,0.6666666666666666,0.0,1.0,0.0,1.0,0.0,1.0,1
-0.5639097744360902,0.10205146866377512,0.10576249288828371,0.0,0.0,-0.16666666666666666,0.0,1.0,1.0,1.0,1.0,1.0,0
0.43609022556390975,-0.02662469587163439,0.4288156457885546,-0.2,0.0,1.1666666666666667,0.0,1.0,0.0,0.0,1.0,2.0,1
0.8721804511278195,-0.7604224355583985,0.6316295153888405,-0.4,0.0,0.4166666666666667,0.0,1.0,0.0,0.0,0.0,1.0,1
-0.045112781954887216,-0.7604224355583985,0.7295326243315818,-0.6,0.0,-0.5,0.0,1.0,1.0,1.0,1.0,1.0,1
-1.1954887218045114,-0.04907387141722811,-0.40667490069150236,0.6,0.0,-0.3333333333333333,0.0,0.0,0.0,1.0,1.0,1.0,0
1.0902255639097744,0.13342496832426706,0.26917876398403295,1.0,0.0,-0.4166666666666667,0.0,0.0,1.0,0.0,1.0,1.0,0
-0.09774436090225563,-0.7604224355583985,0.2771388267064,0.6,1.0,-0.75,0.0,1.0,1.0,1.0,0.0,0.0,0
0.6466165413533834,0.07612185058910421,0.24584356996721432,0.2,0.0,1.0,0.0,0.0,1.0,1.0,0.0,1.0,0
0.8796992481203008,-0.7604224355583985,0.7445494005077123,0.6,1.0,-0.6666666666666666,0.0,0.0,1.0,1.0,1.0,0.0,0
0.6466165413533834,-0.03430804188518513,0.06511606870329956,-0.2,0.0,-0.3333333333333333,0.0,0.0,1.0,1.0,0.0,1.0,0
0.3308270676691729,-0.7604224355583985,0.27501343128986516,-0.2,0.0,0.4166666666666667,0.0,0.0,1.0,0.0,0.0,1.0,1
0.7443609022556391,0.6781818397635506,-0.5081160764969613,0.8,1.0,0.0,0.0,0.0,0.0,0.0,0.0,1.0,0
-1.406015037593985,0.15748062249793238,0.289229990061165,0.0,0.0,-1.0833333333333333,1.0,0.0,1.0,1.0,1.0,0.0,0
1.330827067669173,0.03435795053159953,-0.8189471325266172,0.6,1.0,-0.9166666666666666,0.0,1.0,0.0,1.0,1.0,0.0,0
-1.744360902255639,-0.04044265286942004,0.46428084370348166,-0.2,0.0,1.5,0.0,1.0,0.0,1.0,0.0,2.0,1
0.49624060150375937,-0.7604224355583985,-0.36344363834701304,0.2,1.0,0.16666666666666666,0.0,1.0,1.0,0.0,1.0,1.0,0
0.8195488721804511,-0.7604224355583985,1.0217337115346068,-0.8,1.0,-0.9166666666666666,0.0,0.0,0.0,1.0,1.0,0.0,0
-1.3609022556390977,0.1383529182984098,-0.645283601765354,-0.2,0.0,1.75,0.0,0.0,0.0,1.0,1.0,2.0,0
-0.7443609022556391,-0.25834231447391104,0.09927479339450125,0.4,0.0,-0.4166666666666667,0.0,0.0,1.0,0.0,1.0,1.0,0
0.518796992481203,0.297853352335182,-0.357432042145056,0.2,0.0,0.3333333333333333,0.0,0.0,1.0,1.0,1.0,1.0,0
0.46616541353383456,0.19557643291778443,0.6446327160284832,0.6,0.0,-0.3333333333333333,0.0,1.0,1.0,0.0,0.0,1.0,0
-0.08270676691729323,0.15866988991382688,-0.7413864515241274,-0.6,3.0,1.1666666666666667,1.0,0.0,0.0,1.0,1.0,2.0,1
-1.6616541353383458,0.3274113368391351,-0.6312470382488641,-0.6,0.0,0.5833333333333334,1.0,0.0,0.0,1.0,0.0,1.0,1
-1.4586466165413534,-0.09925768135789438,0.8094756616084102,0.4,0.0,0.5833333333333334,1.0,0.0,1.0,1.0,0.0,1.0,0
-0.2932330827067669,0.16567997847268495,-0.7781534209127965,0.6,0.0,0.16666666666666666,0.0,1.0,1.0,1.0,0.0,1.0,0
-0.8270676691729323,0.2388717527599305,-1.0116734997488783,0.8,1.0,-0.16666666666666666,1.0,0.0,0.0,1.0,0.0,1.0,1
-0.5939849624060151,-0.7604224355583985,0.8052472551937411,0.6,1.0,1.25,0.0,0.0,1.0,0.0,1.0,2.0,0
-0.18045112781954886,-0.7604224355583985,0.9654544797136738,0.6,1.0,0.6666666666666666,0.0,0.0,0.0,1.0,0.0,1.0,0
-1.3834586466165413,-0.7604224355583985,0.264303764734652,0.0,1.0,0.4166666666666667,0.0,0.0,0.0,1.0,0.0,1.0,0
-0.015037593984962405,-0.7604224355583985,-0.8498416161856723,0.2,1.0,0.5,0.0,0.0,0.0,1.0,1.0,1.0,0
-1.413533834586466,-0.08912959516527033,0.660880021944907,-0.4,0.0,0.4166666666666667,1.0,0.0,0.0,1.0,1.0,1.0,0
0.6541353383458647,0.3493430921321057,0.7431097451051016,-0.6,1.0,0.4166666666666667,0.0,0.0,1.0,1.0,0.0,1.0,0
-0.08270676691729323,-0.7604224355583985,0.22171643771401434,0.2,1.0,0.4166666666666667,0.0,0.0,0.0,0.0,0.0,1.0,0
0.22556390977443608,0.6590079876947372,-0.3649963401731446,-0.6,0.0,-0.16666666666666666,0.0,0.0,0.0,1.0,1.0,1.0,1
0.6240601503759399,0.6398260656250124,-0.7876344997548832,-0.8,1.0,-1.3333333333333333,0.0,0.0,0.0,1.0,0.0,0.0,0
0.39097744360902253,0.11337078101037901,1.0225081715264832,-0.6,0.0,0.16666666666666666,0.0,0.0,1.0,1.0,0.0,1.0,0
-0.43609022556390975,-0.0015418794460171452,-0.22420693423797738,0.4,0.0,0.08333333333333333,0.0,1.0,0.0,1.0,0.0,1.0,0
-0.5864661654135338,-0.7604224355583985,0.8812036173322348,0.4,1.0,-0.75,0.0,1.0,0.0,0.0,0.0,0.0,0
0.3383458646616541,0.5563734810524801,-0.6541198253759837,0.4,0.0,0.0,0.0,1.0,0.0,1.0,0.0,1.0,0
-0.015037593984962405,0.35522079502906734,-0.9012075192736617,-0.2,0.0,-0.25,1.0,0.0,1.0,1.0,1.0,1.0,0
0.12030075187969924,-0.7604224355583985,-0.10628489819625282,-0.6,2.0,0.75,0.0,0.0,0.0,1.0,0.0,1.0,1
-0.9699248120300752,0.20621057868213677,0.26022806298249634,0.6,0.0,-1.25,0.0,0.0,1.0,1.0,1.0,0.0,0
0.40601503759398494,0.01065729804852093,0.11318481850925646,-0.4,0.0,-0.5833333333333334,0.0,0.0,1.0,1.0,1.0,0.0,0
0.44360902255639095,0.2595431776192706,-0.691315676132729,-0.4,1.0,-0.6666666666666666,0.0,0.0,0.0,1.0,0.0,0.0,0
-1.255639097744361,-0.7604224355583985,0.42932006179223803,-0.4,1.0,-0.8333333333333334,0.0,0.0,0.0,1.0,0.0,0.0,0
0.0,0.22237549565377562,-0.841061302515066,0.6,0.0,1.0833333333333333,1.0,0.0,1.0,1.0,1.0,1.0,1
1.3909774436090225,0.04894671014072782,-0.4954455757746422,0.6,0.0,1.0,0.0,0.0,1.0,1.0,1.0,1.0,0
0.39849624060150374,0.22737889621896562,-0.6644810513726237,-0.8,1.0,4.583333333333333,0.0,0.0,1.0,1.0,1.0,3.0,0
1.2255639097744362,0.298562807269692,0.37434219259722235,0.6,0.0,-1.0,1.0,0.0,0.0,1.0,1.0,0.0,0
-0.2781954887218045,-0.7604224355583985,0.6181163792998816,0.0,1.0,-1.5,0.0,1.0,1.0,1.0,0.0,0.0,0
-0.007518796992481203,-0.4452638281130548,0.8063949932495391,0.4,0.0,-1.0833333333333333,1.0,0.0,0.0,1.0,1.0,0.0,0
-0.3383458646616541,0.09737588250454743,0.2873569559644063,-0.6,1.0,-1.0833333333333333,1.0,0.0,0.0,0.0,1.0,0.0,0
-0.556390977443609,0.4717644575143638,0.4301717940229771,-0.8,1.0,-0.08333333333333333,0.0,1.0,1.0,1.0,0.0,1.0,0
-0.3157894736842105,-0.7604224355583985,0.6805695199091643,0.6,1.0,-0.9166666666666666,0.0,0.0,1.0,1.0,0.0,0.0,0
-1.781954887218045,0.2969058715485419,0.8089097140071138,0.8,2.0,0.75,0.0,0.0,1.0,0.0,0.0,1.0,1
-0.5338345864661654,-0.7604224355583985,-0.1335207048843133,-0.2,1.0,-0.16666666666666666,0.0,0.0,1.0,0.0,1.0,1.0,0
-0.9323308270676691,0.2395652243916639,-0.7895785711611778,-1.0,0.0,0.16666666666666666,1.0,0.0,1.0,0.0,1.0,1.0,1
-0.48120300751879697,-0.7604224355583985,-0.38345561503297687,0.6,0.0,0.75,0.0,1.0,1.0,1.0,0.0,1.0,0
1.2105263157894737,0.1119850129897633,-0.5419735825533392,0.2,0.0,-0.8333333333333334,1.0,0.0,1.0,1.0,0.0,0.0,0
0.8721804511278195,-0.7604224355583985,-0.31038173227034604,0.6,1.0,0.25,0.0,0.0,0.0,0.0,1.0,1.0,0
0.6992481203007519,-0.007886623852047277,-0.2548786980445449,1.0,0.0,0.9166666666666666,1.0,0.0,1.0,1.0,0.0,1.0,0
1.3157894736842106,0.35998750168402505,0.09741371809661406,0.6,1.0,0.8333333333333334,1.0,0.0,0.0,1.0,0.0,1.0,0
0.3233082706766917,-0.3724939660093912,0.34302741337440895,0.4,0.0,0.75,0.0,0.0,1.0,1.0,0.0,1.0,0
-0.8045112781954887,-0.7604224355583985,0.5841545148362574,0.4,1.0,-0.9166666666666666,0.0,0.0,1.0,0.0,1.0,0.0,0
0.9172932330827067,0.12109502547515164,0.446525604797727,-0.2,0.0,3.25,0.0,0.0,1.0,1.0,1.0,3.0,0
-1.6015037593984962,0.3278650589292228,-0.2428655224123351,-0.4,0.0,-0.4166666666666667,0.0,1.0,0.0,1.0,0.0,1.0,0
-0.5714285714285714,-0.09664542989776295,0.9364293505209552,0.8,0.0,0.16666666666666666,0.0,0.0,1.0,0.0,0.0,1.0,0
-0.05263157894736842,-0.7604224355583985,-0.7228518464526,-0.8,1.0,-1.3333333333333333,0.0,1.0,0.0,0.0,0.0,0.0,0
0.7218045112781954,-0.7604224355583985,0.6529781178255991,0.6,0.0,2.4166666666666665,0.0,0.0,1.0,1.0,1.0,3.0,0
1.1654135338345866,0.5532235168131613,0.2656812752679136,0.8,0.0,0.8333333333333334,0.0,0.0,0.0,0.0,0.0,1.0,1
0.5714285714285714,-0.051945694848428814,-0.8979243690296241,0.2,1.0,-0.25,0.0,0.0,0.0,1.0,1.0,1.0,0
-0.7368421052631579,0.09166780632577597,-0.5982733589774616,0.2,0.0,1.4166666666666667,1.0,0.0,0.0,1.0,0.0,2.0,1
-0.7443609022556391,-0.7604224355583985,-0.09035158740917357,-0.8,1.0,0.3333333333333333,0.0,0.0,1.0,1.0,0.0,1.0,0
-1.0225563909774436,0.055106706370548764,0.20666296744561974,1.0,1.0,-0.16666666666666666,0.0,0.0,1.0,0.0,0.0,1.0,0
0.43609022556390975,-0.7604224355583985,-0.9245661198284426,0.2,1.0,-0.5833333333333334,0.0,0.0,1.0,1.0,1.0,0.0,0
-0.03007518796992481,0.2718592526027418,-0.1282992071035266,0.2,0.0,0.0,1.0,0.0,1.0,1.0,0.0,1.0,0
-0.3233082706766917,-0.08619720755247097,0.14135422920494564,0.2,1.0,0.5,0.0,1.0,0.0,1.0,1.0,1.0,1
-0.20300751879699247,-0.7604224355583985,0.8332585439932397,-0.8,1.0,-1.0833333333333333,0.0,0.0,0.0,1.0,1.0,0.0,0
0.6466165413533834,0.1887981022491837,-0.3606062344438195,0.8,1.0,0.5,1.0,0.0,1.0,1.0,0.0,1.0,1
-1.2330827067669172,0.3305650618555776,0.07515185183150415,0.4,1.0,-0.75,1.0,0.0,0.0,1.0,0.0,0.0,0
0.7443609022556391,-0.13925479966242327,0.18501202204251938,-0.2,0.0,-0.3333333333333333,0.0,1.0,1.0,1.0,0.0,1.0,0
1.0676691729323309,0.453764359655809,0.5858943667541305,-0.8,0.0,-0.5833333333333334,0.0,1.0,0.0,0.0,1.0,0.0,0
0.3157894736842105,-0.7604224355583985,-0.8627458756517451,-0.6,2.0,-0.5833333333333334,0.0,0.0,1.0,0.0,1.0,0.0,0
-1.2030075187969924,-0.15580801687209986,0.4829850184102899,1.0,1.0,-0.5833333333333334,1.0,0.0,0.0,0.0,1.0,0.0,0
-0.39097744360902253,-0.7604224355583985,0.2259760187753142,0.6,1.0,-0.5,0.0,0.0,1.0,1.0,1.0,1.0,0
0.19548872180451127,0.6941251842829759,0.9476029571452101,0.6,0.0,1.9166666666666667,0.0,0.0,1.0,0.0,0.0,2.0,1
-0.6541353383458647,-0.7604224355583985,-0.1923283538649471,0.0,1.0,0.08333333333333333,0.0,0.0,1.0,0.0,1.0,1.0,0
-0.2857142857142857,-0.7604224355583985,-0.959714767315121,-0.4,1.0,1.1666666666666667,0.0,0.0,1.0,1.0,1.0,2.0,0
-0.11278195488721804,-0.7604224355583985,0.031363534325905086,-0.6,1.0,0.3333333333333333,0.0,0.0,1.0,0.0,1.0,1.0,0
-0.2781954887218045,-0.7604224355583985,-0.5067117864311841,-0.4,1.0,1.0,0.0,0.0,1.0,1.0,1.0,1.0,0
-0.9624060150375939,-0.23360823177700762,0.6374376075860694,1.0,1.0,-0.5,1.0,0.0,0.0,1.0,1.0,1.0,0
0.12781954887218044,-0.015092351170869017,-0.8140945176956368,0.4,0.0,-0.5833333333333334,0.0,0.0,1.0,0.0,0.0,0.0,0
0.18796992481203006,-0.7604224355583985,-0.9533453270546235,-0.2,1.0,-0.25,0.0,1.0,0.0,1.0,1.0,1.0,0
-0.21052631578947367,0.21037947847344884,0.3643839883437486,0.4,0.0,0.08333333333333333,0.0,1.0,1.0,1.0,0.0,1.0,0
-0.7894736842105263,-0.7604224355583985,0.34589333441337317,-0.2,0.0,-0.16666666666666666,0.0,0.0,0.0,1.0,1.0,1.0,0
1.3984962406015038,0.04867585583828721,-0.21604438963044387,-0.2,0.0,2.5,0.0,1.0,0.0,1.0,1.0,3.0,0
-1.150375939849624,-0.15221600462168172,0.08969855522122301,0.2,1.0,0.5833333333333334,1.0,0.0,0.0,1.0,0.0,1.0,0
0.15037593984962405,0.046424403933475133,-1.0033241116854716,1.0,0.0,0.25,1.0,0.0,1.0,1.0,0.0,1.0,1
1.1804511278195489,-0.7604224355583985,-0.19814431638280072,-0.4,1.0,0.08333333333333333,0.0,0.0,1.0,1.0,1.0,1.0,0
-0.3458646616541353,0.07244749298957848,-0.41279003760505645,-0.8,1.0,-0.4166666666666667,1.0,0.0,0.0,0.0,1.0,1.0,0
-0.6466165413533834,0.3953212563549789,0.6178108677628985,1.0,0.0,-0.4166666666666667,0.0,1.0,1.0,1.0,1.0,1.0,0
0.24812030075187969,0.06005330353126394,-0.6209948724094542,-0.2,1.0,-1.4166666666666667,0.0,0.0,1.0,1.0,0.0,0.0,0
-0.8195488721804511,0.3879152676543121,0.6333107998558303,-0.8,0.0,-1.0,1.0,0.0,0.0,0.0,1.0,0.0,0
0.11278195488721804,-0.7604224355583985,-0.574612517668295,-0.6,0.0,0.9166666666666666,0.0,0.0,1.0,1.0,0.0,1.0,0
-0.007518796992481203,0.2850155478753,0.5300358393447807,-0.2,0.0,0.3333333333333333,1.0,0.0,0.0,0.0,1.0,1.0,0
0.39097744360902253,0.1799832324184942,0.01180333448619896,0.4,1.0,-0.08333333333333333,0.0,0.0,1.0,0.0,1.0,1.0,0
0.37593984962406013,0.3798522398502991,0.36681111345488804,0.4,0.0,0.25,0.0,0.0,1.0,0.0,1.0,1.0,0
0.46616541353383456,-0.03265619888305703,-0.30529127021736524,0.2,0.0,-0.6666666666666666,1.0,0.0,1.0,1.0,1.0,0.0,0
1.0526315789473684,0.08263246093620073,-0.8230593239471246,-0.2,0.0,-0.6666666666666666,1.0,0.0,0.0,1.0,0.0,0.0,1
0.5413533834586466,0.1430654070831651,-0.8609354974841168,0.4,0.0,-0.5833333333333334,1.0,0.0,1.0,1.0,0.0,0.0,0
0.7969924812030075,-0.7604224355583985,-0.04535492015776924,0.0,1.0,-0.16666666666666666,0.0,1.0,1.0,1.0,0.0,1.0,0
0.2932330827067669,-0.7604224355583985,0.009826350830018532,0.2,1.0,-0.3333333333333333,0.0,0.0,0.0,1.0,1.0,1.0,0
-0.12030075187969924,-0.7604224355583985,-0.5755796471975464,-0.8,0.0,-0.08333333333333333,0.0,1.0,0.0,1.0,0.0,1.0,0
0.09774436090225563,0.10620485524945136,-1.00509288958694,0.8,1.0,1.1666666666666667,1.0,0.0,0.0,0.0,1.0,2.0,1
0.19548872180451127,-0.7604224355583985,-0.013862496555137669,0.6,1.0,1.0,0.0,1.0,0.0,0.0,1.0,1.0,0
0.045112781954887216,0.21091546756312105,0.02766683450721634,0.4,0.0,-0.5,0.0,0.0,0.0,1.0,0.0,1.0,0
-0.022556390977443608,-0.7604224355583985,0.4716765942158511,-0.8,1.0,0.8333333333333334,0.0,0.0,1.0,1.0,1.0,1.0,0
0.9624060150375939,-0.7604224355583985,-0.3540918576294774,-0.8,0.0,-0.25,0.0,0.0,1.0,1.0,1.0,1.0,0
-0.09774436090225563,0.4210555490677797,-0.14552948540240795,-0.4,0.0,-0.8333333333333334,1.0,0.0,1.0,0.0,1.0,0.0,0
-0.15037593984962405,0.41921605895707614,-0.3549241695885446,-0.6,1.0,-0.16666666666666666,1.0,0.0,0.0,0.0,0.0,1.0,0
0.06015037593984962,-0.7604224355583985,0.12857405505365943,-0.8,0.0,0.5,0.0,0.0,0.0,0.0,1.0,1.0,1
1.4887218045112782,0.21728700750615848,-0.34583231387554153,0.2,0.0,0.25,0.0,0.0,1.0,1.0,0.0,1.0,0
0.39849624060150374,0.15443125904667665,0.932298045464645,0.0,0.0,-0.3333333333333333,1.0,0.0,0.0,0.0,0.0,1.0,1
0.3308270676691729,0.6099284359370617,-0.31038796719967227,-0.2,0.0,-0.16666666666666666,1.0,0.0,0.0,1.0,0.0,1.0,0
-1.8195488721804511,0.22513379062555003,-0.33845833450983565,0.2,0.0,-0.3333333333333333,0.0,0.0,1.0,0.0,0.0,1.0,1
1.150375939849624,0.15302308306236476,0.9197216819539555,0.8,0.0,0.6666666666666666,1.0,0.0,0.0,1.0,0.0,1.0,1
0.5037593984962406,-0.7604224355583985,0.8460819538019848,0.8,1.0,0.25,0.0,1.0,0.0,1.0,0.0,1.0,0
0.7142857142857143,0.46161960452372913,0.4917143283147691,0.4,0.0,2.0,0.0,0.0,1.0,0.0,1.0,3.0,0
0.39849624060150374,0.2836721669468511,-0.2185397923283029,0.2,0.0,0.16666666666666666,0.0,1.0,1.0,1.0,1.0,1.0,0
-0.6917293233082706,-0.0150016224227561,0.24259496736436129,-0.2,1.0,0.5,0.0,1.0,0.0,1.0,0.0,1.0,1
-1.300751879699248,0.2077857958503663,-0.04393744474964655,0.8,0.0,-1.1666666666666667,1.0,0.0,0.0,0.0,1.0,0.0,0
1.0225563909774436,-0.02615640077019151,0.8248867715114325,0.6,0.0,1.6666666666666667,1.0,0.0,0.0,1.0,1.0,2.0,1
0.5939849624060151,-0.7604224355583985,0.3811503265735883,-0.6,1.0,0.16666666666666666,0.0,1.0,0.0,1.0,0.0,1.0,0
0.7744360902255639,0.060816976335975916,0.2715428243182176,0.2,0.0,0.3333333333333333,0.0,0.0,1.0,1.0,0.0,1.0,1
1.368421052631579,-0.7604224355583985,-0.5561168553520673,0.4,1.0,0.25,0.0,1.0,1.0,0.0,0.0,1.0,0
0.21804511278195488,-0.030409526299173185,0.412060448661937,0.6,0.0,1.75,0.0,0.0,0.0,1.0,1.0,2.0,0
-0.18796992481203006,0.029973511201376656,0.35997323579927776,0.0,0.0,0.3333333333333333,0.0,1.0,1.0,0.0,1.0,1.0,0
0.21804511278195488,-0.18706579428650993,-0.7579467304503346,0.6,1.0,0.0,1.0,0.0,1.0,1.0,1.0,1.0,0
1.3909774436090225,-0.7604224355583985,-0.5885433940221083,0.8,1.0,-0.6666666666666666,0.0,0.0,0.0,1.0,1.0,0.0,0
-0.6766917293233082,0.5059304125388384,-0.08140609921740143,0.2,0.0,-0.4166666666666667,0.0,1.0,1.0,1.0,0.0,1.0,0
0.556390977443609,-0.01998535725756923,-0.9645541968037558,0.8,0.0,1.0833333333333333,1.0,0.0,1.0,0.0,1.0,1.0,0
-1.1654135338345866,0.24754504500181163,0.6561454619232995,0.6,1.0,0.0,0.0,1.0,1.0,1.0,1.0,1.0,0
0.49624060150375937,-0.7604224355583985,-0.4835489217724628,-0.6,0.0,0.16666666666666666,0.0,1.0,0.0,1.0,1.0,1.0,0
0.45864661654135336,-0.7604224355583985,0.2741021094886809,1.0,1.0,0.16666666666666666,0.0,0.0,0.0,1.0,1.0,1.0,0
-0.2556390977443609,0.5572458246461667,0.018666867342807213,-0.6,1.0,0.0,0.0,0.0,1.0,0.0,1.0,1.0,0
-0.7518796992481203,-0.7604224355583985,0.4174310736867713,-0.2,1.0,-0.25,0.0,1.0,0.0,1.0,0.0,1.0,0
-0.24060150375939848,-0.7604224355583985,-0.9527649675675077,-0.2,1.0,0.4166666666666667,0.0,0.0,1.0,1.0,0.0,1.0,0
-1.2481203007518797,-0.0003603686329407479,-0.1466326590453174,0.8,0.0,2.1666666666666665,0.0,0.0,1.0,1.0,1.0,3.0,0
-0.8345864661654135,-0.052352093826374915,0.8219359123368939,0.4,1.0,1.1666666666666667,1.0,0.0,1.0,1.0,0.0,2.0,0
-0.22556390977443608,0.07212484965216137,-0.9901119898074241,0.0,0.0,-0.5,0.0,0.0,1.0,1.0,1.0,1.0,0
-0.38345864661654133,-0.7604224355583985,-0.8665699315678179,0.2,1.0,-0.75,0.0,1.0,1.0,1.0,0.0,0.0,0
1.1278195488721805,0.35650572721304974,0.7466664145438417,-0.8,0.0,0.08333333333333333,0.0,0.0,1.0,1.0,1.0,1.0,0
-0.3157894736842105,-0.7604224355583985,0.2481388416548985,-0.6,1.0,-1.0,0.0,0.0,0.0,1.0,0.0,0.0,0
1.2255639097744362,-0.7604224355583985,-0.14594906548247302,0.2,0.0,0.16666666666666666,0.0,1.0,0.0,1.0,1.0,1.0,0
0.24812030075187969,-0.051070844069992974,-0.37168417067710197,-0.4,0.0,-0.5833333333333334,1.0,0.0,1.0,0.0,1.0,0.0,0
0.48120300751879697,0.19976930766326106,-0.3253976907508274,-0.8,1.0,-0.8333333333333334,1.0,0.0,1.0,1.0,0.0,0.0,0
0.42857142857142855,-0.07239695754697675,0.39997000079086503,-0.6,0.0,-0.4166666666666667,0.0,0.0,0.0,1.0,0.0,1.0,0
-0.5413533834586466,-0.276924079194288,0.2926416207341042,0.8,1.0,-0.6666666666666666,0.0,1.0,1.0,1.0,0.0,0.0,0
-1.112781954887218,0.5226672810313963,0.6712832570555316,-0.6,0.0,0.75,0.0,1.0,0.0,1.0,1.0,1.0,1
0.015037593984962405,-0.7604224355583985,-0.5346490737744182,0.0,1.0,1.4166666666666667,0.0,1.0,0.0,0.0,1.0,2.0,0
0.5112781954887218,0.31942227098522447,0.7472800951286677,0.2,1.0,0.5,0.0,0.0,0.0,1.0,0.0,1.0,0
0.7218045112781954,-0.08974988834213547,0.35396787452664685,0.6,0.0,-1.1666666666666667,0.0,1.0,0.0,0.0,0.0,0.0,0
0.42105263157894735,-0.2213799082597596,-0.610642845488869,0.4,0.0,0.75,0.0,1.0,1.0,1.0,1.0,1.0,0
-0.24812030075187969,0.01489208978902386,0.3297927026540486,-0.2,0.0,-0.6666666666666666,1.0,0.0,1.0,0.0,1.0,0.0,0
-1.0300751879699248,0.27263804686547255,-0.18408639056747197,-0.6,0.0,1.75,0.0,0.0,0.0,1.0,0.0,2.0,1
0.11278195488721804,-0.7604224355583985,-0.028381602716691642,0.8,0.0,0.25,0.0,0.0,1.0,1.0,1.0,1.0,0
-1.0526315789473684,-0.7604224355583985,-0.5122952167487579,0.4,1.0,-0.5,0.0,0.0,0.0,0.0,0.0,1.0,0
0.8421052631578947,-0.7604224355583985,-0.8992562930304352,-0.8,1.0,0.5833333333333334,0.0,0.0,0.0,1.0,1.0,1.0,0
1.3458646616541354,-0.13156831966793592,0.9753150715490083,0.8,0.0,-0.4166666666666667,1.0,0.0,1.0,1.0,0.0,1.0,0
-1.3984962406015038,0.0663378755033124,-0.9056437225952181,0.8,0.0,-0.9166666666666666,0.0,0.0,1.0,1.0,0.0,0.0,0
-0.44360902255639095,0.16593383092854483,-0.763333300540331,-0.4,0.0,2.0833333333333335,1.0,0.0,0.0,0.0,1.0,3.0,1
0.2556390977443609,0.3071529706672312,-0.10474098659835171,1.0,0.0,0.16666666666666666,0.0,1.0,1.0,0.0,0.0,1.0,0
0.3233082706766917,-0.7604224355583985,-0.15129597733347672,-0.2,1.0,1.5833333333333333,0.0,1.0,0.0,1.0,0.0,2.0,0
-0.8345864661654135,0.16909217856686887,-0.2646829710920313,0.8,0.0,0.0,0.0,0.0,1.0,1.0,1.0,1.0,0
1.0225563909774436,0.29838777443438586,0.1394083179834399,-0.4,0.0,0.16666666666666666,0.0,0.0,0.0,0.0,1.0,1.0,0
0.3007518796992481,-0.7604224355583985,-0.931812436460896,-0.4,1.0,-0.08333333333333333,0.0,0.0,0.0,1.0,1.0,1.0,0
-1.037593984962406,0.18784889777302835,-0.914165951076503,-0.4,0.0,-0.16666666666666666,0.0,0.0,1.0,1.0,0.0,1.0,0
0.2631578947368421,-0.7604224355583985,0.03674785575286575,0.8,1.0,0.5833333333333334,0.0,0.0,0.0,0.0,0.0,1.0,1
-0.09022556390977443,0.18440379087901074,0.9779333330181801,0.6,0.0,0.6666666666666666,1.0,0.0,1.0,0.0,0.0,1.0,0
0.015037593984962405,-0.7604224355583985,0.4824932766891707,-0.6,1.0,-0.08333333333333333,0.0,1.0,0.0,1.0,1.0,1.0,0
-0.5639097744360902,-0.13552849632887431,0.3700459174436586,0.6,0.0,0.5,0.0,1.0,1.0,1.0,0.0,1.0,1
0.631578947368421,0.11497263701656922,-0.1484776870660863,0.4,1.0,1.4166666666666667,0.0,0.0,1.0,0.0,1.0,2.0,0
-0.6390977443609023,-0.7604224355583985,-0.12030132595737798,0.8,1.0,0.5833333333333334,0.0,1.0,1.0,1.0,0.0,1.0,0
-0.9323308270676691,0.003280690419134233,0.6171171552163938,0.4,1.0,0.5,0.0,1.0,1.0,1.0,1.0,1.0,0
-0.21804511278195488,-0.13360799281096117,0.0473515285095337,-0.6,0.0,-0.3333333333333333,1.0,0.0,1.0,1.0,1.0,1.0,0
0.18796992481203006,0.041843699047101265,0.2036271701355063,-0.4,0.0,-0.9166666666666666,1.0,0.0,0.0,1.0,0.0,0.0,0
0.022556390977443608,-0.7604224355583985,-0.10720449916588655,0.4,0.0,1.8333333333333333,0.0,0.0,0.0,1.0,0.0,2.0,1
0.0,0.23146599910783394,-0.6198966049404406,-1.0,1.0,0.8333333333333334,1.0,0.0,0.0,1.0,1.0,1.0,1
-0.09022556390977443,0.07249497280076707,0.1429110195093239,-0.8,1.0,3.1666666666666665,1.0,0.0,0.0,0.0,1.0,3.0,0
0.015037593984962405,-0.7604224355583985,0.7260630394794961,1.0,1.0,0.8333333333333334,0.0,0.0,1.0,1.0,0.0,1.0,0
-0.47368421052631576,-0.7604224355583985,0.7044696394077176,1.0,1.0,0.75,0.0,1.0,0.0,0.0,1.0,1.0,0
0.24060150375939848,0.2907813676528273,-0.9759242548077632,-0.4,2.0,0.08333333333333333,0.0,1.0,0.0,1.0,0.0,1.0,1
-0.7142857142857143,-0.3333897188736833,-1.0126740525877962,-0.4,0.0,-0.3333333333333333,0.0,0.0,1.0,1.0,1.0,1.0,0
0.3233082706766917,-0.7604224355583985,-0.9472646355702976,0.0,1.0,-0.6666666666666666,0.0,0.0,1.0,1.0,1.0,0.0,0
-0.5112781954887218,-0.7604224355583985,-0.4123619739326294,-0.4,1.0,-0.3333333333333333,0.0,0.0,1.0,0.0,1.0,1.0,0
-0.7368421052631579,-0.7604224355583985,0.9604357704539221,-0.2,1.0,0.6666666666666666,0.0,1.0,0.0,1.0,1.0,1.0,0
0.9097744360902256,-0.7604224355583985,-0.006407156472323043,1.0,0.0,-0.3333333333333333,0.0,1.0,0.0,1.0,1.0,1.0,0
-0.15037593984962405,-0.7604224355583985,0.9511709721110846,-0.2,1.0,0.08333333333333333,0.0,0.0,1.0,0.0,0.0,1.0,0
-1.1879699248120301,0.31964924955455354,-0.09375994729951538,-0.8,0.0,-0.3333333333333333,0.0,0.0,0.0,0.0,1.0,1.0,0
-0.22556390977443608,-0.10654246334584049,-0.6190426240466661,0.8,1.0,0.16666666666666666,0.0,0.0,0.0,0.0,0.0,1.0,0
-0.45112781954887216,0.06289057482263923,0.34092419795236245,-0.2,1.0,-0.9166666666666666,1.0,0.0,0.0,1.0,0.0,0.0,0
0.11278195488721804,0.01926430659359424,0.9220573273643258,-0.4,0.0,-0.5,0.0,0.0,1.0,1.0,1.0,1.0,0
1.4887218045112782,0.0574410520711324,0.0658227621682376,-1.0,0.0,0.16666666666666666,0.0,0.0,0.0,1.0,0.0,1.0,0
-0.8195488721804511,-0.2939906424813702,0.04912940327510101,0.2,0.0,1.0,1.0,0.0,1.0,1.0,0.0,1.0,0
1.218045112781955,0.3098073741709592,0.8825487266753914,0.8,0.0,0.9166666666666666,0.0,0.0,1.0,1.0,1.0,1.0,0
-1.2105263157894737,0.11744260574218171,-0.5950494916680009,-0.2,0.0,1.6666666666666667,1.0,0.0,0.0,1.0,1.0,2.0,1
-1.5263157894736843,0.130356800987392,-0.1701895507950622,-0.8,0.0,-0.5,0.0,1.0,0.0,0.0,0.0,1.0,0
0.13533834586466165,-0.7604224355583985,-0.23705109307382405,0.8,0.0,-0.5,0.0,0.0,0.0,0.0,1.0,1.0,0
0.6992481203007519,0.47744636495231507,0.4762516013738822,0.0,1.0,-1.0,0.0,0.0,1.0,1.0,0.0,0.0,0
-0.2781954887218045,0.3181155576337331,0.7380789748345222,-0.4,1.0,-0.3333333333333333,1.0,0.0,0.0,1.0,1.0,1.0,0
-1.1578947368421053,0.042293973758159006,0.8974273122867844,0.4,0.0,2.0,1.0,0.0,1.0,1.0,0.0,3.0,1
0.45864661654135336,-0.7604224355583985,-0.8488041648305781,0.6,0.0,0.0,0.0,0.0,0.0,1.0,1.0,1.0,0
0.40601503759398494,0.12406462911157243,-0.9477427831012464,0.6,0.0,0.16666666666666666,1.0,0.0,0.0,0.0,1.0,1.0,0
-0.6842105263157895,-0.7604224355583985,-0.8271403407210007,-0.2,3.0,0.5,0.0,0.0,1.0,0.0,0.0,1.0,1
-0.3458646616541353,0.30513460859457453,-0.6923675393736428,0.6,1.0,0.16666666666666666,1.0,0.0,1.0,1.0,0.0,1.0,0
-0.007518796992481203,-0.7604224355583985,-0.07966921144625713,0.6,1.0,-0.08333333333333333,0.0,1.0,0.0,1.0,0.0,1.0,0
-0.09022556390977443,0.14872788383930993,0.8707345577218386,0.8,0.0,2.4166666666666665,0.0,0.0,0.0,0.0,1.0,3.0,0
-0.3383458646616541,-0.7604224355583985,0.15069476660730285,-0.6,1.0,-0.16666666666666666,0.0,0.0,1.0,1.0,1.0,1.0,0
-1.0300751879699248,0.7819162953650106,0.3406026391382611,-1.0,0.0,0.0,0.0,0.0,0.0,1.0,1.0,1.0,0
-0.8646616541353384,0.047660210966277185,-0.029554791549575465,-0.8,0.0,-0.5833333333333334,0.0,1.0,1.0,1.0,1.0,0.0,0
-0.6992481203007519,0.3780237186728734,0.04205040761489289,0.8,0.0,-0.4166666666666667,0.0,0.0,1.0,1.0,0.0,1.0,0
-2.2030075187969924,0.24830957965128117,0.4855964316783983,0.2,0.0,0.5833333333333334,0.0,0.0,0.0,1.0,0.0,1.0,1
0.045112781954887216,0.2938706893610239,0.6114496044588946,0.8,0.0,0.6666666666666666,1.0,0.0,0.0,1.0,1.0,1.0,0
-1.0526315789473684,0.25658705010087696,-0.47452963654833813,-1.0,0.0,-0.08333333333333333,0.0,0.0,1.0,1.0,0.0,1.0,0
-0.5789473684210527,-0.7604224355583985,0.2355132119813366,0.0,1.0,0.25,0.0,0.0,1.0,1.0,1.0,1.0,0
0.6090225563909775,-0.7604224355583985,0.18790267837487598,0.0,0.0,0.9166666666666666,0.0,0.0,1.0,0.0,1.0,1.0,0
-0.5488721804511278,0.5441062961716191,-0.05735419496394031,-0.4,1.0,0.16666666666666666,0.0,0.0,0.0,1.0,0.0,1.0,0
-0.05263157894736842,-0.7604224355583985,0.7860807758091898,0.8,3.0,2.5833333333333335,0.0,0.0,0.0,1.0,1.0,3.0,1
-0.40601503759398494,0.11048360107258931,0.6943188678288253,-0.2,0.0,-0.4166666666666667,0.0,0.0,0.0,1.0,1.0,1.0,0
-0.45112781954887216,0.17411508816338878,-0.8184746066532576,0.6,1.0,0.08333333333333333,0.0,0.0,0.0,0.0,1.0,1.0,0
0.40601503759398494,0.3333621398414417,-0.13352285133539288,-0.4,0.0,1.5833333333333333,1.0,0.0,0.0,1.0,1.0,2.0,0
-0.03759398496240601,0.56024073517865,-0.093797663511341,-0.4,1.0,-0.3333333333333333,1.0,0.0,0.0,0.0,0.0,1.0,0
-0.15037593984962405,0.2539870995159214,-0.14583049961331948,0.2,0.0,2.3333333333333335,1.0,0.0,1.0,1.0,1.0,3.0,0
-0.8120300751879699,0.377538813472467,-0.19185296605681482,0.6,0.0,-0.5833333333333334,0.0,1.0,1.0,1.0,1.0,0.0,0
0.045112781954887216,-0.7604224355583985,-0.15078767727545855,-0.6,1.0,-1.0833333333333333,0.0,0.0,0.0,1.0,1.0,0.0,0
-0.015037593984962405,0.43808027370935915,-0.16840697427951115,-0.8,0.0,2.0,0.0,1.0,1.0,0.0,1.0,3.0,0
-1.1654135338345866,-0.7604224355583985,-0.7908390490046283,0.8,0.0,0.3333333333333333,0.0,0.0,1.0,0.0,0.0,1.0,0
1.0075187969924813,-0.7604224355583985,0.17976405136508547,0.8,1.0,-0.25,0.0,1.0,0.0,1.0,0.0,1.0,0
0.18796992481203006,-0.7604224355583985,0.8193516874491257,-0.4,1.0,-1.0,0.0,0.0,0.0,1.0,0.0,0.0,0
0.21052631578947367,0.09143260105648841,-0.2771628465160991,0.4,0.0,0.5833333333333334,0.0,0.0,1.0,0.0,1.0,1.0,0
1.0150375939849625,0.48042427363821777,-0.7279391399349396,-0.4,0.0,0.08333333333333333,1.0,0.0,0.0,1.0,1.0,1.0,0
0.3007518796992481,-0.7604224355583985,0.06680726773003723,-0.6,1.0,0.75,0.0,1.0,1.0,1.0,1.0,1.0,0
0.518796992481203,-0.7604224355583985,-0.2926955886469603,-0.8,1.0,0.0,0.0,0.0,0.0,1.0,0.0,1.0,0
-0.007518796992481203,-0.4578585140017846,0.0554996612312478,-0.2,0.0,0.3333333333333333,0.0,0.0,0.0,1.0,1.0,1.0,0
-0.48120300751879697,-0.7604224355583985,-0.8113642319225062,0.6,0.0,-0.8333333333333334,0.0,0.0,0.0,1.0,0.0,0.0,0
0.7744360902255639,-0.7604224355583985,0.6068230824749553,-0.4,1.0,-0.25,0.0,0.0,1.0,1.0,1.0,1.0,0
-1.150375939849624,0.2670730369164542,0.7714091694090348,0.0,1.0,-0.08333333333333333,1.0,0.0,1.0,1.0,0.0,1.0,0
1.1353383458646618,-0.7604224355583985,0.16588663186434738,0.2,1.0,-0.3333333333333333,0.0,0.0,1.0,1.0,0.0,1.0,0
-1.669172932330827,-0.7604224355583985,-0.30343694090858514,0.6,0.0,-0.3333333333333333,0.0,0.0,0.0,1.0,1.0,1.0,0
0.015037593984962405,0.11823706990959516,-0.2403983302143781,0.0,0.0,0.0,1.0,0.0,1.0,1.0,0.0,1.0,0
-0.15789473684210525,0.32309380800190746,0.5414777523539734,0.6,1.0,0.0,1.0,0.0,1.0,0.0,0.0,1.0,1
-0.631578947368421,0.2331746455144369,0.1962590168513019,0.0,1.0,-0.8333333333333334,0.0,1.0,1.0,0.0,1.0,0.0,0
-0.518796992481203,-0.7604224355583985,-0.9595183159353681,0.6,1.0,-0.08333333333333333,0.0,0.0,1.0,0.0,1.0,1.0,0
0.3007518796992481,-0.7604224355583985,-0.10962334510857666,0.0,1.0,1.4166666666666667,0.0,0.0,1.0,1.0,1.0,2.0,0
0.18796992481203006,-0.013651190037199971,-0.3730960244276355,0.4,0.0,0.25,0.0,1.0,1.0,1.0,1.0,1.0,0
-0.8872180451127819,0.1800692601952024,-0.6456831483020105,-0.2,0.0,-0.08333333333333333,0.0,0.0,1.0,1.0,0.0,1.0,0
-0.6090225563909775,-0.08852935946639903,0.46679188483063433,-0.2,0.0,-0.5833333333333334,0.0,0.0,0.0,1.0,0.0,0.0,0
0.03007518796992481,0.18014612107767106,0.3856094253733262,0.6,0.0,-0.75,0.0,1.0,1.0,1.0,1.0,0.0,0
-0.21052631578947367,0.2872942654142599,-0.9667958072144524,-1.0,0.0,1.25,1.0,0.0,0.0,0.0,0.0,2.0,1
0.41353383458646614,0.28033784627894015,0.3825824182914428,-0.2,0.0,-0.4166666666666667,0.0,1.0,0.0,0.0,0.0,1.0,0
-0.6766917293233082,0.12264093992162457,0.8884606662200857,-0.6,0.0,-0.5,1.0,0.0,1.0,0.0,1.0,1.0,0
-1.3383458646616542,-0.7604224355583985,0.7433769271585218,1.0,1.0,0.6666666666666666,0.0,0.0,1.0,0.0,0.0,1.0,0
-1.556390977443609,0.26660011919313004,-0.29466623516185847,0.4,1.0,-0.25,1.0,0.0,0.0,1.0,1.0,1.0,0
0.7819548872180451,0.27867714978066643,-0.4136818369226128,-0.4,0.0,0.0,0.0,0.0,1.0,1.0,1.0,1.0,0
-1.0526315789473684,-0.7604224355583985,0.010843359793879324,0.2,0.0,0.3333333333333333,0.0,0.0,0.0,1.0,1.0,1.0,0
-0.7669172932330827,0.3293947550243493,0.311174079354552,0.4,0.0,-1.25,0.0,0.0,0.0,1.0,0.0,0.0,0
-0.015037593984962405,-0.7604224355583985,0.035557699735258186,0.6,1.0,1.9166666666666667,0.0,0.0,1.0,1.0,1.0,2.0,0
-0.015037593984962405,0.4333673931769865,0.5252495600733524,0.8,2.0,0.6666666666666666,1.0,0.0,0.0,1.0,0.0,1.0,1
1.3759398496240602,0.21889403458089404,-0.7348925171010188,0.6,1.0,-0.4166666666666667,0.0,0.0,1.0,1.0,1.0,1.0,0
1.4210526315789473,-0.7604224355583985,0.8564622934344279,0.0,0.0,1.25,0.0,0.0,0.0,0.0,0.0,2.0,1
0.924812030075188,-0.7604224355583985,0.965224911660123,0.0,0.0,-0.5833333333333334,0.0,0.0,0.0,1.0,0.0,0.0,1
0.9699248120300752,0.39216102832809285,-0.6069344935071773,0.2,0.0,-0.4166666666666667,0.0,0.0,1.0,1.0,1.0,1.0,0
0.3157894736842105,-0.7604224355583985,-0.6526617718212626,0.0,0.0,-0.5,0.0,1.0,1.0,1.0,0.0,1.0,0
1.0676691729323309,-0.7604224355583985,0.9799959702936283,0.2,1.0,0.75,0.0,0.0,1.0,1.0,0.0,1.0,0
-0.12781954887218044,-0.17426739963690488,-0.7359118769398714,-0.2,0.0,2.9166666666666665,0.0,0.0,0.0,0.0,1.0,3.0,0
0.7518796992481203,-0.7604224355583985,0.4129066614470429,0.6,1.0,0.3333333333333333,0.0,0.0,0.0,1.0,0.0,1.0,1
-0.07518796992481203,0.28289509637363547,0.23312421192984736,-0.6,0.0,-0.16666666666666666,0.0,0.0,1.0,0.0,1.0,1.0,0
0.2556390977443609,0.6920133512288867,-0.35536920044569537,-0.4,0.0,-0.6666666666666666,1.0,0.0,1.0,1.0,0.0,0.0,0
-1.8345864661654134,-0.07193861283500742,0.9100705224168069,0.6,0.0,3.9166666666666665,0.0,0.0,0.0,0.0,0.0,3.0,1
0.14285714285714285,0.3744605390470715,0.8132531088724706,-0.8,0.0,-0.16666666666666666,1.0,0.0,1.0,1.0,1.0,1.0,0
0.007518796992481203,0.47958742237863755,1.0212027204223195,-0.6,2.0,-1.0,1.0,0.0,0.0,1.0,1.0,0.0,0
-0.22556390977443608,-0.7604224355583985,0.2011543562799601,0.8,1.0,0.4166666666666667,0.0,1.0,1.0,1.0,0.0,1.0,0
-0.05263157894736842,0.2247386739789754,0.9607340249420174,-0.8,0.0,-0.5833333333333334,0.0,0.0,1.0,1.0,1.0,0.0,0
-0.12030075187969924,0.21461959798154387,0.42844880707787136,0.4,0.0,1.9166666666666667,0.0,1.0,1.0,1.0,1.0,2.0,1
-0.7819548872180451,0.08918326458880854,0.2818589748421879,0.8,0.0,1.0,1.0,0.0,1.0,0.0,0.0,1.0,1
0.05263157894736842,-0.5762751218442821,0.719726204833016,0.8,0.0,0.5833333333333334,0.0,0.0,0.0,0.0,1.0,1.0,1
-0.06015037593984962,-0.7604224355583985,-0.19950271328025895,-0.4,1.0,0.08333333333333333,0.0,0.0,1.0,1.0,1.0,1.0,0
-0.49624060150375937,0.25993751077061106,0.9503690171029991,0.0,1.0,-0.8333333333333334,0.0,0.0,1.0,1.0,1.0,0.0,0
-1.1654135338345866,-0.7604224355583985,-0.095996038264579,0.2,0.0,0.8333333333333334,0.0,0.0,1.0,1.0,1.0,1.0,0
0.08270676691729323,-0.1085926353250031,-0.5188773600900387,0.0,0.0,0.6666666666666666,0.0,0.0,1.0,1.0,1.0,1.0,0
-0.24812030075187969,0.3203809557537129,-0.2757571254829356,-0.4,0.0,1.6666666666666667,1.0,0.0,1.0,1.0,1.0,2.0,1
0.37593984962406013,-0.17288265016009358,0.7315079725964637,0.8,0.0,0.6666666666666666,0.0,0.0,1.0,1.0,1.0,1.0,0
0.10526315789473684,0.3190830958983671,0.2008782817863533,0.4,1.0,0.5,0.0,0.0,1.0,1.0,1.0,1.0,1
-1.0526315789473684,-0.7604224355583985,0.7054190862685522,0.2,1.0,-0.5,0.0,1.0,1.0,1.0,0.0,1.0,0
-0.8270676691729323,0.10102579505276818,-0.5946516827345992,-0.2,1.0,0.16666666666666666,0.0,0.0,0.0,1.0,1.0,1.0,0
0.40601503759398494,0.3685191379875746,0.4240979507397145,1.0,0.0,0.8333333333333334,1.0,0.0,0.0,1.0,0.0,1.0,1
1.4736842105263157,0.10870851427013171,-0.7008684055560889,-0.4,0.0,0.25,0.0,1.0,1.0,1.0,1.0,1.0,0
-1.518796992481203,-0.17877751160268304,0.9814025090224413,0.8,1.0,-1.0,0.0,1.0,1.0,0.0,1.0,0.0,0
0.22556390977443608,-0.7604224355583985,0.6273978381915744,-1.0,0.0,0.4166666666666667,0.0,0.0,1.0,1.0,1.0,1.0,0
-0.05263157894736842,0.0097391199836374,-1.0095564857127493,-0.2,0.0,0.4166666666666667,0.0,0.0,1.0,1.0,1.0,1.0,0
0.6842105263157895,-0.7604224355583985,-0.7274030382248442,0.2,0.0,0.25,0.0,0.0,0.0,1.0,0.0,1.0,1
0.8571428571428571,0.016871120400927066,-0.3786396942942604,0.2,1.0,0.3333333333333333,0.0,1.0,1.0,1.0,0.0,1.0,0
-0.706766917293233,-0.7604224355583985,0.7604360004308237,0.2,1.0,0.25,0.0,0.0,1.0,1.0,0.0,1.0,0
-0.39849624060150374,0.1774700931054809,-0.6976632430346067,0.4,0.0,-0.75,0.0,0.0,1.0,0.0,0.0,0.0,0
0.5864661654135338,0.5510374084108761,-0.4409365528225641,0.0,0.0,-1.0,0.0,1.0,1.0,1.0,1.0,0.0,0
0.2781954887218045,0.44813204746617846,0.19290012754774483,0.0,0.0,0.25,0.0,1.0,0.0,0.0,1.0,1.0,0
0.3458646616541353,-0.7604224355583985,0.7576948801903391,0.0,0.0,2.1666666666666665,0.0,1.0,0.0,1.0,1.0,3.0,0
0.9774436090225563,-0.020074048918073434,0.0247296717348039,-0.6,0.0,-0.3333333333333333,0.0,0.0,0.0,0.0,1.0,1.0,0
0.6090225563909775,0.47586307778317394,0.8028531445444433,0.2,1.0,-0.5,1.0,0.0,1.0,0.0,0.0,1.0,0
1.4887218045112782,-0.7604224355583985,-0.9773134175040278,0.0,0.0,-0.4166666666666667,0.0,1.0,0.0,1.0,1.0,1.0,0
-0.924812030075188,-0.7604224355583985,0.2766366593657519,0.6,0.0,0.75,0.0,0.0,1.0,0.0,0.0,1.0,1
-0.2631578947368421,0.7282836961027264,0.07769110345855872,0.0,1.0,0.25,0.0,0.0,1.0,1.0,1.0,1.0,0
0.3458646616541353,0.30245724868048635,-0.6101229954798042,0.0,1.0,-0.3333333333333333,0.0,0.0,1.0,0.0,1.0,1.0,0
-0.007518796992481203,0.3208641372646042,0.3113969014189959,0.4,1.0,-0.5,1.0,0.0,1.0,1.0,0.0,1.0,0
0.8120300751879699,-0.04554688927124326,-0.19179654505701063,-0.4,0.0,0.08333333333333333,0.0,1.0,1.0,0.0,1.0,1.0,0
-0.40601503759398494,0.22276920200892877,0.5996240899782072,-1.0,0.0,0.08333333333333333,0.0,0.0,1.0,0.0,0.0,1.0,0
0.7218045112781954,0.28057289484918085,-0.4069110103102479,0.8,0.0,0.16666666666666666,0.0,0.0,0.0,1.0,1.0,1.0,1
0.924812030075188,0.10081597502906667,-0.02681653324386376,0.6,0.0,1.25,0.0,0.0,1.0,1.0,1.0,2.0,1
-0.03007518796992481,-0.7604224355583985,0.5161651658331495,0.0,0.0,1.0,0.0,1.0,1.0,1.0,0.0,1.0,1
1.037593984962406,-0.3995605140183164,0.9232879593165754,-0.4,1.0,-0.6666666666666666,0.0,1.0,1.0,1.0,1.0,0.0,0
0.6691729323308271,-0.7604224355583985,0.9310264265179724,0.4,1.0,0.5833333333333334,0.0,0.0,0.0,1.0,1.0,1.0,0
1.4887218045112782,0.19446151919960944,-0.9462939286225804,-0.8,0.0,0.6666666666666666,1.0,0.0,0.0,0.0,0.0,1.0,1
-0.5864661654135338,0.1447693525183633,0.9895214091246917,0.4,0.0,1.25,0.0,1.0,1.0,1.0,0.0,2.0,0
-0.7593984962406015,0.3698361934761563,-0.5076678770691694,-0.6,0.0,-0.9166666666666666,0.0,0.0,0.0,1.0,0.0,0.0,0
1.2030075187969924,0.14098217160512194,0.6704232456563434,-0.2,1.0,0.5833333333333334,0.0,0.0,1.0,1.0,0.0,1.0,0
0.47368421052631576,-0.31998176493192076,-0.06607318146084654,0.6,1.0,0.3333333333333333,0.0,0.0,0.0,0.0,0.0,1.0,1
1.2030075187969924,-0.33092954383849754,0.3292591562428572,0.0,0.0,-1.0,1.0,0.0,1.0,1.0,0.0,0.0,0
0.0,0.002982805531115959,0.04992870077232625,0.2,1.0,-0.25,0.0,0.0,0.0,1.0,1.0,1.0,0
-0.07518796992481203,0.24452012660186087,-0.3848707395661078,0.6,0.0,0.16666666666666666,1.0,0.0,0.0,1.0,0.0,1.0,1
0.46616541353383456,0.6504583310008027,0.006958283339975025,0.8,0.0,1.5,1.0,0.0,0.0,1.0,1.0,2.0,0
-0.8421052631578947,0.40006312621101436,0.17914219382376587,-1.0,0.0,0.9166666666666666,0.0,0.0,1.0,0.0,0.0,1.0,0
-0.8045112781954887,0.06845668166498536,-0.3231608843020707,0.6,0.0,0.8333333333333334,0.0,0.0,1.0,0.0,1.0,1.0,1
-0.49624060150375937,0.05206752835733681,0.9671869723707031,0.0,0.0,-0.08333333333333333,1.0,0.0,0.0,1.0,0.0,1.0,1
-0.518796992481203,-0.7604224355583985,0.14463707281311453,1.0,1.0,0.08333333333333333,0.0,0.0,0.0,0.0,1.0,1.0,0
-0.3383458646616541,0.47955028470453936,-0.23204383155316313,0.6,0.0,-0.08333333333333333,0.0,1.0,1.0,1.0,1.0,1.0,0
-0.39097744360902253,-0.7604224355583985,-0.41488947118472486,0.8,1.0,0.08333333333333333,0.0,0.0,0.0,1.0,1.0,1.0,0
-0.24812030075187969,0.2800282089624099,0.9441769145864514,0.6,2.0,0.4166666666666667,1.0,0.0,0.0,1.0,1.0,1.0,1
0.518796992481203,-0.19211064174958567,0.0458374628028333,-0.2,0.0,-0.3333333333333333,0.0,1.0,0.0,1.0,1.0,1.0,0
0.3007518796992481,-0.7604224355583985,0.31726213009972193,-0.6,1.0,-0.5833333333333334,0.0,0.0,1.0,0.0,1.0,0.0,0
1.4887218045112782,-0.7604224355583985,0.7391552667329597,0.4,0.0,1.5,0.0,1.0,0.0,0.0,0.0,2.0,1
-0.5639097744360902,-0.7604224355583985,0.44796914425467244,0.4,0.0,-0.75,0.0,1.0,1.0,1.0,0.0,0.0,0
-0.2556390977443609,0.4164948233098763,0.21690930720352825,0.2,0.0,0.75,0.0,0.0,0.0,1.0,0.0,1.0,1
-0.23308270676691728,-0.10964142204541702,-0.9227327439706766,0.8,1.0,0.0,0.0,1.0,0.0,1.0,0.0,1.0,0
1.1428571428571428,-0.7604224355583985,-0.9291073970409386,-0.2,0.0,1.0833333333333333,0.0,0.0,0.0,1.0,1.0,1.0,1
-0.7593984962406015,-0.7604224355583985,0.8755322847323576,-0.8,1.0,-0.5,0.0,0.0,1.0,1.0,1.0,1.0,0
0.8721804511278195,0.08816644447394736,-0.5893407494921664,0.8,0.0,0.0,1.0,0.0,1.0,1.0,0.0,1.0,1
-0.18796992481203006,-0.7604224355583985,0.15354903548326393,0.2,0.0,0.5833333333333334,0.0,1.0,1.0,1.0,1.0,1.0,0
-0.03759398496240601,0.009467090438345623,0.6671477613090185,-1.0,1.0,-0.6666666666666666,0.0,0.0,0.0,1.0,0.0,0.0,0
0.46616541353383456,0.07346697698823568,0.6610123864281433,0.8,1.0,0.6666666666666666,1.0,0.0,0.0,1.0,1.0,1.0,0
0.09022556390977443,0.35989497089687367,0.16359606192664677,0.6,0.0,0.5833333333333334,0.0,0.0,0.0,1.0,1.0,1.0,1
-0.7969924812030075,-0.08927289644359368,0.361125777817016,0.4,0.0,-0.08333333333333333,0.0,1.0,0.0,0.0,0.0,1.0,0
-0.9323308270676691,0.30164970014266274,0.3444449909944879,0.8,0.0,0.75,1.0,0.0,0.0,1.0,0.0,1.0,1
-0.18045112781954886,-0.3931948502895348,-0.6968279669288108,-0.8,3.0,0.75,0.0,0.0,0.0,1.0,0.0,1.0,1
0.7593984962406015,-0.7308949290190534,0.7933518277350355,-1.0,1.0,0.25,0.0,0.0,0.0,1.0,0.0,1.0,1
0.6240601503759399,-0.2873873446480753,-0.6053319122464362,-0.8,0.0,0.16666666666666666,0.0,1.0,1.0,1.0,0.0,1.0,0
-0.15037593984962405,0.023178648783335642,-0.7683438328435891,-0.6,0.0,0.5,0.0,0.0,1.0,1.0,0.0,1.0,0
-1.0526315789473684,-0.09971837655556613,-0.8358033150659275,-0.4,1.0,-0.08333333333333333,0.0,0.0,0.0,1.0,0.0,1.0,0
0.3533834586466165,0.2103768929391762,0.28616158713703427,-0.8,2.0,-0.4166666666666667,1.0,0.0,1.0,1.0,1.0,1.0,1
0.19548872180451127,0.6347814532105068,0.11201367391549595,0.4,0.0,0.5,0.0,0.0,0.0,0.0,0.0,1.0,0
0.007518796992481203,0.17067350699792477,-0.4765817459923013,0.0,0.0,-0.25,0.0,0.0,1.0,1.0,1.0,1.0,0
0.7368421052631579,-0.7604224355583985,-0.40507139952315574,0.2,1.0,-0.08333333333333333,0.0,1.0,0.0,1.0,1.0,1.0,0
1.2481203007518797,0.29957155738364155,-0.3650726925044013,0.6,1.0,2.9166666666666665,1.0,0.0,0.0,1.0,1.0,3.0,0
-0.5037593984962406,0.22557231290809573,-0.9199855932247786,-0.6,0.0,1.0833333333333333,1.0,0.0,1.0,1.0,0.0,1.0,1
-0.18796992481203006,-0.7604224355583985,-0.07668963071203534,0.2,0.0,1.5,0.0,1.0,0.0,0.0,0.0,2.0,1
-0.706766917293233,-0.1845988028427871,0.3766935786488424,0.0,0.0,-0.4166666666666667,0.0,0.0,1.0,0.0,0.0,1.0,0
-0.6015037593984962,0.018006875092329972,0.9925078380599764,-0.2,0.0,0.8333333333333334,1.0,0.0,1.0,1.0,0.0,1.0,1
-0.3383458646616541,0.21001162746102223,0.13905558452270794,0.4,0.0,0.6666666666666666,0.0,0.0,1.0,0.0,1.0,1.0,0
0.5789473684210527,0.12942922097969886,0.04036493245770054,0.0,1.0,0.25,1.0,0.0,1.0,1.0,0.0,1.0,0
0.5488721804511278,-0.7604224355583985,0.6056093154954733,0.2,1.0,0.08333333333333333,0.0,0.0,1.0,1.0,1.0,1.0,0
-0.9849624060150376,-0.7604224355583985,-0.1336390663295546,-0.6,1.0,0.0,0.0,0.0,1.0,1.0,1.0,1.0,0
-0.5037593984962406,0.43679784871012584,-0.37008179384027323,-0.2,0.0,-0.3333333333333333,0.0,0.0,0.0,1.0,0.0,1.0,0
-0.7518796992481203,0.2871190758799073,0.016586649610898292,0.8,1.0,0.4166666666666667,0.0,0.0,1.0,1.0,0.0,1.0,1
-0.9624060150375939,-0.7604224355583985,-0.6910177282805026,-0.2,1.0,1.0833333333333333,0.0,0.0,1.0,1.0,1.0,1.0,1
-0.12781954887218044,-0.7604224355583985,-0.3828117819210815,1.0,1.0,0.3333333333333333,0.0,1.0,0.0,1.0,1.0,1.0,0
0.24812030075187969,-0.0947758535700685,0.969958551774125,-0.2,1.0,-0.5833333333333334,1.0,0.0,0.0,0.0,1.0,0.0,0
0.7443609022556391,-0.0013065174776828604,-0.22732644314019157,-0.6,0.0,1.0833333333333333,1.0,0.0,1.0,1.0,0.0,1.0,1
-1.6015037593984962,-0.006729479740752387,1.0162687448742302,-0.4,3.0,1.25,0.0,1.0,1.0,1.0,0.0,2.0,1
-0.8796992481203008,0.2819421311203563,0.11092900063665272,-0.6,0.0,-0.3333333333333333,0.0,0.0,1.0,1.0,1.0,1.0,0
1.105263157894737,-0.7604224355583985,0.38207871777145225,0.8,1.0,-0.5833333333333334,0.0,0.0,0.0,1.0,0.0,0.0,0
0.39849624060150374,0.2259142302282725,-0.03509386187817284,-0.4,2.0,1.4166666666666667,1.0,0.0,0.0,1.0,0.0,2.0,1
0.8796992481203008,0.4057819362744936,0.954503592941907,0.8,0.0,1.9166666666666667,1.0,0.0,1.0,1.0,0.0,2.0,1
-0.5263157894736842,-0.44319493059779635,0.29725168659310053,-0.8,0.0,0.3333333333333333,0.0,0.0,1.0,1.0,0.0,1.0,0
0.3233082706766917,-0.7604224355583985,0.12386566129283046,0.8,1.0,-0.6666666666666666,0.0,0.0,0.0,1.0,0.0,0.0,0
1.263157894736842,0.05922554081639961,-0.3874702962473009,-0.8,0.0,0.16666666666666666,0.0,0.0,0.0,1.0,0.0,1.0,1
-0.5488721804511278,-0.7604224355583985,0.2799765372454619,0.8,1.0,-0.8333333333333334,0.0,0.0,0.0,1.0,0.0,0.0,0
-0.40601503759398494,-0.7604224355583985,-0.8817372659553825,0.8,0.0,2.25,0.0,0.0,0.0,0.0,1.0,3.0,1
-0.5488721804511278,-0.7604224355583985,-0.7491900277416027,0.2,1.0,-0.5,0.0,0.0,1.0,1.0,0.0,1.0,0
-0.6240601503759399,-0.7604224355583985,0.35595957670451545,-0.6,1.0,0.3333333333333333,0.0,1.0,1.0,1.0,0.0,1.0,0
-0.5263157894736842,-0.7604224355583985,-0.4464953500587017,-0.2,0.0,-1.4166666666666667,0.0,0.0,1.0,1.0,1.0,0.0,0
0.5789473684210527,0.0988878716073824,-0.7553307176441986,0.0,0.0,-0.6666666666666666,1.0,0.0,1.0,1.0,1.0,0.0,0
1.481203007518797,-0.7604224355583985,0.5973769601218775,-1.0,1.0,-0.8333333333333334,0.0,0.0,1.0,0.0,1.0,0.0,0
0.22556390977443608,-0.7604224355583985,0.7828318665704684,-0.2,0.0,1.75,0.0,1.0,0.0,1.0,0.0,2.0,0
-0.24060150375939848,-0.7604224355583985,-0.5719802531611284,-0.4,1.0,2.5,0.0,0.0,0.0,1.0,1.0,3.0,0
-0.7368421052631579,-0.7604224355583985,0.9527545419479786,-0.8,1.0,-0.5,0.0,0.0,1.0,0.0,1.0,1.0,0
0.23308270676691728,-0.386809050733236,-0.13724469529529876,-0.6,1.0,0.16666666666666666,1.0,0.0,0.0,1.0,1.0,1.0,0
-0.12030075187969924,-0.7604224355583985,-0.4494889338309183,-0.6,1.0,0.4166666666666667,0.0,0.0,1.0,1.0,1.0,1.0,0
0.0,0.48873559108192816,0.8067282042266434,0.8,0.0,0.3333333333333333,1.0,0.0,1.0,1.0,0.0,1.0,0
-0.8646616541353384,0.04885958547069198,0.31908375158252855,0.6,1.0,2.4166666666666665,1.0,0.0,1.0,1.0,1.0,3.0,0
0.15037593984962405,-0.06290890861111798,0.9142373972338635,-0.2,1.0,0.25,1.0,0.0,1.0,1.0,0.0,1.0,0
0.7819548872180451,-0.7604224355583985,0.6855003268866123,-0.6,0.0,1.9166666666666667,0.0,0.0,1.0,1.0,1.0,2.0,1
0.06015037593984962,0.13800285262779793,-0.1517023720711963,-1.0,0.0,-0.4166666666666667,0.0,0.0,0.0,1.0,0.0,1.0,0
-1.0075187969924813,0.06636600298221784,-0.2660439232883939,0.8,1.0,0.6666666666666666,0.0,0.0,0.0,1.0,1.0,1.0,0
0.23308270676691728,-0.01064476212477483,0.8679757548129378,0.2,1.0,0.3333333333333333,0.0,0.0,1.0,1.0,1.0,1.0,0
0.022556390977443608,0.09431923254761428,-0.9983186899800216,0.2,1.0,0.0,0.0,0.0,1.0,1.0,0.0,1.0,0
-0.3533834586466165,0.24364880155197874,0.4944592303976314,0.8,0.0,-0.3333333333333333,0.0,0.0,1.0,0.0,0.0,1.0,0
0.3533834586466165,0.4824643385288599,0.9642566577993538,-1.0,0.0,1.0833333333333333,0.0,1.0,0.0,1.0,0.0,1.0,0
0.8872180451127819,0.4543678076851402,0.8853333892092029,-0.4,1.0,-0.5,0.0,0.0,1.0,1.0,1.0,1.0,0
-0.8195488721804511,0.030128173160595063,-0.675991241968536,-0.8,0.0,0.9166666666666666,1.0,0.0,1.0,0.0,0.0,1.0,1
0.6090225563909775,-0.7604224355583985,0.1814798834732594,0.0,1.0,-1.25,0.0,0.0,1.0,1.0,1.0,0.0,0
-0.9624060150375939,0.26910761734045746,0.9630568938578664,0.4,0.0,-1.0,1.0,0.0,0.0,0.0,0.0,0.0,0
-0.007518796992481203,-0.7604224355583985,0.3136421914601145,0.4,1.0,1.3333333333333333,0.0,0.0,1.0,1.0,1.0,2.0,0
0.007518796992481203,0.1536262960431258,-0.7725458685735673,0.2,1.0,-0.16666666666666666,0.0,1.0,1.0,1.0,1.0,1.0,0
-0.09774436090225563,-0.7604224355583985,-0.46611953458296834,-0.6,1.0,1.4166666666666667,0.0,1.0,0.0,1.0,1.0,2.0,0
0.47368421052631576,-0.7604224355583985,-0.31461156965240145,0.6,1.0,-1.3333333333333333,0.0,0.0,1.0,1.0,0.0,0.0,0
-0.06766917293233082,-0.7604224355583985,0.7251493668033199,0.4,1.0,0.16666666666666666,0.0,0.0,1.0,1.0,1.0,1.0,0
-0.9924812030075187,-0.7604224355583985,-0.6464313398211523,0.4,1.0,0.5,0.0,1.0,1.0,1.0,1.0,1.0,0
-0.8721804511278195,-0.03673358643102214,0.21684031413311558,0.2,1.0,-1.1666666666666667,1.0,0.0,1.0,1.0,0.0,0.0,0
0.6390977443609023,-0.7604224355583985,0.16014957697665475,-0.2,1.0,-0.3333333333333333,0.0,0.0,0.0,1.0,0.0,1.0,0
-0.10526315789473684,-0.1521374983992213,0.12162486857778325,0.8,1.0,0.5833333333333334,0.0,1.0,1.0,1.0,1.0,1.0,0
-0.6240601503759399,0.143785674251906,0.4710057771475276,-0.8,0.0,-0.5,0.0,1.0,1.0,0.0,0.0,1.0,0
-0.10526315789473684,0.04380000829721447,0.704373662380877,-0.8,0.0,1.0833333333333333,1.0,0.0,1.0,1.0,0.0,1.0,1
-1.1353383458646618,-0.7604224355583985,-0.5274111385223704,1.0,1.0,1.6666666666666667,0.0,0.0,1.0,1.0,1.0,2.0,0
0.45112781954887216,0.12629210606221997,0.48872278878167563,0.6,1.0,-0.8333333333333334,1.0,0.0,1.0,1.0,0.0,0.0,0
-1.1729323308270676,-0.04772782660498313,-0.7322969466861161,-1.0,0.0,-0.5833333333333334,0.0,0.0,1.0,0.0,1.0,0.0,0
-0.44360902255639095,0.1774456480541759,0.10564985531258773,-0.2,1.0,0.3333333333333333,1.0,0.0,0.0,1.0,1.0,1.0,0
0.48120300751879697,0.3711708776075064,0.3545294270138279,-0.2,0.0,-0.16666666666666666,0.0,0.0,1.0,1.0,0.0,1.0,0
-1.6842105263157894,-0.7604224355583985,-0.45953994654059177,-0.6,1.0,-0.5,0.0,0.0,0.0,1.0,0.0,1.0,0
0.8345864661654135,0.41040722203968966,0.06987004899657888,-0.8,1.0,2.5,0.0,0.0,1.0,0.0,1.0,3.0,0
-0.8646616541353384,0.35047022837593306,0.49420094078439775,0.2,0.0,0.08333333333333333,0.0,1.0,0.0,0.0,1.0,1.0,0
-1.736842105263158,-0.049609233710712984,-0.8921486780225004,0.2,0.0,-0.25,0.0,1.0,1.0,1.0,1.0,1.0,0
-0.37593984962406013,-0.16030363417604648,0.2825976606494063,0.4,1.0,0.9166666666666666,1.0,0.0,0.0,0.0,0.0,1.0,0
0.5864661654135338,0.11851097984344902,-0.38772132881164684,0.0,0.0,2.0833333333333335,0.0,1.0,1.0,0.0,1.0,3.0,0
-0.12781954887218044,0.1287559635250061,-0.039200329429134706,0.0,0.0,0.0,1.0,0.0,1.0,1.0,0.0,1.0,1
1.2330827067669172,-0.7604224355583985,-0.7261090348597712,0.6,1.0,-0.5,0.0,0.0,1.0,1.0,1.0,1.0,0
0.7518796992481203,-0.7604224355583985,0.9070300233567097,-0.4,0.0,0.16666666666666666,0.0,0.0,1.0,1.0,0.0,1.0,0
0.24060150375939848,-0.7604224355583985,-0.24364366203463386,-0.2,2.0,0.08333333333333333,0.0,0.0,1.0,1.0,0.0,1.0,0
-0.6015037593984962,0.339855434943864,-0.7461101770783812,-0.6,0.0,0.5,0.0,0.0,1.0,1.0,0.0,1.0,1
-0.8796992481203008,0.3491364844388639,-0.24079389048474417,0.0,1.0,1.3333333333333333,1.0,0.0,0.0,1.0,1.0,2.0,0
0.2556390977443609,-0.7604224355583985,0.5680632865768999,-0.2,1.0,0.16666666666666666,0.0,0.0,1.0,1.0,0.0,1.0,0
-0.08270676691729323,-0.2670191324443457,-0.6176720639264239,0.4,1.0,0.0,1.0,0.0,0.0,0.0,1.0,1.0,0
-0.6917293233082706,-0.7604224355583985,0.006420546238580885,-0.2,0.0,1.0,0.0,0.0,1.0,1.0,1.0,1.0,1
-0.05263157894736842,-0.7604224355583985,-0.7234498886081328,0.4,0.0,0.3333333333333333,0.0,0.0,1.0,0.0,1.0,1.0,0
-0.48872180451127817,-0.7604224355583985,-0.8413203076119928,-0.8,1.0,-0.08333333333333333,0.0,0.0,1.0,0.0,1.0,1.0,0
-0.23308270676691728,-0.7604224355583985,-0.6472467868074518,0.6,1.0,0.16666666666666666,0.0,1.0,1.0,1.0,0.0,1.0,0
-0.7443609022556391,0.3754462544011375,-0.8187384157121244,0.2,0.0,0.3333333333333333,0.0,1.0,1.0,1.0,1.0,1.0,0
0.24812030075187969,0.19896207252353115,0.8312143048699014,0.4,1.0,-0.5,0.0,1.0,1.0,1.0,1.0,1.0,0
-0.12781954887218044,0.19699471599061674,0.814604759780822,1.0,1.0,0.5,0.0,0.0,1.0,0.0,1.0,1.0,0
-0.3308270676691729,-0.16651941526653782,0.2689810860608062,0.4,0.0,0.9166666666666666,0.0,1.0,1.0,1.0,0.0,1.0,0
0.7593984962406015,0.10788239689525911,-0.4246975260745896,-0.8,0.0,-0.5833333333333334,1.0,0.0,1.0,1.0,1.0,0.0,0
-0.6766917293233082,0.3544609613510028,0.7938369256790039,-0.4,0.0,-0.16666666666666666,1.0,0.0,1.0,0.0,1.0,1.0,0
1.0977443609022557,0.178108955119395,0.6623476834235077,0.2,0.0,0.16666666666666666,1.0,0.0,0.0,1.0,1.0,1.0,0
0.17293233082706766,0.45886130955195464,-0.6569124604423761,0.6,0.0,-0.16666666666666666,0.0,1.0,0.0,0.0,1.0,1.0,0
0.9473684210526315,0.10975659584483483,-0.16241776249595477,-0.2,1.0,-0.3333333333333333,1.0,0.0,0.0,1.0,0.0,1.0,0
-0.47368421052631576,0.3392566878859375,0.37698856235434,0.8,1.0,-0.08333333333333333,1.0,0.0,0.0,1.0,0.0,1.0,0
0.7443609022556391,0.4647102581738239,0.1710310618301843,0.8,1.0,1.4166666666666667,1.0,0.0,1.0,0.0,1.0,2.0,0
-0.015037593984962405,-0.7604224355583985,-0.8327500395113095,0.8,1.0,0.0,0.0,0.0,1.0,1.0,0.0,1.0,0
-0.16541353383458646,0.32122148944089357,0.1498839191590307,0.0,0.0,1.3333333333333333,0.0,0.0,1.0,0.0,1.0,2.0,0
1.4887218045112782,-0.7604224355583985,-0.7575690572722978,0.8,1.0,-0.16666666666666666,0.0,0.0,0.0,0.0,0.0,1.0,0
-0.2932330827067669,-0.7604224355583985,0.7916971183766495,0.0,0.0,-1.5,0.0,1.0,1.0,1.0,1.0,0.0,0
0.2556390977443609,0.04461672372927746,0.9757860642430254,0.4,0.0,0.3333333333333333,0.0,1.0,1.0,0.0,1.0,1.0,0
1.3984962406015038,0.5459298813290697,-0.8705136776845621,0.0,1.0,0.16666666666666666,0.0,1.0,0.0,1.0,0.0,1.0,0
-0.46616541353383456,0.2079736780075121,-0.9993264998678274,0.6,1.0,-0.8333333333333334,1.0,0.0,0.0,1.0,0.0,0.0,0
0.45112781954887216,0.13345411434697693,-0.0679947662367845,0.6,0.0,-0.25,0.0,0.0,1.0,1.0,0.0,1.0,0
0.8646616541353384,-0.7604224355583985,0.776926059743144,0.8,1.0,0.9166666666666666,0.0,0.0,1.0,0.0,1.0,1.0,0
0.6616541353383458,-0.7604224355583985,1.0205223976420725,0.8,0.0,0.5,0.0,1.0,1.0,1.0,0.0,1.0,1
1.0601503759398496,0.030230575987696642,-0.9083292395315475,-0.4,0.0,-1.0,0.0,1.0,1.0,0.0,0.0,0.0,0
0.6691729323308271,-0.7604224355583985,-0.618713808183677,0.0,0.0,1.9166666666666667,0.0,0.0,0.0,1.0,1.0,2.0,0
0.43609022556390975,-0.7604224355583985,0.0020248188516664707,0.6,1.0,-1.25,0.0,1.0,1.0,0.0,0.0,0.0,0
-0.3007518796992481,0.5737789060283259,-0.4072716140916048,0.0,0.0,0.16666666666666666,0.0,1.0,1.0,1.0,1.0,1.0,0
0.2631578947368421,-0.7604224355583985,-0.26895154680547395,0.8,1.0,-0.16666666666666666,0.0,0.0,1.0,0.0,1.0,1.0,0
0.40601503759398494,0.18464432391589036,0.422715534032557,0.2,0.0,0.8333333333333334,1.0,0.0,0.0,1.0,1.0,1.0,0
-0.5263157894736842,-0.06359258655242478,-0.9136973092574777,-0.8,0.0,-0.4166666666666667,1.0,0.0,1.0,1.0,1.0,1.0,0
0.11278195488721804,0.5523796140964738,-0.5955269237152566,0.4,0.0,0.16666666666666666,0.0,1.0,1.0,1.0,1.0,1.0,0
0.06015037593984962,-0.09885026383614387,0.8381643090414271,-1.0,0.0,-0.08333333333333333,0.0,1.0,0.0,1.0,1.0,1.0,0
-0.8796992481203008,0.29371344186753306,-0.42155553054201866,0.0,0.0,0.9166666666666666,1.0,0.0,1.0,1.0,1.0,1.0,1
0.8270676691729323,0.1598593923782915,0.8066009503412157,-0.8,0.0,-0.16666666666666666,1.0,0.0,1.0,0.0,1.0,1.0,1
-0.7368421052631579,0.25584625535700173,0.7538150165461993,-0.6,0.0,0.16666666666666666,0.0,0.0,1.0,1.0,0.0,1.0,0
-0.3007518796992481,0.1906970596481581,0.660641663663126,-0.4,0.0,-0.4166666666666667,0.0,0.0,1.0,1.0,0.0,1.0,0
1.037593984962406,-0.7604224355583985,-0.8068218303784923,0.0,0.0,-0.9166666666666666,0.0,0.0,1.0,1.0,0.0,0.0,0
-0.09774436090225563,0.10166591065905695,0.3531285099426042,1.0,1.0,0.75,1.0,0.0,0.0,1.0,1.0,1.0,0
0.5714285714285714,0.20084402807592486,0.07697163349909981,-0.4,1.0,0.0,0.0,0.0,1.0,0.0,0.0,1.0,1
0.9398496240601504,-0.7604224355583985,-0.8262141981861724,0.6,1.0,0.16666666666666666,0.0,0.0,1.0,1.0,1.0,1.0,0
1.037593984962406,-0.7604224355583985,-0.8664214175955074,0.8,0.0,0.75,0.0,1.0,0.0,0.0,0.0,1.0,1
0.924812030075188,0.2892278533025832,0.9034817352983754,0.2,1.0,0.4166666666666667,0.0,0.0,1.0,0.0,1.0,1.0,0
1.3533834586466165,0.08300187893909573,0.3597046227784711,0.8,1.0,0.25,1.0,0.0,0.0,1.0,1.0,1.0,0
0.24060150375939848,0.23318373405915288,-0.70987338110635,-0.8,1.0,0.0,1.0,0.0,1.0,1.0,1.0,1.0,1
-0.45112781954887216,-0.7604224355583985,0.015276905604575466,0.0,0.0,2.0833333333333335,0.0,0.0,0.0,1.0,1.0,3.0,0
0.7669172932330827,0.38957181162784493,0.5237195493014899,0.4,1.0,1.0833333333333333,0.0,1.0,0.0,0.0,1.0,1.0,0
0.22556390977443608,0.10654653752105792,0.12707266362952363,-1.0,0.0,-0.9166666666666666,0.0,0.0,0.0,0.0,1.0,0.0,0
-0.22556390977443608,-0.7604224355583985,-0.9708852053687343,-0.2,1.0,0.0,0.0,1.0,1.0,1.0,0.0,1.0,0
-0.10526315789473684,0.29804867769705196,0.8900288020515986,-0.2,0.0,-0.8333333333333334,1.0,0.0,1.0,1.0,1.0,0.0,1
0.18796992481203006,0.013072813855361015,0.5284330536601274,0.2,0.0,-0.9166666666666666,1.0,0.0,0.0,0.0,1.0,0.0,0
0.16541353383458646,0.37477738451975595,0.032145251366669604,0.4,0.0,0.6666666666666666,0.0,0.0,1.0,1.0,1.0,1.0,1
-0.2857142857142857,-0.7604224355583985,-0.8085696548289465,0.2,0.0,0.25,0.0,0.0,1.0,1.0,1.0,1.0,1
0.45112781954887216,-0.7604224355583985,0.45921848993844677,-0.6,0.0,-0.6666666666666666,0.0,0.0,0.0,1.0,1.0,0.0,0
0.6992481203007519,-0.7604224355583985,-0.3237768135499325,0.4,1.0,0.75,0.0,0.0,0.0,1.0,1.0,1.0,0
-0.08270676691729323,0.052152694289287316,0.9507477124005974,-0.6,0.0,-0.16666666666666666,1.0,0.0,1.0,0.0,1.0,1.0,1
-0.2631578947368421,0.26787314224955344,0.8563530288532855,-1.0,1.0,-0.25,0.0,0.0,0.0,1.0,0.0,1.0,0
1.300751879699248,0.1667419279130323,-0.747216519291932,0.2,0.0,-0.16666666666666666,1.0,0.0,0.0,1.0,0.0,1.0,1
0.3157894736842105,0.15098677894884638,0.1866156254228221,0.6,0.0,1.6666666666666667,0.0,1.0,1.0,1.0,1.0,2.0,0
-0.15037593984962405,0.17108139461681576,0.4672213794704476,0.0,0.0,-0.75,0.0,0.0,0.0,0.0,1.0,0.0,0
-0.007518796992481203,0.5394086154467888,-0.7808219706644023,-0.6,1.0,0.6666666666666666,0.0,0.0,1.0,1.0,0.0,1.0,1
-0.8120300751879699,-0.7604224355583985,-0.3870331357107751,0.6,1.0,0.25,0.0,0.0,1.0,1.0,0.0,1.0,0
0.706766917293233,-0.7604224355583985,-0.35038606094668984,-0.2,0.0,-0.25,0.0,0.0,0.0,0.0,1.0,1.0,0
0.7443609022556391,-0.7604224355583985,-0.8370796357625838,0.6,1.0,-0.5,0.0,0.0,1.0,0.0,0.0,1.0,0
0.08270676691729323,-0.7604224355583985,0.905199816069585,0.6,0.0,-0.8333333333333334,0.0,1.0,1.0,1.0,1.0,0.0,0
0.9924812030075187,0.324836144703578,0.7392154695751422,-0.8,0.0,0.08333333333333333,1.0,0.0,1.0,1.0,1.0,1.0,0
0.9699248120300752,0.21912759451018995,0.09050367879994983,-1.0,1.0,-1.4166666666666667,0.0,0.0,1.0,1.0,1.0,0.0,0
-0.6090225563909775,-0.7604224355583985,-0.27185978359429125,0.0,1.0,0.25,0.0,0.0,1.0,0.0,0.0,1.0,0
0.03759398496240601,-0.1140366736098709,0.1616357388193216,-0.2,0.0,0.0,0.0,0.0,1.0,1.0,1.0,1.0,0
-0.3533834586466165,-0.7604224355583985,-0.6486832736394217,-0.6,0.0,-0.25,0.0,0.0,0.0,0.0,0.0,1.0,0
1.4887218045112782,0.21541296525562964,0.21396212765941133,-0.4,1.0,0.16666666666666666,1.0,0.0,1.0,1.0,1.0,1.0,0
0.6240601503759399,-0.7604224355583985,-0.28978653416249384,0.0,1.0,-0.25,0.0,1.0,1.0,0.0,0.0,1.0,0
0.6616541353383458,0.016000422147232136,-0.14749491910754148,-0.2,0.0,1.5833333333333333,0.0,1.0,0.0,1.0,1.0,2.0,1
0.8872180451127819,0.34859360059113154,0.8266891771464798,0.0,1.0,0.0,1.0,0.0,1.0,0.0,1.0,1.0,0
-0.18796992481203006,0.0773135468402244,-0.15512555269518244,0.6,1.0,0.08333333333333333,1.0,0.0,1.0,0.0,1.0,1.0,0
0.6992481203007519,0.10981637653119941,-0.2674987060605174,-0.8,0.0,-0.75,1.0,0.0,0.0,1.0,0.0,0.0,1
-0.5112781954887218,-0.7604224355583985,0.4921873652479095,-0.2,1.0,-0.9166666666666666,0.0,0.0,1.0,1.0,0.0,0.0,0
0.7744360902255639,0.21534472282073638,0.9138152618548944,0.4,0.0,-0.75,0.0,0.0,0.0,0.0,1.0,0.0,0
0.47368421052631576,-0.06999883533433449,-0.7984156124674568,-0.6,1.0,0.4166666666666667,1.0,0.0,1.0,1.0,1.0,1.0,0
0.49624060150375937,-0.2077365923496627,-0.11094228819095445,-0.2,0.0,-0.3333333333333333,1.0,0.0,0.0,0.0,0.0,1.0,0
-0.3609022556390977,0.1292074134789151,0.3621209134222569,1.0,0.0,-0.08333333333333333,1.0,0.0,1.0,1.0,1.0,1.0,0
0.39849624060150374,-0.2629914968437483,-0.7237221812593614,-0.4,0.0,0.8333333333333334,0.0,1.0,0.0,0.0,1.0,1.0,1
1.4887218045112782,-0.7604224355583985,-0.4740499558380468,-0.8,0.0,2.0,0.0,0.0,1.0,1.0,0.0,3.0,1
-0.556390977443609,0.03943750683354741,0.9037506549550505,0.0,3.0,-0.5,1.0,0.0,0.0,0.0,0.0,1.0,1
0.7819548872180451,0.2729999433141198,-0.06280566964610271,-0.8,0.0,-0.8333333333333334,1.0,0.0,1.0,1.0,0.0,0.0,0
0.2631578947368421,0.019840332289730655,-0.9989566970104155,-0.4,0.0,-0.16666666666666666,0.0,0.0,0.0,1.0,1.0,1.0,1
0.5263157894736842,0.27448537192851746,0.29452579593408507,-0.2,0.0,1.0833333333333333,0.0,1.0,0.0,1.0,1.0,1.0,0
0.19548872180451127,0.041392405792239226,-0.20235228040623643,0.0,0.0,0.5,0.0,0.0,1.0,1.0,1.0,1.0,0
0.2706766917293233,0.3721473477178096,0.44981447891131,0.8,1.0,-0.6666666666666666,1.0,0.0,1.0,1.0,0.0,0.0,0
-0.6015037593984962,-0.7604224355583985,0.2037541173850656,0.0,1.0,-0.9166666666666666,0.0,1.0,0.0,1.0,0.0,0.0,0
-0.12781954887218044,0.12990362734396801,-0.08753247944613395,-0.6,0.0,-0.16666666666666666,0.0,1.0,1.0,1.0,0.0,1.0,0
-0.3383458646616541,0.1889143729419294,0.16191702612269301,-0.2,0.0,-1.0,0.0,1.0,0.0,0.0,1.0,0.0,0
-1.1578947368421053,-0.040722047269912826,0.025633123215363245,-0.8,0.0,0.75,0.0,0.0,1.0,1.0,0.0,1.0,1
-1.0225563909774436,0.3339250811671682,-0.5504697469858014,0.4,1.0,1.0833333333333333,1.0,0.0,1.0,1.0,0.0,1.0,0
0.2932330827067669,0.15263493952337392,-0.48508721171277486,0.8,0.0,-0.6666666666666666,0.0,0.0,0.0,1.0,0.0,0.0,0
-0.7894736842105263,0.057945074555251844,-0.6366441361703457,0.2,0.0,-0.6666666666666666,0.0,0.0,0.0,1.0,1.0,0.0,0
-0.03007518796992481,0.47404944301519675,0.4246323148465551,0.2,1.0,1.5833333333333333,0.0,1.0,0.0,1.0,0.0,2.0,1
-0.6616541353383458,0.2806564937906632,-0.20633701351740347,0.0,0.0,0.9166666666666666,0.0,1.0,1.0,1.0,0.0,1.0,0
0.24060150375939848,0.23672999018789742,-0.2039325794605331,0.6,0.0,-0.6666666666666666,1.0,0.0,1.0,0.0,1.0,0.0,0
0.3308270676691729,-0.7604224355583985,-0.3377141292569844,-0.2,1.0,0.5,0.0,1.0,0.0,1.0,1.0,1.0,0
0.2932330827067669,0.1442480147895694,-0.3968310716169792,-1.0,0.0,0.25,0.0,0.0,0.0,1.0,1.0,1.0,0
0.43609022556390975,0.17718772142309835,0.9053475123462463,-0.4,0.0,-0.6666666666666666,0.0,1.0,0.0,1.0,0.0,0.0,0
-0.15789473684210525,-0.7604224355583985,-0.7018401346233676,-0.4,1.0,-1.25,0.0,0.0,0.0,0.0,0.0,0.0,0
0.015037593984962405,-0.0970121840168618,-0.17749709238925943,0.8,1.0,0.5,1.0,0.0,1.0,0.0,1.0,1.0,0
-0.40601503759398494,-0.7604224355583985,0.8858669356203943,-0.6,1.0,0.8333333333333334,0.0,0.0,1.0,1.0,1.0,1.0,0
0.21804511278195488,0.16566869614131338,-0.91984689160026,-0.4,1.0,0.4166666666666667,1.0,0.0,1.0,1.0,0.0,1.0,1
0.48120300751879697,0.851781818985257,-0.34733953138117873,-0.6,1.0,-0.5833333333333334,1.0,0.0,0.0,0.0,0.0,0.0,0
1.105263157894737,0.45075871523861805,-0.11081871393594868,0.8,0.0,-0.5,1.0,0.0,1.0,0.0,1.0,1.0,1
-0.5639097744360902,0.09254532098800783,0.4226844615978822,-0.6,0.0,1.1666666666666667,0.0,1.0,1.0,0.0,0.0,2.0,1
1.4887218045112782,0.45117780683935715,0.6602132933548305,-0.8,0.0,-0.6666666666666666,1.0,0.0,1.0,1.0,1.0,0.0,0
-0.7293233082706767,-0.7604224355583985,0.04552939596694623,-0.8,1.0,-1.3333333333333333,0.0,1.0,1.0,0.0,0.0,0.0,0
0.8721804511278195,0.09451228577330528,-0.4960911464897924,-0.4,1.0,-0.75,0.0,0.0,0.0,0.0,1.0,0.0,0
-0.13533834586466165,-0.0576519689881618,0.958062715467595,-0.8,1.0,0.0,1.0,0.0,1.0,1.0,1.0,1.0,0
-0.5338345864661654,-0.7604224355583985,-0.712517502200432,0.6,1.0,0.3333333333333333,0.0,0.0,1.0,0.0,0.0,1.0,0
0.18045112781954886,0.07198382051001696,0.687184677712287,1.0,0.0,0.0,0.0,0.0,1.0,1.0,1.0,1.0,0
0.5037593984962406,-0.7604224355583985,-0.8118731452522613,0.4,1.0,-0.3333333333333333,0.0,1.0,0.0,1.0,0.0,1.0,0
-0.45864661654135336,-0.7604224355583985,-0.5196457895765015,0.0,1.0,-0.75,0.0,0.0,1.0,1.0,1.0,0.0,0
0.44360902255639095,0.20598642069565057,0.4331833670994789,-0.2,0.0,0.08333333333333333,0.0,0.0,1.0,1.0,0.0,1.0,0
-0.03759398496240601,0.0669736818858135,0.5919499140972392,0.0,1.0,0.8333333333333334,0.0,1.0,1.0,1.0,1.0,1.0,0
0.6240601503759399,-0.7604224355583985,-0.04519475402245571,1.0,1.0,-0.6666666666666666,0.0,1.0,1.0,1.0,1.0,0.0,0
0.9022556390977443,-0.7604224355583985,-0.8287626488892821,-0.6,1.0,-1.1666666666666667,0.0,0.0,1.0,1.0,0.0,0.0,0
-0.8195488721804511,-0.7604224355583985,0.4551840818165826,0.0,1.0,0.3333333333333333,0.0,1.0,1.0,0.0,1.0,1.0,0
-0.14285714285714285,0.099752066850634,0.41156533394626443,-0.6,1.0,-0.5833333333333334,1.0,0.0,1.0,1.0,1.0,0.0,0
-0.38345864661654133,-0.7604224355583985,-0.1947512882858838,0.8,0.0,-0.6666666666666666,0.0,0.0,1.0,1.0,1.0,0.0,0
-0.11278195488721804,0.04953777894535974,-0.1535955419233199,0.4,0.0,-0.3333333333333333,0.0,0.0,0.0,1.0,0.0,1.0,0
-0.03759398496240601,0.021781363382778238,-0.10572692312753768,1.0,0.0,0.8333333333333334,0.0,1.0,1.0,0.0,1.0,1.0,0
0.8947368421052632,-0.7604224355583985,-0.4929390319735609,0.6,1.0,2.5,0.0,1.0,0.0,1.0,1.0,3.0,0
-1.3609022556390977,-0.7604224355583985,0.23708216550849873,-0.2,1.0,-0.8333333333333334,0.0,0.0,0.0,1.0,0.0,0.0,0
1.4887218045112782,-0.01882821314627445,0.7411779391335469,-0.6,0.0,0.08333333333333333,0.0,1.0,1.0,1.0,1.0,1.0,0
-0.41353383458646614,-0.7604224355583985,-0.04382654477720539,0.0,1.0,-0.9166666666666666,0.0,1.0,1.0,0.0,1.0,0.0,0
-0.13533834586466165,0.06461888695961893,0.24242662427255435,0.6,0.0,-0.25,0.0,0.0,1.0,1.0,1.0,1.0,0
0.6766917293233082,-0.033294042353166846,-0.26271528872386213,-0.2,0.0,0.3333333333333333,1.0,0.0,0.0,0.0,1.0,1.0,1
-1.2406015037593985,0.33754545594506186,0.9671948426913277,-0.8,0.0,-0.08333333333333333,0.0,1.0,0.0,1.0,0.0,1.0,0
0.16541353383458646,-0.7604224355583985,0.4204205689807413,-0.6,1.0,-0.4166666666666667,0.0,1.0,1.0,1.0,0.0,1.0,0
0.9022556390977443,0.09152301640650773,0.8700049687787195,0.2,0.0,0.9166666666666666,1.0,0.0,0.0,1.0,0.0,1.0,1
-0.3308270676691729,0.19332176868251238,-0.3912928189840312,0.6,0.0,0.25,1.0,0.0,0.0,0.0,0.0,1.0,0
0.6390977443609023,0.038435103030994414,0.24633428956877162,-0.8,0.0,0.3333333333333333,0.0,0.0,1.0,1.0,1.0,1.0,0
0.49624060150375937,0.395444813553402,-0.49416802853451197,0.4,0.0,-0.9166666666666666,1.0,0.0,1.0,0.0,0.0,0.0,0
-0.16541353383458646,0.10466975303720942,-0.5157818709975237,-0.6,0.0,-0.08333333333333333,0.0,0.0,0.0,1.0,1.0,1.0,0
0.13533834586466165,0.03818258251703243,-0.10467935278878307,0.6,0.0,0.16666666666666666,0.0,0.0,0.0,0.0,0.0,1.0,0
-1.0451127819548873,0.529598706668747,-0.5062703329924992,-1.0,2.0,0.6666666666666666,0.0,0.0,0.0,1.0,0.0,1.0,1
0.43609022556390975,0.33710019560350274,0.5975438722462982,-0.6,2.0,0.5,1.0,0.0,1.0,1.0,1.0,1.0,1
0.9624060150375939,0.35645197943998813,0.23569913552960425,0.8,1.0,2.8333333333333335,1.0,0.0,1.0,1.0,1.0,3.0,0
-0.18045112781954886,-0.7604224355583985,0.45913498277025827,0.6,0.0,1.0833333333333333,0.0,1.0,1.0,0.0,0.0,1.0,1
0.07518796992481203,-0.7604224355583985,-0.35117534167221076,0.8,1.0,-0.4166666666666667,0.0,0.0,1.0,0.0,0.0,1.0,0
-0.706766917293233,0.4437903869757393,-0.09766904356311912,-0.8,1.0,0.6666666666666666,0.0,0.0,0.0,0.0,0.0,1.0,1
-1.0075187969924813,-0.7604224355583985,0.07834863297258049,-0.2,0.0,1.0833333333333333,0.0,1.0,1.0,0.0,0.0,1.0,1
-0.7669172932330827,-0.7604224355583985,0.3253850164682627,-0.4,1.0,-0.25,0.0,1.0,1.0,0.0,0.0,1.0,0
1.4887218045112782,-0.7604224355583985,-0.9073805081544062,0.2,1.0,-0.6666666666666666,0.0,0.0,1.0,1.0,1.0,0.0,0
0.6541353383458647,-0.7604224355583985,0.6907848894443543,0.6,0.0,0.25,0.0,1.0,0.0,1.0,0.0,1.0,0
0.42857142857142855,-0.7604224355583985,0.6487976488183723,-0.6,1.0,0.6666666666666666,0.0,1.0,0.0,0.0,1.0,1.0,0
-0.18796992481203006,-0.3074891684721988,0.9077602255715662,0.2,0.0,-0.5833333333333334,1.0,0.0,0.0,1.0,0.0,0.0,0
-0.7293233082706767,-0.7604224355583985,0.6078656444278578,0.8,1.0,-0.9166666666666666,0.0,1.0,0.0,0.0,1.0,0.0,0
0.6090225563909775,0.04228966453437135,-0.7961288243721345,-0.8,0.0,-0.5833333333333334,1.0,0.0,0.0,1.0,0.0,0.0,0
-0.07518796992481203,-0.7604224355583985,0.8638586572185343,0.4,1.0,0.25,0.0,0.0,0.0,1.0,0.0,1.0,0
-0.15789473684210525,-0.7604224355583985,-0.8752787990810635,-0.4,1.0,-1.1666666666666667,0.0,1.0,1.0,1.0,0.0,0.0,0
-0.2556390977443609,0.167621479662873,0.34881209903367555,-0.2,0.0,1.4166666666666667,1.0,0.0,0.0,1.0,1.0,2.0,1
0.24812030075187969,-0.7604224355583985,0.42359067280125806,-0.6,1.0,-0.5833333333333334,0.0,0.0,1.0,1.0,1.0,0.0,0
1.1353383458646618,-0.7604224355583985,-0.28001476451706836,-0.4,0.0,0.5,0.0,1.0,1.0,1.0,0.0,1.0,0
-0.7368421052631579,-0.7604224355583985,0.07700740768375823,0.6,0.0,-0.25,0.0,1.0,0.0,0.0,1.0,1.0,0
0.21052631578947367,0.21221301402037301,-0.06767034548791066,0.2,1.0,0.0,0.0,1.0,0.0,1.0,0.0,1.0,0
0.022556390977443608,-0.7604224355583985,0.6984314680971572,1.0,1.0,0.8333333333333334,0.0,0.0,0.0,1.0,0.0,1.0,0
-1.2030075187969924,-0.7604224355583985,-0.510891131106893,0.4,1.0,-0.5,0.0,0.0,0.0,1.0,1.0,1.0,0
0.3458646616541353,0.6896569109627007,0.16242297530571922,0.6,0.0,-0.5,0.0,1.0,0.0,0.0,0.0,1.0,1
-1.0827067669172932,-0.7604224355583985,-0.053928050193225385,0.0,1.0,0.3333333333333333,0.0,0.0,0.0,1.0,1.0,1.0,0
-1.3157894736842106,-0.7604224355583985,0.8648585967857154,0.8,1.0,-0.5,0.0,1.0,1.0,0.0,1.0,1.0,0
-0.09022556390977443,-0.19620589298888907,0.6325508539617292,-0.4,0.0,-1.1666666666666667,1.0,0.0,1.0,1.0,0.0,0.0,0
-0.48872180451127817,0.18160389231030374,0.9755455595101646,0.0,0.0,0.4166666666666667,0.0,1.0,1.0,1.0,0.0,1.0,0
-0.39849624060150374,-0.7604224355583985,0.7746547056532028,-1.0,0.0,1.1666666666666667,0.0,1.0,1.0,1.0,1.0,2.0,0
-0.23308270676691728,-0.7604224355583985,-0.6045603141893322,-0.2,1.0,-0.3333333333333333,0.0,1.0,1.0,1.0,1.0,1.0,0
0.3233082706766917,-0.7604224355583985,0.6228902909246135,0.4,1.0,-0.16666666666666666,0.0,1.0,1.0,1.0,0.0,1.0,0
0.2706766917293233,-0.7604224355583985,1.0032650331748072,0.0,1.0,0.4166666666666667,0.0,1.0,1.0,0.0,0.0,1.0,0
-1.0225563909774436,0.24757231063595952,0.2873313007634083,0.0,0.0,-0.16666666666666666,0.0,0.0,1.0,1.0,0.0,1.0,0
-0.6766917293233082,0.2625482735897977,-0.9157396063536487,0.2,0.0,0.16666666666666666,1.0,0.0,0.0,1.0,0.0,1.0,1
0.9548872180451128,-0.7604224355583985,0.9319285492431014,-0.8,1.0,-0.8333333333333334,0.0,0.0,1.0,1.0,1.0,0.0,0
-0.9699248120300752,-0.7604224355583985,-0.382445249846267,0.4,1.0,-0.25,0.0,1.0,1.0,1.0,0.0,1.0,0
-0.38345864661654133,-0.7604224355583985,0.11722903897891272,0.6,2.0,0.5,0.0,0.0,0.0,0.0,1.0,1.0,1
-1.255639097744361,-0.7604224355583985,0.07788990571330333,0.4,0.0,-0.5833333333333334,0.0,1.0,0.0,1.0,0.0,0.0,0
-0.21052631578947367,-0.7604224355583985,-0.12404800742263235,-0.6,1.0,-0.16666666666666666,0.0,1.0,1.0,1.0,0.0,1.0,0
-0.518796992481203,0.41478688204898423,-0.585709158689556,0.6,1.0,-0.16666666666666666,1.0,0.0,1.0,1.0,0.0,1.0,0
0.49624060150375937,-0.7604224355583985,0.4847802692084054,0.2,1.0,-0.75,0.0,1.0,1.0,1.0,0.0,0.0,0
0.6842105263157895,0.16572918197338865,0.8896753531071735,0.0,1.0,0.9166666666666666,0.0,1.0,0.0,0.0,0.0,1.0,1
-0.9548872180451128,-0.7604224355583985,-0.10098847905159576,0.2,1.0,-1.0,0.0,0.0,0.0,1.0,0.0,0.0,0
0.03759398496240601,-0.1610874428082758,-0.2082573717498675,0.2,0.0,0.5833333333333334,0.0,0.0,1.0,1.0,0.0,1.0,0
0.5037593984962406,-0.7604224355583985,-0.9063625792829398,-0.6,1.0,1.0833333333333333,0.0,1.0,1.0,0.0,0.0,1.0,0
0.8947368421052632,-0.19110345862610434,0.08613861499988563,-0.4,1.0,0.8333333333333334,0.0,1.0,0.0,1.0,1.0,1.0,0
-1.218045112781955,0.33379948688113625,0.7850612115464248,-1.0,0.0,0.3333333333333333,1.0,0.0,0.0,1.0,1.0,1.0,0
-0.2932330827067669,-0.2346058562586325,-0.2134216308352008,0.8,0.0,0.08333333333333333,1.0,0.0,1.0,1.0,0.0,1.0,1
-0.45864661654135336,-0.7604224355583985,-0.583167249551641,0.6,1.0,0.16666666666666666,0.0,1.0,1.0,0.0,0.0,1.0,0
-0.8796992481203008,-0.7604224355583985,0.2679112335156071,-0.6,1.0,0.6666666666666666,0.0,0.0,1.0,1.0,0.0,1.0,0
0.06766917293233082,-0.7604224355583985,0.5718511594604895,0.0,0.0,-0.16666666666666666,0.0,0.0,1.0,1.0,0.0,1.0,0
-1.1203007518796992,-0.7604224355583985,0.5477541797343589,-0.2,1.0,-0.4166666666666667,0.0,0.0,1.0,1.0,1.0,1.0,0
0.6390977443609023,-0.7604224355583985,0.07096647665038126,0.6,1.0,-0.75,0.0,0.0,1.0,1.0,0.0,0.0,0
-0.06015037593984962,-0.7604224355583985,-0.5884829867560137,0.0,1.0,-0.5,0.0,0.0,1.0,1.0,1.0,1.0,0
-0.48872180451127817,-0.20583105359072146,-0.7039043050781584,-0.8,0.0,-0.08333333333333333,0.0,0.0,0.0,1.0,0.0,1.0,0
-0.706766917293233,-0.7604224355583985,0.4511467095479895,0.2,0.0,0.3333333333333333,0.0,0.0,0.0,1.0,1.0,1.0,1
0.7142857142857143,0.15088884204457942,0.9326780695176735,0.4,0.0,1.75,1.0,0.0,1.0,1.0,1.0,2.0,1
0.9172932330827067,0.2320338764535354,0.030450168285597542,0.0,0.0,0.3333333333333333,0.0,0.0,0.0,1.0,0.0,1.0,0
1.4887218045112782,-0.7604224355583985,0.7604995762675593,0.4,1.0,0.5,0.0,0.0,1.0,1.0,1.0,1.0,0
-0.41353383458646614,0.43987839527170036,-0.0751930432498394,-0.2,0.0,0.3333333333333333,0.0,0.0,1.0,1.0,1.0,1.0,0
-1.3458646616541354,0.38819920632716276,-0.27086158163036517,0.0,1.0,-0.4166666666666667,1.0,0.0,0.0,1.0,1.0,1.0,0
0.3684210526315789,-0.10541853943247287,-0.4114224416315431,0.0,0.0,-0.9166666666666666,0.0,1.0,1.0,0.0,1.0,0.0,0
0.6766917293233082,0.336509753595058,-0.06604078027074163,0.6,0.0,0.16666666666666666,0.0,0.0,1.0,1.0,1.0,1.0,0
-1.4586466165413534,-0.7604224355583985,-0.20159427653930256,0.0,1.0,-0.08333333333333333,0.0,1.0,1.0,1.0,0.0,1.0,0
0.7518796992481203,-0.7604224355583985,0.8730937118821271,0.4,1.0,-0.08333333333333333,0.0,0.0,0.0,1.0,0.0,1.0,0
0.03759398496240601,-0.7604224355583985,-0.47483831665596227,1.0,1.0,0.25,0.0,1.0,1.0,1.0,1.0,1.0,0
0.13533834586466165,-0.0686384525593048,-0.3318605527392614,0.2,0.0,-0.3333333333333333,0.0,0.0,1.0,1.0,0.0,1.0,0
-0.45864661654135336,0.6735873453610559,-0.4437854044648483,0.4,0.0,-0.16666666666666666,0.0,0.0,1.0,1.0,1.0,1.0,0
0.10526315789473684,-0.7604224355583985,-0.6571247546753347,-0.4,1.0,-0.08333333333333333,0.0,0.0,1.0,1.0,0.0,1.0,0
0.6090225563909775,0.07435671417612005,0.3591997979269626,-0.4,0.0,3.0833333333333335,1.0,0.0,1.0,1.0,1.0,3.0,0
-0.38345864661654133,0.012316427556326556,-0.21944140399365117,1.0,1.0,0.25,0.0,0.0,1.0,0.0,0.0,1.0,0
-0.7669172932330827,0.24799320427573718,-0.37158430959592686,1.0,0.0,0.4166666666666667,1.0,0.0,0.0,1.0,0.0,1.0,1
0.24812030075187969,0.32039756585267654,0.14506636302901554,-0.2,0.0,-0.16666666666666666,0.0,1.0,1.0,1.0,0.0,1.0,0
-0.5714285714285714,0.3386135166482356,0.9576065435072221,0.2,0.0,2.8333333333333335,1.0,0.0,0.0,1.0,1.0,3.0,1
1.4887218045112782,0.1994092132536524,1.0246431748668978,0.8,0.0,0.0,1.0,0.0,1.0,0.0,1.0,1.0,1
-0.16541353383458646,0.3010817444474379,0.4235076766928506,0.4,0.0,0.16666666666666666,0.0,1.0,0.0,1.0,0.0,1.0,1
-0.13533834586466165,0.25840507244216526,-0.3025207129335049,0.6,1.0,-0.6666666666666666,1.0,0.0,0.0,0.0,1.0,0.0,0
0.6766917293233082,-0.7604224355583985,-0.6224354477196706,0.2,1.0,-0.3333333333333333,0.0,0.0,1.0,0.0,0.0,1.0,0
-1.669172932330827,0.4387847142743705,-0.0007121106986148698,0.6,0.0,0.08333333333333333,1.0,0.0,0.0,1.0,0.0,1.0,0
-0.21052631578947367,-0.7604224355583985,0.6564042625963142,-0.4,1.0,0.08333333333333333,0.0,0.0,0.0,1.0,1.0,1.0,0
1.0601503759398496,0.3506244202380109,0.03551078444737761,-0.4,0.0,0.3333333333333333,0.0,0.0,0.0,1.0,0.0,1.0,0
-0.06766917293233082,-0.7604224355583985,0.5767195149327198,0.8,1.0,2.0833333333333335,0.0,0.0,1.0,0.0,0.0,3.0,0
0.07518796992481203,0.5473031917754626,0.40296225580765144,-0.2,1.0,-0.08333333333333333,0.0,0.0,0.0,1.0,0.0,1.0,1
-0.24060150375939848,0.5661346564269585,-0.5522803295773423,0.4,0.0,-0.08333333333333333,0.0,1.0,1.0,1.0,0.0,1.0,0
0.15037593984962405,-0.7604224355583985,0.8513342173815778,-0.6,1.0,-0.3333333333333333,0.0,1.0,1.0,1.0,1.0,1.0,0
0.22556390977443608,0.14280889074350916,-0.7735456037168359,-0.4,0.0,0.5833333333333334,0.0,0.0,1.0,0.0,0.0,1.0,0
0.03759398496240601,-0.7604224355583985,-0.636529863203351,0.8,1.0,1.0833333333333333,0.0,0.0,1.0,0.0,0.0,1.0,0
-0.3609022556390977,-0.7604224355583985,-0.24183747455720828,0.0,1.0,-0.5833333333333334,0.0,0.0,1.0,1.0,0.0,0.0,0
-0.2631578947368421,-0.7604224355583985,-0.06976006893174334,0.6,0.0,-0.5833333333333334,0.0,0.0,0.0,1.0,1.0,0.0,0
-0.9624060150375939,-0.7604224355583985,0.061345571852258286,0.4,1.0,-0.6666666666666666,0.0,0.0,1.0,1.0,1.0,0.0,0
0.13533834586466165,0.1405300948550257,-0.6342699568525005,-0.6,0.0,-1.25,0.0,0.0,1.0,1.0,1.0,0.0,0
-0.38345864661654133,0.13613257115439278,0.5475002852352403,0.4,1.0,-0.3333333333333333,1.0,0.0,0.0,1.0,1.0,1.0,0
1.037593984962406,-0.7604224355583985,0.7022556262251862,0.6,1.0,-1.4166666666666667,0.0,1.0,1.0,1.0,0.0,0.0,0
-1.2406015037593985,-0.008114229217563692,-0.9236070650437285,-0.6,0.0,-0.25,0.0,0.0,0.0,0.0,0.0,1.0,0
0.03007518796992481,-0.7604224355583985,0.42543621188180786,0.2,1.0,0.16666666666666666,0.0,0.0,0.0,1.0,0.0,1.0,0
-0.08270676691729323,0.39399064639884623,0.592948627120946,-0.4,0.0,0.9166666666666666,0.0,0.0,0.0,1.0,1.0,1.0,1
-0.9097744360902256,0.19430137277375212,0.49137794876702373,0.4,0.0,0.0,0.0,0.0,1.0,1.0,0.0,1.0,0
0.41353383458646614,-0.7604224355583985,0.41402997084531723,-0.2,1.0,-0.6666666666666666,0.0,0.0,1.0,1.0,0.0,0.0,0
-1.0526315789473684,0.19297616893473515,-0.16113684226127092,0.2,1.0,-0.3333333333333333,0.0,0.0,0.0,1.0,1.0,1.0,0
-0.3533834586466165,0.10977383273998578,0.2679389329557284,-0.2,1.0,2.0833333333333335,0.0,0.0,0.0,0.0,1.0,3.0,0
0.19548872180451127,-0.7604224355583985,-0.33612749306140527,-0.4,1.0,0.08333333333333333,0.0,0.0,1.0,1.0,0.0,1.0,0
-1.887218045112782,0.24354968940486052,0.7799447876565776,0.6,0.0,0.9166666666666666,1.0,0.0,1.0,1.0,0.0,1.0,1
-0.49624060150375937,-0.7604224355583985,0.03518544379089831,-0.6,0.0,0.4166666666666667,0.0,1.0,0.0,1.0,0.0,1.0,0
-0.49624060150375937,-0.1782086157131772,-0.862791666608108,0.8,0.0,-0.25,1.0,0.0,1.0,1.0,0.0,1.0,0
-0.38345864661654133,-0.19980158766690753,0.7966145355878398,0.6,0.0,-0.16666666666666666,1.0,0.0,1.0,1.0,0.0,1.0,0
-0.3533834586466165,0.13033979914081129,-0.6779995024833037,1.0,0.0,-0.75,1.0,0.0,1.0,1.0,0.0,0.0,0
-1.0601503759398496,-0.22470545378104811,0.9578620733976393,0.0,0.0,0.6666666666666666,0.0,0.0,1.0,1.0,0.0,1.0,1
0.7142857142857143,-0.7604224355583985,-0.4254991744468067,-0.4,0.0,0.25,0.0,0.0,0.0,0.0,0.0,1.0,1
0.48872180451127817,0.016074070699240835,0.9712209716447427,-0.8,0.0,-0.3333333333333333,0.0,1.0,1.0,0.0,0.0,1.0,0
0.3533834586466165,-0.7604224355583985,-0.16541880774097154,1.0,1.0,0.0,0.0,0.0,1.0,0.0,0.0,1.0,0
-0.3458646616541353,0.022269951010785202,-0.6377238010633367,-0.4,0.0,0.08333333333333333,1.0,0.0,1.0,0.0,0.0,1.0,0
-0.3082706766917293,-0.7604224355583985,-0.471910455171561,0.8,1.0,2.25,0.0,0.0,1.0,1.0,1.0,3.0,0
1.4887218045112782,0.36040549639143643,-0.37272591493435514,0.8,0.0,-1.1666666666666667,0.0,1.0,0.0,0.0,1.0,0.0,0
0.7518796992481203,-0.7604224355583985,-0.5633044001097247,-0.6,0.0,-0.16666666666666666,0.0,1.0,0.0,1.0,0.0,1.0,1
0.24060150375939848,0.2908484348448693,0.7978636679041555,-0.8,0.0,0.3333333333333333,0.0,1.0,0.0,0.0,0.0,1.0,0
0.3007518796992481,-0.7604224355583985,0.9774292236503648,0.4,1.0,-0.25,0.0,0.0,0.0,1.0,0.0,1.0,0
1.0676691729323309,0.29411349453408264,-0.5423424655031455,0.6,0.0,0.75,0.0,1.0,0.0,1.0,1.0,1.0,0
-1.2030075187969924,-0.7604224355583985,0.852633229132503,0.6,0.0,1.0,0.0,0.0,0.0,1.0,1.0,1.0,1
0.15037593984962405,-0.7604224355583985,-0.12341531541395906,-0.6,1.0,0.16666666666666666,0.0,0.0,1.0,1.0,0.0,1.0,0
0.3007518796992481,0.16871539570877309,0.6316158189867142,1.0,0.0,0.5,1.0,0.0,0.0,1.0,1.0,1.0,1
-0.3684210526315789,0.045272822638342654,-0.6195866982893425,-0.2,1.0,0.25,0.0,0.0,1.0,1.0,1.0,1.0,0
-0.12030075187969924,-0.446197676082621,-0.4695083719896823,-0.6,1.0,-0.25,1.0,0.0,1.0,0.0,1.0,1.0,0
-0.6165413533834586,-0.11194364444140105,-0.28246314971509073,-0.2,0.0,-1.5833333333333333,0.0,0.0,0.0,1.0,0.0,0.0,0
-0.8571428571428571,-0.7604224355583985,0.11236732728383353,0.8,1.0,2.5833333333333335,0.0,1.0,1.0,1.0,0.0,3.0,1
1.2932330827067668,0.3855647036023818,-0.7925854424876961,0.4,0.0,-0.9166666666666666,0.0,0.0,1.0,1.0,0.0,0.0,1
0.09022556390977443,0.20663546814760847,0.6692549629973554,0.4,0.0,0.3333333333333333,0.0,1.0,1.0,1.0,1.0,1.0,0
0.3007518796992481,0.2636159425453542,-0.4097953295013221,0.6,0.0,0.3333333333333333,1.0,0.0,0.0,1.0,0.0,1.0,1
0.8045112781954887,0.3986523646924298,0.07501090154394989,0.4,0.0,-0.16666666666666666,0.0,1.0,0.0,1.0,1.0,1.0,0
0.3609022556390977,-0.7604224355583985,0.4671599500847912,0.4,1.0,-0.5,0.0,1.0,1.0,0.0,1.0,1.0,0
0.3458646616541353,0.3696747151084011,0.5897289505016882,0.2,3.0,1.1666666666666667,0.0,0.0,0.0,1.0,0.0,2.0,1
0.5639097744360902,-0.7604224355583985,0.22797456915424585,-1.0,0.0,-0.5,0.0,1.0,0.0,1.0,0.0,1.0,1
0.5112781954887218,0.20941859991830497,0.44417738731674844,-0.4,1.0,-0.3333333333333333,0.0,1.0,1.0,1.0,1.0,1.0,0
0.46616541353383456,0.20111715451454454,-0.3310611530300799,0.2,0.0,-0.75,0.0,0.0,1.0,1.0,1.0,0.0,0
-1.2330827067669172,0.3408072249542918,-0.8893104564236576,0.8,0.0,0.16666666666666666,0.0,1.0,0.0,0.0,0.0,1.0,0
-0.7218045112781954,0.3357992017672204,-0.5014105633245871,-0.6,0.0,0.8333333333333334,0.0,0.0,0.0,1.0,1.0,1.0,0
0.40601503759398494,0.1597497030455125,0.8871170900562717,0.8,0.0,1.4166666666666667,0.0,0.0,1.0,1.0,1.0,2.0,0
1.4887218045112782,-0.019180472603541755,-0.6414459516591111,0.2,0.0,0.25,1.0,0.0,1.0,1.0,0.0,1.0,0
-1.8646616541353382,0.2225198938254269,-0.16079249018094458,-0.2,0.0,1.4166666666666667,1.0,0.0,0.0,1.0,0.0,2.0,1
0.9398496240601504,-0.7604224355583985,-0.3781624666709171,-0.2,0.0,1.75,0.0,0.0,0.0,1.0,1.0,2.0,1
-0.43609022556390975,-0.7604224355583985,-0.8184150170828123,0.2,0.0,1.6666666666666667,0.0,0.0,1.0,1.0,0.0,2.0,1
-0.18045112781954886,0.48330910309030495,0.27337200948578055,-0.2,1.0,-0.25,0.0,0.0,1.0,1.0,1.0,1.0,0
-0.3157894736842105,0.13242530675503336,0.9922696842021074,-0.8,1.0,1.0833333333333333,1.0,0.0,1.0,1.0,0.0,1.0,1
0.21052631578947367,0.38678867985714843,-0.3301851965657295,0.2,0.0,-0.25,1.0,0.0,1.0,1.0,0.0,1.0,1
-0.7443609022556391,-0.7604224355583985,-0.9061870813542013,-0.2,0.0,0.5833333333333334,0.0,1.0,1.0,1.0,0.0,1.0,0
-0.12030075187969924,-0.10185214747621112,-0.6332654177472922,-0.8,0.0,-0.25,0.0,0.0,1.0,0.0,0.0,1.0,0
-0.9849624060150376,0.1523284361877801,-0.4666368292931291,0.0,2.0,1.25,1.0,0.0,1.0,0.0,0.0,2.0,1
-0.03759398496240601,0.007213444746877981,-0.3819041397503193,-0.4,1.0,-1.25,1.0,0.0,0.0,0.0,1.0,0.0,0
-0.09022556390977443,-0.7604224355583985,-0.5773167393926031,-0.4,0.0,2.5,0.0,0.0,0.0,0.0,1.0,3.0,0
0.8120300751879699,0.6387861324007441,-0.33030447791857626,0.2,0.0,0.16666666666666666,0.0,0.0,1.0,1.0,0.0,1.0,1
-0.6766917293233082,0.5358315679553427,-0.13961775028162596,0.0,1.0,0.3333333333333333,0.0,1.0,1.0,1.0,0.0,1.0,0
-0.21804511278195488,0.3553698158226001,-0.722311042992521,-0.6,0.0,0.3333333333333333,0.0,1.0,1.0,1.0,0.0,1.0,0
0.46616541353383456,-0.7604224355583985,-0.17320940304001364,-0.2,1.0,-1.0,0.0,0.0,0.0,0.0,0.0,0.0,0
0.21804511278195488,0.40608029125965234,-0.0866713437154277,-0.4,1.0,-0.4166666666666667,0.0,0.0,1.0,1.0,1.0,1.0,0
0.15789473684210525,0.19253670645790852,-0.983159839184819,-0.8,0.0,0.25,0.0,1.0,1.0,1.0,1.0,1.0,0
0.5939849624060151,-0.7604224355583985,0.44604428869613705,0.4,1.0,-0.5833333333333334,0.0,0.0,1.0,0.0,1.0,0.0,0
0.7894736842105263,0.06325709389316786,-0.3728161680916505,0.2,1.0,-0.5833333333333334,1.0,0.0,1.0,1.0,1.0,0.0,0
0.3684210526315789,-0.7604224355583985,-0.734386261282124,0.4,1.0,1.8333333333333333,0.0,1.0,1.0,0.0,1.0,2.0,0
0.6466165413533834,0.14380298949658032,0.8280176259407812,-0.8,1.0,0.25,1.0,0.0,0.0,0.0,0.0,1.0,0
-0.5413533834586466,0.37868028767907913,0.7207604876174689,0.2,1.0,-0.08333333333333333,1.0,0.0,0.0,1.0,1.0,1.0,1
-0.45864661654135336,0.13075144753682608,0.2573506942044416,-0.2,0.0,-0.3333333333333333,0.0,0.0,0.0,1.0,0.0,1.0,0
-0.21052631578947367,-0.24159055957190453,0.7295078890381895,0.2,0.0,-0.3333333333333333,0.0,1.0,1.0,0.0,1.0,1.0,0
-0.7593984962406015,-0.7604224355583985,-0.4704449401440398,-0.2,1.0,-0.4166666666666667,0.0,1.0,1.0,1.0,0.0,1.0,0
0.5864661654135338,-0.24516799881096762,0.4737020263392547,0.8,0.0,-1.25,0.0,0.0,0.0,1.0,1.0,0.0,0
-1.3157894736842106,0.336153968409237,0.9242913740902657,0.6,1.0,-0.25,1.0,0.0,1.0,1.0,1.0,1.0,0
-1.8571428571428572,-0.7604224355583985,0.6272125279150437,1.0,0.0,0.16666666666666666,0.0,0.0,1.0,1.0,0.0,1.0,1
0.7969924812030075,-0.7604224355583985,-0.03423374826702832,-0.4,1.0,0.25,0.0,1.0,1.0,0.0,0.0,1.0,0
-0.5488721804511278,0.39931598515574257,-0.25112169317171756,-0.4,0.0,1.8333333333333333,0.0,1.0,0.0,1.0,1.0,2.0,0
-0.6541353383458647,0.005211849472231748,0.772967697316668,0.0,1.0,1.25,1.0,0.0,1.0,1.0,0.0,2.0,1
-1.406015037593985,0.4618856795052415,0.9395469173960024,0.2,0.0,-1.0833333333333333,1.0,0.0,1.0,1.0,0.0,0.0,0
0.39849624060150374,0.10880229864965764,0.6545434939342953,0.8,1.0,-0.5,1.0,0.0,0.0,1.0,0.0,1.0,0
-0.6992481203007519,0.38249614451788977,-0.4408968945835714,-0.4,0.0,0.08333333333333333,0.0,1.0,1.0,1.0,0.0,1.0,1
-0.556390977443609,0.6966173259237145,-0.9199231417195606,1.0,0.0,1.8333333333333333,0.0,0.0,1.0,0.0,0.0,2.0,1
0.3458646616541353,-0.7604224355583985,-0.5032214525519964,0.2,0.0,0.8333333333333334,0.0,1.0,0.0,1.0,0.0,1.0,1
0.12030075187969924,0.24751025781341598,-0.07458713077368195,0.4,0.0,0.0,0.0,0.0,0.0,1.0,0.0,1.0,0
0.3684210526315789,-0.7604224355583985,-0.17294283425833032,-0.6,1.0,0.16666666666666666,0.0,0.0,1.0,1.0,1.0,1.0,0
-0.6992481203007519,0.2351706779729207,0.628550789057137,-0.4,0.0,-0.5,0.0,0.0,0.0,0.0,1.0,1.0,0
-0.18796992481203006,0.12001435049870846,0.18993179012870146,0.2,0.0,-0.5833333333333334,1.0,0.0,1.0,1.0,1.0,0.0,0
0.7593984962406015,0.3214001263542764,-0.857802087755864,-0.4,0.0,0.5833333333333334,1.0,0.0,1.0,1.0,0.0,1.0,1
-0.46616541353383456,-0.06243544244112989,-0.7660476412482995,-0.8,0.0,0.3333333333333333,0.0,0.0,1.0,1.0,0.0,1.0,0
1.4887218045112782,0.4554098563465405,0.7151627476260317,-0.6,1.0,-0.08333333333333333,0.0,1.0,0.0,0.0,0.0,1.0,0
-0.6992481203007519,-0.01500969242366769,-0.13156191495633057,0.6,0.0,0.08333333333333333,0.0,0.0,0.0,1.0,1.0,1.0,0
0.3007518796992481,-0.7604224355583985,0.8064082808038411,0.8,1.0,1.0,0.0,1.0,0.0,1.0,0.0,1.0,0
0.12781954887218044,-0.7604224355583985,-0.157383721442778,0.6,1.0,0.08333333333333333,0.0,0.0,0.0,1.0,0.0,1.0,0
0.19548872180451127,-0.7604224355583985,-0.8813296446741887,-0.6,1.0,-0.8333333333333334,0.0,1.0,1.0,1.0,1.0,0.0,0
-0.7518796992481203,0.28089663507992574,0.5104208538965689,-0.6,0.0,0.16666666666666666,1.0,0.0,1.0,0.0,1.0,1.0,0
-0.38345864661654133,-0.7604224355583985,0.1996837306546305,-0.6,1.0,-0.16666666666666666,0.0,0.0,1.0,1.0,1.0,1.0,0
1.4887218045112782,-0.7604224355583985,-0.8896317086018902,-0.2,1.0,-0.75,0.0,0.0,1.0,1.0,1.0,0.0,0
-1.4210526315789473,0.8396552714989232,0.2945896784066894,0.6,0.0,-1.4166666666666667,0.0,1.0,1.0,1.0,0.0,0.0,0
-0.39097744360902253,-0.7604224355583985,-0.9780734656100849,-1.0,1.0,-0.25,0.0,0.0,1.0,0.0,1.0,1.0,0
-0.518796992481203,0.14834475466981767,-0.4281961391222268,0.2,0.0,1.4166666666666667,1.0,0.0,0.0,1.0,0.0,2.0,1
-0.47368421052631576,-0.7604224355583985,0.8018525917055256,0.2,1.0,-0.25,0.0,0.0,1.0,1.0,1.0,1.0,0
0.23308270676691728,-0.2811424175348741,-0.16860700307772988,0.8,0.0,-0.16666666666666666,0.0,1.0,1.0,0.0,0.0,1.0,0
0.706766917293233,0.13147931460933812,0.7703572039561651,-0.6,0.0,-0.5,0.0,1.0,1.0,1.0,1.0,1.0,0
0.3007518796992481,-0.7604224355583985,0.8803919521883136,-0.2,0.0,-0.08333333333333333,0.0,0.0,0.0,1.0,0.0,1.0,1
1.0451127819548873,-0.7604224355583985,0.2507353319774066,0.0,1.0,0.5833333333333334,0.0,0.0,0.0,1.0,1.0,1.0,1
-1.218045112781955,0.0016528223711707738,-0.06796798670426882,-0.4,0.0,0.08333333333333333,0.0,1.0,0.0,1.0,1.0,1.0,0
0.9774436090225563,0.011766100503869666,0.18599938953909181,0.4,1.0,-0.16666666666666666,1.0,0.0,1.0,1.0,0.0,1.0,0
-1.4736842105263157,0.7147868938014127,-0.4199173795205315,-0.8,0.0,-0.3333333333333333,0.0,0.0,0.0,0.0,0.0,1.0,0
1.1578947368421053,0.29961786195197876,0.8521979084111881,-1.0,0.0,1.8333333333333333,1.0,0.0,0.0,1.0,0.0,2.0,0
-0.18796992481203006,0.04480068841025247,-0.4359740601387043,0.0,1.0,-1.0833333333333333,1.0,0.0,1.0,1.0,0.0,0.0,1
1.4511278195488722,-0.7604224355583985,-0.6921812069775506,-1.0,0.0,1.25,0.0,1.0,0.0,1.0,0.0,2.0,1
-0.3007518796992481,0.3738646909215115,-0.011696829627873053,0.0,0.0,1.25,0.0,1.0,0.0,0.0,0.0,2.0,1
0.6165413533834586,0.4364467644957097,-0.515725143361851,-1.0,0.0,0.0,0.0,1.0,0.0,1.0,1.0,1.0,0
0.9548872180451128,-0.16911678031722083,-0.4758266040601401,-0.6,0.0,0.25,1.0,0.0,0.0,1.0,1.0,1.0,0
-0.518796992481203,-0.7604224355583985,-0.7360826731186263,0.6,1.0,0.5833333333333334,0.0,0.0,0.0,1.0,1.0,1.0,0
-0.6015037593984962,-0.7604224355583985,0.7725008953128536,0.2,0.0,-0.5833333333333334,0.0,0.0,0.0,0.0,1.0,0.0,0
0.10526315789473684,0.1810677465215847,-0.6719970031454454,-0.2,1.0,-0.08333333333333333,0.0,0.0,1.0,1.0,0.0,1.0,0
0.09774436090225563,-0.7604224355583985,0.5825327177277567,0.0,1.0,0.08333333333333333,0.0,0.0,0.0,1.0,0.0,1.0,0
0.6616541353383458,0.2547913573737615,0.2438106763710106,-0.8,0.0,-0.3333333333333333,0.0,0.0,1.0,1.0,1.0,1.0,0
0.9924812030075187,0.10110939399425044,0.7296188912225867,-0.6,1.0,-0.75,1.0,0.0,1.0,1.0,1.0,0.0,0
0.44360902255639095,-0.7604224355583985,-0.15810227149463144,-0.6,1.0,0.0,0.0,1.0,1.0,1.0,0.0,1.0,1
-1.1428571428571428,0.24626011281782922,0.8154488261148483,0.6,0.0,0.8333333333333334,0.0,1.0,0.0,1.0,0.0,1.0,0
-0.706766917293233,0.5070132813019371,-0.07224749909702136,-0.2,0.0,0.25,0.0,1.0,1.0,0.0,0.0,1.0,0
-0.015037593984962405,0.32262057688048934,-0.42777911434106586,0.4,0.0,0.9166666666666666,1.0,0.0,0.0,1.0,0.0,1.0,0
0.37593984962406013,-0.1274085867708632,-0.7356412196799413,-1.0,0.0,0.6666666666666666,0.0,0.0,1.0,1.0,1.0,1.0,0
-1.0601503759398496,0.31618847275585327,0.6378847848942997,0.0,0.0,-0.5,0.0,0.0,0.0,0.0,1.0,1.0,0
-0.43609022556390975,-0.7604224355583985,0.25169459118603316,1.0,1.0,-0.5833333333333334,0.0,0.0,0.0,1.0,1.0,0.0,0
0.41353383458646614,-0.23882482139540587,-0.3748944437963923,0.2,0.0,3.0,0.0,0.0,1.0,1.0,1.0,3.0,0
-0.41353383458646614,0.03868879878780745,-0.04776180730158783,0.6,0.0,0.25,0.0,1.0,0.0,0.0,1.0,1.0,0
-0.6541353383458647,-0.2187953925309165,0.7283479877596073,0.8,0.0,1.8333333333333333,1.0,0.0,1.0,1.0,1.0,2.0,0
-0.5263157894736842,0.10260093387147434,0.943525824425668,-0.4,0.0,0.25,1.0,0.0,0.0,1.0,1.0,1.0,1
1.300751879699248,0.16449987795102983,-0.48188634209345177,0.2,0.0,0.0,1.0,0.0,1.0,0.0,1.0,1.0,0
-0.40601503759398494,-0.7604224355583985,0.6100355020453253,-0.8,1.0,0.16666666666666666,0.0,1.0,1.0,1.0,0.0,1.0,0
0.6015037593984962,-0.7604224355583985,0.5595301214163051,1.0,1.0,0.25,0.0,0.0,0.0,1.0,0.0,1.0,0
0.7518796992481203,-0.1441733476937564,-0.9377777306467093,-0.6,0.0,1.0,0.0,0.0,1.0,1.0,0.0,1.0,0
0.5338345864661654,-0.7604224355583985,-0.6360910672755264,-0.2,1.0,0.6666666666666666,0.0,1.0,0.0,1.0,0.0,1.0,0
0.924812030075188,-0.7604224355583985,-0.31995418860124614,1.0,1.0,-0.6666666666666666,0.0,1.0,1.0,1.0,1.0,0.0,0
0.6691729323308271,-0.7604224355583985,-0.618722291776039,-0.4,1.0,1.3333333333333333,0.0,1.0,1.0,1.0,1.0,2.0,0
-0.21804511278195488,-0.7604224355583985,-0.9597480884128313,-0.2,0.0,0.75,0.0,1.0,1.0,1.0,0.0,1.0,1
0.42857142857142855,0.44885928774250294,-0.6199397383859431,-0.2,1.0,1.0,0.0,0.0,1.0,1.0,1.0,1.0,0
-0.6541353383458647,0.3001927907547875,0.4158317632086276,0.4,0.0,0.75,0.0,0.0,1.0,0.0,1.0,1.0,0
-0.9323308270676691,0.044912101432546564,-0.4443601422943749,-0.4,0.0,-0.6666666666666666,0.0,0.0,1.0,1.0,0.0,0.0,0
-0.5338345864661654,-0.7604224355583985,-0.5910237715624109,1.0,1.0,1.0,0.0,1.0,1.0,0.0,0.0,1.0,0
-0.5112781954887218,0.11720042736531038,0.8005760665849568,0.6,0.0,-0.5833333333333334,1.0,0.0,0.0,1.0,0.0,0.0,1
-0.8270676691729323,0.3589671558406102,-0.22189275333840228,0.6,1.0,-0.3333333333333333,1.0,0.0,1.0,0.0,0.0,1.0,0
0.18045112781954886,0.07663778220078245,-0.155844204958992,0.0,1.0,-0.16666666666666666,0.0,0.0,1.0,1.0,0.0,1.0,0
0.15037593984962405,-0.7604224355583985,-0.892720451705298,-0.8,0.0,1.0833333333333333,0.0,0.0,0.0,1.0,0.0,1.0,1
-1.3759398496240602,0.2410295769842634,0.654466017271521,-0.8,0.0,-0.3333333333333333,0.0,0.0,1.0,1.0,0.0,1.0,0
0.39849624060150374,0.44200190240477805,0.4816914238930414,-0.4,2.0,2.25,1.0,0.0,0.0,0.0,0.0,3.0,1
-0.5112781954887218,-0.07595300736614798,0.21392890877365708,0.2,1.0,0.75,1.0,0.0,0.0,1.0,0.0,1.0,1
-1.255639097744361,0.2867835048711269,-0.2988382205767234,-0.4,0.0,-0.25,1.0,0.0,1.0,1.0,0.0,1.0,0
1.263157894736842,0.27496855343940896,-0.7806843933714015,-0.6,1.0,-0.3333333333333333,0.0,0.0,1.0,1.0,0.0,1.0,0
0.6917293233082706,-0.7604224355583985,0.7970963627492105,-0.8,2.0,0.75,0.0,1.0,0.0,1.0,1.0,1.0,1
0.47368421052631576,-0.002008529207468406,-0.9699124541818939,-0.6,1.0,0.08333333333333333,0.0,1.0,1.0,1.0,1.0,1.0,0
-0.5864661654135338,0.0031728031253938425,-0.5759977963102252,0.6,0.0,-0.9166666666666666,0.0,0.0,1.0,1.0,1.0,0.0,0
0.5112781954887218,-9.828947712229765e-05,0.3482317395465598,-0.4,0.0,0.75,1.0,0.0,1.0,1.0,1.0,1.0,1
1.4887218045112782,-0.04514848194468537,0.6408907363132124,-0.2,0.0,-0.5,0.0,1.0,0.0,1.0,1.0,1.0,0
1.4887218045112782,-0.7604224355583985,-0.3156003681163602,0.6,0.0,-1.5,0.0,0.0,1.0,1.0,1.0,0.0,0
1.3609022556390977,-0.7604224355583985,-0.5634303252397224,0.2,0.0,-0.4166666666666667,0.0,1.0,1.0,1.0,1.0,1.0,1
-0.9699248120300752,0.1741017687444085,0.23342594162445215,-1.0,0.0,0.3333333333333333,1.0,0.0,1.0,0.0,0.0,1.0,1
0.23308270676691728,-0.7604224355583985,0.010731233277964209,-0.6,1.0,-0.5833333333333334,0.0,0.0,0.0,0.0,1.0,0.0,1
0.41353383458646614,0.04146033482903877,0.15562485810105772,-0.4,0.0,1.75,0.0,0.0,0.0,1.0,1.0,2.0,0
-0.21052631578947367,-0.7604224355583985,-0.1513891946375009,0.2,1.0,-0.08333333333333333,0.0,0.0,1.0,0.0,0.0,1.0,0
-0.10526315789473684,-0.05740109381419155,-0.635268363240339,-0.6,1.0,0.0,1.0,0.0,1.0,1.0,1.0,1.0,0
0.5488721804511278,0.012763176538830594,0.35031747672410185,0.2,0.0,-0.9166666666666666,0.0,0.0,1.0,0.0,0.0,0.0,0
-0.3082706766917293,-0.10566910120834952,-1.0038384422489035,-0.4,0.0,1.3333333333333333,0.0,0.0,1.0,0.0,0.0,2.0,0
0.14285714285714285,0.07481278675191044,-0.7467526814348466,0.4,1.0,-0.25,0.0,0.0,1.0,1.0,1.0,1.0,0
0.7293233082706767,0.9810338525177561,0.016986707207335586,0.8,0.0,0.4166666666666667,0.0,1.0,1.0,0.0,0.0,1.0,1
0.8045112781954887,-0.7604224355583985,0.25725369505803913,-0.2,1.0,0.25,0.0,0.0,1.0,1.0,0.0,1.0,0
0.05263157894736842,-0.35217182332542885,0.08705821596951938,0.6,1.0,0.16666666666666666,1.0,0.0,1.0,1.0,1.0,1.0,0
0.06766917293233082,0.19977040455658884,0.2166838276282239,0.0,1.0,0.3333333333333333,1.0,0.0,1.0,0.0,1.0,1.0,0
0.42105263157894735,0.3768318657227063,0.26436335430509733,0.6,0.0,1.4166666666666667,1.0,0.0,0.0,0.0,1.0,2.0,1
-1.037593984962406,-0.7604224355583985,0.22593942689500643,-0.8,1.0,-0.9166666666666666,0.0,0.0,1.0,0.0,0.0,0.0,0
0.556390977443609,0.11219788864487804,-0.9888275943662306,0.0,1.0,-0.5833333333333334,1.0,0.0,1.0,1.0,0.0,0.0,0
1.4887218045112782,0.18723651789802803,-0.332023171961523,-0.2,0.0,1.4166666666666667,0.0,1.0,0.0,1.0,0.0,2.0,0
-0.3458646616541353,-0.7604224355583985,0.8022777934431797,1.0,1.0,0.4166666666666667,0.0,1.0,1.0,1.0,0.0,1.0,0
-0.5112781954887218,0.2623426060908371,-0.06675565069217305,0.4,0.0,0.8333333333333334,1.0,0.0,1.0,1.0,0.0,1.0,0
-0.9172932330827067,-0.7604224355583985,1.0065435838808168,-0.6,1.0,0.16666666666666666,0.0,0.0,1.0,1.0,0.0,1.0,0
0.10526315789473684,-0.7604224355583985,-0.10932069550636642,-0.2,1.0,-0.8333333333333334,0.0,0.0,0.0,0.0,0.0,0.0,0
0.3082706766917293,-0.7604224355583985,-0.2178490439285269,-0.4,1.0,0.08333333333333333,0.0,0.0,0.0,0.0,0.0,1.0,1
-0.11278195488721804,-0.7604224355583985,-0.7293249296366507,0.0,0.0,2.1666666666666665,0.0,0.0,0.0,1.0,0.0,3.0,1
1.1804511278195489,-0.7604224355583985,-0.6672691891129447,0.6,1.0,3.5833333333333335,0.0,1.0,1.0,0.0,1.0,3.0,0
-0.7218045112781954,0.147770217614626,0.2656338489202521,-1.0,1.0,0.4166666666666667,1.0,0.0,1.0,0.0,1.0,1.0,1
0.7218045112781954,-0.7604224355583985,-0.9061551912238773,0.4,1.0,-1.4166666666666667,0.0,0.0,0.0,0.0,0.0,0.0,0
-1.0225563909774436,-0.7604224355583985,-0.04265519575953265,-0.2,0.0,0.6666666666666666,0.0,0.0,0.0,1.0,0.0,1.0,1
0.21804511278195488,0.5974228334564531,0.33236997712879723,-0.6,0.0,1.6666666666666667,0.0,1.0,0.0,0.0,1.0,2.0,0
-0.03007518796992481,-0.7604224355583985,-0.7905591926686433,-0.8,1.0,-1.5,0.0,0.0,0.0,0.0,1.0,0.0,0
-0.10526315789473684,-0.7604224355583985,0.6738192378999891,-0.8,1.0,-0.16666666666666666,0.0,1.0,1.0,1.0,0.0,1.0,0
-0.21052631578947367,0.1703197588997126,-0.04522797290820995,0.4,0.0,1.5,0.0,0.0,1.0,1.0,1.0,2.0,1
-1.1954887218045114,0.6366874620665887,1.0014901225559687,0.6,0.0,-0.16666666666666666,1.0,0.0,0.0,0.0,0.0,1.0,0
-0.5488721804511278,0.16943417423656915,-0.5071464938807619,-0.4,0.0,-1.25,0.0,1.0,1.0,1.0,1.0,0.0,0
0.7142857142857143,-0.7604224355583985,-0.5867709364902179,-0.2,1.0,-1.0,0.0,0.0,0.0,0.0,1.0,0.0,0
-1.0751879699248121,0.08350041695657626,-0.06693625921871997,-1.0,1.0,-0.6666666666666666,1.0,0.0,0.0,1.0,1.0,0.0,0
-0.5864661654135338,-0.7604224355583985,-0.6867075523009,0.4,1.0,0.0,0.0,1.0,0.0,1.0,0.0,1.0,0
0.15037593984962405,0.5668680863156328,0.48923272423099246,0.8,3.0,1.3333333333333333,0.0,0.0,0.0,1.0,1.0,2.0,1
-0.5488721804511278,-0.7604224355583985,0.7919254598867264,-0.2,1.0,-0.75,0.0,0.0,1.0,1.0,1.0,0.0,0
0.5037593984962406,0.07063323142541397,0.8631428668894974,-0.4,1.0,-0.75,1.0,0.0,1.0,1.0,1.0,0.0,0
0.15037593984962405,0.5501220509288356,0.7157122391023848,-0.2,0.0,-0.75,0.0,0.0,1.0,1.0,1.0,0.0,0
0.6691729323308271,0.3649711581693147,0.7643483674770245,0.4,1.0,0.16666666666666666,0.0,1.0,1.0,0.0,1.0,1.0,0
-0.7142857142857143,-0.1095416047525881,0.3396123074949601,-0.4,0.0,-0.25,0.0,0.0,1.0,1.0,0.0,1.0,0
1.413533834586466,0.30741661681351773,-0.4633631847610152,0.6,0.0,-0.5833333333333334,0.0,0.0,1.0,1.0,0.0,0.0,0
-0.45112781954887216,-0.7604224355583985,-0.8845530009238686,-0.4,0.0,0.08333333333333333,0.0,1.0,1.0,1.0,1.0,1.0,1
0.19548872180451127,0.08089223967166213,-0.15318260562040562,-1.0,0.0,-0.08333333333333333,0.0,0.0,1.0,1.0,1.0,1.0,0
-0.13533834586466165,0.090707867964913,0.8180944803882726,0.8,0.0,-0.5,0.0,1.0,1.0,1.0,1.0,1.0,1
1.4887218045112782,0.540823294441544,-0.5625824770633178,-0.2,1.0,0.25,1.0,0.0,1.0,0.0,1.0,1.0,0
0.6917293233082706,0.4446280217305537,-0.12504212090831168,-0.6,0.0,-0.08333333333333333,0.0,1.0,1.0,1.0,1.0,1.0,0
-0.08270676691729323,0.10210153400923638,0.616605891011647,-0.6,0.0,0.25,1.0,0.0,0.0,1.0,0.0,1.0,0
0.6917293233082706,-0.7604224355583985,0.8526613374204489,1.0,1.0,-0.08333333333333333,0.0,0.0,1.0,1.0,1.0,1.0,0
1.4887218045112782,0.9066846207211221,-0.3073928502481132,-0.4,0.0,0.0,0.0,0.0,0.0,0.0,1.0,1.0,0
-0.045112781954887216,0.19507154858890743,0.4435271148516146,-0.8,1.0,-0.16666666666666666,1.0,0.0,0.0,1.0,1.0,1.0,0
1.4887218045112782,-0.03256108256163297,-0.020248699576446465,0.8,1.0,-0.25,0.0,0.0,0.0,1.0,0.0,1.0,0
-1.1654135338345866,0.1134664457784669,-0.919385813465991,0.6,3.0,-0.4166666666666667,1.0,0.0,0.0,1.0,1.0,1.0,1
-0.3533834586466165,-0.7604224355583985,-0.3351958310809439,-0.6,2.0,1.6666666666666667,0.0,1.0,0.0,1.0,0.0,2.0,1
0.007518796992481203,-0.7604224355583985,-0.49829360972127706,0.2,0.0,0.8333333333333334,0.0,0.0,1.0,1.0,0.0,1.0,1
0.39849624060150374,0.11418773149101212,-0.7935713790168821,-0.8,0.0,-0.08333333333333333,0.0,1.0,1.0,1.0,1.0,1.0,0
0.48120300751879697,-0.02029515127314651,0.8836626325736986,-0.6,1.0,-1.1666666666666667,0.0,0.0,0.0,0.0,1.0,0.0,0
1.255639097744361,0.18491831219926758,0.6819311875892199,-0.8,3.0,1.0,1.0,0.0,0.0,0.0,0.0,1.0,1
-1.5112781954887218,-0.7604224355583985,-0.5256273354633455,0.8,1.0,-1.1666666666666667,0.0,1.0,0.0,0.0,1.0,0.0,0
0.7894736842105263,-0.7604224355583985,0.7980911917185832,0.8,1.0,0.5833333333333334,0.0,1.0,0.0,1.0,0.0,1.0,0
0.09774436090225563,0.4575024937673933,-0.4862732792521357,0.0,1.0,0.6666666666666666,1.0,0.0,0.0,1.0,0.0,1.0,1
-0.39097744360902253,-0.7604224355583985,0.7418981245766989,0.2,1.0,-0.8333333333333334,0.0,1.0,0.0,1.0,1.0,0.0,0
1.263157894736842,-0.1152545386018113,0.16904263043491322,-0.4,0.0,-0.6666666666666666,0.0,0.0,0.0,0.0,1.0,0.0,0
-0.015037593984962405,0.07012591826131118,0.4451165107700101,-0.2,0.0,-0.25,0.0,0.0,1.0,0.0,1.0,1.0,0
-0.8571428571428571,-0.7604224355583985,0.2809478574649161,0.0,1.0,0.5,0.0,1.0,1.0,1.0,0.0,1.0,0
0.21052631578947367,-0.7604224355583985,0.6202695763684936,-0.4,0.0,-0.5833333333333334,0.0,1.0,0.0,1.0,0.0,0.0,0
0.12030075187969924,-0.13172729085094212,-0.4360972255458854,0.0,1.0,-0.25,1.0,0.0,1.0,0.0,0.0,1.0,0
-0.5037593984962406,-0.7604224355583985,0.02331986222339373,-0.2,1.0,0.5833333333333334,0.0,1.0,0.0,0.0,1.0,1.0,0
0.9398496240601504,0.29393885344639376,0.1928375738305707,-0.6,0.0,-0.75,0.0,0.0,0.0,0.0,1.0,0.0,0
0.3458646616541353,0.4627016897915937,0.3612558936372163,-0.8,0.0,-0.5,0.0,0.0,1.0,0.0,0.0,1.0,0
0.2556390977443609,0.25462509968507796,0.9010276262308077,-0.2,1.0,0.3333333333333333,0.0,0.0,0.0,1.0,0.0,1.0,0
0.45112781954887216,-0.7604224355583985,0.7245441698108557,0.4,1.0,-0.5,0.0,0.0,0.0,1.0,0.0,1.0,0
-0.7443609022556391,0.24243446228859192,0.6739010074649227,0.0,0.0,1.3333333333333333,1.0,0.0,1.0,1.0,0.0,2.0,1
-0.6240601503759399,-0.7604224355583985,0.3203042645511177,-0.6,0.0,2.4166666666666665,0.0,0.0,1.0,1.0,0.0,3.0,1
0.22556390977443608,0.031007803259959138,-0.6833589864049157,0.2,0.0,-0.6666666666666666,1.0,0.0,0.0,0.0,0.0,0.0,1
-1.0225563909774436,0.14212944367646677,-0.9019330197385343,0.4,0.0,-0.3333333333333333,0.0,0.0,1.0,1.0,1.0,1.0,0
0.8045112781954887,-0.7604224355583985,0.3674282692462239,-0.2,1.0,-0.9166666666666666,0.0,0.0,1.0,1.0,0.0,0.0,0
0.6240601503759399,0.3505458356660271,-0.5477380302452846,-0.8,0.0,-0.25,0.0,0.0,1.0,1.0,0.0,1.0,0
0.5413533834586466,-0.2229559872727468,0.597080136601169,1.0,0.0,0.0,0.0,0.0,0.0,1.0,0.0,1.0,0
-0.3383458646616541,-0.7604224355583985,-0.9073592480675235,0.4,2.0,-0.4166666666666667,0.0,1.0,0.0,0.0,1.0,1.0,0
1.0676691729323309,-0.7604224355583985,-0.2572865050959688,0.4,1.0,0.3333333333333333,0.0,0.0,0.0,1.0,1.0,1.0,0
-0.6090225563909775,-0.7604224355583985,-0.36500676579267366,0.6,0.0,0.3333333333333333,0.0,0.0,1.0,1.0,1.0,1.0,0
1.4887218045112782,-0.7604224355583985,0.01331913779615432,1.0,1.0,-0.08333333333333333,0.0,0.0,0.0,1.0,1.0,1.0,0
-0.3383458646616541,0.3632800620559564,-0.016026017031322712,0.6,0.0,-0.08333333333333333,1.0,0.0,1.0,1.0,0.0,1.0,0
0.8646616541353384,-0.7604224355583985,-0.6126107322809506,0.8,1.0,-0.16666666666666666,0.0,0.0,0.0,1.0,0.0,1.0,0
0.41353383458646614,0.010836405059044334,-0.2930244045099493,1.0,0.0,1.1666666666666667,1.0,0.0,0.0,0.0,0.0,2.0,1
0.7218045112781954,0.06610650936067217,0.5172973676716106,0.0,0.0,-0.16666666666666666,0.0,1.0,1.0,1.0,1.0,1.0,0
-1.1879699248120301,-0.7604224355583985,0.5992150377296273,0.4,1.0,0.25,0.0,0.0,1.0,0.0,1.0,1.0,0
0.706766917293233,0.12231555435088806,-0.896772338071667,-0.8,0.0,-0.5833333333333334,0.0,1.0,1.0,0.0,0.0,0.0,1
-0.39097744360902253,-0.0535616537688335,-0.08278330311479447,0.4,0.0,1.0,0.0,0.0,1.0,1.0,0.0,1.0,0
1.4887218045112782,-0.12632603140585805,-0.8872740876209442,-0.6,0.0,-0.16666666666666666,1.0,0.0,0.0,0.0,0.0,1.0,1
-0.9323308270676691,0.4672135254468871,1.0208299534181788,-0.4,0.0,-0.16666666666666666,0.0,0.0,1.0,1.0,0.0,1.0,0
1.4887218045112782,-0.06218511571382358,0.0489986741831636,0.4,0.0,0.5833333333333334,0.0,1.0,1.0,1.0,0.0,1.0,1
-0.46616541353383456,0.017197211117374267,0.30850093006491874,1.0,0.0,-0.6666666666666666,0.0,1.0,0.0,1.0,1.0,0.0,0
-0.09022556390977443,0.2707143310170994,-0.945108065507132,0.8,3.0,0.16666666666666666,1.0,0.0,1.0,0.0,1.0,1.0,1
-0.46616541353383456,-0.7604224355583985,0.5039378561527702,0.8,1.0,0.08333333333333333,0.0,1.0,0.0,1.0,1.0,1.0,0
-0.05263157894736842,-0.7604224355583985,-0.8928248101125446,0.6,1.0,-0.08333333333333333,0.0,0.0,0.0,1.0,1.0,1.0,1
0.9022556390977443,-0.008014568623781634,-0.24143864350424493,1.0,0.0,0.3333333333333333,0.0,1.0,1.0,1.0,1.0,1.0,0
0.41353383458646614,-0.7604224355583985,-0.6775382199251223,0.6,1.0,-0.5833333333333334,0.0,0.0,1.0,1.0,0.0,0.0,0
0.21804511278195488,0.3342332298427536,-0.269637389031354,0.0,1.0,0.9166666666666666,1.0,0.0,1.0,0.0,0.0,1.0,0
-0.46616541353383456,0.500845685168345,-0.8749175820279698,0.0,0.0,3.25,0.0,0.0,0.0,0.0,1.0,3.0,0
0.40601503759398494,-0.30152003168141334,-0.5997074949344395,0.8,1.0,-0.08333333333333333,1.0,0.0,1.0,1.0,0.0,1.0,0
-0.6691729323308271,0.07142761724330406,0.6510754422615521,0.6,0.0,0.75,0.0,1.0,0.0,1.0,0.0,1.0,1
0.9624060150375939,-0.023086509743801453,0.7950891243540046,0.0,1.0,-0.25,1.0,0.0,1.0,1.0,0.0,1.0,0
-1.3458646616541354,0.15707602555902478,-0.1380824244880427,0.8,1.0,0.16666666666666666,0.0,0.0,0.0,1.0,1.0,1.0,1
0.5413533834586466,0.32210394012310034,-0.8844043847396019,0.8,0.0,-0.5,1.0,0.0,1.0,1.0,0.0,1.0,0
-0.5112781954887218,0.5058150820403736,0.4987046039970242,0.2,1.0,-0.16666666666666666,0.0,0.0,1.0,1.0,1.0,1.0,0
-0.3157894736842105,-0.7604224355583985,0.5126501988725256,0.8,0.0,0.25,0.0,0.0,1.0,1.0,1.0,1.0,0
-0.2706766917293233,-0.7604224355583985,0.9879968155865059,0.0,1.0,-0.5833333333333334,0.0,1.0,1.0,0.0,1.0,0.0,0
-1.3834586466165413,-0.7604224355583985,-0.7290058239094976,-0.6,1.0,-1.25,0.0,0.0,1.0,1.0,0.0,0.0,0
-0.38345864661654133,-0.14230557340510053,-0.7741883124972133,0.6,0.0,-0.9166666666666666,0.0,0.0,0.0,1.0,1.0,0.0,0
0.7593984962406015,0.19162855713202193,0.9824311701493049,-0.4,0.0,4.583333333333333,0.0,0.0,1.0,0.0,1.0,3.0,0
1.3834586466165413,0.03284345424401539,-0.6368348636805531,-0.2,0.0,1.6666666666666667,0.0,1.0,1.0,1.0,0.0,2.0,1
0.3157894736842105,0.0037224250321399224,0.18084841800806023,-0.4,0.0,-0.08333333333333333,0.0,0.0,1.0,1.0,1.0,1.0,0
0.6992481203007519,0.32009936756656454,0.795089328777917,-0.2,0.0,-1.3333333333333333,0.0,0.0,1.0,1.0,1.0,0.0,0
-0.23308270676691728,-0.07392947422494603,-1.015001521041673,0.4,0.0,-0.16666666666666666,0.0,0.0,1.0,1.0,0.0,1.0,0
-1.1729323308270676,-0.7604224355583985,-0.4503187927030375,-0.6,1.0,-0.6666666666666666,0.0,1.0,1.0,1.0,0.0,0.0,0
0.8646616541353384,-0.7604224355583985,-0.3505836366579605,-0.4,0.0,-0.08333333333333333,0.0,0.0,1.0,0.0,0.0,1.0,0
0.6766917293233082,-0.7604224355583985,0.32797792937230485,-1.0,1.0,-0.8333333333333334,0.0,0.0,1.0,0.0,1.0,0.0,0
0.21804511278195488,0.6640059037932883,-0.42856686188724424,0.2,1.0,0.08333333333333333,1.0,0.0,1.0,1.0,1.0,1.0,0
0.5112781954887218,0.10786970427246603,-0.27173048546974005,1.0,0.0,0.5,1.0,0.0,0.0,0.0,0.0,1.0,0
0.15037593984962405,-0.7604224355583985,-0.9263699564308763,0.2,0.0,-0.75,0.0,0.0,0.0,0.0,1.0,0.0,0
1.0601503759398496,-0.7604224355583985,0.5064247752582673,-1.0,0.0,-0.08333333333333333,0.0,1.0,0.0,0.0,0.0,1.0,0
-0.5112781954887218,-0.7604224355583985,0.6199005912067312,-0.4,1.0,0.3333333333333333,0.0,0.0,0.0,1.0,1.0,1.0,0
-0.3533834586466165,-0.04263965185545971,-0.725900113621366,0.0,0.0,0.3333333333333333,0.0,0.0,1.0,1.0,1.0,1.0,0
1.4887218045112782,0.29245036920058287,-0.7424068334825417,1.0,0.0,0.8333333333333334,1.0,0.0,0.0,0.0,0.0,1.0,1
0.48872180451127817,-0.11405344040788139,-0.6031452918681575,0.8,1.0,-0.75,1.0,0.0,0.0,0.0,0.0,0.0,0
1.4887218045112782,-0.7604224355583985,0.5473445142140421,-0.8,1.0,-0.6666666666666666,0.0,0.0,1.0,0.0,0.0,0.0,0
-0.03007518796992481,0.19528943861352052,-0.975305668049041,0.6,1.0,0.4166666666666667,1.0,0.0,0.0,1.0,0.0,1.0,0
0.10526315789473684,0.21011810446334123,0.8013122993052272,0.0,0.0,0.75,0.0,0.0,1.0,1.0,1.0,1.0,0
0.40601503759398494,-0.7604224355583985,-0.18120718197420616,0.0,1.0,-0.16666666666666666,0.0,0.0,1.0,1.0,1.0,1.0,0
-0.007518796992481203,-0.7604224355583985,-0.1539692288350661,-0.2,0.0,1.5833333333333333,0.0,0.0,0.0,0.0,0.0,2.0,1
0.09022556390977443,-0.28826290057222187,0.7296745967386978,0.4,0.0,0.16666666666666666,1.0,0.0,1.0,1.0,0.0,1.0,0
-0.12781954887218044,-0.7604224355583985,0.36730162863253324,-0.8,1.0,-0.5,0.0,1.0,1.0,1.0,0.0,1.0,0
-0.2706766917293233,0.06361076364185667,-0.7115134741550044,1.0,0.0,-0.75,1.0,0.0,0.0,0.0,1.0,0.0,1
-0.3157894736842105,-0.7604224355583985,1.0242713277703626,-0.8,1.0,0.6666666666666666,0.0,0.0,0.0,1.0,1.0,1.0,0
-0.3383458646616541,-0.7604224355583985,-0.711688972083743,-0.8,0.0,-0.9166666666666666,0.0,0.0,1.0,1.0,0.0,0.0,0
0.03759398496240601,-0.7604224355583985,-0.9503534808856617,0.6,1.0,-0.8333333333333334,0.0,1.0,0.0,0.0,0.0,0.0,0
-1.2255639097744362,0.2694155309674729,-0.6358281781242652,-0.8,0.0,1.25,1.0,0.0,0.0,1.0,0.0,2.0,1
0.706766917293233,-0.7604224355583985,0.447147768974915,-0.6,1.0,0.0,0.0,0.0,1.0,1.0,0.0,1.0,0
-0.7142857142857143,0.3869690404600464,0.8674810489450897,0.4,1.0,-0.75,0.0,0.0,0.0,1.0,0.0,0.0,0
-0.9097744360902256,0.15668083056292686,0.19482774282909662,0.4,0.0,-0.5,1.0,0.0,0.0,1.0,0.0,1.0,1
-1.0977443609022557,-0.7604224355583985,0.6623989938255037,0.0,1.0,-0.08333333333333333,0.0,0.0,1.0,1.0,0.0,1.0,0
0.19548872180451127,0.3815299381951537,0.10498701077684539,-0.8,0.0,1.1666666666666667,1.0,0.0,0.0,0.0,0.0,2.0,1
0.8120300751879699,-0.1493512326475883,-0.015746365119250032,-1.0,1.0,0.4166666666666667,1.0,0.0,1.0,1.0,1.0,1.0,0
-0.21804511278195488,-0.07786716457266464,0.05044333797162672,-0.6,0.0,1.0833333333333333,0.0,1.0,0.0,1.0,1.0,1.0,0
-0.518796992481203,0.12258484166286043,-0.717868400317726,0.8,0.0,0.25,0.0,0.0,1.0,0.0,0.0,1.0,0
-0.9924812030075187,-0.7604224355583985,-0.4401074094341382,-0.2,1.0,0.08333333333333333,0.0,0.0,0.0,1.0,0.0,1.0,0
0.48120300751879697,0.1770748197598595,-0.8841617335556616,-0.6,0.0,1.0833333333333333,1.0,0.0,1.0,1.0,1.0,1.0,1
0.39849624060150374,0.06957292732505836,-0.17358912045717367,-0.4,0.0,0.5833333333333334,1.0,0.0,1.0,1.0,0.0,1.0,0
1.4887218045112782,0.25882306714957654,-0.9708166211461463,-0.8,1.0,-0.5,1.0,0.0,0.0,1.0,1.0,1.0,0
-0.8045112781954887,-0.7604224355583985,0.6324854383097824,-0.4,1.0,3.0833333333333335,0.0,1.0,0.0,1.0,1.0,3.0,0
0.16541353383458646,-0.7604224355583985,-0.9186004167948045,0.2,1.0,0.16666666666666666,0.0,1.0,0.0,1.0,1.0,1.0,0
-0.49624060150375937,-0.7604224355583985,-0.46748385977388424,-0.8,1.0,2.25,0.0,0.0,1.0,1.0,1.0,3.0,0
0.20300751879699247,0.12123417422873407,0.7963896692842726,0.8,1.0,-0.3333333333333333,0.0,0.0,0.0,1.0,0.0,1.0,0
1.0451127819548873,0.5228604126066106,-0.24136750398275283,-0.6,1.0,0.0,0.0,0.0,1.0,1.0,0.0,1.0,0
-0.8421052631578947,0.1862411655525821,-0.7276372058164227,-1.0,0.0,0.0,0.0,1.0,1.0,1.0,0.0,1.0,0
0.12781954887218044,0.08786158647834517,0.7719351521354699,-0.2,1.0,-0.16666666666666666,1.0,0.0,0.0,1.0,0.0,1.0,0
-0.48120300751879697,0.22313446748708274,0.2254513648043094,1.0,0.0,0.25,1.0,0.0,0.0,1.0,0.0,1.0,1
-0.20300751879699247,-0.7604224355583985,1.000003551865477,0.2,1.0,-0.25,0.0,0.0,1.0,0.0,0.0,1.0,0
0.9699248120300752,0.08131376010762711,0.7604188288221875,-0.6,0.0,-1.1666666666666667,0.0,0.0,1.0,1.0,0.0,0.0,0
-0.631578947368421,-0.7604224355583985,0.3078928711376817,0.0,1.0,0.16666666666666666,0.0,1.0,1.0,1.0,1.0,1.0,0
-1.218045112781955,-0.7604224355583985,-0.5095547097800106,-0.8,0.0,0.25,0.0,0.0,0.0,1.0,1.0,1.0,1
0.41353383458646614,0.09851116709880998,0.9190806085648766,-0.4,0.0,0.25,1.0,0.0,0.0,1.0,0.0,1.0,0
0.9924812030075187,0.09399510056925231,-0.9509533628564053,-0.6,1.0,0.4166666666666667,0.0,1.0,0.0,1.0,0.0,1.0,0
-1.0225563909774436,0.09393445803813028,0.16733344210389006,0.6,0.0,0.6666666666666666,0.0,1.0,0.0,0.0,1.0,1.0,0
-0.15037593984962405,0.45806614023883047,-0.9976265106128592,0.4,0.0,-0.75,0.0,1.0,1.0,1.0,0.0,0.0,0
0.5488721804511278,0.13260707764935292,0.1763903413278841,0.4,0.0,0.3333333333333333,0.0,0.0,1.0,1.0,1.0,1.0,0
1.3458646616541354,-0.7604224355583985,0.6786260617746067,-0.6,1.0,-0.25,0.0,0.0,0.0,0.0,0.0,1.0,0
0.3684210526315789,0.04987867772173221,-0.23654105541255122,-0.8,0.0,-0.75,0.0,1.0,1.0,0.0,1.0,0.0,0
-0.9774436090225563,-0.7604224355583985,-0.9766618162834637,-0.4,1.0,-0.25,0.0,0.0,0.0,1.0,1.0,1.0,0
0.8796992481203008,0.40630946361563697,-0.46639019184289826,0.4,1.0,-0.5,1.0,0.0,0.0,1.0,0.0,1.0,0
0.5864661654135338,-0.7604224355583985,0.17002948687170466,0.0,1.0,-0.8333333333333334,0.0,0.0,1.0,1.0,1.0,0.0,0
1.2706766917293233,-0.7604224355583985,-0.6407954747700648,0.6,0.0,-0.75,0.0,0.0,0.0,1.0,1.0,0.0,0
0.13533834586466165,-0.7604224355583985,-0.21554457316478756,0.2,1.0,-1.0,0.0,1.0,1.0,1.0,1.0,0.0,0
-0.09774436090225563,0.008865679496623062,0.755755306110116,0.0,0.0,0.0,0.0,0.0,1.0,0.0,1.0,1.0,0
0.5939849624060151,-0.7604224355583985,-0.2504379973969171,-0.2,1.0,-0.3333333333333333,0.0,0.0,1.0,1.0,1.0,1.0,0
0.6541353383458647,-0.7604224355583985,0.7550878620363459,-0.2,1.0,0.25,0.0,0.0,1.0,0.0,0.0,1.0,0
0.09022556390977443,0.22371589930033484,0.23127029146889183,0.4,0.0,0.25,0.0,0.0,1.0,1.0,0.0,1.0,0
-1.0526315789473684,0.37527984001340714,0.6703901289825454,0.2,0.0,1.1666666666666667,0.0,0.0,1.0,1.0,1.0,2.0,0
-0.2556390977443609,-0.7604224355583985,0.810116734997489,0.0,0.0,0.0,0.0,0.0,1.0,0.0,1.0,1.0,1
0.556390977443609,0.13841935869426444,-0.012964257884342783,0.8,1.0,-0.5,0.0,0.0,0.0,1.0,1.0,1.0,0
-0.23308270676691728,-0.17829777747082184,-0.4790161281523287,-0.8,0.0,-0.8333333333333334,1.0,0.0,1.0,1.0,1.0,0.0,0
-0.631578947368421,-0.1880449282806092,-0.7403716912233023,0.6,1.0,-0.5833333333333334,0.0,0.0,1.0,1.0,1.0,0.0,0
0.12781954887218044,-0.004991295563822621,0.32873961286966086,0.6,0.0,0.5833333333333334,0.0,0.0,0.0,0.0,0.0,1.0,1
0.11278195488721804,-0.7604224355583985,-0.6002468674271323,-0.6,1.0,0.16666666666666666,0.0,1.0,0.0,1.0,0.0,1.0,1
0.7969924812030075,-0.7604224355583985,0.25327325484903107,-0.4,1.0,-0.25,0.0,0.0,0.0,1.0,1.0,1.0,0
0.9323308270676691,-0.03080002032386646,0.9876984588864547,-0.8,1.0,0.0,1.0,0.0,0.0,1.0,1.0,1.0,0
-0.07518796992481203,0.2933572649340948,-0.5743943973538348,0.6,0.0,-0.5833333333333334,1.0,0.0,1.0,0.0,0.0,0.0,0
0.5263157894736842,-0.07085731106237692,-0.08985453066633382,-0.6,0.0,0.8333333333333334,0.0,0.0,0.0,1.0,1.0,1.0,1
-1.0676691729323309,0.4683671438296283,-0.5629067956002354,-0.4,0.0,-1.25,0.0,0.0,0.0,0.0,0.0,0.0,0
-0.03007518796992481,0.39087194361936956,0.3127124715068202,0.6,1.0,-0.08333333333333333,0.0,1.0,1.0,1.0,1.0,1.0,0
-0.19548872180451127,0.06825916251645973,-0.5963262212124818,-0.2,1.0,-0.6666666666666666,0.0,0.0,0.0,0.0,0.0,0.0,0
0.9097744360902256,-0.7604224355583985,0.45654482958903275,-0.2,0.0,1.25,0.0,0.0,1.0,0.0,1.0,2.0,0
0.6917293233082706,0.16058584915938204,0.6082833846927119,-1.0,0.0,-0.5,0.0,1.0,1.0,1.0,0.0,1.0,0
0.07518796992481203,-0.7604224355583985,0.7754609535634475,0.6,1.0,0.5833333333333334,0.0,0.0,1.0,1.0,1.0,1.0,0
0.9774436090225563,-0.12131714637402913,0.8536080245584668,-0.8,0.0,1.3333333333333333,1.0,0.0,0.0,1.0,0.0,2.0,1
-0.41353383458646614,0.381988282907123,-0.48170123624083344,-0.2,1.0,0.3333333333333333,0.0,0.0,0.0,1.0,1.0,1.0,0
0.007518796992481203,-0.10406536481359734,-0.7719689842929612,-0.2,0.0,-0.4166666666666667,0.0,0.0,0.0,0.0,1.0,1.0,0
-0.007518796992481203,-0.7604224355583985,-1.0080447708810405,0.4,1.0,-0.75,0.0,0.0,1.0,1.0,0.0,0.0,0
0.556390977443609,0.6948004788252774,0.02647167010375669,-1.0,0.0,-0.25,0.0,0.0,0.0,1.0,1.0,1.0,0
-0.5338345864661654,0.035867589148731956,0.11227543873523943,-0.8,0.0,-0.25,1.0,0.0,0.0,1.0,0.0,1.0,0
-0.43609022556390975,0.2646261029507253,-0.392477659979918,-0.4,0.0,-0.6666666666666666,1.0,0.0,0.0,1.0,0.0,0.0,0
-1.4887218045112782,-0.03259015023481945,0.561113589041243,1.0,0.0,1.0833333333333333,1.0,0.0,0.0,1.0,0.0,1.0,1
1.2706766917293233,-0.7604224355583985,-0.5455503877474441,-0.6,1.0,-0.75,0.0,0.0,1.0,1.0,0.0,0.0,0
-0.8947368421052632,-0.7604224355583985,0.9676104365051025,0.4,0.0,1.25,0.0,1.0,0.0,0.0,1.0,2.0,1
0.022556390977443608,0.40199757594409513,0.8948475847250879,0.2,0.0,2.5,1.0,0.0,1.0,1.0,1.0,3.0,0
0.05263157894736842,-0.055749799258727396,0.3791363421892754,0.4,0.0,-0.3333333333333333,0.0,0.0,0.0,1.0,0.0,1.0,0
1.0601503759398496,-0.7604224355583985,-0.11470143951486118,0.8,1.0,0.08333333333333333,0.0,1.0,1.0,1.0,0.0,1.0,0
-0.5789473684210527,-0.7604224355583985,-0.9074468437139586,0.4,0.0,-0.75,0.0,1.0,1.0,1.0,1.0,0.0,0
0.7744360902255639,0.24015057368108664,0.438803593721273,-0.8,1.0,2.0833333333333335,0.0,0.0,1.0,0.0,1.0,3.0,0
-1.3082706766917294,-0.2026738028457252,0.11393239675666127,0.2,0.0,-0.4166666666666667,0.0,0.0,0.0,1.0,1.0,1.0,0
1.1654135338345866,-0.7604224355583985,-0.14231686140812558,-1.0,1.0,0.5,0.0,1.0,0.0,0.0,1.0,1.0,0
-0.40601503759398494,0.41754987799216337,0.759814040677548,-0.4,0.0,-1.5,1.0,0.0,1.0,1.0,1.0,0.0,0
0.849624060150376,0.17579858437297602,0.6894101386339093,0.6,1.0,0.75,1.0,0.0,0.0,0.0,1.0,1.0,1
0.3308270676691729,-0.7604224355583985,-0.7274436163714425,0.6,1.0,0.3333333333333333,0.0,0.0,0.0,0.0,0.0,1.0,0
0.38345864661654133,-0.7604224355583985,-0.14207063280571952,0.8,0.0,1.5833333333333333,0.0,0.0,1.0,0.0,0.0,2.0,1
-0.6992481203007519,-0.7604224355583985,0.3022065133802478,-0.6,0.0,1.25,0.0,0.0,1.0,1.0,0.0,2.0,1
-0.3458646616541353,0.26027018284702497,0.4914979456035636,-0.6,1.0,-0.8333333333333334,1.0,0.0,1.0,1.0,0.0,0.0,0
0.007518796992481203,-0.7604224355583985,-0.4708641113762803,-0.8,1.0,-0.3333333333333333,0.0,0.0,1.0,0.0,0.0,1.0,0
1.0451127819548873,-0.7604224355583985,0.4596162988718485,-0.4,0.0,-0.3333333333333333,0.0,0.0,0.0,1.0,1.0,1.0,1
-0.518796992481203,0.22104660938715823,0.6708713428721791,0.2,1.0,1.1666666666666667,0.0,0.0,1.0,1.0,0.0,2.0,0
-0.007518796992481203,0.15349936981519574,-0.5592541491346545,-0.8,0.0,0.4166666666666667,1.0,0.0,0.0,1.0,0.0,1.0,1
1.0,-0.20960585527926343,-0.31528892828591965,0.8,0.0,-0.25,0.0,0.0,0.0,1.0,1.0,1.0,0
-0.2857142857142857,-0.7604224355583985,0.6600034522088197,0.2,1.0,0.16666666666666666,0.0,1.0,0.0,1.0,1.0,1.0,0
0.12781954887218044,0.05342062462668897,0.5025207895924719,-0.8,0.0,0.4166666666666667,1.0,0.0,0.0,1.0,0.0,1.0,0
-0.8045112781954887,-0.7604224355583985,0.9216061637898049,-0.6,1.0,-1.1666666666666667,0.0,0.0,1.0,1.0,0.0,0.0,0
1.2932330827067668,0.28659374232541923,0.6399181895502842,-1.0,0.0,-0.5833333333333334,0.0,0.0,1.0,1.0,1.0,0.0,0
-0.706766917293233,0.3737419172183223,-0.7826244785114057,1.0,0.0,0.16666666666666666,1.0,0.0,1.0,1.0,0.0,1.0,1
0.12781954887218044,0.49688832909024955,-0.03560860128942942,-0.8,0.0,0.5,0.0,0.0,0.0,1.0,1.0,1.0,0
-1.0977443609022557,-0.7604224355583985,0.1675781375269537,0.4,1.0,-0.25,0.0,0.0,1.0,0.0,0.0,1.0,0
-0.5413533834586466,0.07638385139539906,0.08630522048843774,0.8,2.0,2.3333333333333335,0.0,0.0,0.0,1.0,0.0,3.0,1
-1.3157894736842106,0.38336245519827356,-0.7653860232560311,0.6,0.0,1.75,1.0,0.0,0.0,1.0,1.0,2.0,0
0.2932330827067669,0.20380658025523848,-0.013129125769640062,0.4,0.0,0.0,1.0,0.0,0.0,1.0,1.0,1.0,1
-0.13533834586466165,-0.7604224355583985,-0.7019312054763124,1.0,1.0,2.1666666666666665,0.0,1.0,1.0,1.0,0.0,3.0,1
-0.6390977443609023,0.23993487744312914,-0.5521903830559154,0.2,1.0,0.08333333333333333,0.0,0.0,1.0,0.0,0.0,1.0,0
0.5639097744360902,-0.7604224355583985,0.9593451688816214,0.4,1.0,0.8333333333333334,0.0,0.0,1.0,1.0,0.0,1.0,0
-0.6240601503759399,-0.7604224355583985,0.09221828436464981,0.4,0.0,0.08333333333333333,0.0,0.0,1.0,1.0,1.0,1.0,0
1.0977443609022557,-0.0007760128546495938,-0.6903344413535266,0.2,0.0,1.9166666666666667,0.0,0.0,0.0,1.0,0.0,2.0,1
-0.21804511278195488,-0.7604224355583985,-0.613934888173093,-0.8,1.0,-0.6666666666666666,0.0,0.0,0.0,0.0,0.0,0.0,0
0.48872180451127817,0.25594771798982235,-0.5955925437911157,-0.2,0.0,-0.5,0.0,0.0,1.0,0.0,0.0,1.0,0
-0.12030075187969924,0.33536796599035235,0.09153693946484112,0.4,0.0,0.6666666666666666,0.0,0.0,0.0,1.0,1.0,1.0,0
0.7443609022556391,0.2810945459760685,-0.5398474716531112,1.0,1.0,-0.75,1.0,0.0,0.0,1.0,1.0,0.0,0
0.3082706766917293,0.06039388890954269,-0.37898772600500874,-0.6,0.0,0.75,1.0,0.0,1.0,1.0,1.0,1.0,0
0.9398496240601504,0.21624817117521813,-0.20089392021564684,-0.4,1.0,0.5833333333333334,1.0,0.0,1.0,0.0,1.0,1.0,0
0.5112781954887218,-0.7604224355583985,0.6276068616419355,0.2,1.0,1.8333333333333333,0.0,1.0,0.0,1.0,1.0,2.0,1
0.15037593984962405,-0.48038799780887725,-0.722199018688562,-0.8,0.0,-1.3333333333333333,1.0,0.0,0.0,1.0,0.0,0.0,0
0.6541353383458647,0.2879018659683322,0.5192251873768746,-0.2,0.0,-1.4166666666666667,0.0,0.0,0.0,0.0,1.0,0.0,0
-0.631578947368421,0.2368830068071241,-0.550262461138695,-0.8,0.0,-0.75,0.0,1.0,1.0,0.0,0.0,0.0,0
-0.3082706766917293,-0.06629157093497506,0.9902857501329078,0.8,0.0,-0.5833333333333334,0.0,0.0,0.0,1.0,0.0,0.0,0
-0.5112781954887218,-0.06850619856378279,0.7993428793338031,-0.4,1.0,-0.3333333333333333,1.0,0.0,1.0,1.0,1.0,1.0,0
-1.631578947368421,-0.7604224355583985,0.9972642714402038,-0.2,0.0,-0.08333333333333333,0.0,0.0,1.0,1.0,1.0,1.0,0
-0.3609022556390977,0.29602357756538167,0.9463012878834244,0.2,0.0,-0.5,0.0,0.0,1.0,1.0,0.0,1.0,0
-2.1578947368421053,0.24057162401991117,-0.1830523122069312,-1.0,0.0,-0.5833333333333334,1.0,0.0,1.0,1.0,0.0,0.0,1
1.3834586466165413,-0.7604224355583985,0.12140194430138324,1.0,1.0,0.0,0.0,1.0,0.0,1.0,0.0,1.0,0
-0.3308270676691729,-0.05712702718129095,1.0206661076524433,-0.4,0.0,0.3333333333333333,0.0,1.0,0.0,0.0,0.0,1.0,1
-1.0150375939849625,-0.41746573060401726,0.902626630073083,-0.8,2.0,2.0833333333333335,0.0,0.0,1.0,1.0,0.0,3.0,1
0.18796992481203006,-0.14825292902837706,0.7643301737488268,-0.8,0.0,-0.5833333333333334,0.0,0.0,1.0,0.0,1.0,0.0,0
-0.09022556390977443,0.11395291796934179,0.37357079896403067,-0.8,0.0,0.9166666666666666,1.0,0.0,1.0,0.0,1.0,1.0,0
-0.3533834586466165,0.04778940933038619,0.4472472212082655,0.0,0.0,0.3333333333333333,0.0,1.0,1.0,0.0,0.0,1.0,0
0.21052631578947367,-0.7604224355583985,-0.03843517072526918,0.8,1.0,-0.25,0.0,0.0,1.0,1.0,1.0,1.0,0
0.03759398496240601,0.07928529094645008,0.2751812633218912,0.6,0.0,1.6666666666666667,1.0,0.0,1.0,1.0,1.0,2.0,1
0.8646616541353384,-0.7604224355583985,-0.5242017853106855,-0.6,0.0,0.8333333333333334,0.0,1.0,1.0,1.0,0.0,1.0,1
-0.19548872180451127,0.14125937221895915,-0.7414405216489398,-0.2,1.0,-0.8333333333333334,1.0,0.0,1.0,0.0,1.0,0.0,0
0.21052631578947367,0.23721348509688256,0.7868957117357087,-0.4,2.0,-0.5,1.0,0.0,0.0,1.0,1.0,1.0,0
-0.2781954887218045,0.0030154772823794,0.41262108124151253,-0.6,1.0,-0.16666666666666666,0.0,0.0,0.0,1.0,1.0,1.0,0
0.49624060150375937,-0.7604224355583985,0.469236385974322,-0.4,1.0,0.16666666666666666,0.0,0.0,0.0,1.0,1.0,1.0,0
0.07518796992481203,0.16200052815413726,-0.4530662500848041,-0.6,1.0,-0.25,0.0,0.0,1.0,0.0,1.0,1.0,0
-1.3233082706766917,0.11635127523055416,0.9993760726665684,0.6,0.0,-0.25,1.0,0.0,0.0,0.0,1.0,1.0,1
-1.2932330827067668,0.5377736175921946,1.0071724940471118,-0.6,0.0,-0.16666666666666666,0.0,0.0,1.0,1.0,1.0,1.0,0
0.7969924812030075,-0.7604224355583985,-0.21970562190034268,0.4,1.0,-0.16666666666666666,0.0,0.0,1.0,1.0,0.0,1.0,0
-0.8045112781954887,-0.18681679950110167,-0.10077690030233027,0.6,1.0,-0.08333333333333333,0.0,1.0,1.0,1.0,0.0,1.0,1
-0.12781954887218044,0.23831116191990645,0.5465182327603885,0.6,0.0,-0.8333333333333334,0.0,0.0,0.0,1.0,1.0,0.0,1
0.3082706766917293,0.15271454263916212,-0.7799452987163586,-0.6,1.0,0.6666666666666666,1.0,0.0,1.0,0.0,0.0,1.0,1
-0.39849624060150374,-0.7604224355583985,0.12003353063222055,-0.6,1.0,1.0,0.0,1.0,0.0,1.0,0.0,1.0,0
-1.0601503759398496,0.4079045815628136,0.6454947716667949,-1.0,0.0,1.75,0.0,0.0,1.0,1.0,1.0,2.0,0
-0.24060150375939848,-0.7604224355583985,-0.6279044006463376,-1.0,1.0,0.08333333333333333,0.0,1.0,1.0,1.0,1.0,1.0,0
0.556390977443609,0.015600682878776119,-0.4435373360472313,0.4,1.0,-0.3333333333333333,1.0,0.0,0.0,1.0,1.0,1.0,0
0.2857142857142857,-0.15210114422035742,0.9158666558151641,0.8,0.0,0.25,0.0,0.0,0.0,0.0,0.0,1.0,1
-0.07518796992481203,-0.7604224355583985,0.7360987203957443,-0.4,1.0,0.08333333333333333,0.0,0.0,1.0,0.0,0.0,1.0,0
0.21052631578947367,-0.7604224355583985,0.567528718046147,1.0,2.0,-1.0833333333333333,0.0,0.0,0.0,1.0,0.0,0.0,1
-0.39849624060150374,-0.3533970531725701,-0.14719564249988476,-0.6,1.0,-0.3333333333333333,1.0,0.0,1.0,1.0,0.0,1.0,0
-0.13533834586466165,0.14330688031432573,0.7086851671159096,0.0,1.0,0.0,0.0,0.0,1.0,0.0,0.0,1.0,0
1.0150375939849625,-0.7604224355583985,-0.15633277810946988,0.2,1.0,0.25,0.0,0.0,0.0,1.0,1.0,1.0,0
0.06015037593984962,-0.7604224355583985,0.915505336550114,0.0,2.0,0.4166666666666667,0.0,1.0,0.0,1.0,1.0,1.0,1
-0.42857142857142855,0.2665961233674359,-0.3068213832011841,0.6,1.0,-0.4166666666666667,1.0,0.0,1.0,1.0,1.0,1.0,0
0.7744360902255639,-0.1000575516424235,-0.37404812879933036,0.0,1.0,-1.1666666666666667,0.0,0.0,1.0,1.0,1.0,0.0,0
0.045112781954887216,-0.7604224355583985,0.9014215511098751,0.4,1.0,-1.4166666666666667,0.0,0.0,1.0,0.0,0.0,0.0,0
0.22556390977443608,0.40369572351456057,-0.6568933468065729,0.6,0.0,0.0,0.0,0.0,0.0,1.0,0.0,1.0,0
-1.0150375939849625,-0.7604224355583985,-0.24029489171473722,-0.6,1.0,0.3333333333333333,0.0,0.0,1.0,0.0,1.0,1.0,0
0.08270676691729323,0.26303905500446023,-0.5344222654436838,0.6,0.0,-0.4166666666666667,1.0,0.0,1.0,1.0,0.0,1.0,1
-0.41353383458646614,-0.10468910536949269,0.629999643535803,0.6,1.0,1.25,1.0,0.0,1.0,1.0,1.0,2.0,0
-0.2556390977443609,0.2482210446898238,-0.6367736387188091,0.4,0.0,-1.0833333333333333,0.0,0.0,0.0,0.0,1.0,0.0,0
-0.3609022556390977,0.4043175053323707,-0.5827020829391254,-0.4,0.0,-0.3333333333333333,0.0,0.0,1.0,0.0,0.0,1.0,0
0.8872180451127819,0.6777241218477684,0.6143995437258278,-0.6,0.0,2.5833333333333335,0.0,0.0,0.0,0.0,0.0,3.0,1
-0.9398496240601504,0.31546084073191155,0.27288568499833854,-0.4,0.0,1.75,1.0,0.0,1.0,1.0,1.0,2.0,0
-0.38345864661654133,0.008991508831225221,0.3916454502328069,-0.4,0.0,0.75,0.0,0.0,0.0,0.0,0.0,1.0,0
1.1879699248120301,0.18666448802758556,-0.2100491473414735,0.8,1.0,-0.4166666666666667,0.0,0.0,1.0,0.0,1.0,1.0,0
0.3533834586466165,-0.7604224355583985,0.7290114455670867,-0.4,1.0,-0.4166666666666667,0.0,0.0,1.0,1.0,1.0,1.0,0
-0.8796992481203008,0.11518441577835607,-0.9333854784663047,0.4,0.0,0.25,1.0,0.0,1.0,1.0,0.0,1.0,1
0.7669172932330827,0.03196445094083864,-0.2912277227444473,-0.6,1.0,1.6666666666666667,1.0,0.0,1.0,1.0,1.0,2.0,0
0.42857142857142855,-0.18601042620612931,-0.3679678461628291,0.6,1.0,-1.1666666666666667,1.0,0.0,1.0,1.0,0.0,0.0,0
-1.0150375939849625,0.14108763006363664,0.8137021259959121,-0.6,0.0,-0.75,0.0,0.0,1.0,1.0,0.0,0.0,0
0.20300751879699247,-0.1785986396407299,0.9727618168839589,0.4,0.0,0.0,0.0,0.0,1.0,1.0,0.0,1.0,0
0.09774436090225563,0.10874439835185502,0.7138590341251225,0.6,0.0,-0.16666666666666666,0.0,0.0,1.0,1.0,0.0,1.0,0
-0.5864661654135338,-0.7604224355583985,-0.928976667949001,-0.4,1.0,-0.08333333333333333,0.0,1.0,1.0,1.0,1.0,1.0,0
-0.48120300751879697,0.2535600162637941,0.5548103821283419,1.0,0.0,-0.25,1.0,0.0,0.0,1.0,0.0,1.0,0
0.06766917293233082,-0.7604224355583985,0.9958401522549301,0.6,1.0,-0.9166666666666666,0.0,0.0,1.0,0.0,0.0,0.0,0
0.6992481203007519,-0.2504030005673681,0.4165186275540694,0.0,1.0,0.08333333333333333,1.0,0.0,1.0,1.0,1.0,1.0,0
-1.1879699248120301,-0.0889282368900975,-0.7314377529825771,-0.4,0.0,-0.5833333333333334,0.0,0.0,1.0,0.0,1.0,0.0,0
0.7142857142857143,-0.7604224355583985,-0.6849836454481887,0.8,0.0,0.3333333333333333,0.0,1.0,1.0,1.0,0.0,1.0,1
0.8721804511278195,-0.2855976848342628,0.8033760609121934,0.2,0.0,0.5833333333333334,0.0,1.0,0.0,1.0,1.0,1.0,0
1.1278195488721805,0.219054102657228,0.9016234197233047,-0.8,0.0,-0.5,1.0,0.0,1.0,1.0,1.0,1.0,0
0.6165413533834586,0.2863146613230202,-0.8824949631864477,0.2,0.0,-0.25,0.0,0.0,1.0,1.0,1.0,1.0,0
0.6842105263157895,0.10301885022936236,-0.03948948705313099,-0.4,0.0,-1.1666666666666667,0.0,0.0,1.0,1.0,0.0,0.0,0
-0.2631578947368421,0.15212566762118576,0.7755618367641842,-0.2,1.0,0.0,1.0,0.0,0.0,1.0,0.0,1.0,1
-1.1203007518796992,-0.7604224355583985,0.9546002854524408,0.4,0.0,-1.0,0.0,1.0,1.0,0.0,1.0,0.0,0
0.3383458646616541,0.2442250622966854,0.9100952577101994,1.0,0.0,0.5,0.0,1.0,1.0,0.0,0.0,1.0,0
0.5037593984962406,0.20300153890216413,0.39642661890642683,-0.4,0.0,-0.16666666666666666,0.0,1.0,1.0,1.0,1.0,1.0,0
1.4887218045112782,-0.7604224355583985,-1.0092588444963912,0.0,0.0,2.75,0.0,1.0,0.0,1.0,1.0,3.0,0
-0.3308270676691729,0.13435630910908403,-0.22094729274385833,0.4,0.0,0.5833333333333334,1.0,0.0,1.0,1.0,1.0,1.0,1
0.8270676691729323,0.6792107257050175,0.9970444135224887,0.8,0.0,2.6666666666666665,0.0,1.0,0.0,1.0,1.0,3.0,0
1.1804511278195489,-0.7604224355583985,-0.22222095592965424,0.0,0.0,0.16666666666666666,0.0,0.0,0.0,1.0,0.0,1.0,0
0.8872180451127819,-0.26582218677515673,0.8766140960764282,0.8,1.0,1.5,0.0,1.0,1.0,1.0,0.0,2.0,1
0.6992481203007519,-0.7604224355583985,0.9688045787890007,0.4,1.0,0.08333333333333333,0.0,1.0,0.0,1.0,1.0,1.0,0
0.2781954887218045,0.4704076788174111,0.00044022689521081986,0.8,0.0,2.5,1.0,0.0,1.0,1.0,1.0,3.0,0
-0.518796992481203,-0.7604224355583985,-0.49226760163350053,0.4,1.0,-0.8333333333333334,0.0,0.0,1.0,1.0,0.0,0.0,0
0.2706766917293233,-0.7604224355583985,-0.7347992997969945,-0.6,0.0,-0.3333333333333333,0.0,1.0,0.0,0.0,0.0,1.0,1
-0.2556390977443609,0.4428092942435547,-0.23270943581172202,0.6,1.0,0.4166666666666667,1.0,0.0,1.0,1.0,1.0,1.0,0
-1.1353383458646618,-0.06328882545015037,0.3470722471158023,0.8,1.0,0.08333333333333333,1.0,0.0,1.0,0.0,1.0,1.0,0
0.5263157894736842,-0.7604224355583985,0.8224154908352289,0.0,1.0,0.75,0.0,0.0,1.0,1.0,0.0,1.0,0
0.3533834586466165,-0.03767832498434286,-0.08280098578321131,-0.6,1.0,1.1666666666666667,1.0,0.0,0.0,0.0,1.0,2.0,0
0.8345864661654135,0.7118556030819411,-0.6502904544381902,0.8,0.0,1.75,0.0,0.0,0.0,0.0,1.0,2.0,0
-0.45112781954887216,-0.7604224355583985,-0.8156645955543168,-0.4,1.0,-0.8333333333333334,0.0,0.0,1.0,1.0,1.0,0.0,0
0.38345864661654133,-0.7604224355583985,-0.22642380935528159,-0.4,2.0,1.1666666666666667,0.0,0.0,0.0,1.0,1.0,2.0,1
-0.13533834586466165,-0.7604224355583985,0.6654284539943347,-0.2,1.0,0.3333333333333333,0.0,1.0,0.0,1.0,1.0,1.0,0
-0.849624060150376,-0.7604224355583985,1.0089764328615018,-0.4,1.0,-1.0833333333333333,0.0,0.0,0.0,1.0,1.0,0.0,0
0.6992481203007519,0.21368810049768006,0.4191158333602704,-0.4,0.0,-0.5,0.0,1.0,0.0,1.0,1.0,1.0,0
1.2105263157894737,0.07054790879441661,0.9048818346739499,0.0,0.0,-0.6666666666666666,1.0,0.0,0.0,0.0,0.0,0.0,1
-0.42105263157894735,0.01869470555837768,-0.967381686147201,-0.2,1.0,-0.25,1.0,0.0,1.0,0.0,1.0,1.0,0
-0.3684210526315789,-0.7604224355583985,0.7669126610333401,-0.6,1.0,0.75,0.0,1.0,1.0,1.0,0.0,1.0,0
0.19548872180451127,-0.7604224355583985,0.8984069116746881,-0.8,1.0,0.25,0.0,0.0,1.0,1.0,1.0,1.0,0
-1.4511278195488722,0.10421485570427032,-0.9656761774465998,0.4,0.0,0.75,1.0,0.0,1.0,1.0,0.0,1.0,1
-0.44360902255639095,0.7048165251994202,0.06594459881998853,-0.6,1.0,2.6666666666666665,1.0,0.0,1.0,0.0,1.0,3.0,0
-0.3533834586466165,0.06473695969140311,0.3942766926204117,1.0,1.0,0.16666666666666666,0.0,1.0,1.0,1.0,0.0,1.0,0
-0.7744360902255639,0.12133516676441415,-0.5316504816163493,-0.6,1.0,0.0,0.0,0.0,1.0,0.0,0.0,1.0,0
0.21052631578947367,0.0888342958115246,-0.6172505418191916,-0.6,0.0,-0.3333333333333333,0.0,0.0,1.0,0.0,1.0,1.0,0
-0.007518796992481203,-0.1757508695132172,0.30668033070167355,0.4,2.0,-0.16666666666666666,0.0,0.0,1.0,1.0,0.0,1.0,1
-0.09022556390977443,-0.7604224355583985,-0.10854163597646219,0.8,1.0,0.08333333333333333,0.0,0.0,1.0,1.0,0.0,1.0,0
0.3458646616541353,0.10940598172755914,-0.13325025204829571,-0.6,0.0,1.1666666666666667,1.0,0.0,0.0,1.0,0.0,2.0,0
-0.3458646616541353,0.3050068988714103,0.8926369445371098,-1.0,1.0,-0.16666666666666666,0.0,0.0,0.0,1.0,0.0,1.0,0
-1.7067669172932332,0.568775113715519,0.3773467130487489,0.4,1.0,-1.25,0.0,1.0,0.0,0.0,1.0,0.0,1
-0.06015037593984962,0.3300538312153041,-0.8124549357067633,1.0,0.0,0.25,0.0,0.0,0.0,1.0,1.0,1.0,0
0.41353383458646614,-0.30571055594118757,-0.16467531797181334,-0.6,0.0,-0.3333333333333333,0.0,0.0,0.0,1.0,1.0,1.0,0
0.7969924812030075,-0.7604224355583985,-0.16814347185651288,0.4,1.0,-0.3333333333333333,0.0,0.0,0.0,0.0,0.0,1.0,0
0.924812030075188,-0.7604224355583985,0.12379666822241779,0.4,1.0,1.9166666666666667,0.0,0.0,1.0,1.0,1.0,2.0,0
0.14285714285714285,-0.7604224355583985,-0.20623224626233239,-0.2,1.0,-0.5,0.0,1.0,0.0,0.0,1.0,1.0,0
-0.7142857142857143,0.2572874164906708,0.026872443183887075,-0.6,0.0,0.08333333333333333,1.0,0.0,0.0,0.0,0.0,1.0,0
0.42105263157894735,0.5079608404381007,-0.1489914043577813,-0.6,1.0,0.5833333333333334,0.0,0.0,0.0,1.0,0.0,1.0,0
-0.7669172932330827,-0.7604224355583985,0.3183228857808222,0.4,1.0,0.75,0.0,0.0,0.0,1.0,0.0,1.0,0
0.3383458646616541,0.5926232200016619,0.43288848560593757,-1.0,0.0,-0.6666666666666666,1.0,0.0,1.0,0.0,0.0,0.0,0
0.37593984962406013,-0.20193692557802076,0.09505895905044066,-0.6,0.0,-0.9166666666666666,0.0,0.0,1.0,1.0,1.0,0.0,1
-0.5338345864661654,-0.01212024034969905,-0.5487958217796559,-0.4,0.0,-1.0833333333333333,0.0,0.0,0.0,1.0,1.0,0.0,0
0.6541353383458647,-0.7604224355583985,0.4541819957983221,0.0,1.0,0.3333333333333333,0.0,0.0,1.0,0.0,0.0,1.0,0
-2.075187969924812,0.14096328936997934,0.20340117950042125,-0.2,3.0,-0.6666666666666666,1.0,0.0,0.0,1.0,0.0,0.0,1
-0.2706766917293233,0.15577189774180608,0.05041522968368082,0.4,0.0,1.6666666666666667,1.0,0.0,0.0,1.0,1.0,2.0,0
0.2631578947368421,-0.7604224355583985,0.5654406299936131,0.6,1.0,-1.3333333333333333,0.0,1.0,0.0,1.0,1.0,0.0,0
0.6992481203007519,-0.03516808460369581,0.6344585379116283,0.8,1.0,-0.16666666666666666,0.0,0.0,1.0,1.0,0.0,1.0,0
0.3157894736842105,-0.7604224355583985,0.5868117190607286,-0.8,1.0,0.08333333333333333,0.0,0.0,1.0,0.0,1.0,1.0,0
0.5488721804511278,0.15472977073088234,0.2515030459801763,0.0,0.0,0.16666666666666666,1.0,0.0,0.0,1.0,0.0,1.0,0
1.2406015037593985,-0.12524018536086956,-0.18869410555147634,0.2,1.0,0.0,0.0,0.0,0.0,1.0,0.0,1.0,0
-0.6015037593984962,-0.7604224355583985,0.5316442466870231,-0.8,1.0,-1.0833333333333333,0.0,0.0,1.0,1.0,1.0,0.0,0
1.1353383458646618,-0.7604224355583985,0.6153881377658742,-0.4,1.0,-0.75,0.0,0.0,1.0,1.0,0.0,0.0,0
-0.03007518796992481,-0.7604224355583985,-0.9633264267862787,0.0,1.0,-0.5,0.0,1.0,0.0,1.0,1.0,1.0,0
0.39849624060150374,-0.7604224355583985,-0.9354987106600556,0.4,1.0,-0.4166666666666667,0.0,0.0,1.0,1.0,0.0,1.0,0
-0.518796992481203,-0.7604224355583985,0.6507474440942125,-0.2,2.0,-0.8333333333333334,0.0,0.0,0.0,1.0,0.0,0.0,0
0.17293233082706766,-0.7604224355583985,-0.16382317689324982,0.2,1.0,0.16666666666666666,0.0,0.0,0.0,0.0,0.0,1.0,0
0.9849624060150376,-0.7604224355583985,0.10523344380316382,0.2,1.0,0.25,0.0,0.0,1.0,1.0,0.0,1.0,0
0.21052631578947367,-0.7604224355583985,-0.6470160944223832,0.8,1.0,-0.5,0.0,0.0,1.0,1.0,0.0,1.0,0
0.3609022556390977,0.29870242612041475,0.6257766543548108,-0.8,0.0,0.0,0.0,0.0,1.0,1.0,0.0,1.0,0
0.022556390977443608,0.0997275434498055,0.35352437684883875,-0.2,1.0,-0.25,0.0,1.0,0.0,1.0,0.0,1.0,0
0.0,-0.7604224355583985,0.277076375201182,-0.8,1.0,0.25,0.0,0.0,0.0,1.0,0.0,1.0,0
-0.3458646616541353,0.27695314686747435,-0.6475641549313501,-0.2,0.0,0.9166666666666666,1.0,0.0,1.0,0.0,0.0,1.0,1
0.20300751879699247,0.2617532609757203,-0.6347952240952424,-0.8,1.0,-0.16666666666666666,1.0,0.0,1.0,1.0,1.0,1.0,0
0.8872180451127819,0.7335307636857323,-0.8659558421351671,0.8,0.0,0.75,0.0,1.0,1.0,1.0,1.0,1.0,0
-0.6090225563909775,0.42341755215012833,-0.841032580955383,1.0,0.0,-1.1666666666666667,0.0,0.0,0.0,0.0,1.0,0.0,0
-0.5789473684210527,-0.09520889138597528,-0.7505540462966502,-0.8,1.0,1.3333333333333333,0.0,1.0,1.0,0.0,1.0,2.0,0
-0.18045112781954886,-0.009626453368968777,0.5780088165478091,0.0,1.0,-0.8333333333333334,1.0,0.0,1.0,1.0,0.0,0.0,0
-0.48872180451127817,0.29727646479428793,-0.5597010198070163,-0.8,1.0,-0.08333333333333333,0.0,0.0,0.0,1.0,0.0,1.0,0
-0.42105263157894735,-0.7604224355583985,-0.8931234734484643,-0.6,1.0,-0.08333333333333333,0.0,0.0,1.0,1.0,1.0,1.0,0
1.4887218045112782,0.021634771424471528,0.6597037667533383,0.8,0.0,0.25,0.0,0.0,0.0,1.0,1.0,1.0,1
0.42857142857142855,0.12453315926158554,0.5701854112108373,-1.0,0.0,-1.25,1.0,0.0,1.0,0.0,0.0,0.0,0
-0.556390977443609,-0.11592481877461433,-0.9245068368938658,0.4,0.0,0.08333333333333333,0.0,0.0,1.0,1.0,0.0,1.0,0
-0.48120300751879697,0.04705268876172849,0.8219790457823963,-0.8,0.0,-0.16666666666666666,1.0,0.0,0.0,1.0,0.0,1.0,1
0.7969924812030075,-0.7604224355583985,-0.4510971367492485,1.0,1.0,0.5,0.0,1.0,0.0,1.0,1.0,1.0,0
0.44360902255639095,0.1319780093258654,-0.19657137658934812,0.6,0.0,0.0,0.0,0.0,0.0,0.0,0.0,1.0,0
-1.6240601503759398,0.05706951863110531,0.8595338649291999,-0.4,1.0,0.6666666666666666,1.0,0.0,1.0,1.0,1.0,1.0,1
0.19548872180451127,-0.7604224355583985,0.498423316693653,0.8,0.0,-0.4166666666666667,0.0,0.0,0.0,1.0,1.0,1.0,0
0.9097744360902256,-0.001394112244859166,0.14824382611037634,0.6,0.0,0.6666666666666666,0.0,0.0,1.0,1.0,1.0,1.0,0
0.07518796992481203,-0.7604224355583985,-0.9916914711660714,0.2,1.0,-0.16666666666666666,0.0,1.0,0.0,0.0,0.0,1.0,1
-0.7518796992481203,-0.7604224355583985,0.9285937819611999,-0.2,0.0,1.0,0.0,0.0,1.0,1.0,1.0,1.0,1
0.5413533834586466,0.33402372321714585,-0.8844709247230665,-0.8,1.0,1.3333333333333333,1.0,0.0,0.0,1.0,1.0,2.0,0
0.0,0.6198341661822381,0.5393098367636732,-0.6,1.0,-0.5833333333333334,0.0,0.0,1.0,1.0,1.0,0.0,0
0.5789473684210527,0.0016684922758534858,-0.6141973684765297,-0.2,1.0,-0.9166666666666666,1.0,0.0,1.0,1.0,0.0,0.0,0
0.9699248120300752,0.7012549125640865,0.7729712747351339,0.4,0.0,-0.8333333333333334,0.0,0.0,0.0,1.0,1.0,0.0,1
-1.631578947368421,0.1354753753519999,-1.0064403498050885,0.6,0.0,0.0,1.0,0.0,1.0,0.0,1.0,1.0,1
0.7894736842105263,0.25340480585791175,-0.5568660689907707,-0.8,1.0,-0.25,1.0,0.0,0.0,0.0,0.0,1.0,0
-0.8270676691729323,-0.7604224355583985,-1.0082175090869625,0.6,0.0,0.0,0.0,1.0,1.0,1.0,1.0,1.0,0
-0.38345864661654133,0.19894091815220952,-0.12934963937705402,0.8,1.0,-1.4166666666666667,0.0,1.0,0.0,1.0,0.0,0.0,0
0.2556390977443609,-0.7604224355583985,0.8140806168695981,0.2,1.0,-0.4166666666666667,0.0,0.0,1.0,1.0,1.0,1.0,0
0.7142857142857143,0.8293257486816029,-0.8396530261829982,0.2,0.0,1.0,0.0,0.0,1.0,1.0,1.0,1.0,1
-0.7819548872180451,0.15435134253279484,0.6044634172548861,0.6,1.0,-0.75,0.0,0.0,0.0,1.0,1.0,0.0,1
-0.7518796992481203,0.18898230197872892,0.18457567920164294,-0.2,0.0,1.0833333333333333,1.0,0.0,1.0,1.0,0.0,1.0,1
0.3609022556390977,-0.1382044459515411,0.41179766172263194,-0.8,0.0,1.4166666666666667,0.0,1.0,1.0,0.0,1.0,2.0,0
-0.06766917293233082,0.06404591689489553,-0.6590544141958099,-0.6,0.0,1.1666666666666667,0.0,0.0,0.0,1.0,0.0,2.0,1
-1.7593984962406015,-0.05414034334876606,-0.3095898962459211,0.4,0.0,-0.08333333333333333,0.0,0.0,1.0,1.0,1.0,1.0,0
-0.5864661654135338,0.17204548550241963,0.0406289459404797,0.0,0.0,0.16666666666666666,0.0,0.0,0.0,1.0,0.0,1.0,0
0.7443609022556391,0.49001597899355265,-0.6082892107742135,-0.4,0.0,-0.6666666666666666,0.0,0.0,1.0,1.0,0.0,0.0,0
-0.07518796992481203,0.14194242336407864,-0.631388499596199,0.4,0.0,0.3333333333333333,0.0,0.0,0.0,1.0,1.0,1.0,0
0.12030075187969924,0.10330302395078327,0.8640346662070537,1.0,0.0,1.3333333333333333,0.0,0.0,0.0,0.0,0.0,2.0,1
0.631578947368421,0.15846257707487454,-0.5879832725023136,0.4,2.0,0.4166666666666667,0.0,0.0,0.0,0.0,0.0,1.0,1
0.10526315789473684,0.34557573364828786,-0.4961210945929493,1.0,0.0,0.3333333333333333,0.0,0.0,0.0,1.0,0.0,1.0,0
-0.06015037593984962,0.45446848682272667,-0.7182170453002114,0.4,0.0,-0.75,0.0,0.0,1.0,1.0,0.0,0.0,0
1.105263157894737,-0.20871055527521665,-0.6435614325158977,0.6,0.0,2.75,0.0,0.0,1.0,1.0,1.0,3.0,0
-0.07518796992481203,-0.7604224355583985,0.9789653671395974,-0.2,1.0,-0.08333333333333333,0.0,0.0,1.0,1.0,1.0,1.0,0
-0.38345864661654133,-0.7604224355583985,-0.489517180105005,-0.6,1.0,3.0833333333333335,0.0,0.0,1.0,0.0,1.0,3.0,0
-0.3684210526315789,0.014452470613150371,-0.13549830181223085,-0.2,1.0,0.75,1.0,0.0,1.0,1.0,1.0,1.0,0
0.3007518796992481,-0.27793063552158204,-0.29914403874957474,0.0,0.0,-0.75,0.0,0.0,1.0,1.0,1.0,0.0,0
0.03007518796992481,-0.7604224355583985,-0.14520567792527111,0.8,1.0,0.9166666666666666,0.0,0.0,0.0,1.0,1.0,1.0,1
0.48120300751879697,-0.7604224355583985,0.14126244286830766,0.8,0.0,0.3333333333333333,0.0,0.0,1.0,1.0,1.0,1.0,0
0.045112781954887216,-0.7604224355583985,0.491466975380845,-0.2,0.0,0.16666666666666666,0.0,0.0,0.0,1.0,1.0,1.0,0
1.2030075187969924,0.2820255733627917,-0.10283565352344423,0.0,1.0,-0.4166666666666667,0.0,0.0,1.0,1.0,0.0,1.0,0
0.3007518796992481,0.4536342994469425,-0.2923003350124629,1.0,0.0,2.6666666666666665,0.0,0.0,1.0,1.0,1.0,3.0,0
-1.105263157894737,0.15573883424292553,-0.08538889030140141,0.6,0.0,-0.16666666666666666,0.0,1.0,1.0,1.0,0.0,1.0,0
0.9473684210526315,0.06708744539380991,0.3501053869150555,-1.0,1.0,0.0,1.0,0.0,0.0,1.0,1.0,1.0,1
-0.09022556390977443,0.6193058553458605,-0.9305602377858951,0.0,0.0,0.4166666666666667,0.0,0.0,0.0,1.0,1.0,1.0,0
0.08270676691729323,-0.7604224355583985,-0.8541896105890566,0.2,1.0,2.25,0.0,1.0,1.0,0.0,1.0,3.0,0
-1.2406015037593985,0.29784912146091763,-0.5642350399706244,-0.2,1.0,0.75,1.0,0.0,0.0,1.0,1.0,1.0,1
-0.924812030075188,-0.007216265329720873,0.09491422692050842,-0.2,2.0,2.1666666666666665,0.0,1.0,1.0,1.0,0.0,3.0,1
-0.7293233082706767,0.07873621748636785,-0.5942858661434779,0.2,0.0,0.4166666666666667,1.0,0.0,1.0,1.0,1.0,1.0,1
-0.3458646616541353,0.45913067521345047,0.9499637466967974,-0.8,0.0,-0.08333333333333333,0.0,0.0,1.0,1.0,1.0,1.0,1
0.3308270676691729,0.4130732212728828,1.007666688855179,0.8,0.0,-1.25,0.0,0.0,1.0,1.0,1.0,0.0,0
0.45864661654135336,-0.7604224355583985,-0.44640969643943385,-0.4,1.0,0.3333333333333333,0.0,0.0,1.0,1.0,0.0,1.0,0
0.6466165413533834,-0.7604224355583985,0.7254410797262204,-0.6,1.0,-0.6666666666666666,0.0,0.0,1.0,1.0,1.0,0.0,0
-0.6616541353383458,0.19122552718358254,-0.807626238473526,0.0,0.0,-0.5,0.0,1.0,1.0,1.0,1.0,1.0,1
1.150375939849624,0.1642747797702627,0.6459408246435071,0.2,2.0,0.75,0.0,0.0,1.0,1.0,0.0,1.0,1
0.7218045112781954,0.019609279545184138,1.0201609761650665,-0.8,0.0,-0.5,1.0,0.0,0.0,1.0,0.0,1.0,0
-0.5112781954887218,0.31671999592269084,-0.7540977348169571,-0.4,0.0,0.4166666666666667,1.0,0.0,1.0,1.0,0.0,1.0,0
-0.17293233082706766,-0.7604224355583985,0.18526581432968184,0.0,3.0,0.5833333333333334,0.0,0.0,1.0,0.0,0.0,1.0,1
0.9097744360902256,0.23445785400890418,-0.6400886790931706,1.0,0.0,-0.25,1.0,0.0,1.0,0.0,0.0,1.0,0
0.39849624060150374,-0.7604224355583985,0.1822072237533432,0.4,1.0,0.75,0.0,1.0,1.0,1.0,0.0,1.0,0
-0.15789473684210525,0.49894140000177856,-0.06075396904996414,0.8,0.0,0.75,0.0,1.0,1.0,0.0,1.0,1.0,0
1.4887218045112782,0.315331172270662,-0.5631385101048658,0.8,0.0,0.8333333333333334,0.0,0.0,0.0,1.0,0.0,1.0,0
1.1804511278195489,-0.2207384607115728,0.0990246807377608,0.8,1.0,-0.08333333333333333,0.0,0.0,1.0,0.0,1.0,1.0,0
0.6015037593984962,0.04628478508275211,0.21879399346328995,-0.2,0.0,0.9166666666666666,1.0,0.0,0.0,1.0,0.0,1.0,1
-0.8421052631578947,0.5346804567573505,1.0263696370185131,-0.4,0.0,0.25,0.0,0.0,0.0,0.0,1.0,1.0,0
0.8345864661654135,0.024332267166076945,-0.6744353715717633,0.2,0.0,0.4166666666666667,1.0,0.0,1.0,1.0,0.0,1.0,1
0.3609022556390977,0.1513895738487154,0.35743899255807526,-0.2,0.0,-0.5833333333333334,1.0,0.0,0.0,1.0,1.0,0.0,0
-0.7593984962406015,0.24566935741129103,0.8409160593253528,-0.6,1.0,3.25,0.0,1.0,1.0,1.0,1.0,3.0,0
-0.3533834586466165,-0.2640801634715797,0.09649319721937487,-0.8,0.0,1.25,0.0,0.0,1.0,1.0,0.0,2.0,0
-0.3082706766917293,-0.20399508920857148,-0.991483060987447,-0.2,1.0,0.08333333333333333,0.0,0.0,1.0,1.0,0.0,1.0,0
0.09774436090225563,-0.048062692468052726,0.1309297340074383,0.4,0.0,-1.0,0.0,0.0,1.0,0.0,1.0,0.0,0
-0.3609022556390977,0.5355839051118323,-0.6558655033753584,0.4,0.0,-1.0,1.0,0.0,1.0,1.0,1.0,0.0,0
0.5263157894736842,0.18111616652705434,0.2636440887695508,-0.8,0.0,-0.16666666666666666,0.0,1.0,0.0,1.0,0.0,1.0,0
-1.0601503759398496,-0.7604224355583985,0.3371948925196563,-0.4,1.0,-0.3333333333333333,0.0,0.0,0.0,1.0,0.0,1.0,0
-0.2932330827067669,0.3980287024860579,0.08702499708376513,-0.8,2.0,0.25,1.0,0.0,1.0,0.0,0.0,1.0,1
0.8045112781954887,-0.7604224355583985,-0.003681674661132201,0.6,1.0,-0.5,0.0,1.0,1.0,1.0,1.0,1.0,0
1.4887218045112782,0.4764561836754144,-0.8224057806993933,-0.6,0.0,0.75,0.0,0.0,0.0,1.0,1.0,1.0,0
0.7894736842105263,0.34317886502802036,0.6059958811136965,0.0,1.0,0.5833333333333334,0.0,1.0,1.0,1.0,0.0,1.0,0
1.4887218045112782,0.06155299175892292,-0.5776373782990987,-0.4,1.0,-0.5833333333333334,1.0,0.0,0.0,1.0,1.0,0.0,0
0.19548872180451127,-0.7604224355583985,-0.8819553862698426,0.8,0.0,0.3333333333333333,0.0,0.0,0.0,0.0,0.0,1.0,0
-0.47368421052631576,0.1794700430401354,-0.3504859220278649,0.4,0.0,1.5,1.0,0.0,1.0,1.0,0.0,2.0,1
0.14285714285714285,0.4411460122110082,0.41971213791254813,1.0,0.0,-0.25,0.0,1.0,1.0,1.0,0.0,1.0,0
-0.18045112781954886,-0.7604224355583985,0.8434291446916287,0.0,1.0,2.6666666666666665,0.0,0.0,1.0,1.0,1.0,3.0,0
0.9849624060150376,0.07510079959997865,0.7921326435218766,0.0,0.0,0.3333333333333333,1.0,0.0,0.0,1.0,0.0,1.0,0
0.6541353383458647,-0.7604224355583985,-0.48866790096121415,-0.2,0.0,1.9166666666666667,0.0,1.0,1.0,1.0,1.0,2.0,0
-0.9924812030075187,-0.7604224355583985,-0.6813134185261474,-0.4,1.0,1.75,0.0,0.0,1.0,0.0,1.0,2.0,0
-0.07518796992481203,0.22267847326081586,-0.07841118668975473,-0.2,0.0,-0.16666666666666666,0.0,0.0,1.0,1.0,1.0,1.0,0
1.4586466165413534,-0.7604224355583985,-0.03316266917835514,-1.0,1.0,2.0,0.0,1.0,1.0,1.0,1.0,3.0,0
-0.15789473684210525,0.2700265005510517,-0.48749747185114684,0.8,1.0,0.0,1.0,0.0,1.0,1.0,1.0,1.0,0
-0.5714285714285714,-0.7604224355583985,-0.5226397821965427,0.2,1.0,-0.08333333333333333,0.0,0.0,1.0,1.0,1.0,1.0,0
-0.5263157894736842,-0.2445036732019441,-0.708305654122662,-0.2,1.0,-0.9166666666666666,0.0,1.0,1.0,1.0,0.0,0.0,0
-0.06766917293233082,-0.7604224355583985,-0.32163639297584107,-0.6,1.0,-0.16666666666666666,0.0,1.0,1.0,0.0,0.0,1.0,0
0.8195488721804511,-0.7604224355583985,-0.3694884534347243,0.6,1.0,-0.8333333333333334,0.0,1.0,1.0,1.0,0.0,0.0,0
-1.2330827067669172,0.0041795945012580915,0.25311349756154217,0.6,0.0,-0.5,0.0,0.0,0.0,0.0,0.0,1.0,0
-1.037593984962406,-0.7604224355583985,-0.8709749602427435,0.8,1.0,2.4166666666666665,0.0,1.0,1.0,1.0,1.0,3.0,0
0.8345864661654135,-0.7604224355583985,0.3560468657150818,-0.4,1.0,0.25,0.0,0.0,1.0,1.0,0.0,1.0,0
0.5939849624060151,-0.7604224355583985,-0.7885414264419521,-0.2,1.0,0.3333333333333333,0.0,1.0,1.0,1.0,0.0,1.0,0
-0.18045112781954886,0.08225277914573868,0.18476313592925303,0.6,0.0,0.16666666666666666,0.0,1.0,0.0,1.0,0.0,1.0,0
-0.03759398496240601,0.17774862566121613,-0.4547658304919475,-0.8,1.0,1.1666666666666667,1.0,0.0,0.0,0.0,0.0,2.0,1
-0.924812030075188,-0.7604224355583985,0.4798024447311207,-0.6,0.0,0.08333333333333333,0.0,0.0,0.0,1.0,0.0,1.0,1
-1.0902255639097744,-0.7604224355583985,-0.3221798539467807,0.4,1.0,-0.4166666666666667,0.0,1.0,1.0,1.0,0.0,1.0,0
0.6090225563909775,-0.7604224355583985,-0.24709035140853827,-0.4,1.0,2.25,0.0,0.0,1.0,1.0,1.0,3.0,0
0.15789473684210525,-0.7604224355583985,-0.17474033371948167,-1.0,1.0,0.0,0.0,1.0,0.0,0.0,0.0,1.0,0
-0.11278195488721804,0.013670855767576734,0.23936619388100464,0.0,0.0,-1.25,0.0,1.0,0.0,1.0,0.0,0.0,0
0.15789473684210525,-0.7604224355583985,0.655343506915214,-0.2,1.0,0.0,0.0,0.0,1.0,0.0,0.0,1.0,0
0.9022556390977443,0.19925039876969308,0.42175014210656037,-0.2,1.0,0.16666666666666666,0.0,1.0,0.0,1.0,1.0,1.0,0
-0.9473684210526315,-0.7604224355583985,0.7056619418764045,-0.8,0.0,0.4166666666666667,0.0,0.0,1.0,0.0,1.0,1.0,0
0.7142857142857143,0.043469530007456125,0.83043810727477,0.6,1.0,-0.08333333333333333,1.0,0.0,1.0,1.0,1.0,1.0,0
1.218045112781955,-0.7604224355583985,0.5966684268417287,0.6,1.0,1.0,0.0,0.0,1.0,0.0,0.0,1.0,0
0.7669172932330827,0.5729688503057531,-0.10071639082427948,0.2,1.0,0.16666666666666666,0.0,1.0,1.0,1.0,0.0,1.0,0
0.3458646616541353,-0.016016405450008566,0.05908791416444344,1.0,0.0,0.08333333333333333,0.0,1.0,1.0,1.0,1.0,1.0,0
0.45112781954887216,-0.7604224355583985,-0.3337338934718886,-0.6,1.0,-1.1666666666666667,0.0,0.0,1.0,0.0,1.0,0.0,0
-1.263157894736842,0.4011056449695552,-0.6716211697826198,-0.2,0.0,-0.25,1.0,0.0,0.0,0.0,1.0,1.0,0
-0.11278195488721804,0.3023519469210185,0.019787417018265134,-0.8,1.0,0.5,1.0,0.0,1.0,0.0,1.0,1.0,1
-0.6616541353383458,0.08894390679478009,-0.16114471258189583,0.4,0.0,0.25,1.0,0.0,1.0,1.0,1.0,1.0,0
0.3157894736842105,0.02083098366377173,0.13155649772265374,0.0,0.0,-0.6666666666666666,0.0,0.0,0.0,0.0,0.0,0.0,0
0.2631578947368421,-0.7604224355583985,-0.9108402806587,0.6,1.0,-0.16666666666666666,0.0,0.0,1.0,1.0,0.0,1.0,0
-0.5488721804511278,0.3773335377211233,0.6606651724130442,0.2,0.0,2.25,1.0,0.0,0.0,1.0,1.0,3.0,0
0.556390977443609,0.29065436307537396,0.4944554485552533,0.6,0.0,-0.5833333333333334,0.0,1.0,1.0,1.0,1.0,0.0,0
-0.8646616541353384,0.07319886491911447,0.04207340530503045,0.4,0.0,-0.9166666666666666,0.0,0.0,1.0,0.0,0.0,0.0,0
-1.1654135338345866,0.10184243213530768,-0.06704981670202143,0.4,1.0,-0.16666666666666666,1.0,0.0,1.0,1.0,1.0,1.0,0
-1.0902255639097744,0.2913186103348741,0.6845821568843651,-0.6,0.0,-0.5,1.0,0.0,1.0,1.0,1.0,1.0,1
0.09022556390977443,-0.7604224355583985,0.9742880458134431,0.8,1.0,0.25,0.0,0.0,1.0,1.0,0.0,1.0,0
0.5789473684210527,-0.34281978916221606,-0.5784273745083127,0.8,1.0,-0.25,0.0,1.0,0.0,1.0,1.0,1.0,0
0.45864661654135336,0.2885942407067378,0.4478796065810701,0.6,0.0,-0.08333333333333333,0.0,0.0,1.0,1.0,1.0,1.0,0
-0.7969924812030075,-0.7604224355583985,0.3872343910524676,-0.6,0.0,1.25,0.0,0.0,0.0,1.0,0.0,2.0,1
0.3684210526315789,0.25883826695711876,0.2103966679924409,0.6,0.0,0.0,0.0,0.0,1.0,1.0,1.0,1.0,0
-0.24812030075187969,0.6138762333733008,0.7496786008920805,-0.2,1.0,-0.4166666666666667,0.0,1.0,0.0,1.0,1.0,1.0,1
-0.8646616541353384,-0.7604224355583985,-0.4815099976708452,1.0,0.0,0.08333333333333333,0.0,0.0,0.0,0.0,0.0,1.0,1
0.849624060150376,0.23107354634505545,-0.2030644933168074,0.8,0.0,1.0833333333333333,0.0,0.0,0.0,1.0,1.0,1.0,1
0.7593984962406015,0.4544872123588224,-0.8482178770500047,0.4,0.0,0.16666666666666666,0.0,0.0,0.0,1.0,1.0,1.0,0
0.19548872180451127,-0.7604224355583985,0.3168540999707035,-0.8,1.0,-0.5,0.0,0.0,0.0,0.0,1.0,1.0,0
0.5037593984962406,-0.7604224355583985,-0.23695460498720247,0.4,0.0,-0.4166666666666667,0.0,1.0,0.0,0.0,0.0,1.0,0
-0.24060150375939848,-0.7604224355583985,0.4751941164753791,0.6,1.0,-0.08333333333333333,0.0,0.0,1.0,1.0,1.0,1.0,0
-0.022556390977443608,-0.7604224355583985,-0.7221235862649108,0.4,0.0,-0.4166666666666667,0.0,1.0,0.0,1.0,0.0,1.0,0
-0.3233082706766917,0.3423632464892851,0.7357545727393304,0.2,1.0,0.08333333333333333,1.0,0.0,1.0,0.0,1.0,1.0,0
0.48872180451127817,-0.7604224355583985,0.7698931616751674,-0.8,2.0,-0.16666666666666666,0.0,1.0,1.0,0.0,0.0,1.0,1
-0.9172932330827067,-0.1709027577034329,0.022974488023505647,0.8,0.0,-0.3333333333333333,1.0,0.0,1.0,0.0,1.0,1.0,0
1.1278195488721805,0.14505681691976766,0.2078577230012548,0.8,0.0,0.0,1.0,0.0,1.0,0.0,1.0,1.0,0
1.0827067669172932,-0.7604224355583985,-0.3894027154905926,0.6,1.0,-1.0833333333333333,0.0,0.0,1.0,1.0,0.0,0.0,0
0.3233082706766917,-0.13473779293858468,0.29161807020504876,0.4,1.0,-0.16666666666666666,0.0,1.0,0.0,1.0,1.0,1.0,0
-0.5112781954887218,-0.7604224355583985,0.014189574814871792,0.6,1.0,0.0,0.0,1.0,0.0,0.0,1.0,1.0,0
1.0977443609022557,0.11492257167110796,-0.16322043298773353,-0.2,0.0,0.0,0.0,0.0,0.0,1.0,1.0,1.0,0
1.0601503759398496,-0.0029819436863584054,0.9472362206464832,0.6,1.0,-0.6666666666666666,0.0,1.0,1.0,0.0,0.0,0.0,0
0.03007518796992481,0.31267708216502765,0.3512753049653419,0.0,0.0,-0.4166666666666667,0.0,1.0,1.0,1.0,0.0,1.0,0
-0.8571428571428571,0.3477065272870432,0.759765081150544,0.8,0.0,1.0,0.0,1.0,0.0,0.0,0.0,1.0,1
-0.42105263157894735,-0.7604224355583985,0.4252723661160723,0.0,1.0,0.3333333333333333,0.0,1.0,1.0,0.0,1.0,1.0,0
0.6240601503759399,0.24093861318758025,-0.2696080541999341,0.8,0.0,0.5,0.0,0.0,1.0,1.0,1.0,1.0,0
0.9699248120300752,-0.31305480521740453,-0.141081936553717,-1.0,0.0,0.9166666666666666,0.0,0.0,0.0,1.0,0.0,1.0,1
0.45864661654135336,0.26625514624154006,-0.2600466367603002,-0.2,0.0,0.6666666666666666,1.0,0.0,1.0,1.0,0.0,1.0,1
-1.1428571428571428,0.09486305658962783,0.2728869115418125,-0.6,0.0,0.6666666666666666,0.0,0.0,1.0,1.0,1.0,1.0,0
0.6240601503759399,-0.7604224355583985,0.6871751720003636,0.8,0.0,1.0833333333333333,0.0,1.0,1.0,0.0,0.0,1.0,1
0.48872180451127817,-0.7604224355583985,0.20306244907768412,-0.8,1.0,-0.25,0.0,1.0,0.0,1.0,0.0,1.0,0
1.368421052631579,0.2594475912007061,-0.06474861672087953,0.8,1.0,2.5833333333333335,1.0,0.0,0.0,0.0,1.0,3.0,0
1.3458646616541354,0.38374401737729746,0.9384468101117778,-0.6,0.0,-0.4166666666666667,0.0,0.0,0.0,1.0,0.0,1.0,0
0.3609022556390977,-0.16243779684430842,0.2932394584657244,-0.6,0.0,-0.25,0.0,0.0,0.0,1.0,0.0,1.0,0
0.39849624060150374,-0.7604224355583985,-0.8740288490690985,1.0,1.0,0.0,0.0,0.0,0.0,1.0,1.0,1.0,1
0.3233082706766917,-0.7604224355583985,-0.873381336326781,0.0,1.0,-0.5,0.0,1.0,0.0,0.0,1.0,1.0,0
-0.5939849624060151,0.2933672153235685,0.2093082128712195,0.8,1.0,-0.16666666666666666,1.0,0.0,1.0,1.0,1.0,1.0,0
-0.06015037593984962,-0.7604224355583985,-0.5568650468712091,0.6,1.0,0.9166666666666666,0.0,0.0,1.0,0.0,1.0,1.0,1
-0.19548872180451127,-0.07008627340246404,-0.680950770505667,-0.2,0.0,-0.16666666666666666,1.0,0.0,1.0,1.0,1.0,1.0,0
0.045112781954887216,-0.15648354646297158,-0.8786616059823639,-0.6,1.0,-0.5,1.0,0.0,1.0,0.0,0.0,1.0,0
0.5488721804511278,-0.7604224355583985,0.6369894081582774,0.2,1.0,0.75,0.0,0.0,1.0,1.0,0.0,1.0,0
0.5413533834586466,0.16305926526402473,-0.37988126292581986,0.0,0.0,2.6666666666666665,0.0,0.0,0.0,1.0,1.0,3.0,0
-1.3383458646616542,-0.7604224355583985,0.09160470599177983,-0.4,0.0,1.4166666666666667,0.0,0.0,1.0,1.0,0.0,2.0,1
0.06015037593984962,-0.1901678086174996,0.8341011793598798,-1.0,0.0,-0.3333333333333333,0.0,0.0,1.0,0.0,0.0,1.0,0
-0.03007518796992481,0.15293588004280542,-0.9743446712371597,-0.6,0.0,1.1666666666666667,1.0,0.0,0.0,1.0,0.0,2.0,1
-1.2481203007518797,0.005987588103549367,0.21550747022469893,0.6,0.0,0.16666666666666666,0.0,0.0,0.0,0.0,1.0,1.0,0
-0.5037593984962406,0.5234744378216026,0.13171318865145762,0.4,0.0,0.5833333333333334,1.0,0.0,1.0,1.0,1.0,1.0,0
-0.15789473684210525,-0.7604224355583985,0.3443970535870456,-0.8,1.0,-0.08333333333333333,0.0,0.0,1.0,0.0,0.0,1.0,0
-0.13533834586466165,0.1505397165682485,0.3119304478301872,0.2,0.0,-0.16666666666666666,1.0,0.0,1.0,1.0,0.0,1.0,0
-2.2706766917293235,-0.7604224355583985,0.14666608235498385,-0.4,0.0,1.9166666666666667,0.0,0.0,0.0,0.0,0.0,2.0,1
0.3082706766917293,-0.009050192624262134,-0.626055386359278,0.2,0.0,0.0,1.0,0.0,0.0,1.0,1.0,1.0,0
-0.518796992481203,0.06935715273757735,0.9841488420726902,-0.2,1.0,-0.8333333333333334,1.0,0.0,1.0,1.0,1.0,0.0,0
1.1804511278195489,-0.7604224355583985,0.6289092463874144,-0.6,0.0,0.9166666666666666,0.0,1.0,0.0,1.0,0.0,1.0,1
0.3082706766917293,0.26330779386976877,0.025266999988373437,-0.2,0.0,0.25,0.0,0.0,1.0,1.0,1.0,1.0,0
-0.3007518796992481,0.26361304361298793,-0.2233754399745595,-0.6,1.0,-0.08333333333333333,1.0,0.0,0.0,0.0,0.0,1.0,0
-1.1578947368421053,0.19311265380452156,0.33488265364724834,0.6,0.0,-1.0,1.0,0.0,1.0,1.0,1.0,0.0,0
-0.045112781954887216,0.06536430432537553,-0.21807023060167208,0.6,0.0,-0.4166666666666667,1.0,0.0,1.0,1.0,0.0,1.0,1
0.10526315789473684,-0.7604224355583985,0.0035353071399012582,0.4,1.0,2.4166666666666665,0.0,0.0,0.0,1.0,1.0,3.0,0
-0.22556390977443608,-0.05771386511165847,0.5402773751407491,-0.8,0.0,-0.5,0.0,0.0,0.0,1.0,1.0,1.0,0
-0.9924812030075187,0.18915529772642609,-0.27463953995420654,0.0,0.0,1.0,0.0,0.0,1.0,1.0,0.0,1.0,1
-1.736842105263158,0.19845209547563233,-0.1066025729560196,0.6,2.0,-0.75,1.0,0.0,1.0,1.0,1.0,0.0,1
-0.11278195488721804,0.3815253939227958,-0.028478090803313233,1.0,1.0,-0.08333333333333333,1.0,0.0,0.0,1.0,1.0,1.0,0
-0.2781954887218045,-0.7604224355583985,0.5190416147035989,0.8,1.0,2.0,0.0,1.0,1.0,1.0,0.0,3.0,1
-0.24812030075187969,-0.7604224355583985,-0.8315145013851639,-0.2,0.0,0.9166666666666666,0.0,0.0,0.0,0.0,0.0,1.0,1
-0.20300751879699247,0.26191309400348395,0.23880382369817424,-0.4,0.0,-0.9166666666666666,1.0,0.0,1.0,1.0,0.0,0.0,0
0.42105263157894735,0.199913079038725,1.017611401130439,0.6,0.0,-0.16666666666666666,0.0,1.0,0.0,0.0,0.0,1.0,0
1.4360902255639099,0.2964149334348325,-0.9060364209308113,0.6,0.0,0.08333333333333333,0.0,0.0,0.0,1.0,1.0,1.0,0
-0.5413533834586466,0.28798648345361877,-0.8408056704126925,-0.8,0.0,-1.0833333333333333,1.0,0.0,1.0,1.0,0.0,0.0,1
0.05263157894736842,0.2783270841100547,-0.15460580489807363,-0.2,1.0,-0.08333333333333333,1.0,0.0,1.0,1.0,0.0,1.0,0
0.06766917293233082,0.30566244933381165,-0.34628419293375534,-0.4,1.0,-0.5,0.0,0.0,0.0,1.0,0.0,1.0,0
0.3533834586466165,-0.7604224355583985,0.08907966182663248,0.8,0.0,-0.5833333333333334,0.0,0.0,1.0,1.0,1.0,0.0,0
-0.46616541353383456,0.5474721133479422,0.23550442175310624,-0.6,1.0,-0.6666666666666666,0.0,1.0,0.0,1.0,0.0,0.0,0
-0.3308270676691729,0.21060512510087995,-0.3443393038318113,0.6,0.0,2.4166666666666665,0.0,1.0,1.0,1.0,1.0,3.0,0
1.4887218045112782,-0.7604224355583985,0.8168147866970631,-0.4,1.0,0.08333333333333333,0.0,1.0,0.0,0.0,1.0,1.0,0
0.03007518796992481,0.1280779267493852,0.40273677623234727,0.0,1.0,0.75,0.0,0.0,0.0,1.0,1.0,1.0,0
1.4887218045112782,0.12736471103775157,1.0093104615342554,0.8,0.0,0.4166666666666667,0.0,0.0,0.0,1.0,1.0,1.0,0
-0.3308270676691729,0.2522858963140427,0.4399723874400417,1.0,1.0,1.5833333333333333,0.0,0.0,0.0,1.0,0.0,2.0,1
-0.39849624060150374,0.05114582456389969,0.33403633865018645,1.0,0.0,0.6666666666666666,1.0,0.0,1.0,1.0,0.0,1.0,1
-1.300751879699248,-0.7604224355583985,-0.8210683372529491,-0.8,1.0,-0.9166666666666666,0.0,0.0,0.0,1.0,1.0,0.0,0
0.19548872180451127,-0.7604224355583985,0.26648067497709504,-0.2,0.0,-0.16666666666666666,0.0,0.0,0.0,1.0,0.0,1.0,0
0.8120300751879699,-0.7604224355583985,-0.6805650225830931,0.4,0.0,0.0,0.0,0.0,1.0,0.0,0.0,1.0,1
-0.6240601503759399,0.5986240883494299,-0.562839131285253,0.8,1.0,-1.0,1.0,0.0,1.0,1.0,1.0,0.0,0
-1.0601503759398496,-0.7604224355583985,0.45533300463671755,0.0,1.0,-0.5833333333333334,0.0,0.0,0.0,1.0,0.0,0.0,0
0.7293233082706767,-0.20024065839611718,0.5277904470917058,-1.0,1.0,0.5833333333333334,1.0,0.0,0.0,0.0,0.0,1.0,0
-0.8195488721804511,-0.7604224355583985,0.7899076936600352,0.2,1.0,-0.08333333333333333,0.0,0.0,1.0,1.0,0.0,1.0,0
0.045112781954887216,0.3796637308969661,-0.8099267229709747,-0.4,0.0,-0.6666666666666666,0.0,0.0,1.0,1.0,0.0,0.0,0
-0.21052631578947367,0.6059713932570597,0.7453877429721936,0.0,1.0,1.1666666666666667,0.0,1.0,1.0,1.0,1.0,2.0,0
1.0,-0.7604224355583985,1.018664184278958,0.4,1.0,0.3333333333333333,0.0,1.0,1.0,1.0,1.0,1.0,0
-0.37593984962406013,-0.7604224355583985,0.6429143286214047,0.4,1.0,1.8333333333333333,0.0,0.0,1.0,1.0,1.0,2.0,0
-0.06766917293233082,0.5554537359971284,0.4468236548619098,-0.4,0.0,-0.5,0.0,0.0,0.0,1.0,0.0,1.0,0
0.46616541353383456,0.03567931524396918,-1.0118902913079084,-0.8,1.0,-0.08333333333333333,1.0,0.0,0.0,1.0,1.0,1.0,0
0.3082706766917293,0.6350751855737844,-0.4162818024516306,0.6,0.0,-0.08333333333333333,0.0,0.0,1.0,0.0,0.0,1.0,1
0.13533834586466165,0.35708888271581707,0.7813828076678899,-0.8,1.0,-0.5,1.0,0.0,1.0,1.0,1.0,1.0,0
0.6090225563909775,0.18051561743008934,0.8648103527424046,0.8,0.0,0.4166666666666667,0.0,0.0,1.0,1.0,0.0,1.0,0
-0.39849624060150374,-0.7604224355583985,0.45272077367296,-0.6,1.0,0.0,0.0,1.0,0.0,1.0,1.0,1.0,0
-0.5939849624060151,-0.7604224355583985,-0.07655215563099087,-0.6,1.0,-0.5,0.0,0.0,1.0,1.0,1.0,1.0,0
0.7744360902255639,0.40629943487664005,-0.19451732511821773,0.8,0.0,0.08333333333333333,0.0,0.0,1.0,1.0,0.0,1.0,0
-0.49624060150375937,-0.7604224355583985,-0.6931089849036774,-0.8,1.0,-0.4166666666666667,0.0,0.0,1.0,0.0,0.0,1.0,0
-0.8195488721804511,0.3392570012840312,-0.14677800444698674,0.0,0.0,0.75,0.0,1.0,0.0,1.0,1.0,1.0,0
0.08270676691729323,-0.7604224355583985,0.2506513137494374,-0.2,1.0,-0.75,0.0,0.0,1.0,1.0,1.0,0.0,0
0.6015037593984962,0.4487756888010208,0.39945066184158096,-0.8,0.0,-0.6666666666666666,1.0,0.0,0.0,1.0,1.0,0.0,0
0.18796992481203006,-0.7604224355583985,-0.8110932680267077,-0.6,1.0,-0.8333333333333334,0.0,0.0,1.0,1.0,1.0,0.0,0
1.3834586466165413,0.2869679396492425,0.5550189967308785,0.8,0.0,-0.6666666666666666,0.0,0.0,0.0,1.0,1.0,0.0,0
0.47368421052631576,0.105976701437271,-0.04836363129949852,-0.4,0.0,-0.5,0.0,0.0,0.0,1.0,1.0,1.0,0
-0.5263157894736842,0.1362903670945478,-0.8725354301775436,0.2,0.0,-0.9166666666666666,1.0,0.0,1.0,1.0,1.0,0.0,0
-0.8195488721804511,0.3434758097217577,0.1902394481167639,0.6,1.0,0.0,1.0,0.0,1.0,1.0,1.0,1.0,0
0.015037593984962405,-0.7604224355583985,-0.48524124513071837,-0.6,0.0,-0.4166666666666667,0.0,1.0,0.0,1.0,1.0,1.0,1
-0.43609022556390975,-0.7604224355583985,-0.748509296113531,0.4,0.0,1.5833333333333333,0.0,0.0,0.0,1.0,0.0,2.0,1
1.0075187969924813,-0.7604224355583985,-0.8303349754109977,0.8,1.0,-0.5,0.0,1.0,1.0,1.0,1.0,1.0,0
-0.015037593984962405,0.07766032183085278,-0.766098133954646,0.0,0.0,0.0,0.0,0.0,1.0,0.0,0.0,1.0,0
0.5413533834586466,0.051003071732240175,0.22117420328654883,0.0,1.0,-0.3333333333333333,1.0,0.0,1.0,1.0,0.0,1.0,0
-0.07518796992481203,-0.7604224355583985,0.02695165744991643,0.4,1.0,-1.0,0.0,0.0,1.0,1.0,0.0,0.0,0
1.1729323308270676,0.21563359751356215,0.7200572693590405,1.0,0.0,2.5,0.0,1.0,0.0,0.0,1.0,3.0,0
1.1804511278195489,-0.2550841495427581,0.8482556954737864,0.2,2.0,0.4166666666666667,1.0,0.0,0.0,0.0,1.0,1.0,1
-1.1428571428571428,-0.7604224355583985,-0.8852882115245773,-0.2,1.0,-0.25,0.0,0.0,0.0,1.0,0.0,1.0,0
-0.7744360902255639,-0.7604224355583985,0.47675172447540687,-0.4,1.0,-0.6666666666666666,0.0,0.0,1.0,1.0,0.0,0.0,0
-0.7293233082706767,0.182850903324954,0.8000430312335465,-0.2,0.0,0.75,1.0,0.0,0.0,1.0,0.0,1.0,1
-0.3533834586466165,-0.7604224355583985,-0.44689826958991175,0.8,1.0,-0.4166666666666667,0.0,0.0,1.0,1.0,1.0,1.0,0
-0.8646616541353384,-0.7604224355583985,0.3904973033291841,-0.6,1.0,0.16666666666666666,0.0,0.0,1.0,1.0,1.0,1.0,0
0.19548872180451127,0.16761317461339106,-0.47298500946674377,0.2,1.0,-0.08333333333333333,1.0,0.0,1.0,1.0,0.0,1.0,0
-0.3684210526315789,-0.7604224355583985,0.6998392333694442,0.8,1.0,-0.25,0.0,0.0,0.0,1.0,0.0,1.0,0
0.12781954887218044,0.3835699247362725,-0.5028601332869462,0.4,0.0,-0.6666666666666666,0.0,0.0,0.0,0.0,0.0,0.0,0
-0.08270676691729323,0.4429536140656826,0.3215980634922785,0.2,1.0,1.0833333333333333,0.0,0.0,1.0,1.0,1.0,1.0,0
0.21804511278195488,0.24553287254150452,0.8294143523218024,-0.6,0.0,-0.5833333333333334,0.0,1.0,1.0,1.0,1.0,0.0,0
-0.05263157894736842,-0.7604224355583985,-0.8287101119438123,0.4,1.0,1.5,0.0,0.0,0.0,1.0,1.0,2.0,0
0.3308270676691729,0.23024923100922134,0.2295425005618464,0.6,0.0,-1.0,0.0,0.0,0.0,1.0,0.0,0.0,0
-0.08270676691729323,0.27894314641265533,-0.6549716598186787,0.8,0.0,0.4166666666666667,0.0,1.0,1.0,1.0,0.0,1.0,0
-0.6691729323308271,0.06230483378559938,1.0054101554988821,0.4,1.0,0.5833333333333334,1.0,0.0,1.0,1.0,1.0,1.0,0
-1.6390977443609023,0.17582984583281797,0.26985939340014853,0.8,0.0,2.8333333333333335,1.0,0.0,1.0,1.0,0.0,3.0,0
-1.1954887218045114,0.2895142208106597,-0.10086909548679272,-0.4,0.0,0.08333333333333333,0.0,0.0,1.0,1.0,0.0,1.0,0
0.5037593984962406,0.38822286788323357,-0.2282136429197204,0.8,0.0,-0.4166666666666667,0.0,0.0,1.0,1.0,1.0,1.0,0
1.1879699248120301,-0.7604224355583985,-0.21956426276496382,0.2,1.0,-0.3333333333333333,0.0,0.0,1.0,1.0,1.0,1.0,0
0.5338345864661654,0.4450282310961501,0.8321619119155251,-1.0,0.0,1.0,1.0,0.0,0.0,1.0,1.0,1.0,1
0.3007518796992481,-0.015639544242389294,-0.562439278112728,0.6,1.0,-0.75,0.0,0.0,0.0,1.0,0.0,0.0,0
0.015037593984962405,0.11915156554687825,-0.8848851897814111,-0.6,0.0,-0.08333333333333333,0.0,0.0,1.0,1.0,0.0,1.0,0
0.38345864661654133,0.4942636200558953,-0.20578169595954862,0.6,1.0,1.0833333333333333,0.0,0.0,1.0,1.0,1.0,1.0,0
0.7293233082706767,-0.7604224355583985,-0.5267586173942009,-0.8,2.0,-1.0833333333333333,0.0,0.0,1.0,1.0,1.0,0.0,0
0.7593984962406015,-0.13510141307674703,-0.31876505470320016,-0.2,1.0,1.1666666666666667,0.0,1.0,1.0,0.0,1.0,2.0,1
-0.43609022556390975,0.2978251465067531,0.32467546106855183,0.2,1.0,-0.9166666666666666,1.0,0.0,0.0,0.0,0.0,0.0,0
0.5338345864661654,-0.7604224355583985,-0.38999942889069505,-1.0,1.0,-0.16666666666666666,0.0,0.0,0.0,0.0,1.0,1.0,0
-0.49624060150375937,-0.7604224355583985,-0.6287170879098206,0.2,1.0,0.08333333333333333,0.0,0.0,0.0,1.0,1.0,1.0,0
1.0225563909774436,-0.7604224355583985,-0.5911563404695593,-0.8,1.0,2.75,0.0,1.0,0.0,1.0,1.0,3.0,0
-0.6766917293233082,-0.03688057013694594,0.6507815828875723,-0.4,0.0,0.9166666666666666,0.0,0.0,1.0,1.0,1.0,1.0,0
0.19548872180451127,0.2455727524489221,0.7074228494572482,-0.4,0.0,0.25,0.0,1.0,0.0,1.0,0.0,1.0,0
0.6090225563909775,-0.10761984764230031,-0.42599633340160253,-1.0,0.0,-0.5833333333333334,0.0,1.0,0.0,0.0,0.0,0.0,0
-0.48872180451127817,-0.7604224355583985,-0.015477547674531167,-0.8,1.0,-0.25,0.0,1.0,0.0,1.0,1.0,1.0,0
-0.06766917293233082,0.5741157306294808,-0.6876324682922542,-0.4,0.0,1.8333333333333333,1.0,0.0,1.0,1.0,1.0,2.0,0
1.150375939849624,0.5344768263459988,-0.8722470902491968,0.0,0.0,0.16666666666666666,0.0,1.0,0.0,1.0,0.0,1.0,1
-0.37593984962406013,0.6868175242341931,0.14652135022505164,0.4,1.0,-0.4166666666666667,1.0,0.0,1.0,1.0,0.0,1.0,0
0.03007518796992481,-0.7604224355583985,-0.3230524374165776,-0.6,1.0,0.0,0.0,0.0,1.0,0.0,1.0,1.0,0
-0.5037593984962406,-0.7604224355583985,-0.8257619102801338,-0.6,1.0,0.4166666666666667,0.0,0.0,1.0,1.0,1.0,1.0,0
-0.24812030075187969,0.2760840156042478,-0.3451085510139236,0.6,0.0,-0.16666666666666666,0.0,0.0,0.0,1.0,0.0,1.0,0
-0.2556390977443609,-0.7604224355583985,-0.8741689816610032,0.4,0.0,0.9166666666666666,0.0,0.0,1.0,1.0,0.0,1.0,1
0.21804511278195488,-0.04653479841196492,-0.7690233379281869,-0.2,1.0,0.5833333333333334,1.0,0.0,0.0,0.0,0.0,1.0,1
0.8345864661654135,-0.2425172777348401,0.45519409858828674,-0.8,0.0,2.0,1.0,0.0,0.0,1.0,1.0,3.0,0
1.4887218045112782,-0.7604224355583985,0.20977010870113783,-0.6,1.0,0.0,0.0,1.0,1.0,1.0,0.0,1.0,0
0.17293233082706766,-0.7604224355583985,-0.43750775054098884,0.6,1.0,-0.16666666666666666,0.0,0.0,1.0,1.0,1.0,1.0,0
-0.8421052631578947,0.24089920337730322,-0.15543862791692162,0.4,0.0,-0.16666666666666666,1.0,0.0,1.0,0.0,1.0,1.0,0
0.6165413533834586,-0.038617579071024664,0.13825598038961406,0.2,1.0,0.16666666666666666,0.0,1.0,0.0,0.0,0.0,1.0,0
-0.15789473684210525,-0.7604224355583985,-0.8265380056633093,-0.6,1.0,-0.6666666666666666,0.0,0.0,1.0,1.0,1.0,0.0,0
-1.1954887218045114,0.4043827704853741,-0.4431341098801528,0.0,1.0,-0.08333333333333333,0.0,0.0,0.0,1.0,0.0,1.0,0
0.6240601503759399,0.19523240016047547,0.5044918449551947,0.0,0.0,1.0,0.0,0.0,1.0,1.0,0.0,1.0,0
0.0,0.05203838233462695,0.570078088656862,-0.4,2.0,-0.5,0.0,0.0,0.0,0.0,0.0,1.0,1
0.7593984962406015,0.11327464614515054,0.6145985504044847,-0.4,2.0,0.75,1.0,0.0,0.0,1.0,0.0,1.0,1
-0.5037593984962406,-0.7604224355583985,0.8266050567065547,1.0,1.0,-0.08333333333333333,0.0,1.0,1.0,1.0,1.0,1.0,0
-0.8872180451127819,-0.7604224355583985,-0.8746849476157339,0.8,1.0,0.3333333333333333,0.0,0.0,1.0,1.0,0.0,1.0,0
-0.8421052631578947,-0.10133809625309474,-0.19163106389997653,0.2,0.0,-0.75,0.0,1.0,0.0,0.0,1.0,0.0,0
0.9323308270676691,0.6355391714514395,0.16733701952235583,0.4,1.0,-0.6666666666666666,0.0,0.0,0.0,1.0,1.0,0.0,0
0.5488721804511278,0.25698780791313736,-0.7689230679991872,-0.8,0.0,0.6666666666666666,0.0,0.0,1.0,0.0,0.0,1.0,0
-0.045112781954887216,0.021791548820822022,-0.7823035329690416,-0.4,0.0,0.4166666666666667,0.0,1.0,0.0,0.0,1.0,1.0,0
-0.5338345864661654,-0.7604224355583985,0.9089736859151798,0.2,1.0,-0.5,0.0,1.0,0.0,1.0,0.0,1.0,0
0.18796992481203006,0.38912945021865203,-0.9735801258050313,0.6,1.0,0.3333333333333333,1.0,0.0,0.0,1.0,1.0,1.0,0
-1.037593984962406,-0.7604224355583985,0.26128748990816647,0.4,0.0,-0.5833333333333334,0.0,1.0,1.0,0.0,1.0,0.0,0
-0.08270676691729323,-0.7604224355583985,-0.5533520219377523,0.2,1.0,0.0,0.0,0.0,1.0,1.0,0.0,1.0,0
1.2481203007518797,0.06460979841490293,-0.2095891935387224,1.0,0.0,0.5,1.0,0.0,1.0,1.0,1.0,1.0,0
0.706766917293233,-0.7604224355583985,-0.8484653321958848,-0.6,1.0,-0.08333333333333333,0.0,1.0,1.0,1.0,1.0,1.0,0
-0.2932330827067669,0.45976499295500683,-0.4261802127107468,-0.4,1.0,-0.3333333333333333,1.0,0.0,1.0,1.0,1.0,1.0,0
0.24060150375939848,0.30412429149015663,-0.12497997603896219,0.2,0.0,-0.16666666666666666,0.0,0.0,1.0,1.0,1.0,1.0,0
0.44360902255639095,0.3815603378102382,0.020525489553746484,-0.4,0.0,0.3333333333333333,0.0,0.0,0.0,1.0,1.0,1.0,0
-0.49624060150375937,0.42997031454082146,0.6491799215344366,0.4,0.0,1.75,0.0,0.0,1.0,1.0,0.0,2.0,1
-1.150375939849624,-0.7604224355583985,0.3263161673889433,-0.8,0.0,1.6666666666666667,0.0,0.0,0.0,0.0,0.0,2.0,1
-0.8270676691729323,0.12937696184758204,-0.10122755281707016,0.2,0.0,0.5,0.0,1.0,1.0,1.0,0.0,1.0,0
-0.2781954887218045,0.2871662422930022,0.08898378701174786,-0.2,0.0,0.16666666666666666,0.0,0.0,1.0,1.0,1.0,1.0,0
0.05263157894736842,-0.7604224355583985,-0.06430348365177259,0.8,1.0,-0.4166666666666667,0.0,0.0,0.0,1.0,1.0,1.0,0
-0.37593984962406013,-0.7604224355583985,0.7203302774939622,1.0,1.0,0.4166666666666667,0.0,0.0,0.0,0.0,0.0,1.0,1
-0.07518796992481203,0.4529229641238707,0.39459508286387185,-0.8,0.0,0.25,0.0,0.0,1.0,1.0,1.0,1.0,0
-1.0526315789473684,-0.7604224355583985,-0.1085453156068842,0.2,1.0,-0.5833333333333334,0.0,0.0,0.0,1.0,0.0,0.0,0
0.05263157894736842,0.20942902040491898,0.0005835280577568745,0.8,0.0,1.5833333333333333,0.0,0.0,0.0,1.0,0.0,2.0,1
-0.631578947368421,0.10000544920935342,0.5626200910631873,1.0,1.0,-0.9166666666666666,1.0,0.0,0.0,1.0,0.0,0.0,0
0.5789473684210527,-0.4583845527019833,0.8154806140332164,0.4,0.0,-0.4166666666666667,0.0,0.0,0.0,0.0,1.0,1.0,0
1.4887218045112782,0.4669395371635099,-0.7517457354936004,0.6,0.0,1.75,0.0,0.0,1.0,0.0,0.0,2.0,1
-1.0827067669172932,-0.7604224355583985,-0.9543563055130705,-0.6,0.0,2.25,0.0,0.0,0.0,1.0,1.0,3.0,0
0.24060150375939848,-0.7604224355583985,-0.3494562387814394,0.8,1.0,-0.25,0.0,0.0,1.0,1.0,1.0,1.0,0
-0.03007518796992481,0.23625401683316005,-0.22528527037553833,0.8,1.0,0.75,0.0,1.0,1.0,1.0,0.0,1.0,1
-0.19548872180451127,0.0878629184202432,-0.9592489874308682,0.2,0.0,0.0,0.0,1.0,0.0,1.0,0.0,1.0,0
0.015037593984962405,-0.7604224355583985,0.6995607057888893,-0.4,1.0,0.25,0.0,0.0,0.0,1.0,0.0,1.0,0
-0.22556390977443608,-0.7604224355583985,0.2608232432032564,0.6,1.0,-0.9166666666666666,0.0,1.0,0.0,1.0,1.0,0.0,0
0.44360902255639095,-0.7604224355583985,-0.5231897847326769,0.6,1.0,-0.25,0.0,0.0,1.0,0.0,0.0,1.0,0
-0.22556390977443608,0.012423061257692415,0.11254609599516952,-0.2,0.0,0.08333333333333333,0.0,0.0,0.0,1.0,1.0,1.0,0
0.7218045112781954,0.34879958148818563,-0.17671220677785376,-0.2,0.0,-0.08333333333333333,0.0,1.0,1.0,1.0,0.0,1.0,0
0.0,0.10790566670371295,0.5512965394992357,0.8,0.0,0.6666666666666666,1.0,0.0,0.0,1.0,1.0,1.0,1
-0.6015037593984962,0.23362554702168195,-0.33123644653490625,-0.6,0.0,-1.1666666666666667,0.0,1.0,1.0,0.0,1.0,0.0,0
0.42857142857142855,-0.7604224355583985,-0.28321277220161883,0.6,2.0,0.0,0.0,1.0,0.0,1.0,0.0,1.0,0
1.218045112781955,-0.7604224355583985,0.3210077894454146,-0.6,1.0,2.9166666666666665,0.0,1.0,0.0,0.0,1.0,3.0,0
-0.2857142857142857,-0.17113780627367361,-0.4137734188353383,1.0,0.0,-1.0,0.0,1.0,0.0,1.0,0.0,0.0,0
0.706766917293233,0.06694594615452504,-0.5758700313650166,-0.2,0.0,-0.6666666666666666,0.0,0.0,0.0,1.0,1.0,0.0,0
0.7443609022556391,-0.7604224355583985,-0.15609401097986395,-0.4,1.0,0.16666666666666666,0.0,0.0,0.0,1.0,1.0,1.0,0
0.09022556390977443,-0.15300474927388602,-0.4303979890819745,0.4,2.0,0.5833333333333334,0.0,1.0,1.0,0.0,0.0,1.0,1
-0.12781954887218044,0.15631047236575094,0.24734915208155298,0.6,0.0,1.3333333333333333,1.0,0.0,1.0,0.0,1.0,2.0,1
-0.706766917293233,-0.7604224355583985,0.33075993439525614,-0.2,0.0,0.6666666666666666,0.0,1.0,1.0,1.0,0.0,1.0,0
0.3157894736842105,-0.7604224355583985,0.004876532428723363,0.8,1.0,0.16666666666666666,0.0,1.0,0.0,0.0,0.0,1.0,0
0.40601503759398494,0.20544455539172235,-0.13225266335610658,-0.8,1.0,2.5,1.0,0.0,1.0,1.0,1.0,3.0,1
-0.7518796992481203,-0.7604224355583985,-0.7430234782140968,0.8,1.0,0.6666666666666666,0.0,1.0,1.0,1.0,0.0,1.0,0
-0.8796992481203008,-0.7604224355583985,0.5156169009002703,0.8,0.0,0.9166666666666666,0.0,0.0,0.0,1.0,0.0,1.0,1
0.2706766917293233,-0.7604224355583985,-0.07995867570612175,0.0,0.0,1.1666666666666667,0.0,0.0,0.0,1.0,0.0,2.0,1
0.8045112781954887,-0.7604224355583985,0.3979435465478997,-0.6,0.0,0.75,0.0,0.0,0.0,1.0,1.0,1.0,0
-1.6541353383458646,-0.7604224355583985,0.5226500033921594,0.4,1.0,0.08333333333333333,0.0,1.0,1.0,1.0,0.0,1.0,0
-0.5714285714285714,-0.7604224355583985,0.1330620798369924,0.8,1.0,0.25,0.0,0.0,1.0,1.0,0.0,1.0,1
0.6992481203007519,-0.7604224355583985,0.820334659831583,-0.6,3.0,-0.4166666666666667,0.0,0.0,0.0,0.0,1.0,1.0,1
0.09774436090225563,-0.7604224355583985,0.6378137475847635,0.2,0.0,0.25,0.0,0.0,0.0,1.0,1.0,1.0,0
-0.8872180451127819,0.19192840075812564,-0.299153340037586,0.4,1.0,-0.25,0.0,0.0,0.0,1.0,1.0,1.0,0
0.10526315789473684,-0.7604224355583985,0.8757126888349921,0.0,1.0,1.8333333333333333,0.0,0.0,0.0,1.0,1.0,2.0,0
0.8947368421052632,-0.7604224355583985,-0.032465583637296826,0.0,1.0,0.16666666666666666,0.0,0.0,1.0,1.0,0.0,1.0,0
-0.09774436090225563,0.1432242999166479,-0.47341031341635426,0.2,1.0,1.0833333333333333,0.0,0.0,0.0,1.0,1.0,1.0,0
-0.007518796992481203,-0.7604224355583985,-0.8744092819699517,0.4,1.0,-0.08333333333333333,0.0,0.0,1.0,1.0,0.0,1.0,0
-0.03007518796992481,0.3362529238573084,0.4519980329309035,0.4,0.0,0.5,0.0,0.0,0.0,1.0,0.0,1.0,0
-0.20300751879699247,0.08238307440317547,0.8472298962816954,-0.8,0.0,2.6666666666666665,0.0,1.0,0.0,1.0,1.0,3.0,0
-0.24060150375939848,-0.7604224355583985,-0.4426580065883273,0.2,1.0,-0.4166666666666667,0.0,0.0,1.0,1.0,0.0,1.0,0
-0.03759398496240601,-0.04574942278926736,-0.5892188106284593,-0.8,0.0,2.25,0.0,1.0,0.0,1.0,1.0,3.0,0
-0.6992481203007519,0.514342722518229,0.5223190410780909,0.0,0.0,1.0833333333333333,0.0,0.0,1.0,0.0,0.0,1.0,1
0.13533834586466165,0.483137831032123,0.19584280976579022,0.2,0.0,2.5,0.0,1.0,1.0,1.0,1.0,3.0,0
0.022556390977443608,0.37326970464070885,-0.515364437368538,0.8,0.0,1.25,1.0,0.0,1.0,1.0,1.0,2.0,0
-0.24812030075187969,-0.09717969529792003,0.871942805255688,1.0,0.0,0.08333333333333333,1.0,0.0,1.0,1.0,1.0,1.0,0
-0.3609022556390977,-0.7604224355583985,-0.4175491284961441,0.4,1.0,-0.75,0.0,0.0,1.0,0.0,0.0,0.0,0
-1.0451127819548873,-0.7604224355583985,0.5422636600849406,0.8,1.0,0.5,0.0,0.0,0.0,1.0,0.0,1.0,0
0.41353383458646614,0.3104472547286777,-0.46155158004991276,0.6,0.0,-0.3333333333333333,0.0,0.0,1.0,1.0,0.0,1.0,0
-0.5338345864661654,0.06302674629433191,0.8695483879705217,-0.4,0.0,-0.9166666666666666,1.0,0.0,0.0,1.0,1.0,0.0,1
0.518796992481203,-0.24916774198122993,-0.7227321562519287,-0.4,1.0,-0.08333333333333333,1.0,0.0,0.0,1.0,0.0,1.0,0
0.18796992481203006,-0.7604224355583985,0.5535544016109628,0.6,1.0,2.9166666666666665,0.0,0.0,0.0,1.0,1.0,3.0,0
0.8721804511278195,-0.21422644007305466,-0.30730934307992486,0.6,0.0,1.4166666666666667,0.0,0.0,1.0,1.0,1.0,2.0,0
-0.16541353383458646,-0.7604224355583985,-0.20513418321723131,0.6,1.0,1.0833333333333333,0.0,0.0,1.0,0.0,1.0,1.0,0
1.112781954887218,-0.014121913973868656,-0.8743272057691497,-0.2,0.0,0.16666666666666666,1.0,0.0,1.0,1.0,0.0,1.0,0
-0.3533834586466165,-0.7604224355583985,-0.585793687977306,0.0,1.0,-0.4166666666666667,0.0,0.0,0.0,1.0,1.0,1.0,0
0.17293233082706766,-0.7604224355583985,0.5486970850299987,-0.8,1.0,0.16666666666666666,0.0,0.0,1.0,1.0,0.0,1.0,0
0.5338345864661654,-0.7604224355583985,0.35838097794610957,-0.4,1.0,-1.0,0.0,0.0,1.0,1.0,1.0,0.0,0
-0.7293233082706767,0.35257493162339154,-0.2076145607575338,-0.4,1.0,0.9166666666666666,1.0,0.0,1.0,0.0,1.0,1.0,0
0.06015037593984962,0.10589435608816339,0.9859329517675834,0.0,1.0,0.08333333333333333,0.0,0.0,0.0,1.0,0.0,1.0,0
-0.24060150375939848,0.006816134313647766,-0.1476617290200058,-1.0,0.0,0.3333333333333333,0.0,0.0,1.0,1.0,0.0,1.0,0
-1.6541353383458646,-0.2719929952392088,-0.46580308636667556,0.2,1.0,-0.8333333333333334,0.0,0.0,0.0,0.0,0.0,0.0,0
0.38345864661654133,-0.7604224355583985,0.33177489911999347,0.0,1.0,0.6666666666666666,0.0,0.0,0.0,1.0,0.0,1.0,0
0.46616541353383456,-0.7604224355583985,-0.039082376831718155,-0.4,1.0,-0.16666666666666666,0.0,0.0,1.0,1.0,1.0,1.0,0
1.4887218045112782,0.5311736887884065,-0.37536829842518216,-1.0,0.0,-0.08333333333333333,0.0,0.0,0.0,1.0,1.0,1.0,0
-0.9699248120300752,-0.7604224355583985,-0.9477134482698265,-0.4,1.0,0.16666666666666666,0.0,0.0,1.0,1.0,0.0,1.0,0
0.5413533834586466,-0.7604224355583985,-0.35485364333878944,0.2,1.0,-0.6666666666666666,0.0,0.0,0.0,0.0,1.0,0.0,0
-0.12030075187969924,0.4741816970107189,0.016920678283651697,0.2,1.0,-0.6666666666666666,0.0,1.0,0.0,1.0,1.0,0.0,0
1.4887218045112782,0.3880820737896594,-0.09783851098644374,-0.2,0.0,-0.5,1.0,0.0,1.0,1.0,1.0,1.0,0
0.9774436090225563,-0.12414031475118996,0.08745704702248272,0.0,1.0,-0.08333333333333333,0.0,0.0,1.0,0.0,1.0,1.0,0
-0.09022556390977443,0.7846304795551032,0.4293584934877569,0.0,1.0,-0.6666666666666666,0.0,1.0,1.0,1.0,0.0,0.0,0
-0.015037593984962405,0.1957112724475791,0.48260898062355173,0.0,2.0,-0.75,1.0,0.0,0.0,0.0,1.0,0.0,1
-0.18796992481203006,0.6911392055961618,-0.22915511724797386,-1.0,1.0,-0.8333333333333334,1.0,0.0,1.0,1.0,1.0,0.0,0
-1.4661654135338347,0.29197016497158135,0.5244537377826369,1.0,1.0,0.25,0.0,0.0,1.0,1.0,0.0,1.0,0
0.03759398496240601,0.3646443623071568,0.01909022926525055,0.0,0.0,0.9166666666666666,1.0,0.0,0.0,0.0,0.0,1.0,1
0.6691729323308271,-0.7604224355583985,0.16913605216284977,0.6,1.0,-0.6666666666666666,0.0,0.0,1.0,1.0,1.0,0.0,0
-0.7293233082706767,0.03874403520181403,0.17692950939666457,0.6,0.0,-0.8333333333333334,0.0,0.0,0.0,1.0,1.0,0.0,0
0.5413533834586466,0.10505186366289739,-0.1931277535741286,0.2,1.0,0.9166666666666666,1.0,0.0,0.0,1.0,1.0,1.0,1
-0.7368421052631579,0.3265357809149885,0.9678595270422812,-0.4,0.0,0.08333333333333333,0.0,0.0,0.0,1.0,1.0,1.0,0
-0.3609022556390977,0.3713658112217593,0.9357711055232404,0.6,0.0,1.3333333333333333,0.0,0.0,1.0,1.0,0.0,2.0,1
0.7969924812030075,0.513992421799047,0.16433832515233102,-0.2,1.0,-0.4166666666666667,1.0,0.0,1.0,1.0,1.0,1.0,0
0.007518796992481203,0.05898908195473754,-0.8618575515406984,-0.8,0.0,0.3333333333333333,1.0,0.0,1.0,1.0,0.0,1.0,1
-0.7218045112781954,-0.7604224355583985,-0.3816005702405036,0.6,1.0,0.25,0.0,0.0,0.0,1.0,0.0,1.0,0
-1.218045112781955,0.08378607931894202,-0.9762219982360775,0.4,0.0,-0.16666666666666666,0.0,0.0,0.0,1.0,1.0,1.0,0
0.24060150375939848,0.06279585024883215,1.0109614912622196,0.0,1.0,0.08333333333333333,0.0,0.0,1.0,1.0,1.0,1.0,0
0.08270676691729323,-0.7604224355583985,0.5254036957032523,0.8,1.0,-0.8333333333333334,0.0,0.0,0.0,1.0,0.0,0.0,0
1.4887218045112782,-0.7604224355583985,0.176273308638073,-0.4,1.0,-0.5833333333333334,0.0,0.0,0.0,1.0,0.0,0.0,0
0.6466165413533834,-0.7604224355583985,0.15272551375242702,0.0,1.0,0.16666666666666666,0.0,0.0,1.0,1.0,1.0,1.0,0
0.43609022556390975,-0.7604224355583985,-0.8112117316839051,-0.8,1.0,-0.5,0.0,0.0,0.0,1.0,0.0,1.0,0
0.14285714285714285,-0.7604224355583985,0.29643910154157355,-0.4,1.0,0.4166666666666667,0.0,1.0,0.0,1.0,1.0,1.0,0
-0.9398496240601504,0.20956801245945456,0.576472877482489,-0.6,1.0,-0.75,1.0,0.0,0.0,1.0,1.0,0.0,0
-0.7669172932330827,-0.7604224355583985,0.8199787578002098,-0.4,0.0,0.0,0.0,0.0,1.0,1.0,1.0,1.0,0
-0.3609022556390977,-0.7604224355583985,0.5703598870200143,-0.4,1.0,-0.9166666666666666,0.0,1.0,0.0,1.0,0.0,0.0,0
-0.42857142857142855,0.07455109934370908,0.7929486015679572,0.4,1.0,-1.0,1.0,0.0,0.0,0.0,1.0,0.0,0
-1.0451127819548873,-0.06279906257929224,0.48337965877305017,0.4,1.0,0.16666666666666666,0.0,1.0,1.0,1.0,1.0,1.0,0
-0.5488721804511278,0.5666407159986867,0.2462092843463795,-0.2,0.0,1.0,1.0,0.0,1.0,1.0,1.0,1.0,0
-0.849624060150376,0.06566156241720661,-0.19288929308039116,0.6,0.0,0.08333333333333333,1.0,0.0,0.0,0.0,0.0,1.0,1
0.5263157894736842,-0.7604224355583985,0.4352811652878488,0.8,1.0,-0.6666666666666666,0.0,1.0,0.0,1.0,1.0,0.0,0
-0.7894736842105263,0.6450171132987778,-0.30851493310291356,-0.8,1.0,0.9166666666666666,0.0,0.0,0.0,0.0,1.0,1.0,0
-0.8421052631578947,0.25784855577735866,-0.8184403656479416,-0.4,0.0,0.0,1.0,0.0,1.0,0.0,0.0,1.0,0
-0.10526315789473684,0.21513615638940953,0.6047263064061474,0.4,1.0,0.0,1.0,0.0,0.0,1.0,0.0,1.0,0
-0.007518796992481203,0.3611186337535466,-0.5706992307144886,-0.6,1.0,0.4166666666666667,0.0,1.0,1.0,1.0,0.0,1.0,0
0.8345864661654135,-0.7604224355583985,-0.5012701240968138,-0.2,1.0,-0.5,0.0,0.0,0.0,0.0,0.0,1.0,0
-0.6541353383458647,0.4826028604862552,0.8176786821505857,-0.6,1.0,0.08333333333333333,1.0,0.0,0.0,1.0,1.0,1.0,0
0.3458646616541353,0.258240773491567,-0.591312929186407,-0.6,0.0,0.08333333333333333,0.0,0.0,1.0,1.0,1.0,1.0,0
1.0676691729323309,0.13621139077494693,0.08489857954766872,-0.2,0.0,-1.25,0.0,1.0,0.0,1.0,1.0,0.0,0
-0.2932330827067669,0.18354586359763225,-0.04673038645190747,1.0,0.0,0.5,1.0,0.0,0.0,0.0,0.0,1.0,1
0.518796992481203,0.08356364502197093,0.6045242333688052,-0.4,0.0,0.0,1.0,0.0,1.0,1.0,1.0,1.0,0
0.6240601503759399,-0.04181000875203352,-0.7260698876805592,-0.4,0.0,-1.0,0.0,0.0,0.0,0.0,0.0,0.0,0
-0.5263157894736842,-0.7604224355583985,-0.39343927006353635,0.8,2.0,0.25,0.0,0.0,0.0,1.0,1.0,1.0,0
-0.9624060150375939,-0.7604224355583985,0.37442999266757,0.0,0.0,2.25,0.0,1.0,0.0,1.0,0.0,3.0,1
-0.022556390977443608,-0.40767540920682904,0.7568675766171241,-0.6,0.0,-0.6666666666666666,0.0,1.0,1.0,1.0,1.0,0.0,0
0.007518796992481203,0.17629391005999656,-0.21665674145983974,-1.0,0.0,0.75,0.0,0.0,1.0,1.0,0.0,1.0,1
-1.368421052631579,0.03201059881012922,-0.49613979938092784,-0.4,0.0,-0.5833333333333334,0.0,0.0,1.0,1.0,1.0,0.0,0
0.022556390977443608,0.29257643358375524,-0.7299712158354941,0.4,0.0,-1.4166666666666667,0.0,0.0,0.0,0.0,0.0,0.0,0
-0.9323308270676691,0.6203082591484136,0.40920137582403604,0.4,1.0,-0.8333333333333334,0.0,0.0,0.0,0.0,1.0,0.0,0
-0.5639097744360902,0.431165301471925,-0.5593798698407398,-0.8,0.0,0.5833333333333334,1.0,0.0,0.0,0.0,1.0,1.0,1
-0.045112781954887216,0.35719152059148884,0.43707426963488494,0.0,1.0,1.0833333333333333,0.0,1.0,0.0,1.0,1.0,1.0,1
-0.2932330827067669,0.6946009225891431,-0.22695909336972767,0.2,1.0,-0.6666666666666666,0.0,0.0,0.0,1.0,1.0,0.0,0
0.3533834586466165,0.23908972113406696,0.6675449569706831,0.8,1.0,-0.6666666666666666,0.0,1.0,0.0,1.0,0.0,0.0,0
-0.6090225563909775,-0.7604224355583985,-0.7298053258306352,-0.6,1.0,1.3333333333333333,0.0,0.0,0.0,1.0,0.0,2.0,0
-0.18045112781954886,0.0024015304169107375,0.5159193460785682,-0.8,0.0,2.0,1.0,0.0,0.0,1.0,1.0,3.0,1
-0.2706766917293233,-0.7604224355583985,-0.7541675455830191,1.0,1.0,-0.25,0.0,0.0,1.0,1.0,0.0,1.0,0
-1.5263157894736843,-0.7604224355583985,0.2470980173052508,0.2,1.0,1.25,0.0,0.0,1.0,0.0,1.0,2.0,0
-0.9924812030075187,-0.7604224355583985,-0.6647496643934303,0.2,1.0,0.4166666666666667,0.0,1.0,0.0,1.0,1.0,1.0,0
0.6992481203007519,0.009520994910454075,0.3492632626081961,-0.2,0.0,-0.16666666666666666,1.0,0.0,1.0,1.0,0.0,1.0,0
1.4887218045112782,-0.1068695726060921,-0.2507187736405076,-0.6,0.0,-0.3333333333333333,1.0,0.0,0.0,0.0,1.0,1.0,0
1.3759398496240602,-0.7604224355583985,-0.16351143042694075,0.4,1.0,-1.0,0.0,0.0,1.0,1.0,1.0,0.0,0
0.12030075187969924,0.042525104852229004,-0.4645768495285411,0.2,0.0,-0.16666666666666666,0.0,0.0,0.0,1.0,1.0,1.0,0
-0.6541353383458647,0.17039614968504083,0.293120994808527,-0.2,1.0,1.5,0.0,0.0,1.0,1.0,1.0,2.0,1
-0.2631578947368421,0.0583935472272711,0.4925545105944609,-0.6,0.0,-0.16666666666666666,0.0,0.0,0.0,1.0,1.0,1.0,0
1.4887218045112782,0.21444926611764284,0.19521001554516096,-0.2,0.0,1.1666666666666667,1.0,0.0,1.0,0.0,0.0,2.0,1
0.22556390977443608,-0.7604224355583985,0.13397677463273003,0.0,1.0,0.0,0.0,0.0,1.0,0.0,1.0,1.0,0
-0.5864661654135338,0.2568260161472883,0.9575673963280102,-0.4,0.0,-0.3333333333333333,1.0,0.0,1.0,1.0,0.0,1.0,0
0.7819548872180451,0.2602698694489314,0.3484236936002413,-0.2,0.0,-1.5,0.0,1.0,1.0,1.0,1.0,0.0,0
-1.1954887218045114,0.35987749895315235,0.6070782035175478,0.6,1.0,0.0,0.0,0.0,0.0,1.0,0.0,1.0,0
0.9548872180451128,0.28394521503594744,-0.7830890318521845,-1.0,0.0,1.5,0.0,1.0,0.0,1.0,0.0,2.0,1
0.3684210526315789,-0.7604224355583985,-0.7473689173185769,0.8,1.0,-1.3333333333333333,0.0,1.0,0.0,1.0,1.0,0.0,0
0.3308270676691729,0.10869715358923665,-0.9881883607923626,-0.8,0.0,-1.5,0.0,0.0,1.0,1.0,1.0,0.0,0
1.0676691729323309,-0.06580400185077251,0.17478622688780052,0.6,1.0,0.6666666666666666,0.0,1.0,1.0,1.0,0.0,1.0,0
-1.0,-0.7604224355583985,0.020838769199398016,0.6,1.0,0.4166666666666667,0.0,0.0,1.0,1.0,1.0,1.0,0
-1.0225563909774436,-0.7604224355583985,0.47731951189191396,0.0,0.0,1.0833333333333333,0.0,1.0,1.0,0.0,1.0,1.0,1
-0.14285714285714285,0.25176839771189613,0.7313458644339828,0.8,1.0,0.16666666666666666,0.0,0.0,0.0,0.0,0.0,1.0,0
-0.21804511278195488,0.23154810940837134,-1.0098677211192775,0.4,0.0,1.0833333333333333,1.0,0.0,1.0,0.0,1.0,1.0,1
0.10526315789473684,0.06093512741728358,0.7723971501773442,-0.6,0.0,-0.16666666666666666,0.0,1.0,1.0,1.0,0.0,1.0,0
0.3308270676691729,0.42153332446155567,-0.9322768875897184,0.8,0.0,-0.25,0.0,0.0,1.0,0.0,1.0,1.0,0
1.3759398496240602,-0.7604224355583985,-0.6094572890092891,-0.6,1.0,1.5833333333333333,0.0,0.0,0.0,1.0,1.0,2.0,0
0.48872180451127817,-0.7604224355583985,0.748378260385725,0.0,1.0,0.4166666666666667,0.0,0.0,1.0,1.0,0.0,1.0,0
-0.849624060150376,-0.7604224355583985,-0.1295992409740136,0.2,1.0,0.16666666666666666,0.0,0.0,1.0,1.0,1.0,1.0,0
-0.3383458646616541,0.08578877148691605,-0.7774258762088003,0.6,0.0,2.0833333333333335,0.0,1.0,0.0,1.0,1.0,3.0,1
0.9473684210526315,0.05669579140442265,0.18459653044070093,0.6,1.0,0.25,0.0,1.0,1.0,1.0,1.0,1.0,0
1.481203007518797,0.2811160920950072,0.73193685396454,0.8,0.0,1.0,1.0,0.0,0.0,1.0,0.0,1.0,1
0.05263157894736842,0.38333855859363225,0.32295155421584076,-0.2,0.0,2.5,0.0,0.0,1.0,1.0,1.0,3.0,0
-0.5037593984962406,-0.7604224355583985,-0.10266577725229487,-0.6,1.0,0.5,0.0,0.0,0.0,1.0,0.0,1.0,0
0.15037593984962405,-0.04645652723807474,0.7957096531398941,0.2,0.0,-0.5,0.0,0.0,1.0,1.0,0.0,1.0,0
-0.45112781954887216,-0.7604224355583985,-0.8425679067489662,-0.2,1.0,2.8333333333333335,0.0,0.0,1.0,0.0,1.0,3.0,0
0.8421052631578947,0.008567246161940838,-0.7420913051738545,0.4,0.0,-1.0833333333333333,0.0,0.0,1.0,1.0,0.0,0.0,0
0.24060150375939848,0.28311016581540555,0.28559165326944747,0.0,0.0,0.08333333333333333,0.0,0.0,0.0,0.0,0.0,1.0,0
0.6691729323308271,-0.7604224355583985,-0.8694959532370082,0.8,1.0,0.08333333333333333,0.0,0.0,1.0,1.0,0.0,1.0,0
0.38345864661654133,0.0697822772516193,-0.25847502572227765,0.6,1.0,0.0,0.0,0.0,1.0,0.0,1.0,1.0,0
-0.7894736842105263,-0.7604224355583985,-0.0015609809945811176,0.8,1.0,-0.5,0.0,1.0,0.0,0.0,0.0,1.0,0
0.6917293233082706,0.7314256686906568,0.397753125673561,0.4,1.0,0.3333333333333333,1.0,0.0,1.0,1.0,1.0,1.0,0
-0.6541353383458647,0.19894992834740205,-0.3281780603824798,-1.0,0.0,0.08333333333333333,0.0,1.0,1.0,0.0,0.0,1.0,0
0.6015037593984962,0.19809333300792156,0.9049735187986315,0.6,1.0,-0.25,0.0,0.0,0.0,1.0,0.0,1.0,0
-0.7218045112781954,0.15955257564460407,-0.05410191273066525,-0.6,0.0,2.0,0.0,0.0,0.0,1.0,1.0,3.0,0
-0.2556390977443609,-0.04690460816247691,-0.7448006374959708,-0.6,0.0,0.16666666666666666,0.0,0.0,1.0,1.0,0.0,1.0,0
-0.7669172932330827,0.41866204947701896,0.6850375111490886,0.6,0.0,0.25,0.0,0.0,0.0,0.0,0.0,1.0,1
0.3684210526315789,-0.7604224355583985,0.6542649663537405,-0.8,1.0,0.0,0.0,0.0,1.0,1.0,0.0,1.0,0
-0.05263157894736842,-0.7604224355583985,0.5147401267402706,0.2,0.0,0.4166666666666667,0.0,0.0,1.0,0.0,0.0,1.0,0
-0.10526315789473684,0.3353703948255781,-0.6181743334790282,0.8,0.0,0.75,0.0,0.0,1.0,1.0,0.0,1.0,0
-0.7669172932330827,0.13180023425724,0.7714444325339125,-0.6,1.0,-0.08333333333333333,1.0,0.0,1.0,1.0,0.0,1.0,0
0.23308270676691728,0.3753476907006833,-0.7425720080037075,0.0,0.0,-0.16666666666666666,1.0,0.0,1.0,0.0,1.0,1.0,0
-0.15037593984962405,0.3335354489872325,-0.058710343198362845,0.8,0.0,0.25,0.0,0.0,0.0,1.0,0.0,1.0,1
-0.24812030075187969,0.21188833359534723,-0.7721338521782584,0.6,0.0,1.25,1.0,0.0,0.0,0.0,0.0,2.0,0
0.21052631578947367,0.12721631704040626,0.23705804348684334,1.0,0.0,-0.5,0.0,0.0,1.0,1.0,1.0,1.0,0
-0.5263157894736842,0.3994871788644012,-0.4814774942687841,0.8,1.0,-1.0,0.0,1.0,1.0,1.0,0.0,0.0,0
0.41353383458646614,-0.0577375266677294,0.27621953237263475,0.2,0.0,1.75,0.0,0.0,1.0,0.0,1.0,2.0,0
-1.0,0.4281511953062055,0.7225541030242858,-0.8,2.0,-1.3333333333333333,1.0,0.0,0.0,1.0,1.0,0.0,1
0.49624060150375937,0.27861548870574,-0.6791763709466093,0.0,1.0,0.5,1.0,0.0,1.0,1.0,0.0,1.0,0
0.7293233082706767,0.350437243226576,-0.13403370669231507,0.6,1.0,0.25,1.0,0.0,0.0,0.0,0.0,1.0,0
-0.5037593984962406,0.299940348590349,-0.6036774073119624,0.8,1.0,-0.75,1.0,0.0,0.0,1.0,1.0,0.0,0
0.8120300751879699,-0.7604224355583985,0.02089508798724593,0.2,1.0,0.3333333333333333,0.0,1.0,0.0,0.0,0.0,1.0,0
0.49624060150375937,0.1648900585776294,0.03800455175393793,-1.0,1.0,-0.5,0.0,0.0,0.0,1.0,0.0,1.0,0
-0.3533834586466165,0.306610165169022,-0.33051615887979796,-0.4,0.0,1.1666666666666667,0.0,0.0,0.0,1.0,1.0,2.0,1
-0.15037593984962405,0.19919085313189874,0.4884078737447254,-0.4,0.0,-1.1666666666666667,1.0,0.0,1.0,1.0,0.0,0.0,1
-0.022556390977443608,0.46946341036123096,-0.10263797560021745,0.6,0.0,1.5833333333333333,0.0,0.0,0.0,1.0,0.0,2.0,1
-0.14285714285714285,-0.7604224355583985,-0.7122706603262888,0.4,1.0,0.5833333333333334,0.0,0.0,0.0,1.0,0.0,1.0,0
0.06015037593984962,-0.1300046198796481,0.5210296372510453,-0.6,0.0,-0.3333333333333333,0.0,1.0,1.0,0.0,0.0,1.0,0
0.9398496240601504,0.2678414890420943,0.6572141901369807,0.8,0.0,-0.6666666666666666,0.0,0.0,0.0,1.0,1.0,0.0,1
-0.8270676691729323,0.609867871755463,-0.7883852465729291,-0.6,0.0,-0.16666666666666666,0.0,1.0,1.0,1.0,1.0,1.0,0
-0.13533834586466165,0.3620038266690731,0.9533824299947121,0.4,1.0,0.0,1.0,0.0,0.0,1.0,0.0,1.0,0
-0.8872180451127819,-0.7604224355583985,0.04689964945131985,-0.8,2.0,1.25,0.0,0.0,1.0,1.0,1.0,2.0,1
-1.5639097744360901,-0.7604224355583985,0.610044598909424,-0.4,1.0,0.5,0.0,0.0,1.0,1.0,1.0,1.0,0
-0.17293233082706766,0.21071089695748824,-0.23911332150144765,0.8,0.0,0.08333333333333333,1.0,0.0,0.0,1.0,0.0,1.0,0
0.3533834586466165,-0.7604224355583985,0.5461102026313703,0.4,0.0,0.25,0.0,0.0,1.0,0.0,1.0,1.0,1
-0.3609022556390977,0.011665969812947145,-0.4816162981052588,0.4,0.0,0.16666666666666666,0.0,1.0,0.0,1.0,1.0,1.0,0
1.218045112781955,-0.012272081726074453,0.07734020981303769,0.6,1.0,0.5833333333333334,1.0,0.0,1.0,0.0,0.0,1.0,0
-1.4887218045112782,0.20466356734233593,0.49943869026621507,-0.6,0.0,0.25,0.0,1.0,1.0,1.0,0.0,1.0,0
0.42857142857142855,-0.7604224355583985,-0.44189141691707545,0.6,1.0,0.16666666666666666,0.0,0.0,1.0,1.0,0.0,1.0,0
-1.150375939849624,-0.7604224355583985,-0.18436931326214193,0.2,1.0,0.16666666666666666,0.0,1.0,1.0,1.0,1.0,1.0,0
0.7744360902255639,0.30233400488015677,0.4514965810739487,0.4,0.0,0.6666666666666666,1.0,0.0,0.0,0.0,0.0,1.0,1
1.0526315789473684,0.36303537649433604,-0.6762762089023294,0.4,0.0,-1.5,0.0,0.0,1.0,1.0,0.0,0.0,0
-0.7142857142857143,0.20721400102849416,-0.30275324513378465,-0.4,0.0,-0.4166666666666667,0.0,0.0,0.0,1.0,1.0,1.0,0
0.6541353383458647,-0.7604224355583985,0.3477110718418455,-1.0,1.0,-0.08333333333333333,0.0,0.0,0.0,0.0,0.0,1.0,0
-0.5864661654135338,0.4382697228569731,0.36023847582553103,0.4,0.0,-0.25,0.0,0.0,0.0,1.0,1.0,1.0,0
-0.556390977443609,0.6115647657335538,-0.25132529938840203,-0.2,0.0,-0.25,0.0,0.0,1.0,1.0,1.0,1.0,0
0.14285714285714285,-0.7604224355583985,-0.854497268577119,0.2,1.0,-0.5,0.0,0.0,0.0,1.0,1.0,1.0,0
-0.3308270676691729,0.22793987880660666,0.33707203374834377,0.0,0.0,0.5833333333333334,1.0,0.0,0.0,0.0,1.0,1.0,1
0.7293233082706767,0.3134286891431339,0.036068350668268155,0.4,2.0,-0.6666666666666666,1.0,0.0,0.0,1.0,0.0,0.0,1
-0.5338345864661654,0.15541861974073437,0.07860467392277863,0.2,0.0,-0.5,1.0,0.0,1.0,1.0,0.0,1.0,0
0.5488721804511278,-0.16584200528710424,-0.5502395656605136,-1.0,0.0,-1.5,1.0,0.0,1.0,0.0,0.0,0.0,0
-1.0827067669172932,0.19897891767106515,-0.24161720779166854,0.4,1.0,1.0,0.0,0.0,1.0,1.0,1.0,1.0,0
0.045112781954887216,-0.7604224355583985,0.5859587602865156,0.8,1.0,-0.4166666666666667,0.0,0.0,0.0,1.0,0.0,1.0,0
0.24812030075187969,0.06065346088061174,0.5594517248459252,-0.8,0.0,1.75,0.0,0.0,1.0,1.0,1.0,2.0,0
0.39097744360902253,0.21613002009391047,0.17441632181843245,-0.8,0.0,0.16666666666666666,1.0,0.0,0.0,1.0,0.0,1.0,1
0.631578947368421,-0.7604224355583985,-0.2959064750379878,0.2,0.0,-0.08333333333333333,0.0,0.0,0.0,1.0,0.0,1.0,0
0.8796992481203008,-0.7604224355583985,-0.5286826552570868,0.8,0.0,0.16666666666666666,0.0,1.0,1.0,1.0,1.0,1.0,0
-0.6616541353383458,0.22032226804319988,-0.27279972474320213,-1.0,0.0,-0.5,0.0,1.0,1.0,1.0,1.0,1.0,0
-0.37593984962406013,-0.7604224355583985,0.7340220800823013,-0.4,1.0,2.9166666666666665,0.0,0.0,0.0,1.0,1.0,3.0,0
0.40601503759398494,0.6344539522026382,-0.5853194245006915,0.6,0.0,-0.16666666666666666,0.0,0.0,0.0,0.0,1.0,1.0,0
0.3458646616541353,0.12034224325419414,-0.055858016349568974,-0.8,1.0,1.5833333333333333,1.0,0.0,1.0,0.0,0.0,2.0,1
0.3233082706766917,0.02637209700814903,0.017318180581184818,-0.8,0.0,0.5,0.0,0.0,1.0,1.0,1.0,1.0,0
-0.5789473684210527,-0.7604224355583985,-0.0498424338813215,-0.8,0.0,-0.08333333333333333,0.0,0.0,1.0,0.0,1.0,1.0,0
-0.7218045112781954,-0.7604224355583985,0.7737676080856304,0.8,0.0,1.25,0.0,0.0,0.0,1.0,0.0,2.0,1
-0.7593984962406015,-0.3671502151144928,-0.7772949426929505,-0.8,0.0,0.4166666666666667,0.0,0.0,1.0,1.0,1.0,1.0,0
0.706766917293233,0.31682357399264355,0.7225889573013388,-0.4,1.0,-1.0833333333333333,0.0,0.0,1.0,0.0,1.0,0.0,0
-0.24812030075187969,0.17709613083022802,-0.9280882416259982,1.0,0.0,0.08333333333333333,0.0,1.0,0.0,1.0,1.0,1.0,0
-0.2556390977443609,0.23049524851273998,-0.07639781557717877,0.0,0.0,0.08333333333333333,0.0,1.0,1.0,1.0,0.0,1.0,0
-0.03007518796992481,0.2036622604331107,-0.9646782821185425,0.0,0.0,0.3333333333333333,1.0,0.0,1.0,0.0,1.0,1.0,0
0.45864661654135336,0.39670005126801056,0.22635410080117568,0.4,0.0,-1.0833333333333333,1.0,0.0,0.0,1.0,1.0,0.0,0
-1.3609022556390977,0.0590552089524986,0.3300351494140765,0.2,1.0,-1.1666666666666667,1.0,0.0,1.0,1.0,0.0,0.0,0
0.45112781954887216,0.08636793116398907,0.7632370168776216,0.0,0.0,3.5,0.0,1.0,0.0,1.0,1.0,3.0,0
-0.3082706766917293,-0.7604224355583985,-0.7752645021836948,1.0,0.0,-0.16666666666666666,0.0,0.0,1.0,1.0,1.0,1.0,1
-0.42105263157894735,0.3321747528141093,-0.37107866704876913,-0.6,0.0,-0.3333333333333333,0.0,0.0,1.0,0.0,0.0,1.0,0
-0.6090225563909775,-0.7604224355583985,0.03376837723060022,-0.8,1.0,-0.3333333333333333,0.0,0.0,0.0,1.0,0.0,1.0,0
0.39849624060150374,-0.7604224355583985,0.13169243962435576,0.8,1.0,-1.0,0.0,0.0,1.0,0.0,1.0,0.0,0
0.05263157894736842,0.4279490535357984,-0.5056248644893051,-0.6,0.0,3.4166666666666665,0.0,1.0,1.0,0.0,1.0,3.0,0
0.7744360902255639,-0.7604224355583985,-0.8318034545852477,0.8,1.0,0.5,0.0,0.0,0.0,1.0,0.0,1.0,0
-0.8270676691729323,0.38049055341754934,-0.9106696889038575,0.6,0.0,0.5,0.0,0.0,0.0,0.0,1.0,1.0,0
-0.022556390977443608,-0.7604224355583985,-0.33570740192155935,-0.6,1.0,0.75,0.0,0.0,0.0,1.0,1.0,1.0,0
0.07518796992481203,0.2890723294986073,-0.5184319203850632,-0.2,0.0,-0.4166666666666667,0.0,0.0,0.0,1.0,1.0,1.0,1
-0.37593984962406013,0.3279477960259477,0.4093365000300887,-0.8,0.0,0.4166666666666667,0.0,1.0,0.0,1.0,1.0,1.0,0
-0.022556390977443608,-0.22493587972940743,0.4407360129645646,-0.2,1.0,3.4166666666666665,1.0,0.0,1.0,1.0,1.0,3.0,0
-0.38345864661654133,0.021396667222817724,-0.6823982962289028,-0.6,0.0,0.75,0.0,0.0,1.0,1.0,1.0,1.0,1
0.23308270676691728,0.2871333354931686,-0.44834661300879686,-1.0,0.0,-0.6666666666666666,0.0,1.0,1.0,1.0,0.0,0.0,1
0.8646616541353384,0.33288890872002386,-0.7298818825858042,-0.6,0.0,-1.1666666666666667,1.0,0.0,1.0,0.0,1.0,0.0,0
-0.015037593984962405,0.9189757805561476,0.30018005913728263,-0.2,1.0,-0.9166666666666666,1.0,0.0,1.0,1.0,0.0,0.0,0
0.8796992481203008,-0.28016297014268116,-0.943711952397848,-0.2,1.0,-0.5,0.0,0.0,1.0,1.0,1.0,1.0,0
-0.5939849624060151,-0.7604224355583985,-0.8684709717405663,0.0,1.0,0.3333333333333333,0.0,1.0,1.0,0.0,1.0,1.0,0
0.6240601503759399,-0.08558459262890034,-0.06099989101650171,0.4,1.0,0.08333333333333333,0.0,1.0,1.0,0.0,0.0,1.0,0
0.06766917293233082,0.3600282434362002,-0.8564958189560508,0.4,0.0,0.08333333333333333,0.0,1.0,1.0,1.0,1.0,1.0,0
-0.22556390977443608,0.034723059310706766,-0.9266391827234198,0.4,0.0,-0.6666666666666666,0.0,0.0,1.0,1.0,1.0,0.0,0
0.07518796992481203,0.14284320783476423,0.5125007649926097,0.0,1.0,-0.5833333333333334,1.0,0.0,1.0,1.0,1.0,0.0,0
0.21052631578947367,-0.7604224355583985,-0.005080854129101076,0.4,1.0,-0.25,0.0,1.0,0.0,1.0,0.0,1.0,0
-1.1203007518796992,0.025132450848699674,0.5976773610610522,0.8,1.0,-0.4166666666666667,0.0,1.0,1.0,1.0,1.0,1.0,0
0.03007518796992481,-0.17810370570132644,-0.7821040152306038,-0.2,0.0,-0.5833333333333334,0.0,0.0,0.0,1.0,1.0,0.0,0
-0.46616541353383456,-0.7604224355583985,0.9949614360677631,0.4,1.0,-1.1666666666666667,0.0,1.0,0.0,1.0,0.0,0.0,0
-1.1578947368421053,-0.07454240254661028,-0.8879125034991627,-0.2,1.0,0.3333333333333333,1.0,0.0,0.0,1.0,1.0,1.0,1
1.1203007518796992,-0.7604224355583985,0.7212259608658529,0.2,1.0,0.75,0.0,1.0,0.0,1.0,1.0,1.0,0
0.7293233082706767,-0.30937253431601397,-0.3916624174175307,0.0,0.0,0.3333333333333333,0.0,0.0,1.0,1.0,1.0,1.0,0
-1.5263157894736843,0.4588478334339275,0.6873252191520165,-1.0,0.0,-0.4166666666666667,0.0,1.0,1.0,1.0,1.0,1.0,0
0.20300751879699247,0.3041126174111681,-0.464127321345319,0.8,1.0,1.25,1.0,0.0,1.0,0.0,0.0,2.0,0
-0.7293233082706767,-0.7604224355583985,1.0059660863284738,-0.6,1.0,-1.0833333333333333,0.0,1.0,0.0,0.0,1.0,0.0,0
0.22556390977443608,0.8122480597621958,-0.16940916250972776,1.0,0.0,-0.75,0.0,0.0,1.0,0.0,1.0,0.0,1
-0.8195488721804511,0.3933280444793377,0.13619753380436858,0.4,0.0,-0.4166666666666667,0.0,0.0,0.0,1.0,0.0,1.0,0
1.0,0.2149745213226073,-0.4789974233643501,-0.4,1.0,-0.4166666666666667,1.0,0.0,0.0,0.0,1.0,1.0,1
-0.3007518796992481,0.35927177878764216,0.06586139828766867,0.8,0.0,-0.5833333333333334,1.0,0.0,1.0,1.0,0.0,0.0,1
0.5789473684210527,-0.02633112020740377,-0.19959756597558184,0.2,0.0,-0.4166666666666667,0.0,0.0,1.0,1.0,1.0,1.0,0
-0.8721804511278195,-0.05925202295531354,-0.5776254195002272,0.0,0.0,-1.25,0.0,0.0,0.0,0.0,0.0,0.0,0
0.23308270676691728,-0.7604224355583985,-0.22609448243251176,-0.6,1.0,-0.5,0.0,0.0,1.0,0.0,1.0,1.0,0
0.42857142857142855,-0.7604224355583985,0.6331139396282527,0.0,1.0,-0.5833333333333334,0.0,0.0,0.0,0.0,1.0,0.0,0
-0.022556390977443608,-0.7604224355583985,0.5207048076543469,-0.2,0.0,1.1666666666666667,0.0,1.0,1.0,1.0,1.0,2.0,0
-0.849624060150376,0.6320722833899127,0.05689822742747969,-0.8,0.0,0.4166666666666667,1.0,0.0,1.0,1.0,0.0,1.0,0
0.09022556390977443,-0.7604224355583985,0.4059317175582128,0.6,1.0,1.5,0.0,0.0,1.0,1.0,1.0,2.0,0
-0.6992481203007519,-0.7604224355583985,0.3936639319431912,-0.6,1.0,0.9166666666666666,0.0,0.0,0.0,0.0,1.0,1.0,0
1.2030075187969924,0.14632216172289664,0.8805805332474413,0.0,2.0,0.16666666666666666,1.0,0.0,1.0,1.0,1.0,1.0,1
-0.46616541353383456,-0.09856781380423807,0.9351387201504358,1.0,1.0,1.1666666666666667,0.0,1.0,0.0,1.0,1.0,2.0,0
-0.20300751879699247,0.2576856671181819,1.0166804546336705,0.6,1.0,-0.08333333333333333,0.0,0.0,0.0,0.0,0.0,1.0,0
-0.6240601503759399,0.023327591227344895,-0.9637333325837791,-0.4,0.0,-0.75,1.0,0.0,0.0,1.0,0.0,0.0,1
0.7443609022556391,0.08977370659725314,-0.7394945082154778,0.8,1.0,-0.25,1.0,0.0,1.0,1.0,1.0,1.0,0
-1.300751879699248,-0.7604224355583985,0.15893437902978616,-0.8,1.0,0.25,0.0,0.0,1.0,0.0,0.0,1.0,0
0.3082706766917293,0.4282129347306552,0.8308738368439095,-0.4,0.0,0.75,0.0,1.0,0.0,1.0,0.0,1.0,0
-0.5263157894736842,0.4065310360678505,0.1788439393356709,-0.6,0.0,1.0833333333333333,0.0,0.0,1.0,1.0,1.0,1.0,0
0.8646616541353384,0.2864556121156413,-0.7239789376932526,-0.6,0.0,0.4166666666666667,0.0,0.0,0.0,1.0,0.0,1.0,0
-0.11278195488721804,-0.7604224355583985,0.5252676515895942,0.0,0.0,1.4166666666666667,0.0,1.0,0.0,0.0,1.0,2.0,0
0.11278195488721804,0.305919984217272,0.7177567848615916,0.2,1.0,-1.1666666666666667,0.0,1.0,0.0,0.0,0.0,0.0,1
-1.0902255639097744,0.16578112770741188,0.20098028931860784,0.8,2.0,-0.08333333333333333,1.0,0.0,1.0,1.0,0.0,1.0,1
0.03759398496240601,-0.009376675088326425,-0.31880992575195743,0.0,0.0,0.3333333333333333,0.0,0.0,0.0,1.0,1.0,1.0,0
0.39849624060150374,0.16187556066429265,-0.9909272323698113,0.4,0.0,-0.25,0.0,0.0,1.0,1.0,0.0,1.0,0
-0.2781954887218045,-0.7604224355583985,-0.7403737354624256,0.2,0.0,-0.08333333333333333,0.0,0.0,1.0,1.0,1.0,1.0,1
-0.7744360902255639,0.31760675582868547,0.17479348393668845,-0.8,1.0,1.5,1.0,0.0,0.0,0.0,1.0,2.0,1
-0.47368421052631576,0.3748233756899997,-0.6593254803035645,0.0,1.0,1.0833333333333333,1.0,0.0,0.0,1.0,1.0,1.0,0
-0.24812030075187969,-0.7604224355583985,0.019440100791210006,-0.6,0.0,0.4166666666666667,0.0,0.0,0.0,1.0,1.0,1.0,1
0.15789473684210525,-0.14276846238942786,-0.6362775018835749,-0.4,1.0,2.6666666666666665,1.0,0.0,0.0,1.0,1.0,3.0,0
0.5037593984962406,-0.7604224355583985,0.9928383915262202,-0.6,1.0,0.5833333333333334,0.0,1.0,1.0,1.0,0.0,1.0,0
-0.15789473684210525,-0.7604224355583985,-0.11741199838045159,-1.0,0.0,0.3333333333333333,0.0,1.0,0.0,0.0,0.0,1.0,0
0.41353383458646614,-0.7604224355583985,-0.16843477593158857,1.0,0.0,1.0,0.0,0.0,0.0,1.0,0.0,1.0,1
-0.03007518796992481,-0.7604224355583985,-0.918838979500498,-0.6,1.0,0.08333333333333333,0.0,0.0,0.0,0.0,1.0,1.0,0
-0.5864661654135338,0.1995520444348353,-0.11226256002876245,-0.6,1.0,0.16666666666666666,0.0,0.0,0.0,1.0,0.0,1.0,0
-0.2706766917293233,0.24521398998121136,0.45539157208760134,0.2,2.0,0.6666666666666666,1.0,0.0,0.0,1.0,1.0,1.0,1
0.39849624060150374,-0.7604224355583985,-0.26897290910431293,0.0,1.0,-1.1666666666666667,0.0,1.0,0.0,1.0,1.0,0.0,0
-1.2030075187969924,0.2366064329894742,-0.07464385840935461,0.2,0.0,0.9166666666666666,0.0,0.0,0.0,1.0,1.0,1.0,1
-0.2932330827067669,0.15861763078171004,0.40847107139722333,0.6,0.0,-0.25,0.0,1.0,1.0,1.0,0.0,1.0,0
-1.255639097744361,-0.7604224355583985,0.7234514217874752,0.0,1.0,0.0,0.0,0.0,1.0,0.0,1.0,1.0,0
0.7819548872180451,-0.7604224355583985,0.8660961791509842,-0.8,1.0,-1.0833333333333333,0.0,0.0,0.0,1.0,0.0,0.0,0
-0.46616541353383456,0.1631564186730576,-0.932505024675883,-1.0,0.0,0.8333333333333334,0.0,0.0,1.0,1.0,1.0,1.0,0
-0.6240601503759399,0.3745122497325245,0.9925637479999998,0.2,0.0,-0.25,0.0,1.0,0.0,0.0,0.0,1.0,0
0.7518796992481203,0.25432133858280365,0.03560573935465676,-0.2,0.0,-0.6666666666666666,1.0,0.0,1.0,1.0,1.0,0.0,0
0.07518796992481203,0.32163736871117266,-0.8161646164438853,0.0,0.0,0.16666666666666666,0.0,0.0,0.0,0.0,0.0,1.0,0
0.15789473684210525,0.0884571995553351,-0.6198634882666425,-0.8,0.0,-0.5,0.0,0.0,1.0,0.0,1.0,1.0,0
0.5939849624060151,0.031249589889213388,0.9477969554380148,0.8,0.0,0.4166666666666667,0.0,1.0,1.0,1.0,1.0,1.0,0
-0.6541353383458647,-0.7604224355583985,-0.10055285169441242,0.4,1.0,1.0,0.0,0.0,1.0,1.0,1.0,1.0,0
0.3233082706766917,-0.7604224355583985,0.27530442872907235,0.6,0.0,1.0833333333333333,0.0,0.0,0.0,1.0,0.0,1.0,1
-0.06766917293233082,-0.7604224355583985,0.008761506670671697,0.4,1.0,-0.25,0.0,0.0,1.0,0.0,1.0,1.0,0
0.48120300751879697,0.24827910168667328,1.0004014630108349,-0.4,0.0,-1.5833333333333333,1.0,0.0,0.0,0.0,0.0,0.0,0
1.1954887218045114,0.20613912391678352,0.741531388077972,-0.4,1.0,0.8333333333333334,0.0,0.0,0.0,0.0,0.0,1.0,0
0.6766917293233082,-0.7604224355583985,0.8240292131991922,-0.2,1.0,-0.6666666666666666,0.0,0.0,0.0,1.0,1.0,0.0,0
0.7368421052631579,0.1905539150688815,-0.4596813056759706,0.4,1.0,0.8333333333333334,0.0,0.0,0.0,1.0,0.0,1.0,1
-0.5338345864661654,-0.7604224355583985,1.0222947529620068,-0.8,1.0,-0.5833333333333334,0.0,0.0,1.0,1.0,0.0,0.0,0
0.518796992481203,0.14658549447108962,0.03581353626154396,-0.8,1.0,0.75,0.0,0.0,1.0,0.0,0.0,1.0,0
-0.03007518796992481,0.47075406206042236,0.9357253145668778,0.6,2.0,-0.4166666666666667,1.0,0.0,0.0,1.0,0.0,1.0,1
-0.43609022556390975,-0.7604224355583985,-0.03661682002505985,-0.6,1.0,0.0,0.0,0.0,1.0,0.0,1.0,1.0,0
-0.7443609022556391,-0.11567558894063569,0.13392883722528787,-0.4,0.0,0.75,1.0,0.0,1.0,1.0,0.0,1.0,1
-0.6240601503759399,0.3782345572403793,0.33312624339247615,0.6,0.0,-0.4166666666666667,1.0,0.0,0.0,1.0,1.0,1.0,0
0.9172932330827067,0.1908866654948189,-0.767065672331722,-0.4,0.0,-0.16666666666666666,0.0,0.0,0.0,1.0,1.0,1.0,0
0.21052631578947367,-0.7604224355583985,0.6908314980963665,-0.8,1.0,-0.25,0.0,0.0,0.0,1.0,0.0,1.0,0
-0.5714285714285714,0.5733104542278362,0.5011516604396163,0.8,1.0,1.25,0.0,0.0,0.0,0.0,0.0,2.0,1
0.39849624060150374,-0.7604224355583985,0.3530827189862413,0.0,0.0,-0.16666666666666666,0.0,0.0,0.0,1.0,0.0,1.0,1
0.39849624060150374,-0.03784740325586934,-0.459235150487302,-0.4,0.0,0.16666666666666666,0.0,0.0,0.0,1.0,1.0,1.0,0
1.4887218045112782,-0.0015044283738254725,0.22726061864042005,0.2,0.0,0.16666666666666666,0.0,0.0,1.0,1.0,1.0,1.0,0
-0.5338345864661654,0.2824525782653956,0.0642500267986972,-0.8,0.0,0.08333333333333333,1.0,0.0,1.0,1.0,0.0,1.0,1
-1.0075187969924813,0.3268507459991109,0.24965331620942366,0.0,0.0,1.8333333333333333,0.0,0.0,1.0,0.0,1.0,2.0,0
-0.7443609022556391,-0.7604224355583985,0.25705990118914673,0.2,1.0,-0.5,0.0,0.0,1.0,0.0,0.0,1.0,0
-0.9172932330827067,0.02266890678400704,-0.021549551142582817,-1.0,0.0,0.4166666666666667,1.0,0.0,0.0,0.0,1.0,1.0,0
-0.24812030075187969,0.44995218524459885,0.5820746037402166,-0.8,0.0,-0.8333333333333334,0.0,0.0,1.0,1.0,0.0,0.0,0
0.849624060150376,0.47719047540884635,0.379777313366398,0.8,1.0,0.5,0.0,0.0,1.0,0.0,0.0,1.0,0
-0.12030075187969924,-0.7604224355583985,-0.2596065120770454,-0.8,2.0,-0.08333333333333333,0.0,1.0,1.0,1.0,1.0,1.0,1
1.105263157894737,0.07044229363685517,-0.8331188202491597,-0.4,1.0,-0.4166666666666667,0.0,0.0,0.0,1.0,1.0,1.0,0
-0.44360902255639095,-0.7604224355583985,-0.9144141217060763,-0.8,1.0,-0.3333333333333333,0.0,0.0,1.0,0.0,0.0,1.0,0
-0.10526315789473684,0.2719339196985549,-0.5291681620488797,-0.8,0.0,0.3333333333333333,0.0,0.0,1.0,1.0,1.0,1.0,0
-0.8646616541353384,-0.03770809780324004,0.887087755224852,0.6,0.0,3.9166666666666665,1.0,0.0,1.0,1.0,1.0,3.0,0
0.8195488721804511,0.014096607077805993,-0.1280303896588076,0.0,0.0,2.0833333333333335,1.0,0.0,1.0,0.0,0.0,3.0,1
0.19548872180451127,0.40699259311027985,-0.7969928220376135,0.6,1.0,0.0,1.0,0.0,0.0,1.0,1.0,1.0,0
0.40601503759398494,-0.7604224355583985,-0.5398000453054497,0.6,1.0,0.08333333333333333,0.0,1.0,1.0,0.0,1.0,1.0,0
0.20300751879699247,0.2256104691259981,-0.12713910140103213,0.6,1.0,1.75,1.0,0.0,1.0,1.0,1.0,2.0,0
-0.41353383458646614,0.27492224887107153,0.5993646760334554,-0.8,0.0,-0.6666666666666666,0.0,0.0,0.0,1.0,0.0,0.0,0
0.11278195488721804,-0.7604224355583985,0.6923309474933349,0.2,1.0,0.3333333333333333,0.0,0.0,1.0,0.0,0.0,1.0,0
-1.443609022556391,0.23900385005640576,0.2811397093066414,-0.2,1.0,0.75,1.0,0.0,1.0,1.0,1.0,1.0,0
0.38345864661654133,0.34188547109550915,0.6987548667264695,0.0,1.0,-0.16666666666666666,1.0,0.0,1.0,1.0,0.0,1.0,0
-0.10526315789473684,-0.7604224355583985,-0.9355241614371412,-0.6,1.0,0.9166666666666666,0.0,1.0,1.0,1.0,1.0,1.0,0
-0.007518796992481203,0.3916079590423166,0.43252338449850936,0.0,0.0,-0.9166666666666666,1.0,0.0,1.0,0.0,0.0,0.0,0
0.045112781954887216,0.6033329730561081,-0.04621329616565909,0.6,0.0,-0.08333333333333333,0.0,0.0,1.0,1.0,1.0,1.0,0
0.11278195488721804,0.04672221047197003,-0.6846621888460438,-0.8,0.0,0.5,1.0,0.0,1.0,1.0,0.0,1.0,1
0.8646616541353384,-0.7604224355583985,0.4579549457363114,-0.6,1.0,-0.16666666666666666,0.0,0.0,0.0,0.0,0.0,1.0,0
0.24060150375939848,0.3343076618899965,0.21633334283052763,-0.2,0.0,0.16666666666666666,0.0,1.0,0.0,1.0,1.0,1.0,0
-0.9849624060150376,-0.7604224355583985,0.5972421425516936,0.4,1.0,-1.0,0.0,0.0,1.0,1.0,1.0,0.0,0
0.03759398496240601,0.3346071921180066,-0.7781300143748342,-0.8,1.0,-0.5833333333333334,1.0,0.0,1.0,1.0,1.0,0.0,0
-1.1729323308270676,0.04441011603603594,0.8319835520520138,-0.8,1.0,-0.25,0.0,0.0,0.0,1.0,0.0,1.0,0
0.23308270676691728,0.3187030223602881,0.345103338204159,0.6,1.0,3.0,0.0,0.0,0.0,1.0,1.0,3.0,0
0.24060150375939848,0.34196013819132226,0.04201923296826195,-0.2,0.0,-0.3333333333333333,0.0,0.0,1.0,1.0,0.0,1.0,0
-1.0676691729323309,0.20383212219987126,-0.7255582146279875,-0.2,0.0,0.5833333333333334,1.0,0.0,0.0,1.0,0.0,1.0,1
0.0,0.32078688463451854,0.7108108691683128,-0.4,1.0,-0.9166666666666666,0.0,0.0,1.0,0.0,1.0,0.0,0
0.09774436090225563,0.1509570061299492,-0.6521819888990151,-0.6,3.0,0.5,1.0,0.0,0.0,1.0,0.0,1.0,1
1.0075187969924813,0.31580197455685405,0.8609839459513399,-0.4,0.0,-0.25,0.0,0.0,1.0,0.0,0.0,1.0,0
-0.14285714285714285,-0.7604224355583985,0.011775226198253058,-0.8,0.0,-1.0,0.0,0.0,1.0,1.0,0.0,0.0,0
-0.43609022556390975,-0.2654380390618601,-0.8686059937346629,0.2,1.0,0.08333333333333333,1.0,0.0,1.0,1.0,1.0,1.0,0
-0.556390977443609,0.5673049632581868,0.13021976975990285,-0.2,0.0,-0.5833333333333334,0.0,0.0,1.0,1.0,0.0,0.0,0
0.44360902255639095,0.2863879181274119,0.21606973819557324,-0.6,0.0,-0.16666666666666666,1.0,0.0,0.0,1.0,1.0,1.0,0
-0.45864661654135336,0.08428469568594592,0.6444963652789563,0.0,0.0,-0.8333333333333334,0.0,1.0,0.0,0.0,1.0,0.0,1
1.0601503759398496,-0.7604224355583985,0.7778031405390122,-1.0,0.0,-0.3333333333333333,0.0,0.0,0.0,0.0,0.0,1.0,0
0.14285714285714285,0.6397930804756553,-0.7939694945861524,-0.8,0.0,1.75,0.0,1.0,1.0,1.0,1.0,2.0,0
0.6691729323308271,0.09132753434559092,-0.762395812478368,0.6,1.0,-1.5,1.0,0.0,0.0,1.0,0.0,0.0,0
-1.0300751879699248,0.6206755617141764,0.22313728611669056,1.0,0.0,-0.16666666666666666,0.0,1.0,1.0,0.0,1.0,1.0,0
0.03007518796992481,0.33321601798027545,-0.6453459510586158,-0.2,0.0,-0.9166666666666666,0.0,1.0,1.0,1.0,0.0,0.0,0
0.7969924812030075,0.22205872853061465,0.8456725949175362,0.6,0.0,2.0,1.0,0.0,0.0,1.0,0.0,3.0,1
0.39097744360902253,0.4006951718163914,0.8517132193150445,-0.6,1.0,-1.0833333333333333,0.0,0.0,1.0,1.0,0.0,0.0,0
-1.0526315789473684,-0.024282985315849867,-0.8649012191714368,0.8,1.0,0.4166666666666667,1.0,0.0,1.0,1.0,0.0,1.0,0
0.5939849624060151,0.20885307305830583,0.7348399801555487,1.0,1.0,0.08333333333333333,0.0,0.0,0.0,1.0,0.0,1.0,1
1.112781954887218,-0.7604224355583985,-0.21160481331433392,0.8,0.0,0.08333333333333333,0.0,1.0,1.0,1.0,0.0,1.0,0
0.3533834586466165,-0.7604224355583985,-0.06586262483114262,-0.8,1.0,-0.8333333333333334,0.0,0.0,1.0,1.0,0.0,0.0,0
0.18045112781954886,0.21457768098651767,-0.8624482344353871,-0.6,0.0,0.9166666666666666,1.0,0.0,0.0,1.0,0.0,1.0,1
-0.15789473684210525,0.21408219860045027,0.07610671592601544,-0.2,0.0,-0.25,0.0,0.0,0.0,1.0,0.0,1.0,0
0.12030075187969924,-0.03927877069911169,-0.5708644052356543,1.0,0.0,-0.4166666666666667,1.0,0.0,0.0,1.0,1.0,1.0,0
-1.300751879699248,-0.07823133315749095,-0.14105791674401771,0.0,0.0,0.9166666666666666,0.0,1.0,1.0,0.0,1.0,1.0,0
0.10526315789473684,0.10262318513612388,-0.25141565475765354,-0.4,0.0,-0.5833333333333334,1.0,0.0,1.0,0.0,1.0,0.0,0
-0.23308270676691728,-0.045416280615712866,-0.5579703669651981,-0.6,1.0,-0.25,1.0,0.0,0.0,1.0,0.0,1.0,0
-0.42105263157894735,-0.7604224355583985,0.4809829928248486,-0.2,1.0,-0.4166666666666667,0.0,1.0,1.0,0.0,1.0,1.0,0
0.6390977443609023,-0.13291381603351707,-0.6084364982030501,-1.0,0.0,0.5,0.0,0.0,1.0,1.0,0.0,1.0,1
0.631578947368421,0.15085311466190274,0.8781382807667891,0.8,0.0,1.0833333333333333,1.0,0.0,1.0,1.0,0.0,1.0,1
0.3609022556390977,-0.7604224355583985,0.43788327726794596,0.8,1.0,0.5833333333333334,0.0,1.0,1.0,1.0,0.0,1.0,0
-0.44360902255639095,0.4325699517276833,-0.6689005941453249,-0.6,0.0,-0.6666666666666666,0.0,0.0,0.0,1.0,0.0,0.0,0
1.330827067669173,0.05016418338505113,-1.0050789887609013,-0.4,0.0,0.0,1.0,0.0,0.0,0.0,0.0,1.0,0
-0.706766917293233,0.06224936232302257,0.9257609775960336,1.0,0.0,-0.4166666666666667,0.0,0.0,1.0,1.0,0.0,1.0,0
-0.7593984962406015,-0.7604224355583985,-0.4994949068421068,-0.4,1.0,0.0,0.0,0.0,1.0,1.0,1.0,1.0,0
-0.8120300751879699,-0.7604224355583985,0.6299320814327768,0.4,0.0,0.25,0.0,0.0,0.0,0.0,1.0,1.0,0
-1.0827067669172932,-0.006591741278591335,0.49538680389984613,-1.0,1.0,-0.75,1.0,0.0,1.0,1.0,0.0,0.0,0
-0.8345864661654135,-0.010538285122455828,-0.5149798137774819,0.4,1.0,0.25,1.0,0.0,1.0,1.0,0.0,1.0,0
0.706766917293233,-0.7604224355583985,-0.10955557858163795,0.8,1.0,-1.0,0.0,0.0,1.0,0.0,1.0,0.0,0
0.48120300751879697,-0.7604224355583985,-0.21290770911959359,0.6,1.0,-0.6666666666666666,0.0,1.0,0.0,0.0,0.0,0.0,0
0.7443609022556391,0.5343598505075424,0.36157591927197485,-0.4,0.0,-0.5833333333333334,0.0,0.0,1.0,0.0,0.0,0.0,0
-1.0676691729323309,0.3068083894632582,0.6162909759746964,0.2,0.0,-0.9166666666666666,0.0,0.0,0.0,0.0,0.0,0.0,0
-1.3233082706766917,0.11608880432711874,0.12966526989769733,0.2,0.0,-0.4166666666666667,0.0,0.0,0.0,0.0,0.0,1.0,0
0.03759398496240601,-0.7604224355583985,-0.9380958142543008,-0.6,1.0,0.0,0.0,0.0,0.0,1.0,1.0,1.0,0
1.1954887218045114,0.6516415655033942,-0.8788419078730423,0.8,0.0,0.75,0.0,0.0,1.0,1.0,0.0,1.0,1
-1.0676691729323309,0.13032256224566033,-0.678151082814299,-1.0,0.0,-0.5,1.0,0.0,1.0,1.0,0.0,1.0,1
-0.2857142857142857,0.18446795913868647,-0.5446210766419746,0.4,1.0,-0.5,1.0,0.0,0.0,1.0,1.0,1.0,0
0.3233082706766917,0.4889275474142914,0.37199438396406853,0.8,0.0,1.0,0.0,0.0,1.0,1.0,0.0,1.0,0
0.06766917293233082,0.245706495085389,0.44134662719070566,0.0,0.0,-0.16666666666666666,0.0,1.0,0.0,1.0,0.0,1.0,0
-0.40601503759398494,-0.7604224355583985,1.0045411494475511,-0.2,0.0,1.9166666666666667,0.0,0.0,1.0,1.0,0.0,2.0,1
-0.48872180451127817,-0.7604224355583985,0.24081106209338016,-0.8,0.0,0.4166666666666667,0.0,0.0,1.0,0.0,0.0,1.0,0
-0.40601503759398494,-0.7604224355583985,0.5012572453903367,0.6,1.0,0.5833333333333334,0.0,1.0,1.0,1.0,0.0,1.0,0
0.03759398496240601,-0.0998609726881788,0.04566278256974394,-0.8,1.0,-0.3333333333333333,0.0,0.0,1.0,0.0,0.0,1.0,0
-0.5714285714285714,-0.7604224355583985,-0.051064786665121584,0.8,1.0,1.5,0.0,0.0,1.0,1.0,1.0,2.0,0
-0.24812030075187969,0.3501963184420793,-0.3875374495025026,-0.4,0.0,-0.5,0.0,1.0,0.0,0.0,1.0,1.0,0
-0.924812030075188,0.038939203864637235,-0.8902245379476583,0.2,1.0,0.16666666666666666,0.0,0.0,1.0,1.0,0.0,1.0,0
0.5714285714285714,0.3540489212073709,-0.6784055905851546,-0.2,1.0,-0.75,0.0,0.0,0.0,1.0,0.0,0.0,0
0.21052631578947367,-0.7604224355583985,-0.12788616858865606,-0.4,1.0,0.5833333333333334,0.0,0.0,1.0,1.0,0.0,1.0,0
1.3082706766917294,0.35733286313172674,-0.40027878311044535,0.0,0.0,-0.9166666666666666,0.0,0.0,1.0,0.0,0.0,0.0,0
-0.46616541353383456,0.3972054840435515,-0.11489543780766609,0.2,0.0,1.9166666666666667,0.0,0.0,0.0,1.0,0.0,2.0,1
0.03759398496240601,0.016537194732138397,0.20326901944109735,0.4,0.0,0.25,1.0,0.0,1.0,0.0,1.0,1.0,1
0.24060150375939848,-0.18604693708403994,-0.7994876114637355,-0.4,0.0,0.9166666666666666,0.0,0.0,0.0,0.0,0.0,1.0,1
-0.15037593984962405,0.08543423989346968,-0.9450681006322706,0.0,0.0,1.0833333333333333,1.0,0.0,0.0,1.0,1.0,1.0,1
-1.3533834586466165,0.48845133901098375,-0.43055519107055923,-0.8,0.0,-0.4166666666666667,0.0,1.0,0.0,0.0,1.0,1.0,0
-0.9849624060150376,-0.7604224355583985,-1.0097862581902124,0.4,1.0,0.16666666666666666,0.0,0.0,1.0,0.0,1.0,1.0,0
-0.21052631578947367,-0.7604224355583985,0.09602700848729756,0.4,1.0,2.8333333333333335,0.0,0.0,1.0,1.0,1.0,3.0,0
-0.5639097744360902,-0.7604224355583985,-0.08259257560458698,-0.2,1.0,0.16666666666666666,0.0,1.0,0.0,1.0,0.0,1.0,0
-0.41353383458646614,-0.1482922604891306,0.099207946775168,0.6,1.0,0.5833333333333334,0.0,0.0,1.0,0.0,1.0,1.0,0
-1.1278195488721805,0.034553432592516344,-0.5711464080227189,-0.4,0.0,1.6666666666666667,1.0,0.0,0.0,1.0,0.0,2.0,1
0.045112781954887216,-0.7604224355583985,0.5604581037663445,0.4,1.0,-1.3333333333333333,0.0,1.0,1.0,0.0,1.0,0.0,0
0.9849624060150376,0.3341774449820832,-0.9944888079824474,-0.6,0.0,0.4166666666666667,1.0,0.0,0.0,1.0,0.0,1.0,0
1.037593984962406,0.4249287577577291,0.7460469078775139,-0.6,0.0,-0.5,0.0,0.0,0.0,1.0,1.0,1.0,0
0.015037593984962405,-0.10566682907217047,-0.5355928989776634,0.2,0.0,0.0,0.0,0.0,1.0,1.0,0.0,1.0,0
-1.0,-0.7604224355583985,0.6961259752138563,0.6,0.0,-1.25,0.0,0.0,0.0,0.0,1.0,0.0,0
-0.3082706766917293,0.13438271289847437,0.6604390795660031,-0.6,0.0,0.3333333333333333,1.0,0.0,0.0,1.0,0.0,1.0,0
0.7894736842105263,-0.2484105721869613,-0.35679434175053065,-0.8,0.0,-0.08333333333333333,1.0,0.0,1.0,0.0,0.0,1.0,0
-1.1278195488721805,-0.7604224355583985,-0.9747383916923146,0.4,1.0,-0.3333333333333333,0.0,0.0,1.0,0.0,1.0,1.0,0
0.06766917293233082,0.21188371097346573,-0.13050892738389913,0.6,0.0,-0.16666666666666666,1.0,0.0,1.0,1.0,0.0,1.0,0
-1.556390977443609,-0.7604224355583985,-0.08656800742774294,1.0,1.0,0.6666666666666666,0.0,1.0,1.0,0.0,1.0,1.0,0
-1.2030075187969924,0.3724486799848581,0.989890292074498,-0.8,0.0,-0.6666666666666666,0.0,0.0,1.0,1.0,1.0,0.0,0
-0.41353383458646614,-0.7604224355583985,0.11045289734482722,0.4,1.0,-0.9166666666666666,0.0,1.0,0.0,1.0,0.0,0.0,0
-0.8796992481203008,0.29631206051059045,0.19807266580152763,0.8,0.0,-1.4166666666666667,1.0,0.0,1.0,1.0,1.0,0.0,0
-0.6616541353383458,-0.7604224355583985,0.0653179373167292,0.8,1.0,-0.16666666666666666,0.0,1.0,0.0,1.0,1.0,1.0,0
-0.9022556390977443,-0.7604224355583985,0.16129128452703914,-0.4,0.0,2.4166666666666665,0.0,1.0,0.0,1.0,1.0,3.0,0
-0.8345864661654135,-0.7604224355583985,-0.16343967763371153,0.2,1.0,0.75,0.0,0.0,1.0,1.0,1.0,1.0,0
0.045112781954887216,0.34114796703161754,0.36808651424393873,0.4,0.0,0.25,0.0,0.0,0.0,0.0,1.0,1.0,1
-1.1353383458646618,0.1378985694121345,0.2768817636366401,0.0,0.0,0.25,1.0,0.0,1.0,0.0,0.0,1.0,0
0.7744360902255639,0.11001655956352108,-0.8144663647921719,-0.2,0.0,0.08333333333333333,1.0,0.0,1.0,1.0,1.0,1.0,0
-1.1278195488721805,-0.7604224355583985,0.24594312441252078,0.6,1.0,-0.3333333333333333,0.0,0.0,1.0,1.0,1.0,1.0,0
-0.3157894736842105,-0.7604224355583985,0.1540099091936205,-1.0,0.0,0.0,0.0,0.0,1.0,1.0,0.0,1.0,0
-1.3458646616541354,0.26991085665449344,0.9210676089927613,0.4,0.0,-0.16666666666666666,1.0,0.0,0.0,1.0,0.0,1.0,0
-0.3007518796992481,-0.7604224355583985,0.44309455385311614,0.8,0.0,-0.3333333333333333,0.0,0.0,0.0,0.0,0.0,1.0,1
-0.3533834586466165,0.11058851108444007,-0.9179199918026014,0.2,0.0,0.16666666666666666,0.0,0.0,1.0,0.0,0.0,1.0,0
-0.6691729323308271,-0.7604224355583985,-0.31309453979897217,0.6,1.0,-0.3333333333333333,0.0,0.0,1.0,0.0,1.0,1.0,0
1.112781954887218,0.5573407842685438,-0.3208930054186392,-0.6,1.0,0.08333333333333333,0.0,0.0,0.0,1.0,0.0,1.0,0
0.022556390977443608,-0.7604224355583985,-0.12741221174791015,-0.4,1.0,1.9166666666666667,0.0,0.0,0.0,1.0,1.0,2.0,0
-0.7669172932330827,-0.7604224355583985,0.5567533292031187,0.0,1.0,1.1666666666666667,0.0,1.0,1.0,1.0,0.0,2.0,0
0.2556390977443609,0.5788525077664944,0.7536378832261622,0.0,0.0,0.8333333333333334,1.0,0.0,0.0,1.0,0.0,1.0,1
0.8120300751879699,0.16499731907518256,0.5847880245405797,-0.8,1.0,-0.3333333333333333,0.0,1.0,0.0,0.0,1.0,1.0,0
0.6917293233082706,-0.7604224355583985,0.7160118223459101,0.8,1.0,1.5833333333333333,0.0,0.0,1.0,1.0,1.0,2.0,0
0.8947368421052632,-0.27213551302229805,-0.5982092720809449,0.0,0.0,-0.4166666666666667,0.0,0.0,1.0,1.0,1.0,1.0,0
-0.17293233082706766,0.22296578096317335,-0.2081462673535141,0.2,1.0,0.5833333333333334,0.0,1.0,0.0,0.0,0.0,1.0,0
-0.7669172932330827,0.0035956555032568365,1.018970411299634,0.6,0.0,-0.4166666666666667,0.0,0.0,1.0,1.0,1.0,1.0,0
1.1654135338345866,0.5866978805944644,-0.3455788282242475,-0.8,0.0,0.8333333333333334,1.0,0.0,1.0,1.0,1.0,1.0,0
1.4887218045112782,0.03863152528619215,-0.5687652782918544,0.4,1.0,0.08333333333333333,1.0,0.0,1.0,0.0,0.0,1.0,0
-0.3233082706766917,0.3321126999915657,-0.9220834936251044,-0.6,1.0,0.16666666666666666,0.0,1.0,1.0,1.0,0.0,1.0,0
0.21804511278195488,-0.7604224355583985,0.7310408639567808,-1.0,1.0,3.5,0.0,0.0,0.0,0.0,1.0,3.0,0
0.2781954887218045,-0.16264056541090277,-0.5834482302191438,-0.8,0.0,1.5,1.0,0.0,0.0,1.0,0.0,2.0,1
1.2330827067669172,0.4293854353485393,-0.27221732101696305,0.2,0.0,2.5,0.0,1.0,1.0,1.0,1.0,3.0,0
-0.45864661654135336,-0.007269856403735721,-0.6998951433094674,-0.4,0.0,-0.25,0.0,0.0,0.0,0.0,0.0,1.0,0
-0.5789473684210527,-0.7604224355583985,0.20933897867002568,-0.6,1.0,-1.0833333333333333,0.0,0.0,1.0,1.0,1.0,0.0,0
0.6842105263157895,-0.7604224355583985,0.6571119781808138,0.4,0.0,0.3333333333333333,0.0,1.0,1.0,1.0,0.0,1.0,1
0.3609022556390977,-0.7604224355583985,1.0252577753593295,-0.6,1.0,0.25,0.0,1.0,0.0,1.0,0.0,1.0,0
0.39849624060150374,-0.7604224355583985,0.5143885176110561,-1.0,1.0,0.9166666666666666,0.0,0.0,0.0,0.0,0.0,1.0,0
0.7142857142857143,0.2559949627524407,-0.10382077235698099,-0.6,0.0,0.08333333333333333,1.0,0.0,1.0,1.0,0.0,1.0,0
0.10526315789473684,-0.7604224355583985,0.6052997154802435,0.6,0.0,-0.08333333333333333,0.0,0.0,0.0,0.0,1.0,1.0,0
-0.2781954887218045,0.26114425013022674,0.31905472338697716,-0.2,0.0,0.3333333333333333,0.0,0.0,1.0,0.0,1.0,1.0,0
-1.0827067669172932,-0.7604224355583985,-0.9538807132810259,0.4,1.0,-0.5,0.0,0.0,0.0,1.0,1.0,1.0,0
-0.3082706766917293,-0.7604224355583985,-0.5474534721593158,0.2,1.0,0.75,0.0,1.0,1.0,1.0,0.0,1.0,0
-0.2631578947368421,-0.21114628525909745,0.21856790061624864,-1.0,0.0,0.4166666666666667,0.0,1.0,1.0,1.0,1.0,1.0,0
-1.2857142857142858,-0.7604224355583985,-0.7642326635426435,0.2,0.0,0.16666666666666666,0.0,0.0,0.0,1.0,1.0,1.0,0
0.015037593984962405,-0.7604224355583985,0.508373752838458,0.4,1.0,-0.6666666666666666,0.0,0.0,1.0,1.0,1.0,0.0,0
-0.42105263157894735,-0.27160735888496723,0.5026425240322668,0.0,2.0,0.25,1.0,0.0,1.0,1.0,0.0,1.0,1
-0.2556390977443609,0.28535636830214894,0.5662180541322186,0.0,0.0,-0.4166666666666667,0.0,1.0,1.0,0.0,1.0,1.0,0
0.2781954887218045,-0.7604224355583985,-0.5069516778923079,0.0,1.0,1.75,0.0,0.0,0.0,0.0,1.0,2.0,0
-0.08270676691729323,-0.7604224355583985,-0.08670026969902295,-0.2,0.0,1.25,0.0,0.0,0.0,1.0,0.0,2.0,1
0.9022556390977443,-0.144179537306106,-0.998165780893596,-0.2,0.0,-0.5833333333333334,0.0,1.0,1.0,1.0,0.0,0.0,0
0.045112781954887216,0.023716361562522943,-0.5073501000974465,0.0,0.0,-0.5,0.0,0.0,1.0,0.0,1.0,1.0,0
0.3157894736842105,-0.7604224355583985,0.4861740314426976,-0.4,1.0,0.0,0.0,1.0,0.0,1.0,1.0,1.0,0
0.10526315789473684,0.2512148583289794,0.40872701013546536,-0.4,1.0,-0.08333333333333333,1.0,0.0,0.0,0.0,0.0,1.0,0
-0.015037593984962405,-0.7604224355583985,0.9419110799421433,0.8,1.0,0.3333333333333333,0.0,1.0,1.0,0.0,1.0,1.0,0
-0.06015037593984962,0.6996050283000438,-0.06784022175906018,-0.6,1.0,0.0,0.0,0.0,1.0,1.0,0.0,1.0,0
0.6240601503759399,0.29056339927869074,-0.9932861821061875,0.2,0.0,1.5,0.0,0.0,1.0,1.0,0.0,2.0,0
-1.3157894736842106,0.24679970598557838,0.34472259866743726,-0.8,0.0,-0.8333333333333334,0.0,0.0,1.0,1.0,1.0,0.0,0
-0.15789473684210525,-0.7604224355583985,1.0069566223956874,-0.4,1.0,-0.6666666666666666,0.0,1.0,1.0,1.0,1.0,0.0,0
-0.5789473684210527,-0.7604224355583985,-0.44541895594830794,0.4,0.0,-0.08333333333333333,0.0,0.0,1.0,1.0,1.0,1.0,1
0.42857142857142855,0.4020901067312465,-0.7964923923002202,-0.2,1.0,-0.25,1.0,0.0,1.0,1.0,1.0,1.0,0
0.7218045112781954,0.4725760802274048,-0.017505228460970298,-0.4,0.0,0.16666666666666666,0.0,0.0,0.0,0.0,1.0,1.0,0
0.6917293233082706,-0.1882893787936595,-0.21133425826636007,0.2,1.0,0.08333333333333333,1.0,0.0,1.0,1.0,0.0,1.0,0
-0.44360902255639095,0.1617885143437802,1.0066503953750114,-1.0,0.0,0.16666666666666666,0.0,0.0,0.0,1.0,0.0,1.0,0
-0.17293233082706766,-0.7604224355583985,-0.859012788376661,-0.4,1.0,-0.4166666666666667,0.0,1.0,1.0,1.0,1.0,1.0,0
0.6766917293233082,9.828947712229765e-05,-0.3937910836166629,0.2,0.0,0.5,1.0,0.0,0.0,0.0,1.0,1.0,1
1.1654135338345866,-0.028164107307663992,0.749579046446774,-0.8,1.0,-0.5,1.0,0.0,0.0,0.0,0.0,1.0,0
-0.9022556390977443,0.10762736919654795,0.5034739160837285,-0.4,0.0,1.25,1.0,0.0,1.0,1.0,0.0,2.0,1
-0.8947368421052632,0.29956301728558926,0.5469299425198287,-0.8,1.0,0.08333333333333333,0.0,1.0,1.0,0.0,1.0,1.0,0
-0.8195488721804511,0.056831806177068594,-0.7542925508054111,-0.8,0.0,2.8333333333333335,0.0,0.0,0.0,1.0,1.0,3.0,0
-0.7142857142857143,-0.37202245857748845,0.16191447082378882,0.4,0.0,0.16666666666666666,0.0,0.0,0.0,1.0,0.0,1.0,1
-0.8646616541353384,-0.7604224355583985,-0.8345046099508708,0.2,0.0,0.0,0.0,0.0,1.0,1.0,1.0,1.0,0
1.4887218045112782,0.22294885746611612,-0.20813257095138762,-0.6,0.0,0.5,0.0,1.0,0.0,1.0,1.0,1.0,0
0.3383458646616541,0.2444310431937397,0.7012400482287116,0.2,0.0,0.8333333333333334,0.0,0.0,0.0,1.0,1.0,1.0,0
-0.5338345864661654,-0.1491190046601905,-0.7030550259343675,0.8,0.0,0.5,0.0,1.0,1.0,0.0,1.0,1.0,0
0.48872180451127817,0.730614281026186,-0.0010133293334387763,0.0,0.0,0.4166666666666667,0.0,1.0,0.0,1.0,0.0,1.0,1
-1.368421052631579,0.24224822547143787,0.8566630377163398,0.6,1.0,-1.0,0.0,0.0,0.0,1.0,1.0,0.0,0
0.11278195488721804,-0.7604224355583985,-0.42223268475162445,0.8,1.0,0.4166666666666667,0.0,0.0,1.0,0.0,1.0,1.0,0
-1.4962406015037595,0.184654666052981,0.3092018996603114,0.6,0.0,0.08333333333333333,1.0,0.0,0.0,1.0,0.0,1.0,0
-0.3007518796992481,-0.7604224355583985,-0.16548810744725267,-0.8,0.0,-0.16666666666666666,0.0,1.0,1.0,1.0,1.0,1.0,1
0.0,0.2839550870758974,-0.22162178944260383,0.6,0.0,0.9166666666666666,0.0,0.0,0.0,1.0,0.0,1.0,0
0.2631578947368421,-0.7604224355583985,0.7870652813709896,-0.4,1.0,-0.16666666666666666,0.0,1.0,1.0,1.0,1.0,1.0,0
0.8045112781954887,0.10023611020628295,-0.5870481353153425,-0.8,0.0,-0.5,0.0,0.0,0.0,1.0,1.0,1.0,0
0.5413533834586466,0.24160975520514083,1.0241485712110063,-0.6,1.0,0.3333333333333333,1.0,0.0,1.0,0.0,1.0,1.0,0
-0.3082706766917293,-0.7604224355583985,0.44432150617494387,-0.4,1.0,1.0,0.0,0.0,1.0,1.0,1.0,1.0,0
-0.3233082706766917,0.3419144604191723,-0.5435663514662882,0.4,1.0,-0.25,0.0,1.0,1.0,1.0,0.0,1.0,0
1.1804511278195489,-0.7604224355583985,0.42908415659740495,-0.4,1.0,-0.3333333333333333,0.0,1.0,0.0,0.0,1.0,1.0,0
-0.9548872180451128,0.16478890934290244,-0.11576689694594514,-0.8,0.0,0.8333333333333334,1.0,0.0,0.0,1.0,0.0,1.0,1
0.48872180451127817,0.09096148537220276,0.9256816611180483,0.4,1.0,-1.0,0.0,0.0,0.0,1.0,0.0,0.0,0
0.6015037593984962,-0.7604224355583985,0.6335230940887888,0.0,1.0,-0.08333333333333333,0.0,0.0,1.0,1.0,0.0,1.0,0
0.3383458646616541,-0.7604224355583985,-0.25232677213492544,0.4,1.0,-0.08333333333333333,0.0,0.0,1.0,1.0,1.0,1.0,0
-0.18796992481203006,0.10994283266198888,0.48278090113382455,-0.2,0.0,1.0,0.0,1.0,1.0,0.0,1.0,1.0,0
0.23308270676691728,-0.7604224355583985,-0.131109013778555,0.4,1.0,-0.9166666666666666,0.0,0.0,0.0,1.0,0.0,0.0,0
-0.05263157894736842,-0.7604224355583985,0.7713927132840921,-0.2,0.0,0.6666666666666666,0.0,1.0,1.0,0.0,1.0,1.0,1
1.2406015037593985,0.16066623577040443,-0.03582927690279375,1.0,0.0,1.5,0.0,0.0,0.0,1.0,0.0,2.0,1
0.07518796992481203,-0.7604224355583985,-0.4928432593706326,0.2,1.0,0.0,0.0,0.0,0.0,1.0,0.0,1.0,0
-0.3157894736842105,0.08406516032134109,0.42612767576527694,0.2,0.0,-0.5,0.0,0.0,0.0,1.0,1.0,1.0,0
-0.18045112781954886,-0.7604224355583985,0.9866602920476673,0.4,1.0,-1.0,0.0,0.0,1.0,1.0,1.0,0.0,0
-0.07518796992481203,0.18516707193610563,-0.7632853631328886,-0.2,0.0,1.0,1.0,0.0,1.0,1.0,0.0,1.0,1
0.6616541353383458,0.08597242276979745,-0.7509156721975688,0.0,1.0,1.9166666666666667,0.0,0.0,0.0,0.0,0.0,2.0,1
-0.2706766917293233,0.7533923678710699,0.3878517512677157,0.4,1.0,0.5833333333333334,0.0,1.0,0.0,1.0,1.0,1.0,0
-0.6842105263157895,0.5565185060203186,0.16632072604218828,-0.6,1.0,0.6666666666666666,1.0,0.0,0.0,0.0,1.0,1.0,0
-0.2781954887218045,-0.7604224355583985,0.9917549447908509,-0.2,1.0,-1.1666666666666667,0.0,0.0,0.0,1.0,0.0,0.0,0
-0.045112781954887216,0.007518381092003544,-0.8860734037718514,0.0,0.0,-0.5833333333333334,0.0,0.0,1.0,1.0,1.0,0.0,0
0.7894736842105263,0.20580073232516033,0.3852302190159469,-0.2,0.0,0.5833333333333334,0.0,0.0,0.0,1.0,0.0,1.0,0
1.3233082706766917,-0.7604224355583985,-0.17982108563662663,0.8,1.0,-0.25,0.0,1.0,1.0,1.0,1.0,1.0,0
1.0676691729323309,0.384473686488848,-0.10686147584099041,1.0,0.0,-1.0833333333333333,0.0,0.0,1.0,1.0,1.0,0.0,0
0.2781954887218045,0.4953031615325464,-0.5089204845919949,0.6,0.0,0.25,0.0,0.0,1.0,1.0,0.0,1.0,0
0.6616541353383458,0.1279542912014386,-0.35084570811357246,-0.4,1.0,1.6666666666666667,1.0,0.0,0.0,1.0,1.0,2.0,1
-0.42857142857142855,0.07008345281962104,0.9403706435507515,0.8,0.0,0.6666666666666666,1.0,0.0,0.0,0.0,0.0,1.0,1
0.9323308270676691,0.22060409127891847,0.46045597009175965,0.6,1.0,0.16666666666666666,0.0,0.0,1.0,1.0,0.0,1.0,0
0.18045112781954886,-0.11224082418370863,0.14680887245774907,-0.8,0.0,-0.08333333333333333,0.0,1.0,1.0,1.0,0.0,1.0,0
0.556390977443609,-0.7604224355583985,-0.014170972238849491,-0.6,0.0,-0.75,0.0,0.0,1.0,0.0,0.0,0.0,0
-0.9323308270676691,0.039319904198903695,0.6884280861590575,1.0,1.0,-0.9166666666666666,0.0,0.0,0.0,0.0,0.0,0.0,0
0.09022556390977443,0.150344861303519,-0.043969539303882955,0.4,1.0,-0.9166666666666666,1.0,0.0,1.0,1.0,1.0,0.0,0
1.037593984962406,0.4041351859913872,-0.8517013627281295,1.0,0.0,0.8333333333333334,0.0,0.0,0.0,0.0,1.0,1.0,1
-0.45864661654135336,-0.7604224355583985,-0.5178924456804143,0.4,1.0,-0.5,0.0,0.0,0.0,0.0,1.0,1.0,0
-0.007518796992481203,-0.04303077267634019,0.2504929874293348,-0.2,0.0,-0.25,0.0,0.0,1.0,1.0,1.0,1.0,0
-0.3233082706766917,-0.7604224355583985,0.5641688066230283,1.0,0.0,1.3333333333333333,0.0,1.0,1.0,1.0,1.0,2.0,0
0.9924812030075187,-0.7604224355583985,-0.18360640322131208,-0.4,1.0,-0.16666666666666666,0.0,1.0,1.0,0.0,0.0,1.0,0
-0.3082706766917293,0.14442461461534362,0.40077175137503834,0.8,1.0,1.0,1.0,0.0,0.0,1.0,1.0,1.0,1
0.3082706766917293,0.005099339556609871,-0.3871571188136055,-0.2,0.0,2.5833333333333335,0.0,0.0,1.0,1.0,1.0,3.0,0
0.39849624060150374,0.30901815942161437,0.17606091219315817,-0.2,1.0,-0.16666666666666666,1.0,0.0,1.0,1.0,0.0,1.0,0
-0.06015037593984962,-0.7604224355583985,-0.8021396028784422,0.6,1.0,0.0,0.0,0.0,0.0,1.0,0.0,1.0,0
-0.12781954887218044,-0.7604224355583985,-0.09037468731126723,-0.8,1.0,0.08333333333333333,0.0,1.0,0.0,1.0,0.0,1.0,0
0.19548872180451127,0.20607088148189037,-0.06656584308957103,0.2,0.0,3.8333333333333335,1.0,0.0,1.0,0.0,1.0,3.0,0
0.23308270676691728,-0.7604224355583985,0.5442919541431169,-0.2,1.0,-1.0,0.0,0.0,1.0,1.0,0.0,0.0,0
0.924812030075188,0.11057119583976562,0.5098748376267255,0.8,0.0,-0.75,0.0,0.0,1.0,1.0,0.0,0.0,0
0.9548872180451128,0.17269335771152639,0.17918726929643553,1.0,0.0,2.0833333333333335,0.0,0.0,1.0,0.0,1.0,3.0,0
0.3684210526315789,-0.7604224355583985,0.1656210852022258,-0.6,1.0,-0.5833333333333334,0.0,1.0,0.0,1.0,0.0,0.0,0
-0.9924812030075187,0.1486085575151511,-0.6323780135438509,-0.4,1.0,-1.1666666666666667,1.0,0.0,0.0,1.0,1.0,0.0,0
-0.05263157894736842,0.24648521099859635,0.7821488862793611,0.8,0.0,-1.5,0.0,0.0,1.0,0.0,0.0,0.0,0
-1.699248120300752,-0.7604224355583985,-0.39061433601899515,-0.4,1.0,-0.25,0.0,0.0,0.0,1.0,1.0,1.0,0
0.9774436090225563,-0.7604224355583985,-0.6694604090292511,0.6,1.0,0.16666666666666666,0.0,0.0,1.0,1.0,1.0,1.0,0
-1.6390977443609023,0.0962447504350259,-0.03108326914209543,0.6,1.0,1.5,1.0,0.0,1.0,1.0,0.0,2.0,1
-0.6766917293233082,-0.07767802882314431,-0.6142458169437528,0.0,0.0,3.1666666666666665,0.0,0.0,1.0,1.0,1.0,3.0,0
-0.12781954887218044,0.23469352937533217,0.6384466440173492,-0.4,0.0,-0.8333333333333334,0.0,0.0,1.0,1.0,0.0,0.0,0
0.5488721804511278,-0.7604224355583985,0.7069060658068682,0.8,1.0,-1.0,0.0,0.0,0.0,1.0,1.0,0.0,0
-0.7669172932330827,0.09207491044943288,-0.3884056378581844,-1.0,2.0,1.0,1.0,0.0,1.0,1.0,0.0,1.0,1
1.4210526315789473,0.4619970925275356,0.23729568628493142,0.0,0.0,-0.08333333333333333,0.0,0.0,0.0,0.0,0.0,1.0,0
-0.556390977443609,-0.7604224355583985,-0.7467300925925336,-0.6,1.0,-0.16666666666666666,0.0,0.0,0.0,0.0,1.0,1.0,0
0.3308270676691729,0.07602610747149284,-0.19272841146138453,-0.8,0.0,0.8333333333333334,0.0,1.0,1.0,1.0,1.0,1.0,0
-0.3308270676691729,0.3754615325582032,0.7807878318710424,0.6,0.0,2.0833333333333335,0.0,0.0,0.0,0.0,0.0,3.0,1
0.07518796992481203,-0.7604224355583985,0.3060819819102725,0.2,1.0,0.8333333333333334,0.0,0.0,0.0,1.0,1.0,1.0,0
0.23308270676691728,-0.7604224355583985,0.5063806196932031,-0.8,1.0,0.8333333333333334,0.0,0.0,1.0,1.0,0.0,1.0,0
-0.6090225563909775,-0.7604224355583985,0.9732722633930565,-0.4,1.0,-0.5,0.0,1.0,0.0,1.0,1.0,1.0,0
-0.24812030075187969,0.37846615843158976,-0.6261513633861188,0.8,0.0,1.0,0.0,0.0,0.0,1.0,0.0,1.0,0
0.6466165413533834,-0.7604224355583985,-0.32669782683327053,-0.4,1.0,-0.9166666666666666,0.0,0.0,0.0,1.0,0.0,0.0,0
1.0526315789473684,-0.20202624403471217,0.2705124255880989,0.2,1.0,-0.5,0.0,0.0,1.0,0.0,1.0,1.0,0
-0.3609022556390977,0.24127136361351764,-0.8549850240319476,0.4,0.0,-0.4166666666666667,0.0,0.0,0.0,1.0,0.0,1.0,0
-0.6090225563909775,-0.19753477925550647,-0.7428243693234835,-0.4,0.0,-0.3333333333333333,1.0,0.0,1.0,1.0,0.0,1.0,0
0.7669172932330827,-0.7604224355583985,-0.10145752971844571,0.4,1.0,-0.4166666666666667,0.0,1.0,0.0,1.0,0.0,1.0,0
-0.5488721804511278,-0.7604224355583985,-0.9708780505318026,-0.8,1.0,-0.16666666666666666,0.0,0.0,1.0,1.0,0.0,1.0,0
-0.8872180451127819,-0.7604224355583985,0.6326632871135128,0.8,1.0,-0.8333333333333334,0.0,0.0,1.0,1.0,0.0,0.0,0
-0.8120300751879699,-0.1468310418774677,0.043613739484465806,1.0,2.0,0.9166666666666666,0.0,0.0,1.0,1.0,1.0,1.0,1
-0.2556390977443609,-0.7604224355583985,0.2004600304617183,-1.0,0.0,0.25,0.0,0.0,0.0,1.0,0.0,1.0,0
0.19548872180451127,0.28348475488684577,0.1184212392356436,-0.8,0.0,0.5,0.0,0.0,1.0,1.0,0.0,1.0,1
0.007518796992481203,-0.7604224355583985,-0.6505902421056278,-1.0,1.0,0.25,0.0,0.0,0.0,1.0,0.0,1.0,0
0.13533834586466165,0.6400181786564224,0.9714901979372863,-1.0,0.0,0.0,0.0,1.0,1.0,1.0,1.0,1.0,0
1.4887218045112782,0.02264916270410679,-0.28892897585025346,-0.4,1.0,0.3333333333333333,0.0,1.0,0.0,1.0,0.0,1.0,0
-0.2706766917293233,-0.02186919319852489,0.7098428197314561,-0.4,1.0,-0.5,0.0,0.0,1.0,1.0,0.0,1.0,0
0.7894736842105263,-0.12834580376993618,-0.05575958623578034,-0.6,1.0,-1.1666666666666667,0.0,0.0,1.0,1.0,0.0,0.0,0
-1.0902255639097744,-0.7604224355583985,-0.018531129865017714,-0.6,1.0,-0.16666666666666666,0.0,0.0,0.0,1.0,0.0,1.0,0
1.3759398496240602,0.35897569593866224,0.18587949491450806,-0.6,0.0,-1.5833333333333333,1.0,0.0,1.0,1.0,1.0,0.0,0
0.8045112781954887,-0.7604224355583985,-0.4381117209899792,-0.6,1.0,-0.3333333333333333,0.0,0.0,0.0,1.0,0.0,1.0,0
-1.0075187969924813,-0.7604224355583985,-0.6465301787827656,0.6,1.0,0.6666666666666666,0.0,0.0,0.0,1.0,1.0,1.0,0
-0.9849624060150376,-0.11058952962824448,-0.37853104298485496,-0.2,1.0,1.0,0.0,1.0,0.0,0.0,0.0,1.0,1
-0.06015037593984962,-0.7604224355583985,-0.15152482990333443,0.2,0.0,1.4166666666666667,0.0,1.0,1.0,0.0,1.0,2.0,0
0.7293233082706767,-0.7604224355583985,0.33937343815339804,-0.4,2.0,-0.16666666666666666,0.0,0.0,0.0,1.0,1.0,1.0,0
0.46616541353383456,-0.08346280918533772,-0.7371153205117806,0.2,1.0,-1.3333333333333333,1.0,0.0,1.0,0.0,0.0,0.0,0
-0.6616541353383458,0.33549309017924384,-0.8592827301528979,1.0,1.0,-0.4166666666666667,1.0,0.0,0.0,1.0,0.0,1.0,0
-0.2556390977443609,-0.7604224355583985,0.11908152847248192,-0.6,3.0,0.4166666666666667,0.0,0.0,0.0,0.0,0.0,1.0,1
0.18796992481203006,-0.31353446099974236,0.603909837300286,-0.6,0.0,0.75,0.0,0.0,1.0,1.0,1.0,1.0,0
-0.05263157894736842,-0.7604224355583985,-0.2565604935713152,-0.2,1.0,-0.6666666666666666,0.0,1.0,0.0,1.0,1.0,0.0,0
0.20300751879699247,-0.7604224355583985,0.7511797878923039,-0.2,0.0,0.16666666666666666,0.0,0.0,0.0,0.0,0.0,1.0,1
-0.9473684210526315,-0.7604224355583985,-0.42352505272539887,-0.6,1.0,0.08333333333333333,0.0,1.0,1.0,0.0,0.0,1.0,0
-0.49624060150375937,0.0776742680460205,-0.20524119913533806,0.6,0.0,0.75,1.0,0.0,1.0,1.0,1.0,1.0,1
-0.8947368421052632,0.2388909483931668,-0.20327832072910856,0.2,1.0,1.1666666666666667,1.0,0.0,1.0,0.0,0.0,2.0,1
-0.5864661654135338,0.5233874698506138,-0.8619405476491061,0.0,0.0,-0.16666666666666666,1.0,0.0,1.0,1.0,1.0,1.0,0
-0.3609022556390977,-0.26891511256143047,0.260718373736229,-1.0,0.0,1.5833333333333333,0.0,0.0,0.0,0.0,1.0,2.0,0
0.6766917293233082,0.7292012473714224,-0.7937100806414007,0.0,1.0,-0.8333333333333334,1.0,0.0,1.0,0.0,0.0,0.0,0
0.03007518796992481,0.42191128256250265,-0.8427193848680056,-0.4,1.0,-0.8333333333333334,1.0,0.0,0.0,1.0,0.0,0.0,0
0.0,0.4682837799367164,1.0099009400050314,0.6,1.0,-0.75,0.0,1.0,1.0,1.0,0.0,0.0,0
0.39097744360902253,0.24076828132367914,0.8689831558529189,0.4,3.0,-0.4166666666666667,0.0,0.0,1.0,0.0,0.0,1.0,1
-1.1428571428571428,0.01527106643377533,0.5458021357954831,-0.8,0.0,0.25,0.0,1.0,1.0,1.0,1.0,1.0,0
-1.5714285714285714,0.015454169269992784,-0.9046426586965193,0.8,1.0,-0.6666666666666666,1.0,0.0,0.0,1.0,0.0,0.0,0
0.9172932330827067,-0.7604224355583985,0.15793985669628222,-0.2,1.0,-0.4166666666666667,0.0,0.0,0.0,0.0,0.0,1.0,0
-0.3007518796992481,0.1781991354208441,0.6129614215025592,0.0,1.0,-0.08333333333333333,0.0,1.0,0.0,1.0,0.0,1.0,0
-0.13533834586466165,-0.7604224355583985,-0.1718441579414921,1.0,0.0,-0.16666666666666666,0.0,1.0,0.0,1.0,0.0,1.0,0
1.0,0.021559477532471092,-0.6385223830768688,-0.6,0.0,-0.08333333333333333,1.0,0.0,0.0,0.0,1.0,1.0,0
-0.7969924812030075,0.07066927220618426,-0.7757733133014937,-0.8,0.0,1.25,1.0,0.0,0.0,1.0,1.0,2.0,1
0.18045112781954886,-0.04186649875841475,-0.04143171864421472,-0.4,0.0,-0.08333333333333333,0.0,0.0,0.0,1.0,1.0,1.0,0
0.17293233082706766,0.07157546279398552,-0.7814371844285708,0.8,0.0,-0.08333333333333333,0.0,1.0,1.0,0.0,1.0,1.0,0
0.5714285714285714,0.2573976542701137,-0.6476454134365028,0.6,0.0,-0.3333333333333333,0.0,0.0,1.0,0.0,1.0,1.0,0
-1.3759398496240602,-0.7604224355583985,0.8896879251777818,0.0,1.0,-0.16666666666666666,0.0,1.0,1.0,1.0,0.0,1.0,0
-0.15789473684210525,-0.06967854248261982,0.28807356398909256,-0.6,1.0,-0.5,0.0,1.0,0.0,1.0,0.0,1.0,0
-1.6917293233082706,0.34685659165705285,-0.057316785387983175,-0.8,0.0,-0.6666666666666666,0.0,0.0,1.0,1.0,1.0,0.0,0
0.3383458646616541,0.6143363017747852,0.17371412567956576,0.4,2.0,-0.4166666666666667,0.0,0.0,1.0,1.0,0.0,1.0,1
0.9398496240601504,-0.7604224355583985,0.2799665204737576,-0.8,0.0,0.0,0.0,0.0,1.0,1.0,1.0,1.0,0
0.3458646616541353,-0.7604224355583985,0.1229058910244232,0.4,1.0,-0.8333333333333334,0.0,0.0,1.0,1.0,0.0,0.0,0
0.39097744360902253,0.04310034705313135,0.741285159475566,1.0,1.0,0.16666666666666666,1.0,0.0,0.0,1.0,0.0,1.0,1
0.2556390977443609,0.2551925852831624,0.038570908203058835,-0.4,1.0,0.16666666666666666,1.0,0.0,1.0,1.0,1.0,1.0,0
-0.6917293233082706,0.14909267922032354,-0.09927070491625463,-0.8,0.0,-1.0833333333333333,0.0,0.0,1.0,1.0,0.0,0.0,0
-0.43609022556390975,0.0025337844124327497,-0.28662041660826754,-1.0,0.0,-1.0833333333333333,0.0,1.0,0.0,1.0,1.0,0.0,0
0.19548872180451127,-0.7604224355583985,-0.9326579337623087,0.2,0.0,1.0833333333333333,0.0,0.0,0.0,1.0,0.0,1.0,0
-0.8646616541353384,-0.7604224355583985,0.7749255673370451,-1.0,1.0,0.3333333333333333,0.0,0.0,0.0,0.0,1.0,1.0,0
0.3458646616541353,0.5415744313225097,-0.28081702616102255,-0.6,1.0,0.0,0.0,0.0,0.0,1.0,1.0,1.0,0
1.2255639097744362,-0.7604224355583985,-0.47591634615765466,0.4,0.0,0.6666666666666666,0.0,0.0,1.0,0.0,1.0,1.0,1
0.43609022556390975,0.18392703402903918,0.6862515847644391,1.0,0.0,0.75,1.0,0.0,0.0,1.0,0.0,1.0,1
-0.6541353383458647,0.23183612225643965,0.7037968803122269,0.0,0.0,0.08333333333333333,0.0,0.0,0.0,1.0,1.0,1.0,0
-0.6390977443609023,0.14563950232539427,0.7682190320451094,-0.6,1.0,0.5,0.0,1.0,1.0,0.0,0.0,1.0,0
0.18045112781954886,0.39761078612816997,-0.04360239395733142,-0.6,0.0,0.25,0.0,0.0,0.0,1.0,0.0,1.0,1
-1.413533834586466,-0.16495375674016463,0.605318931328003,0.0,0.0,-0.25,0.0,1.0,0.0,1.0,1.0,1.0,0
0.6466165413533834,0.14013223597513166,0.9755991185751963,0.2,1.0,0.25,1.0,0.0,0.0,1.0,1.0,1.0,1
0.06015037593984962,0.2983537707412244,0.7587812910724374,0.0,0.0,0.16666666666666666,1.0,0.0,0.0,1.0,0.0,1.0,1
0.18796992481203006,-0.7604224355583985,0.7073421020118763,0.8,0.0,1.75,0.0,0.0,1.0,0.0,1.0,2.0,0
0.3458646616541353,0.11207433144645482,0.06406716960911459,0.8,1.0,1.6666666666666667,0.0,0.0,0.0,1.0,0.0,2.0,0
0.8345864661654135,0.08940076286580455,-0.39754829291340243,-0.8,1.0,-0.4166666666666667,1.0,0.0,0.0,1.0,0.0,1.0,1
-0.3609022556390977,-0.7604224355583985,-0.622054197123168,-0.4,1.0,-0.25,0.0,1.0,0.0,1.0,0.0,1.0,0
-0.8646616541353384,0.02877272640554047,0.42326809186759534,0.0,0.0,0.75,1.0,0.0,0.0,0.0,1.0,1.0,1
-0.48120300751879697,-0.7604224355583985,-0.9268893975921165,-0.8,1.0,-0.4166666666666667,0.0,0.0,1.0,1.0,1.0,1.0,0
-0.17293233082706766,-0.4818913684641367,-0.5087151407720556,-0.8,1.0,0.0,1.0,0.0,0.0,0.0,0.0,1.0,0
0.9172932330827067,-0.7604224355583985,-0.6610321133356836,0.8,1.0,0.75,0.0,1.0,1.0,1.0,1.0,1.0,0
0.3609022556390977,-0.7604224355583985,0.5381467669144497,0.6,1.0,-0.6666666666666666,0.0,1.0,1.0,0.0,1.0,0.0,0
-0.8421052631578947,-0.7604224355583985,0.8545395843269722,0.4,0.0,-0.5,0.0,0.0,0.0,0.0,1.0,1.0,1
0.007518796992481203,-0.2099086761872568,-0.37919848705862497,-0.6,0.0,1.5,0.0,1.0,1.0,0.0,1.0,2.0,0
-0.6917293233082706,-0.7604224355583985,0.30086825223815444,-0.8,0.0,0.8333333333333334,0.0,1.0,1.0,0.0,0.0,1.0,1
-0.42857142857142855,-0.7604224355583985,-0.9554758330689667,0.8,1.0,0.3333333333333333,0.0,0.0,1.0,1.0,0.0,1.0,0
-0.9849624060150376,0.29341610542617846,-0.8316463548086193,0.8,0.0,0.25,1.0,0.0,0.0,1.0,0.0,1.0,0
-0.06766917293233082,-0.7604224355583985,0.4401917342979758,0.0,0.0,0.6666666666666666,0.0,0.0,1.0,1.0,0.0,1.0,1
0.05263157894736842,-0.7604224355583985,0.6468725888359248,-0.6,0.0,0.4166666666666667,0.0,1.0,0.0,0.0,0.0,1.0,1
-0.5714285714285714,-0.7604224355583985,0.9079248890329512,-0.8,0.0,0.3333333333333333,0.0,0.0,1.0,1.0,1.0,1.0,0
-1.1578947368421053,0.18527723136602509,-0.012993183867938038,-0.6,1.0,0.5833333333333334,1.0,0.0,0.0,1.0,1.0,1.0,0
0.49624060150375937,0.04559264539291675,0.18800989871689497,0.4,0.0,-0.3333333333333333,0.0,0.0,1.0,0.0,0.0,1.0,0
-0.21052631578947367,-0.7604224355583985,0.050148456478085114,-0.6,1.0,-0.75,0.0,1.0,0.0,0.0,1.0,0.0,0
0.41353383458646614,-0.6280619630339898,-0.22429780066700977,-0.6,0.0,0.4166666666666667,0.0,0.0,1.0,1.0,1.0,1.0,0
-0.9473684210526315,-0.7604224355583985,0.6260459828593106,-0.8,0.0,-0.08333333333333333,0.0,0.0,1.0,1.0,0.0,1.0,0
0.5789473684210527,0.2747448655500631,0.06094255010909207,0.8,0.0,-0.25,0.0,0.0,0.0,0.0,1.0,1.0,0
-0.3082706766917293,0.05555376875114652,0.6151391494406517,-0.6,0.0,-0.5833333333333334,0.0,0.0,1.0,0.0,0.0,0.0,0
-0.5413533834586466,-0.7604224355583985,0.6198988536034762,0.2,1.0,-0.25,0.0,0.0,1.0,1.0,1.0,1.0,0
-0.7593984962406015,0.5477660807597898,0.6136480814240888,-0.6,0.0,1.8333333333333333,0.0,0.0,0.0,1.0,0.0,2.0,1
-0.38345864661654133,-0.7604224355583985,-0.46101793142676534,-0.4,1.0,0.3333333333333333,0.0,1.0,0.0,1.0,0.0,1.0,0
1.4887218045112782,0.016957383226205356,0.2319617553523611,-0.2,1.0,0.8333333333333334,1.0,0.0,0.0,1.0,1.0,1.0,0
1.263157894736842,0.0012012157182150172,-0.4077602894540388,1.0,0.0,-0.25,0.0,1.0,1.0,1.0,1.0,1.0,0
-0.12030075187969924,-0.7604224355583985,-0.5563556224816733,-0.8,0.0,0.08333333333333333,0.0,0.0,0.0,1.0,0.0,1.0,0
0.5112781954887218,0.46404577586575346,-0.5464396317660963,0.6,0.0,0.0,1.0,0.0,0.0,1.0,0.0,1.0,0
0.2932330827067669,0.3126014748749336,-0.9888184975021317,0.2,0.0,1.0833333333333333,0.0,0.0,1.0,1.0,1.0,1.0,0
1.0300751879699248,0.21760259938646842,0.25516335834246967,0.4,1.0,0.16666666666666666,1.0,0.0,1.0,1.0,1.0,1.0,0
-0.22556390977443608,0.09327397155575394,0.11992896780106184,-1.0,1.0,-0.08333333333333333,0.0,1.0,0.0,1.0,0.0,1.0,1
-0.18796992481203006,-0.7604224355583985,0.03925634158111413,1.0,1.0,-0.4166666666666667,0.0,0.0,1.0,1.0,0.0,1.0,0
-0.07518796992481203,0.11562332980851886,0.8544768261858856,1.0,1.0,-1.25,1.0,0.0,1.0,1.0,1.0,0.0,0
1.0676691729323309,-0.7604224355583985,-0.08286241516886757,0.6,1.0,-0.3333333333333333,0.0,1.0,1.0,0.0,0.0,1.0,0
-0.015037593984962405,-0.7604224355583985,0.8874937411147469,-0.2,1.0,0.16666666666666666,0.0,0.0,0.0,0.0,0.0,1.0,0
0.022556390977443608,0.3215058982108847,0.004839429488634874,0.0,1.0,2.9166666666666665,1.0,0.0,0.0,1.0,1.0,3.0,0
-0.5939849624060151,-0.054300176376529674,0.3887097184277808,-1.0,0.0,-0.3333333333333333,0.0,0.0,0.0,1.0,0.0,1.0,0
-1.2406015037593985,-0.7604224355583985,-0.22457203534540562,-0.6,1.0,0.6666666666666666,0.0,0.0,1.0,1.0,0.0,1.0,0
0.14285714285714285,0.019658483045887843,0.0963399814970806,0.2,0.0,0.6666666666666666,1.0,0.0,1.0,1.0,1.0,1.0,1
-0.2932330827067669,0.2703742940854846,0.7276677671913167,0.0,1.0,-0.5833333333333334,1.0,0.0,0.0,1.0,0.0,0.0,0
-0.39849624060150374,0.08873534036345324,-0.20893135738883215,0.4,0.0,-1.0,1.0,0.0,1.0,1.0,1.0,0.0,0
0.6015037593984962,-0.7604224355583985,-0.0875955442230889,-0.4,1.0,-0.16666666666666666,0.0,0.0,0.0,1.0,0.0,1.0,0
-1.3383458646616542,0.6209686672812663,0.621104545838421,0.8,0.0,-0.25,1.0,0.0,0.0,1.0,0.0,1.0,0
-0.06015037593984962,-0.15856490155245276,0.9906811059793613,0.8,3.0,1.0833333333333333,0.0,0.0,1.0,1.0,0.0,1.0,1
-0.9398496240601504,0.3108759833207967,-0.42783522870500146,1.0,0.0,0.3333333333333333,1.0,0.0,0.0,1.0,1.0,1.0,0
-0.3082706766917293,0.04888551916294185,0.6245271131906702,1.0,0.0,-0.08333333333333333,1.0,0.0,0.0,1.0,0.0,1.0,0
-0.3609022556390977,-0.7604224355583985,-0.8956537304233763,-0.4,0.0,0.3333333333333333,0.0,1.0,1.0,0.0,0.0,1.0,0
-1.300751879699248,-0.7604224355583985,-0.042684837226820996,-0.8,0.0,0.8333333333333334,0.0,0.0,1.0,1.0,0.0,1.0,0
1.4887218045112782,0.2336183388655279,0.9998336755943275,-0.2,0.0,0.0,0.0,0.0,1.0,1.0,0.0,1.0,0
-0.9323308270676691,0.2445098628142937,-0.49752466917503335,-0.6,1.0,-0.5833333333333334,0.0,0.0,1.0,1.0,0.0,0.0,0
0.8872180451127819,-0.7604224355583985,-0.7843359155054646,0.8,1.0,0.0,0.0,0.0,0.0,0.0,0.0,1.0,0
0.14285714285714285,-0.7604224355583985,0.9991784969552978,0.2,1.0,0.4166666666666667,0.0,0.0,0.0,1.0,0.0,1.0,0
-0.39097744360902253,-0.018575692632312464,-0.5004096016378445,0.2,0.0,1.0833333333333333,0.0,1.0,0.0,1.0,1.0,1.0,0
-0.2781954887218045,0.36256567110147164,0.27545171615790875,0.4,1.0,-0.6666666666666666,0.0,1.0,0.0,1.0,1.0,0.0,0
-1.0902255639097744,-0.2995680316550879,0.3995378486401913,-0.4,1.0,0.3333333333333333,0.0,0.0,1.0,1.0,1.0,1.0,0
0.3458646616541353,-0.7604224355583985,-0.8198927975450735,0.2,1.0,-0.08333333333333333,0.0,0.0,1.0,0.0,1.0,1.0,0
0.6917293233082706,-0.10139787693945922,1.0027165638180155,-0.6,0.0,0.3333333333333333,1.0,0.0,0.0,1.0,0.0,1.0,0
0.9699248120300752,0.24515992881005605,-0.3702943947091004,-0.4,1.0,0.08333333333333333,0.0,0.0,0.0,1.0,0.0,1.0,0
-0.39097744360902253,0.2845988851097867,0.796555354865219,0.6,0.0,0.5,1.0,0.0,1.0,1.0,0.0,1.0,1
-0.3458646616541353,0.229184069238414,-0.9361108580655394,1.0,2.0,2.3333333333333335,1.0,0.0,1.0,0.0,0.0,3.0,1
1.2932330827067668,0.2519276822929959,-0.40164361936114223,-0.4,0.0,0.6666666666666666,0.0,0.0,1.0,0.0,0.0,1.0,0
1.0977443609022557,-0.7604224355583985,0.6091542305592542,-0.8,1.0,-0.08333333333333333,0.0,0.0,1.0,1.0,1.0,1.0,0
-1.4661654135338347,-0.7604224355583985,0.754039576213898,0.2,1.0,0.08333333333333333,0.0,1.0,0.0,1.0,0.0,1.0,0
0.13533834586466165,-0.7604224355583985,-0.22059926103310995,0.4,1.0,0.08333333333333333,0.0,0.0,1.0,1.0,1.0,1.0,0
0.18045112781954886,-0.7604224355583985,-0.6521342559154852,-0.8,1.0,0.08333333333333333,0.0,0.0,1.0,0.0,1.0,1.0,0
-0.49624060150375937,-0.7604224355583985,0.3281707011216358,-1.0,2.0,0.75,0.0,0.0,0.0,0.0,1.0,1.0,1
0.03007518796992481,0.3829577799098423,1.0215594401493422,0.4,0.0,0.6666666666666666,0.0,0.0,0.0,1.0,1.0,1.0,0
0.17293233082706766,-0.7604224355583985,-0.13845478264435884,-0.8,2.0,-0.4166666666666667,0.0,0.0,1.0,1.0,0.0,1.0,0
-0.3082706766917293,-0.7604224355583985,0.11586686023907637,0.2,1.0,0.0,0.0,0.0,0.0,1.0,0.0,1.0,0
0.48120300751879697,-0.7604224355583985,0.002192650883692674,-0.8,1.0,0.08333333333333333,0.0,0.0,0.0,1.0,1.0,1.0,0
-0.13533834586466165,-0.225969074894662,-0.9512302550456615,0.6,0.0,0.3333333333333333,0.0,0.0,0.0,1.0,1.0,1.0,0
1.0,-0.7604224355583985,-0.22707070882586192,0.6,1.0,-0.75,0.0,0.0,1.0,1.0,0.0,0.0,0
-1.330827067669173,0.2915299189995205,-0.7320824037901217,-1.0,0.0,0.6666666666666666,0.0,0.0,0.0,1.0,0.0,1.0,1
-0.7969924812030075,0.2803546130769508,0.3291262806998402,-0.4,0.0,-1.0,1.0,0.0,0.0,1.0,0.0,0.0,0
-1.5263157894736843,-0.7604224355583985,0.5861441727750025,0.6,1.0,-0.3333333333333333,0.0,1.0,0.0,0.0,0.0,1.0,0
-1.7593984962406015,0.013192296878566694,0.23246351384518446,0.4,0.0,-0.75,0.0,0.0,1.0,1.0,0.0,0.0,0
-0.41353383458646614,0.14610246965924495,-0.7603331752029197,0.2,1.0,0.08333333333333333,0.0,1.0,1.0,1.0,1.0,1.0,0
0.022556390977443608,-0.7604224355583985,0.8158660553199217,1.0,3.0,1.0833333333333333,0.0,0.0,0.0,1.0,0.0,1.0,1
0.045112781954887216,0.2816499657475471,0.47929567785244503,-0.4,0.0,-0.5,1.0,0.0,0.0,0.0,1.0,1.0,1
0.518796992481203,-0.06469167366687019,-0.5502714557908377,-0.4,0.0,0.5,0.0,1.0,1.0,0.0,0.0,1.0,0
1.0827067669172932,0.04480029666263538,0.1879262893367505,0.0,1.0,-0.4166666666666667,0.0,1.0,1.0,0.0,1.0,1.0,0
0.24812030075187969,-0.7604224355583985,1.0276956327258666,-0.6,1.0,0.4166666666666667,0.0,1.0,0.0,0.0,0.0,1.0,0
-1.5037593984962405,0.12442472352118109,-0.004391025636930671,0.4,0.0,-0.5833333333333334,0.0,0.0,1.0,1.0,1.0,0.0,0
0.3383458646616541,0.39844771573727344,-0.46880331391604296,-0.8,0.0,1.1666666666666667,1.0,0.0,1.0,1.0,1.0,2.0,0
0.05263157894736842,0.42348336574979567,0.42405318190291336,-0.8,0.0,0.0,0.0,0.0,0.0,1.0,1.0,1.0,0
-0.5939849624060151,-0.7604224355583985,0.9921764668980831,-0.2,1.0,0.08333333333333333,0.0,1.0,1.0,1.0,1.0,1.0,0
1.4887218045112782,0.2172360019664163,-0.6720070199171498,-1.0,0.0,-0.3333333333333333,0.0,0.0,1.0,0.0,1.0,1.0,0
-0.3007518796992481,-0.21606115086282998,-0.9247449907517347,0.0,0.0,-0.3333333333333333,0.0,1.0,1.0,1.0,0.0,1.0,1
0.39097744360902253,-0.7604224355583985,-0.7539359332903449,-0.2,1.0,0.0,0.0,1.0,1.0,0.0,0.0,1.0,0
0.03759398496240601,0.17809101307853337,0.08266269300651749,0.0,1.0,2.5,0.0,1.0,1.0,1.0,1.0,3.0,0
-0.5488721804511278,0.38225694342290817,1.0114428073638095,-0.6,0.0,0.5,0.0,1.0,1.0,1.0,1.0,1.0,1
-0.15037593984962405,0.18446662719678844,-0.06776734463431312,-0.8,0.0,0.08333333333333333,0.0,1.0,1.0,1.0,0.0,1.0,0
-0.5112781954887218,0.0638459689111441,0.39906706037008655,0.4,0.0,-0.6666666666666666,1.0,0.0,0.0,0.0,1.0,0.0,0
1.0075187969924813,0.057048520958830416,-0.40769415831839884,-0.6,1.0,-0.4166666666666667,1.0,0.0,0.0,0.0,0.0,1.0,0
-0.5714285714285714,0.542434944138161,-0.7782529753581029,0.6,0.0,-0.08333333333333333,1.0,0.0,0.0,1.0,1.0,1.0,0
0.24060150375939848,0.027993148647575548,0.9282566869297613,0.8,1.0,-0.25,0.0,1.0,1.0,1.0,1.0,1.0,0
1.3609022556390977,-0.7604224355583985,0.846323480654407,-0.6,1.0,0.8333333333333334,0.0,0.0,1.0,1.0,1.0,1.0,0
0.8947368421052632,0.36603271586204517,0.3207507263756548,0.4,0.0,2.4166666666666665,0.0,0.0,0.0,1.0,1.0,3.0,0
-1.5413533834586466,-0.7604224355583985,0.5352719534352993,1.0,0.0,-0.4166666666666667,0.0,0.0,0.0,1.0,1.0,1.0,0
-1.112781954887218,0.12902203850651858,-0.8896706513571898,-0.2,0.0,0.5833333333333334,0.0,1.0,1.0,1.0,1.0,1.0,0
-1.556390977443609,0.3181003578261909,-0.7107523017174294,-0.6,0.0,2.0,1.0,0.0,0.0,0.0,1.0,3.0,0
-0.8721804511278195,-0.7604224355583985,-0.894231042205489,0.8,1.0,0.25,0.0,1.0,1.0,1.0,1.0,1.0,0
-0.7894736842105263,0.42415427271878603,0.7752669552706428,-0.4,0.0,0.3333333333333333,1.0,0.0,1.0,1.0,0.0,1.0,1
1.0526315789473684,-0.7604224355583985,1.0241357947164855,0.6,1.0,-0.5833333333333334,0.0,0.0,1.0,1.0,0.0,0.0,0
0.5338345864661654,-0.7604224355583985,-0.09684265989750956,-0.2,1.0,1.0,0.0,0.0,0.0,0.0,1.0,1.0,0
0.9849624060150376,-0.7604224355583985,-0.19694608562065605,-0.8,2.0,0.08333333333333333,0.0,1.0,1.0,1.0,1.0,1.0,1
1.4661654135338347,0.20923659397541516,-0.47313689643360773,0.4,0.0,2.4166666666666665,0.0,0.0,1.0,0.0,1.0,3.0,0
-0.42105263157894735,-0.7604224355583985,-1.0002027629680463,-0.6,1.0,-0.6666666666666666,0.0,1.0,1.0,1.0,1.0,0.0,0
1.4887218045112782,-0.7604224355583985,0.44547190174160234,1.0,1.0,0.16666666666666666,0.0,1.0,0.0,1.0,1.0,1.0,0
-0.2631578947368421,-0.7604224355583985,0.19729605935857147,0.8,1.0,-0.25,0.0,1.0,1.0,1.0,0.0,1.0,0
0.12781954887218044,-0.7604224355583985,-0.9297116741257974,-0.4,1.0,0.75,0.0,0.0,1.0,0.0,1.0,1.0,0
-0.03759398496240601,-0.7604224355583985,0.8134614168391388,-0.6,1.0,-0.6666666666666666,0.0,1.0,0.0,1.0,0.0,0.0,0
0.8571428571428571,0.020409933324947328,0.49321193789652656,-0.6,1.0,0.0,1.0,0.0,1.0,0.0,1.0,1.0,0
0.8646616541353384,-0.7604224355583985,0.9834942767053971,0.2,1.0,-0.5,0.0,1.0,1.0,1.0,1.0,1.0,0
-1.255639097744361,0.04060750026668212,0.9665487609163967,0.2,1.0,-0.4166666666666667,0.0,1.0,1.0,1.0,1.0,1.0,0
-0.10526315789473684,0.2529162182299048,-0.43809822901176515,0.0,0.0,-0.3333333333333333,1.0,0.0,0.0,1.0,1.0,1.0,1
-0.8120300751879699,0.3553251565942543,0.48234343396143026,-0.2,1.0,0.16666666666666666,1.0,0.0,1.0,1.0,0.0,1.0,0
0.05263157894736842,0.28504633923800143,-0.43602741477982343,0.6,0.0,1.4166666666666667,0.0,0.0,1.0,1.0,0.0,2.0,0
-0.6390977443609023,0.2969515493206919,-0.05614604964204741,0.0,0.0,1.0,1.0,0.0,0.0,1.0,0.0,1.0,1
0.21052631578947367,-0.7604224355583985,0.45307616464455225,0.8,1.0,-0.16666666666666666,0.0,1.0,1.0,0.0,0.0,1.0,0
-0.06015037593984962,-0.7604224355583985,0.5708254624803548,0.6,1.0,-0.3333333333333333,0.0,0.0,1.0,1.0,1.0,1.0,0
1.0977443609022557,-0.7604224355583985,-0.6308009852721517,0.4,1.0,-0.4166666666666667,0.0,0.0,1.0,0.0,1.0,1.0,0
0.631578947368421,-0.09768027040300926,0.9055041010630941,-1.0,0.0,-0.9166666666666666,1.0,0.0,0.0,0.0,1.0,0.0,0
-0.42857142857142855,-0.7604224355583985,0.05829004763460454,0.0,1.0,0.5,0.0,1.0,0.0,0.0,0.0,1.0,0
1.330827067669173,0.11745004894690597,0.20709440411260036,0.8,0.0,-0.8333333333333334,1.0,0.0,0.0,1.0,1.0,0.0,1
-1.0300751879699248,0.0978361859546021,0.6840419666960229,-1.0,0.0,0.25,0.0,0.0,1.0,1.0,1.0,1.0,0
-0.6691729323308271,0.02715418195086313,-0.8180446009536633,-0.6,0.0,0.3333333333333333,1.0,0.0,1.0,1.0,1.0,1.0,1
-0.14285714285714285,-0.7604224355583985,-0.6459507392032554,-0.4,1.0,-0.16666666666666666,0.0,0.0,1.0,1.0,1.0,1.0,0
-0.3458646616541353,0.27507824277218795,0.6681457588490322,-0.6,0.0,-0.16666666666666666,0.0,0.0,1.0,0.0,1.0,1.0,0
1.0300751879699248,0.10682115260062246,-0.2895245649188381,0.2,0.0,0.0,1.0,0.0,0.0,1.0,1.0,1.0,1
0.6917293233082706,-0.02545446738992945,0.4152036707379818,0.2,1.0,1.4166666666666667,0.0,0.0,1.0,0.0,1.0,2.0,0
0.0,-0.7604224355583985,0.5301533830943727,-0.8,1.0,-0.08333333333333333,0.0,0.0,1.0,1.0,1.0,1.0,0
0.045112781954887216,-0.13156878976507638,-0.8057789617897213,-0.2,0.0,-0.6666666666666666,0.0,0.0,1.0,1.0,1.0,0.0,0
1.1203007518796992,0.4830869821914274,-0.00879840518684796,-0.2,1.0,0.5,0.0,0.0,1.0,0.0,0.0,1.0,0
0.22556390977443608,0.10999415159982479,-0.35536684957070347,0.4,1.0,0.5,1.0,0.0,0.0,1.0,1.0,1.0,0
0.7443609022556391,-0.7604224355583985,-0.8553182350090517,0.2,1.0,-0.5833333333333334,0.0,0.0,0.0,1.0,0.0,0.0,0
-0.2781954887218045,0.0936910260688843,0.9919979026106596,0.8,0.0,0.3333333333333333,0.0,1.0,0.0,1.0,0.0,1.0,0
-0.16541353383458646,-0.1363151255439465,-0.060537279702890315,0.4,0.0,-1.0,1.0,0.0,0.0,1.0,0.0,0.0,0
0.6015037593984962,0.17107238442162323,-0.12290773083963429,-0.6,1.0,0.4166666666666667,1.0,0.0,0.0,0.0,0.0,1.0,0
-0.3458646616541353,-0.013799584034545273,-0.02515804204309947,0.8,1.0,0.25,1.0,0.0,1.0,0.0,1.0,1.0,0
-1.1654135338345866,0.1895658492291131,-0.20192523885337108,-0.6,0.0,0.5833333333333334,0.0,1.0,1.0,0.0,1.0,1.0,0
-0.24060150375939848,-0.7604224355583985,0.5513858727489255,-0.4,1.0,-0.6666666666666666,0.0,0.0,0.0,0.0,1.0,0.0,0
-0.2631578947368421,0.27383648117560627,0.4445550604947853,-0.4,0.0,-0.5833333333333334,0.0,0.0,1.0,1.0,0.0,0.0,0
1.0300751879699248,0.42741557163087546,-0.9716017111814644,0.6,0.0,-0.3333333333333333,1.0,0.0,1.0,1.0,0.0,1.0,0
0.24060150375939848,0.3645426646257661,-0.7862109938413465,0.6,0.0,-1.0833333333333333,0.0,1.0,1.0,1.0,1.0,0.0,0
1.4661654135338347,0.11508201295125449,0.859982779840685,0.0,0.0,-0.16666666666666666,1.0,0.0,0.0,1.0,1.0,1.0,0
0.21804511278195488,-0.24066203936993047,-0.8245892325070308,-0.4,0.0,0.5,0.0,0.0,1.0,1.0,1.0,1.0,1
-1.2406015037593985,-0.7604224355583985,0.27878954979849563,-0.6,1.0,0.0,0.0,0.0,1.0,1.0,1.0,1.0,0
-0.13533834586466165,0.3758879106646199,-0.5890095827541856,-0.4,0.0,-0.25,0.0,0.0,1.0,1.0,1.0,1.0,0
-0.3533834586466165,0.06037359638297861,0.6759031352623202,0.8,0.0,1.1666666666666667,0.0,0.0,0.0,1.0,1.0,2.0,1
0.556390977443609,-0.032965992898634305,0.4774026102122777,0.4,0.0,-0.5833333333333334,1.0,0.0,1.0,1.0,0.0,0.0,0
0.6842105263157895,-0.7604224355583985,-0.7114901698289984,-1.0,1.0,2.8333333333333335,0.0,0.0,1.0,0.0,1.0,3.0,0
0.6992481203007519,0.17693723799674532,-0.6662365417197904,-1.0,0.0,0.5833333333333334,1.0,0.0,0.0,1.0,1.0,1.0,1
-0.3308270676691729,0.2617334385462967,-0.7919360899301677,-0.6,0.0,0.0,0.0,1.0,1.0,1.0,0.0,1.0,0
0.15037593984962405,0.8830944410660565,0.5238105179424787,-0.6,1.0,1.5833333333333333,0.0,1.0,0.0,1.0,1.0,2.0,1
-0.924812030075188,-0.7604224355583985,-0.871721209734718,-0.8,1.0,0.5833333333333334,0.0,1.0,0.0,0.0,0.0,1.0,0
-0.2706766917293233,0.16331805373985972,0.5194398324848251,0.2,1.0,0.4166666666666667,1.0,0.0,0.0,0.0,0.0,1.0,0
0.6390977443609023,0.18911283228473594,-0.25099535919389526,0.0,1.0,-0.5,1.0,0.0,1.0,1.0,1.0,1.0,0
0.2631578947368421,-0.2164072207077478,-0.335938094306628,0.6,1.0,0.08333333333333333,0.0,1.0,1.0,1.0,1.0,1.0,1
0.5037593984962406,0.0694408300285831,-0.8504070527271878,0.0,0.0,1.0,0.0,0.0,1.0,1.0,1.0,1.0,0
-0.007518796992481203,-0.7604224355583985,-0.3240820184510469,-0.8,0.0,0.6666666666666666,0.0,0.0,1.0,1.0,0.0,1.0,1
-1.1729323308270676,-0.7604224355583985,-0.05860639363894111,0.0,1.0,-0.5,0.0,0.0,1.0,1.0,0.0,1.0,0
-0.9323308270676691,0.22338824159341927,0.7902653332946632,-0.8,0.0,-0.25,0.0,0.0,1.0,1.0,1.0,1.0,0
0.7593984962406015,-0.7604224355583985,0.484223827319033,-0.2,1.0,0.9166666666666666,0.0,0.0,1.0,0.0,1.0,1.0,0
0.7593984962406015,0.13205455681024048,-0.07284206604604428,0.8,2.0,0.75,1.0,0.0,0.0,1.0,0.0,1.0,1
0.43609022556390975,-0.7604224355583985,-0.8171522905763261,1.0,1.0,-0.5833333333333334,0.0,1.0,0.0,1.0,0.0,0.0,0
0.6541353383458647,0.12581346882368644,0.30392040346125465,0.0,0.0,-1.0,1.0,0.0,0.0,1.0,0.0,0.0,0
1.0,0.19568894283340632,-0.670750017280209,0.8,0.0,0.8333333333333334,0.0,0.0,0.0,1.0,1.0,1.0,1
-1.2030075187969924,-0.7604224355583985,-0.2874579413770993,0.4,1.0,0.16666666666666666,0.0,0.0,1.0,0.0,1.0,1.0,0
-0.3082706766917293,-0.0052765661785714214,0.8378554245098907,-0.4,1.0,-0.75,0.0,1.0,0.0,1.0,0.0,0.0,0
0.08270676691729323,-0.0022416190396237477,-0.639671960947878,0.6,0.0,-0.3333333333333333,0.0,1.0,0.0,1.0,1.0,1.0,0
-1.330827067669173,0.4995795568699819,0.7174787683408178,0.4,0.0,0.25,0.0,0.0,1.0,0.0,1.0,1.0,1
1.3233082706766917,0.3705675079276985,0.17546031473872128,0.4,0.0,-1.0,1.0,0.0,0.0,1.0,0.0,0.0,0
0.7819548872180451,0.0476217413502811,-0.09595556232993699,-0.8,0.0,-0.25,0.0,0.0,1.0,1.0,1.0,1.0,0
-0.5413533834586466,0.44573823447732397,-0.9406363946367856,-0.4,0.0,2.5,0.0,1.0,1.0,1.0,1.0,3.0,0
0.3609022556390977,-0.7604224355583985,0.7719527325919306,0.8,0.0,-0.5833333333333334,0.0,0.0,0.0,1.0,1.0,0.0,0
-0.9624060150375939,-0.7604224355583985,0.3415408426839173,0.2,0.0,-0.4166666666666667,0.0,1.0,0.0,1.0,1.0,1.0,1
1.112781954887218,-0.0667034543795601,0.3298500435614581,0.2,1.0,1.9166666666666667,0.0,0.0,1.0,1.0,1.0,2.0,0
-0.924812030075188,-0.7604224355583985,0.5286697765506096,0.0,0.0,-1.25,0.0,0.0,1.0,1.0,0.0,0.0,0
-0.8872180451127819,-0.7604224355583985,-0.9189446666631748,-0.2,1.0,-0.16666666666666666,0.0,1.0,1.0,0.0,0.0,1.0,0
-0.5639097744360902,-0.7604224355583985,0.3634859540968662,-0.4,1.0,0.5,0.0,1.0,1.0,1.0,1.0,1.0,0
0.045112781954887216,0.22989720660052426,0.5817356688935671,0.0,0.0,-0.16666666666666666,0.0,0.0,0.0,0.0,0.0,1.0,1
0.9097744360902256,0.06897551220902996,-0.9715398729479835,-0.2,0.0,-0.08333333333333333,1.0,0.0,0.0,0.0,1.0,1.0,0
1.4887218045112782,0.04501575785202267,-0.3948997767052054,0.6,0.0,0.25,0.0,0.0,1.0,1.0,0.0,1.0,0
-1.1654135338345866,-0.7604224355583985,-0.1672168182619036,-0.6,1.0,-0.25,0.0,0.0,1.0,1.0,1.0,1.0,0
-1.2255639097744362,-0.7604224355583985,0.7630259491881369,-0.4,1.0,1.1666666666666667,0.0,0.0,0.0,0.0,1.0,2.0,1
-1.3233082706766917,-0.7604224355583985,-0.7480480135553499,1.0,1.0,-0.25,0.0,0.0,0.0,1.0,0.0,1.0,0
-1.105263157894737,0.12471226627210895,0.4657255074919448,0.6,0.0,-0.9166666666666666,0.0,0.0,1.0,1.0,0.0,0.0,0
-0.21052631578947367,-0.7604224355583985,-0.11283617352677126,-0.4,1.0,0.5833333333333334,0.0,0.0,1.0,1.0,0.0,1.0,0
0.23308270676691728,-0.7604224355583985,-0.24120713342352693,0.6,0.0,0.25,0.0,1.0,1.0,1.0,0.0,1.0,0
-0.9699248120300752,0.36705157306451497,0.196909391528392,-0.8,0.0,0.16666666666666666,1.0,0.0,0.0,1.0,1.0,1.0,1
-1.263157894736842,-0.7604224355583985,0.8860707462609911,0.6,1.0,-0.08333333333333333,0.0,1.0,1.0,1.0,0.0,1.0,0
-0.45864661654135336,0.41979796086746857,-0.27773134941629957,-0.2,0.0,-0.25,1.0,0.0,0.0,1.0,1.0,1.0,0
1.105263157894737,0.5026475675078101,-0.10594810980068287,-0.2,0.0,1.25,0.0,0.0,0.0,1.0,1.0,2.0,0
-0.2631578947368421,0.043333045137669716,0.162930559880044,-0.8,1.0,-1.0,0.0,0.0,1.0,1.0,1.0,0.0,0
0.46616541353383456,0.6313792035057965,-0.5343680931069152,-0.6,0.0,0.4166666666666667,1.0,0.0,1.0,0.0,1.0,1.0,0
-1.0526315789473684,-0.7604224355583985,0.579113421158105,-0.8,1.0,0.0,0.0,0.0,0.0,0.0,1.0,1.0,0
0.10526315789473684,0.09407533048122783,0.4158918638388538,0.4,0.0,1.0833333333333333,1.0,0.0,0.0,1.0,1.0,1.0,1
0.46616541353383456,0.32144470723309876,0.6871771140275308,-0.2,0.0,2.1666666666666665,0.0,0.0,1.0,0.0,1.0,3.0,0
1.4887218045112782,-0.7604224355583985,-1.00681362786901,0.2,0.0,1.5,0.0,0.0,1.0,1.0,0.0,2.0,1
0.14285714285714285,-0.7604224355583985,-0.7789732630132112,1.0,0.0,-0.25,0.0,1.0,0.0,1.0,0.0,1.0,0
-0.11278195488721804,0.20046834211115686,-0.3457721110333592,0.2,1.0,-0.5833333333333334,1.0,0.0,1.0,1.0,0.0,0.0,0
1.4511278195488722,0.43098854494710404,-0.01570875111938068,-0.4,1.0,0.5,1.0,0.0,0.0,1.0,0.0,1.0,0
0.6842105263157895,-0.7604224355583985,-0.05298156747911971,0.6,0.0,0.16666666666666666,0.0,0.0,0.0,1.0,0.0,1.0,0
-1.150375939849624,-0.15743196744389262,-0.16152626981426693,0.4,1.0,1.9166666666666667,0.0,0.0,1.0,1.0,1.0,2.0,0
0.3157894736842105,-0.7604224355583985,-0.4329490972959445,0.8,0.0,1.9166666666666667,0.0,0.0,1.0,1.0,1.0,2.0,0
-1.6616541353383458,0.1857583757893078,0.17964916512635382,-1.0,0.0,0.0,0.0,0.0,1.0,1.0,1.0,1.0,0
-1.105263157894737,0.31183733197308117,0.7320786219477434,0.0,1.0,0.5,1.0,0.0,1.0,1.0,0.0,1.0,0
-0.5037593984962406,-0.7604224355583985,0.9223275757764311,-1.0,1.0,0.6666666666666666,0.0,1.0,1.0,0.0,0.0,1.0,0
0.08270676691729323,-0.7604224355583985,0.8766074522992774,0.4,0.0,0.0,0.0,0.0,0.0,1.0,1.0,1.0,0
0.8872180451127819,0.10742138829949363,-0.7490419226171169,-0.2,0.0,0.6666666666666666,1.0,0.0,1.0,1.0,0.0,1.0,1
0.22556390977443608,0.24485444401826653,-0.3414503851027097,1.0,0.0,2.25,0.0,0.0,0.0,0.0,1.0,3.0,0
-1.2030075187969924,0.21562968003739147,0.5022457372184268,1.0,1.0,0.16666666666666666,1.0,0.0,1.0,1.0,0.0,1.0,0
-0.45112781954887216,0.8090944130952767,0.14102991066802792,-0.6,0.0,0.25,0.0,1.0,0.0,1.0,1.0,1.0,0
0.3233082706766917,0.13282089349874848,0.19086999367435764,0.2,1.0,-0.08333333333333333,0.0,0.0,1.0,1.0,0.0,1.0,0
-0.8421052631578947,-0.07665509744545689,0.7474320843074881,0.8,1.0,0.4166666666666667,1.0,0.0,0.0,1.0,0.0,1.0,0
0.015037593984962405,-0.7604224355583985,0.6118869694193326,0.0,1.0,-0.25,0.0,1.0,1.0,1.0,0.0,1.0,0
-1.2406015037593985,0.28654728105803506,-0.008963273072145238,0.4,1.0,-1.0833333333333333,0.0,0.0,1.0,1.0,1.0,0.0,0
-0.17293233082706766,0.6074724917761402,0.6027766133422635,-0.2,1.0,-0.16666666666666666,0.0,1.0,1.0,0.0,1.0,1.0,0
0.40601503759398494,0.341495133769863,-0.2266553194359996,-1.0,1.0,-0.25,1.0,0.0,1.0,1.0,1.0,1.0,0
-0.8270676691729323,-0.7604224355583985,-0.4556343254834978,-0.6,1.0,-0.9166666666666666,0.0,1.0,0.0,1.0,1.0,0.0,0
0.2556390977443609,-0.3290799466392736,0.8413091665087706,0.4,0.0,0.5833333333333334,0.0,0.0,0.0,1.0,0.0,1.0,0
0.5714285714285714,-0.7604224355583985,0.3307366300692498,-0.8,1.0,2.6666666666666665,0.0,0.0,0.0,1.0,1.0,3.0,0
-0.045112781954887216,-0.1020759920646036,0.6624229114232467,0.2,0.0,-0.16666666666666666,0.0,0.0,1.0,0.0,1.0,1.0,0
-0.21804511278195488,0.2074803110585769,0.5668836583907775,-0.2,1.0,0.5,0.0,1.0,0.0,0.0,0.0,1.0,0
-0.05263157894736842,-0.7604224355583985,-0.877561294274227,0.4,1.0,0.0,0.0,1.0,0.0,1.0,0.0,1.0,0
0.07518796992481203,-0.7604224355583985,-0.7330221405151203,-0.4,1.0,-0.5,0.0,0.0,1.0,0.0,1.0,1.0,0
-0.03007518796992481,-0.7604224355583985,-0.21475324820014335,0.4,1.0,-0.16666666666666666,0.0,1.0,1.0,1.0,1.0,1.0,0
0.3233082706766917,-0.7604224355583985,-0.7017191156672661,-0.4,1.0,0.6666666666666666,0.0,0.0,1.0,1.0,1.0,1.0,0
0.03007518796992481,0.34850161825064385,-0.4993237018155272,0.4,0.0,0.75,1.0,0.0,0.0,1.0,0.0,1.0,1
0.15037593984962405,-0.7604224355583985,-0.7840769104085376,0.2,0.0,-0.25,0.0,0.0,1.0,0.0,0.0,1.0,0
1.3533834586466165,0.32229064703739496,0.481053008014823,0.2,1.0,-0.25,0.0,1.0,0.0,0.0,1.0,1.0,0
-0.5413533834586466,0.26884193410656204,0.07637001392510136,-0.8,0.0,1.5833333333333333,0.0,0.0,0.0,1.0,0.0,2.0,1
-0.24812030075187969,-0.7604224355583985,0.14512523711576764,-1.0,1.0,0.6666666666666666,0.0,1.0,0.0,0.0,0.0,1.0,0
-0.43609022556390975,0.4639266845901648,0.628823286132278,0.0,0.0,-1.1666666666666667,0.0,0.0,1.0,1.0,0.0,0.0,0
-0.39849624060150374,0.1686245886111368,-0.6950251524459387,1.0,0.0,0.5833333333333334,0.0,0.0,1.0,1.0,1.0,1.0,0
0.518796992481203,0.4498860582468378,0.018950096673345795,0.8,1.0,-0.75,1.0,0.0,1.0,0.0,1.0,0.0,1
-0.08270676691729323,-0.7604224355583985,0.23511039466208275,0.0,1.0,1.6666666666666667,0.0,0.0,1.0,1.0,1.0,2.0,0
-0.48872180451127817,0.45708199187523285,-0.8804409117153175,0.4,1.0,1.0,1.0,0.0,0.0,1.0,0.0,1.0,1
-0.7293233082706767,0.24292939622799536,-0.37891852851068375,0.4,1.0,1.0833333333333333,0.0,1.0,1.0,1.0,1.0,1.0,0
-0.46616541353383456,0.16129256186057234,-0.07409232269387789,-0.6,1.0,0.25,1.0,0.0,0.0,0.0,0.0,1.0,0
-0.3533834586466165,0.2546402994926202,-0.8774400708942129,-0.6,0.0,2.25,0.0,0.0,0.0,1.0,1.0,3.0,0
0.6090225563909775,0.7067345998821075,0.9299639332336173,0.4,0.0,-0.3333333333333333,1.0,0.0,0.0,0.0,1.0,1.0,0
1.150375939849624,-0.425769134745863,-0.7214656479030644,0.6,1.0,-0.9166666666666666,1.0,0.0,0.0,1.0,1.0,0.0,0
-0.6541353383458647,0.37878504099188304,-0.1594726271909613,0.4,1.0,0.08333333333333333,1.0,0.0,0.0,1.0,1.0,1.0,0
-1.556390977443609,-0.7604224355583985,0.20420926722587684,0.2,1.0,-1.0,0.0,0.0,1.0,1.0,0.0,0.0,0
-0.5263157894736842,0.2743983256080051,0.948610869244972,-0.8,1.0,0.16666666666666666,0.0,0.0,0.0,1.0,0.0,1.0,0
-0.6992481203007519,-0.572043150686622,0.7189027853141353,0.6,0.0,0.6666666666666666,0.0,0.0,1.0,0.0,1.0,1.0,1
-1.556390977443609,-0.25805014910110186,-0.23383335848173348,-0.8,0.0,2.0833333333333335,0.0,1.0,1.0,1.0,1.0,3.0,1
-0.39849624060150374,0.18277584448152379,-0.7619272728712989,0.2,0.0,-1.0,0.0,0.0,1.0,1.0,1.0,0.0,0
0.5413533834586466,-0.07057932695330553,0.8943091321400003,-0.2,0.0,-0.3333333333333333,1.0,0.0,1.0,0.0,1.0,1.0,1
-0.8195488721804511,-0.7604224355583985,-0.21044286779662835,0.8,1.0,0.5,0.0,0.0,1.0,1.0,1.0,1.0,0
0.19548872180451127,0.007474427009368532,-0.6956758337588973,-0.6,1.0,0.5833333333333334,1.0,0.0,0.0,0.0,1.0,1.0,0
-1.5714285714285714,-0.20854398418843947,-0.4344980172796979,0.2,1.0,-0.08333333333333333,0.0,1.0,1.0,0.0,1.0,1.0,0
0.09774436090225563,-0.7604224355583985,-0.6185710180809119,0.6,0.0,1.1666666666666667,0.0,1.0,0.0,1.0,1.0,2.0,1
0.39849624060150374,0.5455538036166846,-0.4510964212655553,0.6,1.0,0.4166666666666667,1.0,0.0,1.0,1.0,1.0,1.0,0
-1.3984962406015038,-0.04280301061177703,0.4268702456268295,-0.2,0.0,0.25,0.0,0.0,1.0,1.0,0.0,1.0,1
0.15037593984962405,-0.7604224355583985,-0.36401612751350393,0.0,0.0,0.5,0.0,0.0,1.0,0.0,0.0,1.0,0
0.007518796992481203,-0.7604224355583985,-0.5083929686862175,0.0,1.0,0.75,0.0,0.0,0.0,1.0,0.0,1.0,0
0.06766917293233082,-0.7604224355583985,0.11044604914376405,0.6,0.0,-1.4166666666666667,0.0,1.0,1.0,1.0,0.0,0.0,0
-0.8195488721804511,-0.7604224355583985,0.4717578527210036,0.6,1.0,-0.25,0.0,0.0,0.0,0.0,1.0,1.0,0
0.39097744360902253,0.0754710794476311,0.759736972862598,0.2,0.0,0.08333333333333333,0.0,1.0,1.0,1.0,0.0,1.0,0
-0.09022556390977443,0.32752016432715636,-0.5192998021048766,0.8,0.0,-0.5,0.0,0.0,0.0,1.0,0.0,1.0,0
0.5789473684210527,-0.7604224355583985,0.014469124514988212,1.0,1.0,0.0,0.0,1.0,1.0,1.0,0.0,1.0,0
-0.8796992481203008,0.1361143940649609,0.37699162871302516,-0.6,0.0,0.5833333333333334,0.0,0.0,0.0,1.0,1.0,1.0,0
0.22556390977443608,0.006566120984435068,0.6817337140899056,-0.8,0.0,-0.8333333333333334,0.0,0.0,0.0,1.0,0.0,0.0,0
0.9774436090225563,0.23013789633645074,-0.6093553836889907,0.4,0.0,0.4166666666666667,1.0,0.0,1.0,1.0,0.0,1.0,0
0.22556390977443608,-0.7604224355583985,0.5126669616333369,0.2,1.0,2.6666666666666665,0.0,0.0,1.0,0.0,1.0,3.0,0
0.3458646616541353,0.5665241319078472,-0.15011481596801174,-0.8,0.0,2.25,1.0,0.0,0.0,1.0,0.0,3.0,1
0.23308270676691728,-0.24182435454977058,0.16088192564259063,-0.2,0.0,-0.5833333333333334,0.0,0.0,1.0,1.0,1.0,0.0,0
-0.631578947368421,0.5668153570863755,-0.38340440684293725,0.4,0.0,-0.4166666666666667,0.0,1.0,0.0,1.0,0.0,1.0,0
1.4736842105263157,-0.055132169965658284,0.9575833413931722,-0.2,1.0,-0.5,1.0,0.0,1.0,1.0,0.0,1.0,0
-0.3684210526315789,0.24107196407643006,-0.8173234956029057,0.0,0.0,0.5,0.0,0.0,1.0,1.0,1.0,1.0,0
-0.518796992481203,0.04614681157202083,-0.47615490886334827,0.6,0.0,0.16666666666666666,1.0,0.0,1.0,0.0,0.0,1.0,0
-0.6691729323308271,0.4017054105712859,0.9419580974419798,-1.0,0.0,-0.4166666666666667,0.0,0.0,0.0,1.0,0.0,1.0,1
0.39849624060150374,0.8356760559037952,0.8231306678925289,0.0,0.0,0.25,0.0,1.0,0.0,1.0,0.0,1.0,1
-0.41353383458646614,0.17293553608839773,-0.4460225175494736,0.4,1.0,0.5,1.0,0.0,0.0,1.0,0.0,1.0,0
-0.6240601503759399,-0.7604224355583985,-0.22224712219043294,0.4,1.0,0.5,0.0,0.0,0.0,1.0,1.0,1.0,0
-0.40601503759398494,-0.043234951534356025,0.9405732276478744,-0.4,0.0,0.3333333333333333,1.0,0.0,1.0,1.0,0.0,1.0,1
-1.0601503759398496,-0.7604224355583985,0.6016904068840775,0.4,1.0,-0.3333333333333333,0.0,0.0,1.0,0.0,1.0,1.0,0
-0.41353383458646614,-0.06795986733701995,-0.3072719335039677,-0.2,0.0,1.3333333333333333,0.0,0.0,0.0,1.0,0.0,2.0,1
0.0,0.37736385898668434,0.610061157246323,0.8,0.0,0.0,1.0,0.0,0.0,1.0,0.0,1.0,0
-0.20300751879699247,0.21596940357091265,-0.07362327202702793,-0.2,1.0,1.1666666666666667,0.0,0.0,0.0,1.0,0.0,2.0,1
0.631578947368421,-0.7604224355583985,-0.20814769832090044,0.4,0.0,-0.4166666666666667,0.0,1.0,1.0,0.0,1.0,1.0,0
1.1353383458646618,0.3187866213017702,0.690041910734977,0.8,1.0,0.3333333333333333,1.0,0.0,1.0,1.0,1.0,1.0,0
0.46616541353383456,-0.7604224355583985,-0.19637778714436796,1.0,1.0,-0.25,0.0,0.0,1.0,1.0,1.0,1.0,0
-1.300751879699248,0.5908204758174392,-0.6043963662116405,-0.6,0.0,-0.8333333333333334,0.0,1.0,1.0,1.0,1.0,0.0,0
1.4887218045112782,0.026805839969766505,0.37912652984148343,-0.4,1.0,-0.3333333333333333,0.0,1.0,1.0,1.0,1.0,1.0,0
1.4887218045112782,-0.7604224355583985,0.20223034154252922,0.8,1.0,0.25,0.0,0.0,1.0,0.0,1.0,1.0,0
1.4887218045112782,0.19788006560518998,-0.8173321836191799,-0.6,0.0,0.6666666666666666,0.0,1.0,0.0,1.0,1.0,1.0,0
-0.631578947368421,0.37647333830356605,0.8794538508546134,0.0,1.0,-0.75,0.0,0.0,1.0,1.0,0.0,0.0,0
-1.6541353383458646,0.30168213684535583,-0.2820093286297095,-0.6,1.0,0.08333333333333333,1.0,0.0,1.0,1.0,1.0,1.0,0
-0.3609022556390977,0.41123608164788156,1.0064257334953564,0.6,1.0,-0.9166666666666666,0.0,0.0,1.0,0.0,1.0,0.0,0
-0.7669172932330827,0.14937371896080795,0.9831889695923266,-0.6,1.0,0.16666666666666666,0.0,1.0,1.0,1.0,1.0,1.0,0
-0.3233082706766917,0.3983703847576643,0.41450372326215096,-0.6,0.0,-0.16666666666666666,0.0,0.0,0.0,1.0,0.0,1.0,0
-0.2631578947368421,-0.7604224355583985,-0.4650333281247825,1.0,1.0,3.0833333333333335,0.0,0.0,1.0,1.0,1.0,3.0,0
-0.7142857142857143,0.024596226710457247,-0.6219658859930398,-0.6,0.0,2.5833333333333335,1.0,0.0,1.0,1.0,1.0,3.0,0
1.0751879699248121,0.03788947694994239,0.8544706934685155,-0.6,0.0,0.25,0.0,0.0,0.0,1.0,1.0,1.0,0
-0.5639097744360902,-0.28083575750023343,0.46816643121716683,-0.2,0.0,-0.5,1.0,0.0,0.0,1.0,1.0,1.0,0
1.1278195488721805,-0.7604224355583985,-0.42604283984165847,0.4,1.0,0.08333333333333333,0.0,1.0,1.0,0.0,1.0,1.0,0
0.09022556390977443,0.05051252536614787,0.47778856255876406,-1.0,0.0,-0.08333333333333333,0.0,0.0,0.0,1.0,1.0,1.0,0
0.07518796992481203,-0.004507722305314118,0.21272832713652062,-0.6,0.0,0.08333333333333333,0.0,0.0,0.0,1.0,0.0,1.0,0
0.3609022556390977,0.3205116427587667,-0.9245086767090767,0.2,0.0,-0.8333333333333334,0.0,0.0,0.0,0.0,0.0,0.0,0
-0.14285714285714285,0.47124366823223385,-0.5016390070466202,-0.4,0.0,2.0,0.0,0.0,1.0,0.0,1.0,3.0,0
0.42857142857142855,-0.7604224355583985,-0.18392683770389542,0.0,1.0,0.08333333333333333,0.0,0.0,1.0,1.0,1.0,1.0,0
-1.0225563909774436,-0.7604224355583985,0.7121679373103411,-0.6,1.0,0.75,0.0,0.0,1.0,1.0,1.0,1.0,0
0.518796992481203,-0.4155208603843225,-0.34325371064536264,-0.4,0.0,1.5,0.0,0.0,0.0,1.0,0.0,2.0,1
0.2706766917293233,-0.7604224355583985,0.028090094217703563,-0.4,1.0,-1.0833333333333333,0.0,1.0,0.0,1.0,1.0,0.0,0
-0.9699248120300752,0.5890065276513684,0.56929177207807,0.0,0.0,-1.0833333333333333,0.0,1.0,0.0,0.0,1.0,0.0,0
-0.13533834586466165,-0.7604224355583985,0.01627817392718647,-0.6,3.0,0.6666666666666666,0.0,0.0,0.0,1.0,0.0,1.0,1
0.06766917293233082,0.2891814703847223,0.6821642308492806,-0.4,0.0,-0.5,0.0,0.0,0.0,1.0,1.0,1.0,0
0.8345864661654135,0.36754666370296524,0.4171885247147871,0.4,1.0,-0.5,1.0,0.0,1.0,1.0,1.0,1.0,1
0.11278195488721804,0.0006171983706902753,0.14176624560025447,-0.8,1.0,0.9166666666666666,1.0,0.0,0.0,0.0,0.0,1.0,1
0.9473684210526315,-0.7604224355583985,0.6476380541756589,-0.2,1.0,-1.0833333333333333,0.0,0.0,1.0,1.0,1.0,0.0,0
-0.46616541353383456,-0.03693753024046763,0.7688448758527192,0.2,1.0,-0.08333333333333333,1.0,0.0,1.0,1.0,1.0,1.0,0
1.4887218045112782,0.09219588211358332,0.33450262959421984,-0.8,0.0,-0.5,1.0,0.0,0.0,1.0,1.0,1.0,0
-1.2706766917293233,-0.7604224355583985,-0.1820649447103589,0.8,0.0,-0.6666666666666666,0.0,0.0,1.0,1.0,1.0,0.0,0
-0.5639097744360902,-0.7604224355583985,-0.915252361958601,-0.8,1.0,-0.4166666666666667,0.0,0.0,0.0,1.0,0.0,1.0,0
-1.736842105263158,-0.7604224355583985,-0.02894346183974118,-0.6,1.0,-0.25,0.0,0.0,1.0,1.0,1.0,1.0,0
-0.12781954887218044,0.0654283158860044,0.5152192963907811,0.4,0.0,-0.6666666666666666,0.0,0.0,1.0,1.0,1.0,0.0,0
0.3082706766917293,-0.7604224355583985,-0.16946118839541668,-0.8,1.0,0.0,0.0,0.0,1.0,1.0,1.0,1.0,0
-0.5413533834586466,0.22401864185880482,-0.42832799254568216,-1.0,0.0,1.0833333333333333,0.0,0.0,1.0,1.0,0.0,1.0,1
0.5037593984962406,0.029575338923389,0.6701223336573879,-0.8,0.0,-0.16666666666666666,0.0,1.0,1.0,1.0,1.0,1.0,0
-0.06766917293233082,-0.7604224355583985,0.547294941415301,-0.2,1.0,-0.3333333333333333,0.0,0.0,1.0,1.0,1.0,1.0,0
-0.20300751879699247,-0.3391156587437931,0.9467398793873367,1.0,0.0,1.75,0.0,0.0,0.0,1.0,1.0,2.0,1
-0.007518796992481203,0.14558050513426385,-0.29688566557806684,-0.2,1.0,-1.1666666666666667,0.0,1.0,1.0,1.0,0.0,0.0,0
1.0601503759398496,0.2405561108142752,0.4488136194365234,0.0,0.0,-0.25,1.0,0.0,0.0,1.0,0.0,1.0,0
-0.2706766917293233,0.12665243552039887,0.14949490045385946,1.0,1.0,0.3333333333333333,1.0,0.0,1.0,1.0,1.0,1.0,0
1.0225563909774436,-0.7604224355583985,-0.880642678116791,-0.4,0.0,1.5,0.0,0.0,1.0,0.0,1.0,2.0,1
1.330827067669173,0.27696850337406337,0.05562640405689471,-0.4,2.0,-0.75,1.0,0.0,1.0,1.0,0.0,0.0,1
0.24812030075187969,-0.7604224355583985,0.892699498254284,0.2,1.0,-0.3333333333333333,0.0,0.0,0.0,0.0,1.0,1.0,0
0.6240601503759399,-0.7604224355583985,0.15164564443552364,0.8,0.0,3.0,0.0,0.0,1.0,1.0,1.0,3.0,0
-0.47368421052631576,0.32470154022235354,-0.8223806365581762,0.2,0.0,0.0,0.0,0.0,0.0,0.0,1.0,1.0,0
0.7518796992481203,-0.2507894987663672,0.4159243672409148,-0.4,1.0,0.4166666666666667,1.0,0.0,0.0,0.0,1.0,1.0,0
-0.11278195488721804,-0.7604224355583985,0.8853131512418817,0.6,0.0,0.0,0.0,1.0,1.0,1.0,1.0,1.0,0
0.015037593984962405,-0.07497638055679799,-0.9827468006699486,-0.4,0.0,1.5,0.0,0.0,1.0,1.0,1.0,2.0,0
0.6541353383458647,0.01466119374352409,0.07689446347219377,0.6,0.0,-0.8333333333333334,0.0,1.0,0.0,1.0,1.0,0.0,0
1.0075187969924813,0.18331637784355387,-0.20283022351327287,-0.6,1.0,-0.4166666666666667,0.0,0.0,1.0,0.0,0.0,1.0,0
0.18796992481203006,-0.06810230677058586,0.18908557734359563,-0.4,0.0,0.0,0.0,0.0,1.0,0.0,1.0,1.0,0
-0.6390977443609023,0.3199497199768446,0.4350398428593386,0.8,0.0,0.3333333333333333,0.0,0.0,0.0,1.0,0.0,1.0,1
0.3533834586466165,0.13663009062806888,0.39810923212884647,0.2,0.0,-0.5,0.0,1.0,1.0,0.0,0.0,1.0,0
0.9398496240601504,-0.7604224355583985,0.25596878855706495,-0.6,1.0,-0.6666666666666666,0.0,0.0,1.0,1.0,0.0,0.0,0
-0.6090225563909775,0.06055372193730631,0.8081447597271606,-0.8,1.0,-0.16666666666666666,0.0,0.0,0.0,0.0,1.0,1.0,0
-0.7819548872180451,-0.7604224355583985,-0.341899402226151,-0.4,0.0,-0.08333333333333333,0.0,0.0,0.0,1.0,0.0,1.0,0
-0.2706766917293233,-0.7604224355583985,-0.457298233917939,-0.8,1.0,-0.5,0.0,0.0,1.0,1.0,1.0,1.0,0
0.38345864661654133,0.5343894666273927,-0.5909911659483936,-0.4,0.0,-1.4166666666666667,0.0,1.0,1.0,1.0,1.0,0.0,0
-0.631578947368421,-0.7604224355583985,-0.7162433324266283,-0.4,1.0,0.75,0.0,1.0,0.0,1.0,1.0,1.0,0
0.17293233082706766,-0.7604224355583985,-0.19369400781129323,-1.0,0.0,1.0,0.0,0.0,0.0,1.0,1.0,1.0,1
0.42857142857142855,-0.7604224355583985,-0.5863016813994556,0.4,0.0,-0.08333333333333333,0.0,0.0,0.0,0.0,1.0,1.0,1
0.2556390977443609,-0.7604224355583985,0.45817296383881534,1.0,0.0,0.3333333333333333,0.0,0.0,0.0,1.0,1.0,1.0,1
0.13533834586466165,-0.7604224355583985,0.2076159917249201,-0.2,1.0,-1.4166666666666667,0.0,1.0,0.0,1.0,0.0,0.0,0
1.1578947368421053,-0.007070770264741951,0.45243182047287595,-0.6,1.0,-0.25,1.0,0.0,1.0,1.0,0.0,1.0,0
0.3533834586466165,0.12578526299525764,-0.7304693969098517,0.8,0.0,2.25,0.0,0.0,1.0,1.0,0.0,3.0,1
0.7819548872180451,0.15949647738583994,-0.9664961217589709,-0.6,1.0,-0.6666666666666666,0.0,1.0,1.0,1.0,0.0,0.0,0
0.22556390977443608,-0.7604224355583985,0.9777388236655944,0.8,1.0,-0.5833333333333334,0.0,0.0,0.0,1.0,1.0,0.0,0
-0.18045112781954886,-0.7604224355583985,-0.6618957021533378,0.8,1.0,0.0,0.0,0.0,0.0,1.0,1.0,1.0,0
-0.18796992481203006,0.24849127219607722,-0.6055846824140371,-0.4,1.0,-0.5833333333333334,1.0,0.0,1.0,1.0,1.0,0.0,0
1.4285714285714286,0.3462816628542441,0.2971732900227205,-0.4,3.0,0.5833333333333334,0.0,0.0,1.0,0.0,1.0,1.0,1
-0.18045112781954886,0.3604032242552574,0.10386646110138746,-0.2,0.0,1.0833333333333333,0.0,0.0,0.0,0.0,1.0,1.0,1
-0.8796992481203008,0.11595647198207323,-0.6456529957749412,0.4,1.0,-0.5,0.0,0.0,0.0,1.0,1.0,1.0,0
-0.21804511278195488,-0.7604224355583985,0.47970483231298117,-0.8,1.0,0.5,0.0,0.0,1.0,1.0,1.0,1.0,0
1.3984962406015038,0.20410626718229535,0.4734344354380095,0.8,1.0,0.5,0.0,1.0,1.0,1.0,0.0,1.0,0
-0.37593984962406013,0.1299532225922888,0.1601601048081399,-0.6,3.0,0.5,1.0,0.0,0.0,1.0,0.0,1.0,1
0.17293233082706766,-0.7604224355583985,0.5124573249112387,-0.6,0.0,1.4166666666666667,0.0,0.0,1.0,1.0,0.0,2.0,1
-0.3082706766917293,0.08484990914785134,0.858999909670184,-1.0,1.0,-0.5,1.0,0.0,1.0,1.0,1.0,1.0,0
-0.8421052631578947,0.5253954114366565,-0.8925776616025328,-0.4,1.0,0.5833333333333334,1.0,0.0,1.0,1.0,1.0,1.0,0
-0.06015037593984962,0.31520103371227215,-0.22878419005904405,0.8,3.0,0.25,0.0,0.0,0.0,1.0,0.0,1.0,1
1.0225563909774436,-0.7604224355583985,0.17919033565512055,0.0,1.0,-0.3333333333333333,0.0,0.0,0.0,0.0,0.0,1.0,0
-0.3458646616541353,0.5896207879149307,0.12267458536761743,0.2,0.0,-0.8333333333333334,1.0,0.0,0.0,0.0,1.0,0.0,0
0.03007518796992481,0.42863139953520707,0.2817715836196653,1.0,0.0,-1.5833333333333333,0.0,0.0,1.0,0.0,1.0,0.0,0
0.6616541353383458,-0.7604224355583985,-0.8217811634352572,0.8,1.0,0.16666666666666666,0.0,0.0,1.0,1.0,0.0,1.0,0
-0.40601503759398494,0.5815788361327161,-0.1564948862719506,1.0,0.0,-0.8333333333333334,1.0,0.0,0.0,1.0,1.0,0.0,0
-0.15789473684210525,0.25189642083315394,-0.20749619931229246,0.6,0.0,-0.16666666666666666,0.0,0.0,1.0,1.0,1.0,1.0,0
-0.48120300751879697,0.14065255516012115,0.7912386977532408,-0.4,0.0,-0.5833333333333334,0.0,0.0,1.0,0.0,0.0,0.0,0
0.42857142857142855,-0.7604224355583985,0.0565789172764142,-0.6,1.0,-0.16666666666666666,0.0,1.0,1.0,1.0,0.0,1.0,0
0.38345864661654133,0.19610482210368552,-0.16990550376887428,-0.4,0.0,-0.6666666666666666,1.0,0.0,0.0,0.0,1.0,0.0,0
0.14285714285714285,-0.7604224355583985,0.2192050899509933,0.0,1.0,-0.8333333333333334,0.0,0.0,1.0,0.0,0.0,0.0,0
0.6165413533834586,0.6256965909221343,-0.8856431936483449,0.8,0.0,0.25,0.0,0.0,0.0,1.0,1.0,1.0,0
1.0451127819548873,-0.34958730759658574,0.6296748139391045,0.4,0.0,-0.16666666666666666,1.0,0.0,0.0,1.0,0.0,1.0,0
0.3157894736842105,-0.15201958236648397,-0.7567706796826781,0.0,0.0,0.16666666666666666,0.0,0.0,1.0,1.0,1.0,1.0,0
-0.6240601503759399,0.5052881031458939,0.804820418064788,0.6,1.0,0.5,0.0,1.0,1.0,0.0,1.0,1.0,0
0.14285714285714285,0.2654001962420513,-0.7278379500983345,0.0,3.0,-0.25,0.0,1.0,0.0,1.0,1.0,1.0,1
0.2556390977443609,0.24932044520236293,0.07658128603849834,0.0,2.0,0.3333333333333333,0.0,0.0,1.0,1.0,1.0,1.0,1
1.1654135338345866,-0.7604224355583985,-0.25088987645513106,0.0,1.0,0.4166666666666667,0.0,1.0,1.0,1.0,1.0,1.0,0
0.43609022556390975,-0.7604224355583985,-0.6469227749064027,-0.8,1.0,0.6666666666666666,0.0,0.0,1.0,1.0,1.0,1.0,0
-0.8120300751879699,-0.7604224355583985,-0.30870770485224436,-0.8,1.0,0.5833333333333334,0.0,0.0,1.0,0.0,0.0,1.0,0
0.5864661654135338,-0.7604224355583985,-0.6634018975394134,-0.4,0.0,-0.9166666666666666,0.0,1.0,1.0,1.0,0.0,0.0,0
-0.39097744360902253,-0.7604224355583985,-0.6613063480140794,0.6,1.0,-0.6666666666666666,0.0,0.0,1.0,0.0,1.0,0.0,0
0.3157894736842105,0.7746514925055352,-0.14232094988637234,0.0,0.0,0.08333333333333333,0.0,0.0,0.0,1.0,1.0,1.0,0
-0.24812030075187969,-0.7604224355583985,0.17396894008628996,-0.4,1.0,0.08333333333333333,0.0,0.0,0.0,0.0,1.0,1.0,0
0.15037593984962405,-0.7604224355583985,0.6373306938799186,0.8,1.0,-0.25,0.0,0.0,1.0,1.0,0.0,1.0,0
-0.03007518796992481,0.5160781644618393,-0.01102560371172495,0.8,0.0,-0.9166666666666666,0.0,0.0,1.0,1.0,0.0,0.0,0
1.1203007518796992,-0.7604224355583985,-0.3392483307190497,0.0,1.0,0.08333333333333333,0.0,0.0,1.0,1.0,0.0,1.0,0
0.8195488721804511,0.050615711688483514,0.7990464646609191,-0.2,1.0,-0.4166666666666667,0.0,1.0,0.0,1.0,1.0,1.0,0
0.9398496240601504,-0.7604224355583985,0.3782992262682684,-0.6,0.0,-0.4166666666666667,0.0,0.0,0.0,1.0,0.0,1.0,1
-1.3834586466165413,0.11460055512987818,0.9839354235082135,-0.8,1.0,-0.6666666666666666,1.0,0.0,1.0,1.0,1.0,0.0,0
-1.1729323308270676,0.22123856571952144,-0.6941620746880653,-0.2,0.0,1.5,1.0,0.0,0.0,1.0,1.0,2.0,1
0.22556390977443608,0.2427571056260089,0.028754471932788503,1.0,0.0,1.0833333333333333,0.0,1.0,0.0,1.0,1.0,1.0,0
0.7293233082706767,-0.1776118273933361,-0.8103616348444649,-0.8,0.0,-0.3333333333333333,0.0,0.0,0.0,1.0,0.0,1.0,0
-1.4360902255639099,-0.7604224355583985,0.335756157024651,0.6,0.0,-0.16666666666666666,0.0,1.0,0.0,1.0,0.0,1.0,0
-0.6766917293233082,0.15746573608848385,0.09432190863452104,0.8,0.0,-0.5,1.0,0.0,0.0,1.0,1.0,1.0,0
0.849624060150376,-0.037173754053559584,-0.2710904342002229,0.6,1.0,-0.08333333333333333,1.0,0.0,1.0,1.0,1.0,1.0,0
0.19548872180451127,-0.7604224355583985,-0.5519778843990443,-0.8,1.0,-0.9166666666666666,0.0,0.0,0.0,1.0,0.0,0.0,0
0.7368421052631579,0.4268266966128991,-0.5406173321069604,0.0,0.0,0.08333333333333333,0.0,0.0,1.0,1.0,1.0,1.0,0
-1.1428571428571428,0.22538858327569097,0.12522048077182293,0.8,0.0,0.0,0.0,1.0,1.0,1.0,0.0,1.0,0
0.15789473684210525,0.31683869545066234,-0.18084381847003275,0.0,0.0,0.25,0.0,0.0,0.0,1.0,0.0,1.0,0
0.03759398496240601,-0.4354808715710674,0.13831996507417466,0.0,0.0,0.4166666666666667,0.0,1.0,1.0,1.0,0.0,1.0,1
1.4360902255639099,-0.7604224355583985,-0.3265948993934105,0.0,1.0,-0.8333333333333334,0.0,0.0,0.0,1.0,1.0,0.0,0
-0.7518796992481203,-0.7604224355583985,0.3383223926081335,0.6,1.0,-0.08333333333333333,0.0,0.0,1.0,0.0,0.0,1.0,0
-0.9699248120300752,0.13025917748121865,-0.8815730113418222,0.6,0.0,-0.08333333333333333,0.0,1.0,0.0,0.0,0.0,1.0,0
0.7819548872180451,0.1735732228594607,0.7187233011191062,0.2,0.0,0.08333333333333333,0.0,1.0,1.0,1.0,0.0,1.0,1
-0.3308270676691729,-0.0469922812791767,0.34267815512018673,-0.6,1.0,-0.5833333333333334,1.0,0.0,0.0,1.0,0.0,0.0,0
-0.924812030075188,-0.026942794936693378,-0.011225734721899784,0.2,1.0,0.5,0.0,0.0,1.0,0.0,0.0,1.0,0
-0.48872180451127817,-0.06451969646297745,-0.29868991102832526,0.2,0.0,0.75,0.0,0.0,0.0,0.0,0.0,1.0,0
0.3609022556390977,-0.3171133888797504,-0.5521777087733507,0.0,1.0,0.75,0.0,1.0,0.0,0.0,1.0,1.0,0
0.19548872180451127,0.39984084861308994,-0.8725203028080311,-0.6,0.0,0.3333333333333333,0.0,0.0,1.0,1.0,0.0,1.0,0
-0.5939849624060151,0.49926474848490626,0.5119716136955333,-0.8,0.0,-0.3333333333333333,0.0,1.0,1.0,1.0,1.0,1.0,0
0.9548872180451128,-0.12792122770255818,-0.13430845243049178,1.0,0.0,-0.4166666666666667,0.0,0.0,1.0,1.0,0.0,1.0,0
0.6165413533834586,-0.13058777538241526,-0.2266480623871118,-0.4,0.0,0.0,0.0,0.0,1.0,0.0,1.0,1.0,0
-0.7368421052631579,-0.7604224355583985,-0.36529398138950264,0.4,1.0,0.9166666666666666,0.0,0.0,0.0,1.0,1.0,1.0,0
0.0,0.18810666770505902,0.5318590962188858,1.0,2.0,0.75,1.0,0.0,1.0,1.0,0.0,1.0,1
0.0,-0.10626604622723734,-0.628938990066659,-0.4,1.0,0.4166666666666667,0.0,1.0,0.0,1.0,0.0,1.0,0
0.518796992481203,0.0252343052291373,0.39982802838374937,0.2,0.0,0.25,1.0,0.0,1.0,1.0,0.0,1.0,1
0.0,-0.7604224355583985,-0.4581020287412356,-0.6,1.0,-0.4166666666666667,0.0,0.0,0.0,1.0,0.0,1.0,0
0.21052631578947367,-0.7604224355583985,-0.39051171521500355,-0.2,1.0,0.0,0.0,0.0,1.0,1.0,0.0,1.0,0
0.3308270676691729,-0.06478201066736601,0.9956615879675065,0.6,0.0,1.9166666666666667,0.0,1.0,1.0,1.0,1.0,2.0,0
0.6015037593984962,-0.7604224355583985,0.8006886019486967,-0.8,1.0,2.5,0.0,1.0,0.0,1.0,1.0,3.0,0
0.9022556390977443,-0.7604224355583985,0.7311621895487508,0.8,1.0,-0.25,0.0,0.0,1.0,1.0,0.0,1.0,0
0.2631578947368421,-0.12940665631695586,0.3256312450706687,0.4,0.0,2.0,0.0,0.0,0.0,1.0,0.0,3.0,1
-0.39097744360902253,-0.14510249469191777,-0.35873677776552665,-0.8,0.0,-0.4166666666666667,0.0,0.0,0.0,1.0,0.0,1.0,0
-0.8796992481203008,0.30449903726064353,-0.19442032597181544,-1.0,0.0,0.08333333333333333,0.0,0.0,0.0,1.0,0.0,1.0,0
0.015037593984962405,-0.7604224355583985,0.5301675905562797,0.4,1.0,-0.75,0.0,0.0,0.0,1.0,0.0,0.0,0
-0.2706766917293233,-0.7604224355583985,-0.8844463938535864,0.2,0.0,-0.08333333333333333,0.0,1.0,0.0,1.0,1.0,1.0,1
0.518796992481203,-0.7604224355583985,-0.4692769641209204,0.4,0.0,0.08333333333333333,0.0,1.0,1.0,0.0,1.0,1.0,0
0.5488721804511278,0.06136557969891759,-0.13108049664278448,-0.8,0.0,0.8333333333333334,1.0,0.0,0.0,0.0,0.0,1.0,1
-0.7293233082706767,-0.42329407330122865,0.7263924686142219,1.0,0.0,0.25,0.0,0.0,1.0,1.0,0.0,1.0,0
-0.2556390977443609,0.02554159205996529,-0.6840054770276714,1.0,1.0,-0.6666666666666666,1.0,0.0,0.0,1.0,1.0,0.0,0
0.3458646616541353,0.508791972182472,-0.09438824419407342,0.8,0.0,0.16666666666666666,0.0,1.0,0.0,0.0,0.0,1.0,0
0.5789473684210527,0.19077713286108677,0.6150219123269283,-0.2,0.0,0.16666666666666666,0.0,0.0,1.0,1.0,1.0,1.0,0
0.5864661654135338,0.43739267829188166,0.6442539185189283,0.2,0.0,0.6666666666666666,1.0,0.0,1.0,0.0,0.0,1.0,0
0.7142857142857143,-0.7604224355583985,0.4319425139516126,0.4,1.0,-0.6666666666666666,0.0,0.0,1.0,1.0,1.0,0.0,0
0.08270676691729323,-0.05332746704335037,-0.20725732997073043,0.0,0.0,0.4166666666666667,1.0,0.0,1.0,1.0,1.0,1.0,0
-1.0075187969924813,0.28790586179402616,0.44838984866625553,-0.8,0.0,-0.8333333333333334,0.0,0.0,0.0,1.0,1.0,0.0,0
-0.3308270676691729,-0.7604224355583985,-0.2943428365325464,-0.8,0.0,1.8333333333333333,0.0,0.0,1.0,1.0,0.0,2.0,1
-1.1203007518796992,0.05778226424559848,0.49174959143964647,0.6,0.0,0.4166666666666667,0.0,0.0,1.0,1.0,1.0,1.0,0
-0.5488721804511278,-0.7604224355583985,-0.07853220564585633,0.6,1.0,0.08333333333333333,0.0,0.0,1.0,0.0,0.0,1.0,0
-0.13533834586466165,-0.7604224355583985,-0.38279777888308664,-0.8,1.0,-0.25,0.0,1.0,1.0,1.0,0.0,1.0,0
1.0300751879699248,0.1770643992732455,0.5004839097299777,0.6,1.0,0.5,1.0,0.0,1.0,0.0,1.0,1.0,1
0.2706766917293233,0.45933642106193456,-0.7477799115943241,0.6,0.0,0.75,0.0,1.0,0.0,1.0,0.0,1.0,0
-0.06015037593984962,-0.7604224355583985,-0.40682096157686487,0.4,0.0,-1.5833333333333333,0.0,1.0,1.0,0.0,1.0,0.0,1
-0.9624060150375939,-0.07177509737964335,0.7609933622278019,-0.6,0.0,1.25,0.0,0.0,1.0,1.0,0.0,2.0,1
-0.3233082706766917,-0.7604224355583985,-0.7870227611972241,-0.8,0.0,2.0,0.0,1.0,1.0,1.0,0.0,3.0,1
-1.0526315789473684,0.2156613332448506,-0.8244565613879262,0.0,0.0,-0.16666666666666666,0.0,1.0,0.0,1.0,1.0,1.0,0
-0.3458646616541353,-0.7604224355583985,0.6390749409119072,0.0,0.0,-0.25,0.0,0.0,1.0,1.0,0.0,1.0,0
0.2556390977443609,0.296481530529734,-0.016352788655188348,-0.6,0.0,0.5,1.0,0.0,1.0,1.0,1.0,1.0,0
0.06766917293233082,-0.7604224355583985,0.07968822287010403,0.0,0.0,0.8333333333333334,0.0,0.0,1.0,0.0,1.0,1.0,1
0.6165413533834586,-0.2019228226638063,-0.617999755457895,0.2,1.0,1.25,1.0,0.0,0.0,0.0,1.0,2.0,0
-0.14285714285714285,0.20354645983750536,-0.624841108320015,-0.4,1.0,-0.25,0.0,0.0,0.0,1.0,1.0,1.0,0
-0.9022556390977443,0.3188873787888802,0.6515506256457719,0.8,0.0,1.25,1.0,0.0,1.0,1.0,0.0,2.0,1
-0.5939849624060151,-0.7604224355583985,-0.22268826899324937,0.6,1.0,-0.75,0.0,1.0,1.0,0.0,0.0,0.0,0
0.849624060150376,-0.09791594576943716,-0.31080110792649907,0.0,0.0,-0.3333333333333333,0.0,1.0,0.0,1.0,1.0,1.0,0
-0.7894736842105263,0.008512088097457743,-0.48179792875136734,-0.2,1.0,-1.0,1.0,0.0,1.0,1.0,1.0,0.0,0
-0.41353383458646614,-0.2531866807847285,0.07557736020502691,-0.2,0.0,0.4166666666666667,0.0,0.0,0.0,1.0,1.0,1.0,0
-0.40601503759398494,0.2580568088105919,-0.5458717421376329,0.6,1.0,-0.75,0.0,0.0,1.0,0.0,1.0,0.0,0
-0.5263157894736842,-0.7604224355583985,-0.1577552619034448,-1.0,0.0,-0.6666666666666666,0.0,0.0,0.0,1.0,1.0,0.0,0
0.3308270676691729,-0.7604224355583985,0.9365392283738346,0.6,1.0,-0.5,0.0,0.0,0.0,0.0,0.0,1.0,0
0.3233082706766917,-0.008103573682379444,-0.4237140426323515,-1.0,0.0,-0.75,0.0,1.0,1.0,1.0,1.0,0.0,0
-0.3458646616541353,-0.11502654148867779,0.7469645668199805,0.2,0.0,0.0,0.0,0.0,1.0,0.0,0.0,1.0,1
1.0676691729323309,0.14683919022790265,0.6243046999740509,0.2,0.0,1.5,1.0,0.0,0.0,1.0,0.0,2.0,1
0.007518796992481203,-0.7604224355583985,-0.5467408504009201,0.8,1.0,-0.16666666666666666,0.0,1.0,1.0,1.0,1.0,1.0,0
0.18796992481203006,-0.7604224355583985,-0.23314097469065875,-1.0,1.0,-0.16666666666666666,0.0,1.0,0.0,0.0,0.0,1.0,0
1.1203007518796992,0.35173079385813394,-0.9081394319289454,-0.2,0.0,0.4166666666666667,0.0,1.0,1.0,1.0,1.0,1.0,0
-0.23308270676691728,0.312994867831993,-0.7992247223124742,-0.2,0.0,-0.8333333333333334,0.0,0.0,1.0,1.0,0.0,0.0,0
-0.5112781954887218,-0.7604224355583985,-0.8137361625773155,1.0,1.0,-0.75,0.0,0.0,1.0,1.0,0.0,0.0,0
-0.5413533834586466,0.14406162127336858,0.2967679174045625,0.8,1.0,0.08333333333333333,1.0,0.0,1.0,1.0,0.0,1.0,1
-0.10526315789473684,0.31146587688257743,0.07355203029357957,0.8,1.0,-0.5833333333333334,0.0,1.0,1.0,1.0,1.0,0.0,0
0.23308270676691728,0.092001810344088,0.4223013711861685,0.4,1.0,1.0,1.0,0.0,0.0,0.0,0.0,1.0,0
-0.8120300751879699,0.13142588023437002,0.25445206533950415,0.8,0.0,2.25,0.0,0.0,1.0,1.0,1.0,3.0,0
0.3233082706766917,-0.7604224355583985,-0.3265142541599948,0.8,1.0,-0.25,0.0,1.0,0.0,1.0,1.0,1.0,0
-0.06015037593984962,-0.7604224355583985,-0.030933017566530094,-0.6,0.0,-0.3333333333333333,0.0,0.0,1.0,1.0,0.0,1.0,0
1.2857142857142858,0.5312335478242944,0.7570816084533377,0.0,0.0,0.0,0.0,0.0,1.0,1.0,1.0,1.0,0
-0.22556390977443608,-0.7604224355583985,0.055252308297323895,0.8,1.0,-0.08333333333333333,0.0,1.0,1.0,1.0,1.0,1.0,0
0.9323308270676691,0.072944542366114,0.5016626180084947,0.6,0.0,-0.16666666666666666,0.0,1.0,1.0,1.0,1.0,1.0,0
0.16541353383458646,0.6083519651764573,-0.09461985648674769,-0.6,0.0,0.75,0.0,0.0,1.0,1.0,0.0,1.0,1
-0.05263157894736842,-0.29370552856566823,0.697865520495861,0.4,0.0,0.08333333333333333,0.0,0.0,0.0,1.0,1.0,1.0,0
-0.21804511278195488,-0.10756899880160486,-0.1902998553828586,-0.8,0.0,0.5833333333333334,0.0,1.0,1.0,0.0,1.0,1.0,0
-0.43609022556390975,-0.7604224355583985,0.04122974781882881,-0.6,1.0,-0.16666666666666666,0.0,0.0,1.0,1.0,0.0,1.0,0
-0.849624060150376,-0.7604224355583985,-0.5239078237247494,-0.6,1.0,0.16666666666666666,0.0,1.0,1.0,1.0,1.0,1.0,0
1.368421052631579,0.26795274536534164,-0.8100056306011355,-0.2,0.0,-1.1666666666666667,0.0,0.0,1.0,1.0,0.0,0.0,0
-0.14285714285714285,-0.7604224355583985,0.31458581223944737,0.4,0.0,-0.6666666666666666,0.0,0.0,1.0,1.0,1.0,0.0,0
0.41353383458646614,-0.7604224355583985,0.5468079014441658,1.0,1.0,0.4166666666666667,0.0,0.0,0.0,1.0,1.0,1.0,0
-0.3233082706766917,-0.7604224355583985,0.13428862331099536,0.2,0.0,0.3333333333333333,0.0,0.0,1.0,0.0,1.0,1.0,0
-0.03759398496240601,0.18964537399537792,-0.22722188030903287,0.4,1.0,-0.3333333333333333,0.0,1.0,1.0,1.0,0.0,1.0,0
0.9624060150375939,-0.014564275383061667,0.2745765773892077,1.0,0.0,0.0,1.0,0.0,0.0,1.0,0.0,1.0,1
0.3383458646616541,-0.7604224355583985,0.9130135112707211,0.4,1.0,3.25,0.0,0.0,0.0,0.0,1.0,3.0,0
1.4887218045112782,0.16128441351013736,-0.10759096257215378,0.8,0.0,0.75,0.0,0.0,1.0,1.0,0.0,1.0,0
1.1203007518796992,-0.13398187673669068,-0.7048817580149827,-0.8,1.0,1.75,0.0,1.0,1.0,1.0,1.0,2.0,0
0.06766917293233082,0.6406308719295165,-0.7163869402250428,-0.6,0.0,0.4166666666666667,0.0,1.0,1.0,0.0,0.0,1.0,1
-1.0751879699248121,0.2768305298633322,0.7248173823696896,0.6,1.0,1.5,0.0,0.0,1.0,1.0,1.0,2.0,0
0.21052631578947367,0.33652722553877934,-0.6923108117379702,0.0,0.0,-1.1666666666666667,0.0,0.0,1.0,0.0,1.0,0.0,0
-0.6917293233082706,-0.7604224355583985,0.2190788581851271,-0.8,1.0,-0.75,0.0,1.0,0.0,1.0,1.0,0.0,0
0.48120300751879697,-0.7604224355583985,-0.004582468630831259,0.2,1.0,-0.6666666666666666,0.0,0.0,0.0,1.0,1.0,0.0,0
-0.6165413533834586,-0.7604224355583985,-0.6373376442929382,-1.0,0.0,-0.6666666666666666,0.0,0.0,0.0,1.0,0.0,0.0,0
-0.6541353383458647,-0.7604224355583985,0.31184039909680417,-0.6,1.0,0.25,0.0,0.0,0.0,1.0,1.0,1.0,0
-0.045112781954887216,0.11375774930651858,-0.7012601839840766,0.8,0.0,0.16666666666666666,1.0,0.0,1.0,1.0,1.0,1.0,0
0.13533834586466165,0.04622257556116173,0.3628065512242247,-0.2,1.0,-0.4166666666666667,1.0,0.0,0.0,0.0,1.0,1.0,0
1.4887218045112782,0.044549578187711984,-0.7714149954905364,-0.6,1.0,0.08333333333333333,1.0,0.0,0.0,0.0,1.0,1.0,0
-0.8721804511278195,-0.24965962028922026,-0.35915697111732886,0.6,0.0,2.0,0.0,0.0,0.0,1.0,1.0,3.0,1
-0.3308270676691729,0.7886724531184853,0.17046235450607158,0.6,1.0,-1.1666666666666667,1.0,0.0,1.0,1.0,1.0,0.0,0
0.7969924812030075,-0.7604224355583985,-0.23751380659939172,0.4,1.0,0.4166666666666667,0.0,0.0,0.0,0.0,1.0,1.0,0
0.0,-0.7604224355583985,0.9112822451571658,-0.2,1.0,3.5833333333333335,0.0,0.0,0.0,1.0,1.0,3.0,0
0.15037593984962405,-0.7604224355583985,-0.8504207491293141,0.6,1.0,-0.25,0.0,0.0,0.0,1.0,1.0,1.0,0
-0.2932330827067669,-0.011210132285727106,-0.3959753531199498,0.8,1.0,0.25,0.0,0.0,0.0,1.0,1.0,1.0,0
-0.849624060150376,-0.11476352213857853,-0.8823296864533258,0.6,0.0,0.08333333333333333,1.0,0.0,0.0,1.0,0.0,1.0,0
0.7969924812030075,-0.134741632065232,-0.21831216630191913,1.0,0.0,0.3333333333333333,1.0,0.0,1.0,1.0,1.0,1.0,0
0.48872180451127817,-0.7604224355583985,0.4712447487010459,0.0,1.0,-0.08333333333333333,0.0,0.0,0.0,1.0,1.0,1.0,0
1.3383458646616542,-0.15163378931319557,-0.8170267742941532,0.6,0.0,0.25,1.0,0.0,0.0,0.0,1.0,1.0,0
0.5939849624060151,-0.7604224355583985,-0.6311552519122262,-0.4,1.0,-0.9166666666666666,0.0,1.0,0.0,1.0,0.0,0.0,0
-0.20300751879699247,-0.7604224355583985,0.535555898249531,0.6,1.0,-0.5,0.0,1.0,0.0,1.0,0.0,1.0,0
-0.015037593984962405,0.34345543884567015,0.8216564648487337,-0.6,2.0,1.5,1.0,0.0,0.0,1.0,1.0,2.0,1
-1.5338345864661653,-0.7604224355583985,-0.04324802510530075,-0.6,1.0,-1.0,0.0,1.0,1.0,0.0,0.0,0.0,0
-0.5488721804511278,-0.7604224355583985,-0.6868675140123011,-0.2,1.0,0.0,0.0,1.0,1.0,1.0,1.0,1.0,0
1.2857142857142858,-0.7604224355583985,0.8488576216836535,-0.8,1.0,0.5833333333333334,0.0,0.0,0.0,0.0,1.0,1.0,0
0.5263157894736842,0.07641033353431288,-0.229447954502392,0.0,0.0,-0.4166666666666667,1.0,0.0,0.0,1.0,1.0,1.0,0
-0.24812030075187969,-0.20626275946473022,0.6286232573340593,0.4,0.0,-0.5833333333333334,0.0,0.0,0.0,1.0,1.0,0.0,0
-0.9022556390977443,-0.7604224355583985,0.34089568081659183,-0.2,1.0,-0.08333333333333333,0.0,0.0,1.0,1.0,1.0,1.0,0
-0.40601503759398494,0.05823739662710782,-0.5744032897940213,-1.0,0.0,-0.25,0.0,1.0,1.0,0.0,1.0,1.0,0
0.44360902255639095,-0.7604224355583985,-0.2777170397424361,0.2,1.0,3.6666666666666665,0.0,0.0,0.0,1.0,1.0,3.0,0
1.1578947368421053,0.31918839765783497,-0.24750543416253212,-0.6,1.0,0.0,0.0,1.0,0.0,0.0,1.0,1.0,0
1.4887218045112782,0.3446193210159787,-0.9553622755856652,-0.6,0.0,-0.5833333333333334,0.0,1.0,1.0,1.0,1.0,0.0,0
1.4285714285714286,0.1222012423962277,0.27799648723059645,-0.6,1.0,0.5833333333333334,0.0,1.0,0.0,1.0,0.0,1.0,0
0.7669172932330827,-0.7604224355583985,-0.26130752345157526,0.2,0.0,0.6666666666666666,0.0,0.0,0.0,1.0,0.0,1.0,1
-1.368421052631579,-0.3237576635137905,0.044417125459937805,-0.2,1.0,-0.5,0.0,1.0,1.0,1.0,1.0,1.0,0
-1.1278195488721805,0.2738124278719185,-0.7281780092765019,-1.0,0.0,0.4166666666666667,1.0,0.0,0.0,0.0,1.0,1.0,1
0.49624060150375937,-0.7604224355583985,-0.17033479398477533,0.4,2.0,2.5,0.0,0.0,0.0,1.0,1.0,3.0,0
-0.22556390977443608,-0.7604224355583985,0.05978203555877299,0.0,1.0,0.08333333333333333,0.0,0.0,1.0,0.0,0.0,1.0,0
0.3383458646616541,-0.7604224355583985,-1.003558994760743,-0.8,0.0,0.4166666666666667,0.0,0.0,0.0,1.0,0.0,1.0,1
0.05263157894736842,0.08257228850221916,0.030355928862011636,-0.4,1.0,-0.4166666666666667,0.0,1.0,1.0,1.0,1.0,1.0,0
-0.21052631578947367,0.06106197529569004,0.6944323231001704,0.4,0.0,-0.8333333333333334,1.0,0.0,0.0,1.0,1.0,0.0,0
0.3458646616541353,-0.7604224355583985,-0.5314114078508749,-0.2,1.0,0.16666666666666666,0.0,0.0,0.0,0.0,1.0,1.0,0
-0.045112781954887216,0.6724092035774863,-0.581681598768755,0.0,1.0,-1.0,0.0,1.0,1.0,1.0,1.0,0.0,1
1.2030075187969924,-0.7604224355583985,0.5873018253905488,1.0,1.0,-1.0833333333333333,0.0,0.0,1.0,1.0,1.0,0.0,0
-0.17293233082706766,-0.493927265551881,-0.8164313896494809,-0.6,0.0,-0.5833333333333334,0.0,1.0,0.0,1.0,0.0,0.0,0
0.7669172932330827,0.3065918313805433,0.2257110853849296,-0.8,0.0,2.3333333333333335,1.0,0.0,1.0,1.0,1.0,3.0,1
-0.9398496240601504,-0.7604224355583985,0.10299837495766194,-1.0,0.0,-0.4166666666666667,0.0,0.0,1.0,1.0,0.0,1.0,0
1.4887218045112782,-0.4183615007052045,-0.9855425020950259,0.4,1.0,-0.8333333333333334,0.0,0.0,0.0,1.0,1.0,0.0,0
0.11278195488721804,-0.7604224355583985,0.6580783922263722,0.0,1.0,-0.25,0.0,1.0,0.0,1.0,0.0,1.0,0
0.05263157894736842,0.41185002851335034,0.05199082698799373,0.4,1.0,-0.5,0.0,1.0,1.0,1.0,1.0,1.0,0
-1.8345864661654134,-0.7604224355583985,0.2598973050923402,-0.4,1.0,0.25,0.0,0.0,1.0,0.0,0.0,1.0,0
-1.105263157894737,0.3798887507282098,-0.4234333686007172,-0.4,1.0,-0.6666666666666666,1.0,0.0,1.0,1.0,1.0,0.0,0
-0.5413533834586466,-0.1729977456099881,-0.8927935332539575,-0.4,0.0,-0.08333333333333333,1.0,0.0,0.0,1.0,1.0,1.0,0
0.43609022556390975,0.16666530207913385,0.9554965820960686,1.0,1.0,-0.3333333333333333,0.0,0.0,1.0,1.0,1.0,1.0,0
1.1353383458646618,-0.7604224355583985,0.8357005920499798,-0.2,1.0,-0.9166666666666666,0.0,0.0,0.0,1.0,1.0,0.0,0
-0.42105263157894735,-0.7604224355583985,-0.9334154265694616,-0.8,1.0,-0.5833333333333334,0.0,1.0,0.0,1.0,0.0,0.0,0
0.6015037593984962,0.013611310129782382,-0.18352402038464158,0.2,0.0,0.6666666666666666,1.0,0.0,0.0,1.0,0.0,1.0,1
0.5263157894736842,-0.7604224355583985,0.14534069991936752,-0.2,1.0,-0.4166666666666667,0.0,1.0,0.0,1.0,1.0,1.0,0
-0.022556390977443608,-0.7604224355583985,-0.7816447769115459,0.4,1.0,0.4166666666666667,0.0,0.0,0.0,0.0,1.0,1.0,0
-0.03759398496240601,0.32814508012590304,0.022187149325151923,-0.2,0.0,0.3333333333333333,0.0,0.0,1.0,1.0,1.0,1.0,1
-0.44360902255639095,0.2541993483748487,0.5583259623607026,-0.2,0.0,0.08333333333333333,1.0,0.0,0.0,1.0,1.0,1.0,0
0.12781954887218044,-0.7604224355583985,1.0031837746696544,-0.2,1.0,-0.9166666666666666,0.0,0.0,1.0,1.0,1.0,0.0,0
0.24060150375939848,-0.7604224355583985,0.32347068874121243,0.4,1.0,0.5,0.0,0.0,0.0,1.0,0.0,1.0,0
0.41353383458646614,-0.7604224355583985,0.2762671631442084,0.8,1.0,-0.4166666666666667,0.0,1.0,1.0,1.0,0.0,1.0,0
0.12030075187969924,-0.7604224355583985,-0.594415777539766,0.8,1.0,-0.5,0.0,0.0,0.0,0.0,0.0,1.0,0
1.4887218045112782,0.3439688632725992,-0.9805883907915719,0.4,0.0,-0.3333333333333333,0.0,0.0,1.0,0.0,0.0,1.0,0
0.0,0.14173064460229168,0.9143727258638285,0.6,0.0,0.3333333333333333,0.0,1.0,1.0,1.0,0.0,1.0,0
1.1278195488721805,0.18091543504806884,-0.408336049403127,0.4,1.0,0.16666666666666666,0.0,0.0,0.0,0.0,1.0,1.0,1
-0.45112781954887216,0.05991783720528183,0.08689835647007432,-0.6,1.0,-0.08333333333333333,1.0,0.0,1.0,1.0,0.0,1.0,0
1.4887218045112782,0.03913813330458426,-0.9779356838931719,0.8,0.0,-0.16666666666666666,0.0,0.0,1.0,1.0,1.0,1.0,0
-0.20300751879699247,0.4031247121879225,-0.5378685459697635,-1.0,0.0,1.5833333333333333,1.0,0.0,1.0,1.0,0.0,2.0,1
-0.7894736842105263,0.3465556511376213,0.19109394007031924,0.4,0.0,-1.25,0.0,1.0,0.0,1.0,0.0,0.0,0
0.44360902255639095,-0.7604224355583985,0.6169719120266807,0.0,0.0,1.25,0.0,0.0,1.0,1.0,1.0,2.0,0
-0.8270676691729323,0.29805431886273775,-0.8697574114208833,-0.4,0.0,0.16666666666666666,0.0,0.0,1.0,1.0,1.0,1.0,1
-0.09022556390977443,0.3170638719809528,-0.7633759229260525,-0.8,0.0,-0.25,0.0,1.0,1.0,0.0,0.0,1.0,0
-0.09774436090225563,-0.7604224355583985,-0.5847178049266931,-1.0,1.0,2.4166666666666665,0.0,0.0,1.0,0.0,1.0,3.0,0
-1.6165413533834587,0.04439554302468101,-0.7896396939109656,-1.0,0.0,0.16666666666666666,0.0,0.0,0.0,0.0,0.0,1.0,0
-0.21052631578947367,0.6522448568336786,0.6555972992023763,-1.0,1.0,-0.16666666666666666,1.0,0.0,0.0,1.0,0.0,1.0,0
0.2706766917293233,-0.7604224355583985,-0.7559443982290248,0.2,0.0,-0.16666666666666666,0.0,1.0,0.0,1.0,0.0,1.0,1
0.45112781954887216,-0.7604224355583985,0.5312863004165267,0.0,1.0,3.0833333333333335,0.0,1.0,1.0,0.0,0.0,3.0,0
0.11278195488721804,-0.19797549532470773,-0.32413608857585924,0.8,1.0,0.0,0.0,0.0,0.0,1.0,1.0,1.0,0
0.2631578947368421,0.03081678712187684,-0.7890729286140201,0.6,1.0,-0.16666666666666666,0.0,1.0,1.0,1.0,0.0,1.0,0
1.1278195488721805,-0.7604224355583985,-0.5988716055569064,0.4,0.0,1.1666666666666667,0.0,1.0,1.0,0.0,1.0,2.0,0
