antecedents,consequents,antecedent support,consequent support,support,confidence,lift,leverage,conviction,zhangs_metric,antecedent_len,consequent_len
"frozenset({'Active_Status_Inactive', 'Age_Band_Senior'})",frozenset({'Churn_Status_Churned'}),0.0787,0.2037,0.0538,0.6836086404066073,3.35595797941388,0.03776881,2.5168196707600914,0.7619911979879731,2,1
"frozenset({'Products_Label_Products_1', 'Age_Band_Senior'})",frozenset({'Churn_Status_Churned'}),0.0995,0.2037,0.0606,0.6090452261306533,2.9899127448731138,0.04033185,2.036808478080657,0.7390805987872524,2,1
frozenset({'Age_Band_Senior'}),frozenset({'Churn_Status_Churned'}),0.1647,0.2037,0.0842,0.5112325440194292,2.509732665780212,0.05065061,1.6292001208903195,0.7201618432281289,1,1
"frozenset({'Products_Label_Products_2', 'Gender_Male', 'Geography_France'})","frozenset({'Balance_Band_Zero_Balance', 'Churn_Status_Retained'})",0.1296,0.3117,0.0944,0.7283950617283951,2.3368465246339274,0.054003680000000005,2.5341954452150075,0.6572528508225325,3,2
"frozenset({'Products_Label_Products_2', 'Geography_France', 'CrCard_Status_Has_CrCard'})","frozenset({'Balance_Band_Zero_Balance', 'Churn_Status_Retained'})",0.1663,0.3117,0.1209,0.7269993986770895,2.332368940253736,0.06906429,2.521239858606118,0.6852001496512751,3,2
"frozenset({'Tenure_Band_Loyal', 'Geography_France', 'Products_Label_Products_2'})","frozenset({'Balance_Band_Zero_Balance', 'Churn_Status_Retained'})",0.1083,0.3117,0.0786,0.7257617728531857,2.3283983729649846,0.04484289000000001,2.509861607009495,0.6398118526495836,3,2
"frozenset({'Balance_Band_Zero_Balance', 'Churn_Status_Retained', 'CreditScore_Band_Fair_Credit'})","frozenset({'Products_Label_Products_2', 'Geography_France'})",0.1017,0.2367,0.056,0.5506391347099312,2.326316580946055,0.03192761,1.6986347883424253,0.6346831713872235,3,2
"frozenset({'Geography_France', 'Products_Label_Products_2', 'CreditScore_Band_Fair_Credit'})","frozenset({'Balance_Band_Zero_Balance', 'Churn_Status_Retained'})",0.0779,0.3117,0.056,0.7188703465982028,2.306289209490545,0.03171857,2.448336520971442,0.614253373510775,3,2
"frozenset({'Products_Label_Products_2', 'Geography_France', 'Active_Status_Active'})","frozenset({'Balance_Band_Zero_Balance', 'Churn_Status_Retained'})",0.1269,0.3117,0.0909,0.7163120567375886,2.2980816706371145,0.05134526999999999,2.4262574914474415,0.6469527607897658,3,2
"frozenset({'Tenure_Band_Loyal', 'Balance_Band_Zero_Balance', 'Churn_Status_Retained'})","frozenset({'Products_Label_Products_2', 'Geography_France'})",0.1446,0.2367,0.0786,0.5435684647302904,2.296444717914197,0.044373180000000005,1.6723209054270056,0.6599769403894791,3,2
"frozenset({'Active_Status_Inactive', 'Balance_Band_Zero_Balance', 'Churn_Status_Retained'})","frozenset({'Products_Label_Products_2', 'Geography_France'})",0.1424,0.2367,0.077,0.5407303370786517,2.2844543180340167,0.04329392,1.661986540723748,0.6556188214770304,3,2
"frozenset({'Age_Band_Middle_Aged', 'Geography_Spain', 'Products_Label_Products_2'})","frozenset({'Balance_Band_Zero_Balance', 'Churn_Status_Retained'})",0.0724,0.3117,0.0515,0.7113259668508286,2.282085232116871,0.028932919999999997,2.3843502309747855,0.6056535918980812,3,2
"frozenset({'Balance_Band_Zero_Balance', 'Churn_Status_Retained', 'CrCard_Status_Has_CrCard'})","frozenset({'Products_Label_Products_2', 'Geography_France'})",0.224,0.2367,0.1209,0.5397321428571428,2.280237189933007,0.0678792,1.6583821496461917,0.7235169220536697,3,2
"frozenset({'Products_Label_Products_2', 'Geography_France'})","frozenset({'Balance_Band_Zero_Balance', 'Churn_Status_Retained', 'CrCard_Status_Has_CrCard'})",0.2367,0.224,0.1209,0.5107731305449936,2.280237189933007,0.0678792,1.5861761625608988,0.7355550000178799,2,3
"frozenset({'Gender_Female', 'Balance_Band_Zero_Balance', 'Churn_Status_Retained'})","frozenset({'Products_Label_Products_2', 'Geography_France'})",0.1364,0.2367,0.0735,0.5388563049853372,2.276536987686258,0.04121412,1.6552324288430251,0.6493009802346136,3,2
"frozenset({'Products_Label_Products_2', 'Geography_France'})","frozenset({'Balance_Band_Zero_Balance', 'Churn_Status_Retained'})",0.2367,0.3117,0.1679,0.7093367131389945,2.275703282447849,0.09412061000000001,2.368032113946029,0.7344103262478907,2,2
"frozenset({'Balance_Band_Zero_Balance', 'Churn_Status_Retained'})","frozenset({'Products_Label_Products_2', 'Geography_France'})",0.3117,0.2367,0.1679,0.5386589669554058,2.275703282447849,0.09412061000000001,1.6545244053149146,0.8144346971161047,2,2
"frozenset({'Balance_Band_Zero_Balance', 'Churn_Status_Retained', 'Gender_Male'})","frozenset({'Products_Label_Products_2', 'Geography_France'})",0.1753,0.2367,0.0944,0.5385054192812321,2.275054580824808,0.052906489999999994,1.6539739148338484,0.6795805819476214,3,2
"frozenset({'Products_Label_Products_2', 'CrCard_Status_Has_CrCard', 'Geography_Spain'})","frozenset({'Balance_Band_Zero_Balance', 'Churn_Status_Retained'})",0.0834,0.3117,0.059,0.7074340527577937,2.269599142630073,0.03300422,2.352631959171741,0.6102919041261553,3,2
"frozenset({'Age_Band_Middle_Aged', 'Geography_France', 'Products_Label_Products_2'})","frozenset({'Balance_Band_Zero_Balance', 'Churn_Status_Retained'})",0.1449,0.3117,0.1025,0.7073844030365769,2.2694398557477604,0.05733467,2.352232774980223,0.6541487944642047,3,2
"frozenset({'Balance_Band_Zero_Balance', 'Churn_Status_Retained', 'Active_Status_Active'})","frozenset({'Products_Label_Products_2', 'Geography_France'})",0.1693,0.2367,0.0909,0.5369167158889545,2.2683426949258747,0.050826689999999994,1.6482996137875365,0.6731064222348562,3,2
"frozenset({'Products_Label_Products_2', 'Geography_Spain'})","frozenset({'Balance_Band_Zero_Balance', 'Churn_Status_Retained'})",0.1183,0.3117,0.0835,0.705832628909552,2.264461433781046,0.04662589000000001,2.3398244173332983,0.6333150643252455,2,2
"frozenset({'Products_Label_Products_2', 'Active_Status_Inactive', 'Geography_France'})","frozenset({'Balance_Band_Zero_Balance', 'Churn_Status_Retained'})",0.1098,0.3117,0.077,0.7012750455373407,2.2498397354422224,0.04277534,2.3041262117989922,0.6240439183373356,3,2
"frozenset({'Age_Band_Middle_Aged', 'Balance_Band_Zero_Balance', 'Churn_Status_Retained'})","frozenset({'Products_Label_Products_2', 'Geography_France'})",0.1926,0.2367,0.1025,0.5321910695742471,2.248377987216929,0.056911579999999996,1.6316490531159198,0.687682594537117,3,2
"frozenset({'Gender_Female', 'Geography_France', 'Products_Label_Products_2'})","frozenset({'Balance_Band_Zero_Balance', 'Churn_Status_Retained'})",0.1071,0.3117,0.0735,0.6862745098039216,2.201714821315116,0.040116929999999995,2.1939562430067645,0.6112762587395805,3,2
"frozenset({'Balance_Band_Zero_Balance', 'Gender_Male', 'Active_Status_Active'})","frozenset({'Products_Label_Products_2', 'Geography_France'})",0.1024,0.2367,0.0521,0.5087890625,2.149510192226447,0.02786192,1.553914907373342,0.595786246796747,3,2
"frozenset({'Balance_Band_Zero_Balance', 'CrCard_Status_Has_CrCard', 'Active_Status_Active'})","frozenset({'Products_Label_Products_2', 'Geography_France'})",0.1342,0.2367,0.0678,0.5052160953800298,2.134415274102365,0.036034859999999995,1.542693671580881,0.6138688041342908,3,2
"frozenset({'Tenure_Band_Loyal', 'Geography_France', 'CrCard_Status_Has_CrCard', 'Products_Label_Products_2'})",frozenset({'Balance_Band_Zero_Balance'}),0.0766,0.3617,0.0589,0.7689295039164491,2.125876427747993,0.031193779999999997,2.7623604400227793,0.573538848273506,4,1
"frozenset({'Tenure_Band_Loyal', 'Churn_Status_Retained', 'Geography_France', 'Products_Label_Products_2'})",frozenset({'Balance_Band_Zero_Balance'}),0.1024,0.3617,0.0786,0.767578125,2.1221402405308267,0.04156192,2.746299147847856,0.5891016133494805,4,1
"frozenset({'Products_Label_Products_2', 'Churn_Status_Retained', 'Geography_France', 'CrCard_Status_Has_CrCard'})",frozenset({'Balance_Band_Zero_Balance'}),0.1577,0.3617,0.1209,0.7666455294863664,2.1195618730615604,0.06385990999999999,2.735323629582593,0.6270976894078769,4,1
"frozenset({'Age_Band_Middle_Aged', 'Balance_Band_Zero_Balance', 'Active_Status_Active'})","frozenset({'Products_Label_Products_2', 'Geography_France'})",0.1051,0.2367,0.0526,0.5004757373929591,2.114388413151496,0.02772283,1.5280539017028865,0.5889484858643423,3,2
"frozenset({'Geography_France', 'Products_Label_Products_2', 'Churn_Status_Retained', 'CreditScore_Band_Fair_Credit'})",frozenset({'Balance_Band_Zero_Balance'}),0.0735,0.3617,0.056,0.761904761904762,2.1064549679423887,0.02941505,2.6808599887403886,0.5669387479762548,4,1
"frozenset({'Products_Label_Products_2', 'Churn_Status_Retained', 'Geography_Spain'})",frozenset({'Balance_Band_Zero_Balance'}),0.1096,0.3617,0.0835,0.7618613138686131,2.1063348461946725,0.04385768,2.6803708699705493,0.5898940663148098,3,1
"frozenset({'Products_Label_Products_2', 'Gender_Male', 'Geography_France', 'CrCard_Status_Has_CrCard'})",frozenset({'Balance_Band_Zero_Balance'}),0.0922,0.3617,0.0702,0.7613882863340563,2.105027056494488,0.03685126,2.6750572615163497,0.5782625288022953,4,1
"frozenset({'Products_Label_Products_2', 'Churn_Status_Retained', 'Geography_France', 'Gender_Male'})",frozenset({'Balance_Band_Zero_Balance'}),0.1243,0.3617,0.0944,0.759452936444087,2.099676351794545,0.049440689999999995,2.6535347715774464,0.5980771073214067,4,1
"frozenset({'Tenure_Band_Loyal', 'Geography_France', 'Products_Label_Products_2'})","frozenset({'Balance_Band_Zero_Balance', 'CrCard_Status_Has_CrCard'})",0.1083,0.2592,0.0589,0.543859649122807,2.0982239549491015,0.030828640000000004,1.6240615349010958,0.5869759466332883,3,2
"frozenset({'Products_Label_Products_2', 'Balance_Band_Mid_Balance'})",frozenset({'Geography_Germany'}),0.1127,0.2509,0.0593,0.5261756876663709,2.097152999865966,0.031023569999999997,1.580965727000471,0.5896123849205074,2,1
"frozenset({'CrCard_Status_Has_CrCard', 'Products_Label_Products_2', 'Churn_Status_Retained', 'Geography_Spain'})",frozenset({'Balance_Band_Zero_Balance'}),0.0778,0.3617,0.059,0.7583547557840618,2.0966401874040965,0.030859739999999997,2.6414755209836818,0.5671724579028042,4,1
"frozenset({'Products_Label_Products_2', 'Geography_France', 'CrCard_Status_Has_CrCard', 'Active_Status_Active'})",frozenset({'Balance_Band_Zero_Balance'}),0.0896,0.3617,0.0678,0.7566964285714286,2.09205537343497,0.035391679999999995,2.623471548850319,0.5733756370177975,4,1
"frozenset({'Products_Label_Products_2', 'Gender_Male', 'Geography_France'})","frozenset({'Balance_Band_Zero_Balance', 'CrCard_Status_Has_CrCard'})",0.1296,0.2592,0.0702,0.5416666666666666,2.089763374485597,0.036607680000000004,1.616290905564456,0.5991233031674208,3,2
"frozenset({'Products_Label_Products_2', 'Churn_Status_Retained', 'Geography_France'})","frozenset({'Balance_Band_Zero_Balance', 'CrCard_Status_Has_CrCard'})",0.2232,0.2592,0.1209,0.5416666666666666,2.089763374485597,0.06304656,1.616290905564456,0.6713142676067496,3,2
"frozenset({'Products_Label_Products_2', 'Churn_Status_Retained', 'Balance_Band_Mid_Balance'})",frozenset({'Geography_Germany'}),0.0977,0.2509,0.0512,0.5240532241555783,2.0886935996635243,0.026687070000000004,1.5739154805640527,0.5776702160451069,3,1
"frozenset({'Active_Status_Inactive', 'Churn_Status_Retained', 'Geography_France', 'Products_Label_Products_2'})",frozenset({'Balance_Band_Zero_Balance'}),0.1021,0.3617,0.077,0.7541625857002938,2.085050001936118,0.04007043,2.5964314635420056,0.5795692112765283,4,1
"frozenset({'Products_Label_Products_2', 'Churn_Status_Retained', 'Geography_France'})",frozenset({'Balance_Band_Zero_Balance'}),0.2232,0.3617,0.1679,0.7522401433691756,2.0797349830499736,0.08716855999999999,2.576284980560093,0.6683438538338438,3,1
"frozenset({'Products_Label_Products_2', 'Churn_Status_Retained', 'Geography_Spain'})","frozenset({'Balance_Band_Zero_Balance', 'CrCard_Status_Has_CrCard'})",0.1096,0.2592,0.059,0.5383211678832116,2.076856357574119,0.030591679999999996,1.6045786526509518,0.5823259780407206,3,2
"frozenset({'Products_Label_Products_2', 'Geography_France', 'CrCard_Status_Has_CrCard'})",frozenset({'Balance_Band_Zero_Balance'}),0.1663,0.3617,0.1249,0.751052315093205,2.0764509679104366,0.06474928999999999,2.563992501777972,0.6218172570922276,3,1
"frozenset({'Products_Label_Products_2', 'Tenure_Band_Loyal', 'Geography_France'})",frozenset({'Balance_Band_Zero_Balance'}),0.1083,0.3617,0.0813,0.7506925207756233,2.075456236592821,0.042127889999999994,2.560292211952606,0.5811127383450574,3,1
"frozenset({'Products_Label_Products_2', 'Churn_Status_Retained', 'Geography_France', 'Active_Status_Active'})",frozenset({'Balance_Band_Zero_Balance'}),0.1211,0.3617,0.0909,0.7506193228736581,2.0752538647322587,0.047098129999999995,2.5595407182132317,0.5895224065585531,4,1
"frozenset({'Age_Band_Middle_Aged', 'Churn_Status_Retained', 'Geography_Spain', 'Products_Label_Products_2'})",frozenset({'Balance_Band_Zero_Balance'}),0.0688,0.3617,0.0515,0.748546511627907,2.069523117577846,0.026615039999999996,2.538441608402035,0.55497948153338,4,1
"frozenset({'Products_Label_Products_2', 'Geography_France', 'Active_Status_Active'})","frozenset({'Balance_Band_Zero_Balance', 'CrCard_Status_Has_CrCard'})",0.1269,0.2592,0.0678,0.5342789598108747,2.0612614190234364,0.03490752,1.5906517732342857,0.5896921051324595,3,2
"frozenset({'Products_Label_Products_2', 'Active_Status_Inactive', 'Geography_France', 'CrCard_Status_Has_CrCard'})",frozenset({'Balance_Band_Zero_Balance'}),0.0767,0.3617,0.0571,0.7444589308996088,2.05822209261711,0.029357609999999996,2.4978372351232583,0.5568545248967051,4,1
"frozenset({'Age_Band_Middle_Aged', 'Churn_Status_Retained', 'Geography_France', 'Products_Label_Products_2'})",frozenset({'Balance_Band_Zero_Balance'}),0.1377,0.3617,0.1025,0.7443718228031954,2.05798126293391,0.05269391,2.496986069777415,0.5961810585982469,4,1
"frozenset({'Geography_France', 'Products_Label_Products_2', 'CreditScore_Band_Fair_Credit'})",frozenset({'Balance_Band_Zero_Balance'}),0.0779,0.3617,0.0579,0.7432605905006419,2.0549090143783295,0.029723569999999998,2.4861784903163344,0.5567296920616921,3,1
"frozenset({'Gender_Female', 'Churn_Status_Retained', 'Geography_France', 'Products_Label_Products_2'})",frozenset({'Balance_Band_Zero_Balance'}),0.0989,0.3617,0.0735,0.743174924165824,2.0546721707653415,0.03772786999999999,2.485349202921218,0.5696419417839269,4,1
"frozenset({'Products_Label_Products_2', 'Gender_Male', 'Geography_France'})",frozenset({'Balance_Band_Zero_Balance'}),0.1296,0.3617,0.0963,0.7430555555555556,2.0543421497250636,0.04942368,2.4841945849263776,0.5896440351841671,3,1
"frozenset({'Gender_Female', 'Geography_France', 'CrCard_Status_Has_CrCard', 'Products_Label_Products_2'})",frozenset({'Balance_Band_Zero_Balance'}),0.0741,0.3617,0.0547,0.738191632928475,2.0408947551243433,0.027898029999999997,2.438042774192836,0.5508357597815299,4,1
"frozenset({'Products_Label_Products_2', 'Gender_Male', 'Geography_France', 'Active_Status_Active'})",frozenset({'Balance_Band_Zero_Balance'}),0.0706,0.3617,0.0521,0.7379603399433429,2.040255294286267,0.02656398,2.435890801514925,0.5485961471025205,4,1
"frozenset({'Age_Band_Middle_Aged', 'Geography_France', 'CrCard_Status_Has_CrCard', 'Products_Label_Products_2'})",frozenset({'Balance_Band_Zero_Balance'}),0.103,0.3617,0.076,0.7378640776699029,2.0399891558471186,0.0387449,2.434996287007236,0.5683403743472394,4,1
"frozenset({'Age_Band_Middle_Aged', 'Gender_Male', 'Geography_France', 'Products_Label_Products_2'})",frozenset({'Balance_Band_Zero_Balance'}),0.0802,0.3617,0.0591,0.7369077306733167,2.037345122126947,0.03009166,2.4261450144750314,0.553560713007205,4,1
"frozenset({'Products_Label_Products_2', 'Geography_France'})","frozenset({'Balance_Band_Zero_Balance', 'CrCard_Status_Has_CrCard'})",0.2367,0.2592,0.1249,0.527672158850866,2.035772217788835,0.06354736,1.568402143369939,0.6665608656189985,2,2
"frozenset({'Products_Label_Products_2', 'Active_Status_Inactive', 'Geography_France'})",frozenset({'Balance_Band_Zero_Balance'}),0.1098,0.3617,0.0807,0.7349726775956283,2.03199523803049,0.040985339999999995,2.4084309187475688,0.5705154599567868,3,1
"frozenset({'Products_Label_Products_2', 'Geography_France'})",frozenset({'Balance_Band_Zero_Balance'}),0.2367,0.3617,0.1739,0.7346852555978032,2.031200596068021,0.08828561,2.4058218062188215,0.6651124505764632,2,1
"frozenset({'Products_Label_Products_2', 'Geography_France', 'Active_Status_Active'})",frozenset({'Balance_Band_Zero_Balance'}),0.1269,0.3617,0.0932,0.7344365642237982,2.0305130335189334,0.04730027,2.403568833679142,0.5812777764396312,3,1
"frozenset({'Age_Band_Middle_Aged', 'Geography_France', 'Products_Label_Products_2', 'Active_Status_Active'})",frozenset({'Balance_Band_Zero_Balance'}),0.0717,0.3617,0.0526,0.7336122733612274,2.0282340983169127,0.02666611,2.396131404617664,0.5461168438648021,4,1
"frozenset({'Products_Label_Products_2', 'Geography_France', 'Tenure_Band_Established'})",frozenset({'Balance_Band_Zero_Balance'}),0.0689,0.3617,0.0505,0.7329462989840348,2.0263928642080034,0.02557887,2.3901559693107743,0.5439934241517803,3,1
"frozenset({'Age_Band_Middle_Aged', 'Geography_France', 'Products_Label_Products_2'})","frozenset({'Balance_Band_Zero_Balance', 'CrCard_Status_Has_CrCard'})",0.1449,0.2592,0.076,0.5244996549344375,2.023532619345824,0.03844192,1.5579378777105195,0.5915269989967317,3,2
"frozenset({'Age_Band_Middle_Aged', 'Geography_France', 'Products_Label_Products_2'})",frozenset({'Balance_Band_Zero_Balance'}),0.1449,0.3617,0.1059,0.7308488612836438,2.0205940317490843,0.05348966999999999,2.3715299911888525,0.590686509173587,3,1
"frozenset({'Products_Label_Products_2', 'Geography_Spain', 'CrCard_Status_Has_CrCard'})",frozenset({'Balance_Band_Zero_Balance'}),0.0834,0.3617,0.0609,0.7302158273381295,2.0188438687811154,0.03073422,2.365965324563488,0.5505858554155484,3,1
"frozenset({'Age_Band_Middle_Aged', 'Active_Status_Inactive', 'Geography_France', 'Products_Label_Products_2'})",frozenset({'Balance_Band_Zero_Balance'}),0.0732,0.3617,0.0533,0.7281420765027322,2.0131105239224003,0.02682356,2.347917579303137,0.5430041920352141,4,1
"frozenset({'Age_Band_Middle_Aged', 'Geography_Spain', 'Products_Label_Products_2'})",frozenset({'Balance_Band_Zero_Balance'}),0.0724,0.3617,0.0527,0.7279005524861878,2.0124427771252082,0.026512919999999992,2.3458334939168344,0.542358194373188,3,1
"frozenset({'Products_Label_Products_2', 'Geography_Spain'})",frozenset({'Balance_Band_Zero_Balance'}),0.1183,0.3617,0.0861,0.7278106508875739,2.0121942241846114,0.04331088999999999,2.3450586870366315,0.5705229457874708,2,1
"frozenset({'Products_Label_Products_2', 'Active_Status_Inactive', 'Geography_France'})","frozenset({'Balance_Band_Zero_Balance', 'CrCard_Status_Has_CrCard'})",0.1098,0.2592,0.0571,0.5200364298724954,2.0063133868537633,0.02863984,1.5434504711675356,0.5634389800438399,3,2
"frozenset({'Gender_Female', 'Geography_France', 'Products_Label_Products_2'})",frozenset({'Balance_Band_Zero_Balance'}),0.1071,0.3617,0.0776,0.7245564892623716,2.003197371474624,0.03886193,2.317353550908862,0.5608669134397013,3,1
"frozenset({'Products_Label_Products_2', 'Geography_Spain'})","frozenset({'Balance_Band_Zero_Balance', 'CrCard_Status_Has_CrCard'})",0.1183,0.2592,0.0609,0.514792899408284,1.9860837168529475,0.030236640000000002,1.5267707285606797,0.5631127954226357,2,2
"frozenset({'Gender_Female', 'Geography_France', 'Products_Label_Products_2'})","frozenset({'Balance_Band_Zero_Balance', 'CrCard_Status_Has_CrCard'})",0.1071,0.2592,0.0547,0.5107376283846872,1.9704383811137622,0.02693968,1.5141160274396597,0.5515720912672243,3,2
"frozenset({'Active_Status_Inactive', 'Balance_Band_Zero_Balance', 'Churn_Status_Retained'})","frozenset({'Age_Band_Middle_Aged', 'Products_Label_Products_2'})",0.1424,0.2826,0.0771,0.5414325842696629,1.9158973257949854,0.036857759999999996,1.5644373625914871,0.5574292932226028,3,2
"frozenset({'Products_Label_Products_2', 'Age_Band_Young_Adult'})","frozenset({'Balance_Band_Zero_Balance', 'Churn_Status_Retained'})",0.1025,0.3117,0.0612,0.5970731707317073,1.9155379234254326,0.02925075,1.7082506010872713,0.5325386421978262,2,2
"frozenset({'Balance_Band_Zero_Balance', 'Age_Band_Young_Adult'})","frozenset({'Products_Label_Products_2', 'Churn_Status_Retained'})",0.077,0.4242,0.0612,0.7948051948051947,1.873656753430445,0.028536599999999995,2.8061139103752666,0.505183438489155,2,2
"frozenset({'Tenure_Band_Loyal', 'Products_Label_Products_2', 'Active_Status_Active'})","frozenset({'Balance_Band_Zero_Balance', 'Churn_Status_Retained'})",0.1096,0.3117,0.0627,0.5720802919708029,1.8353554442438336,0.02853768000000001,1.6084793139383937,0.5111707226900873,3,2
"frozenset({'Products_Label_Products_2', 'Salary_Band_Low_Income'})","frozenset({'Balance_Band_Zero_Balance', 'Churn_Status_Retained'})",0.1151,0.3117,0.0655,0.5690703735881842,1.8256989848834915,0.02962333000000001,1.597244552745104,0.5110911743165012,2,2
"frozenset({'Tenure_Band_Loyal', 'CrCard_Status_Has_CrCard', 'Products_Label_Products_2'})","frozenset({'Balance_Band_Zero_Balance', 'Churn_Status_Retained'})",0.1492,0.3117,0.0848,0.5683646112600537,1.8234347489895852,0.038294360000000006,1.5946329155602605,0.5307762505433289,3,2
"frozenset({'Tenure_Band_Loyal', 'Gender_Male', 'Products_Label_Products_2'})","frozenset({'Balance_Band_Zero_Balance', 'Churn_Status_Retained'})",0.1165,0.3117,0.066,0.5665236051502146,1.81752840920826,0.029686950000000004,1.58786039237652,0.5091140608118537,3,2
"frozenset({'Products_Label_Products_2', 'Active_Status_Inactive', 'Gender_Male'})","frozenset({'Balance_Band_Zero_Balance', 'Churn_Status_Retained'})",0.1157,0.3117,0.0653,0.564390665514261,1.8106854844859193,0.02923631,1.5800855122457163,0.506302126997085,3,2
"frozenset({'Balance_Band_Zero_Balance', 'Churn_Status_Retained', 'CreditScore_Band_Fair_Credit'})","frozenset({'Products_Label_Products_2', 'CrCard_Status_Has_CrCard'})",0.1017,0.3246,0.0597,0.5870206489675517,1.8084431576326299,0.026688180000000006,1.6354328531827735,0.4976491049257196,3,2
"frozenset({'Products_Label_Products_2', 'CreditScore_Band_Poor_Credit'})","frozenset({'Balance_Band_Zero_Balance', 'Churn_Status_Retained'})",0.1044,0.3117,0.0588,0.5632183908045977,1.806924577493095,0.02625852,1.57584473323425,0.4986304928402804,2,2
"frozenset({'Tenure_Band_Loyal', 'Balance_Band_Zero_Balance', 'Churn_Status_Retained'})","frozenset({'Products_Label_Products_2', 'CrCard_Status_Has_CrCard'})",0.1446,0.3246,0.0848,0.5864453665283541,1.8066708765506905,0.03786284,1.6331578555826987,0.5219730590565598,3,2
"frozenset({'Balance_Band_Zero_Balance', 'Churn_Status_Retained', 'Salary_Band_High_Income'})",frozenset({'Products_Label_Products_2'}),0.0759,0.459,0.0629,0.8287220026350461,1.8054945591177476,0.0280619,3.158607673866283,0.4827779841306516,3,1
"frozenset({'Products_Label_Products_2', 'CrCard_Status_Has_CrCard', 'Active_Status_Active'})","frozenset({'Balance_Band_Zero_Balance', 'Churn_Status_Retained'})",0.1735,0.3117,0.0976,0.5625360230547551,1.8047353963899748,0.04352005000000001,1.5733866894205195,0.5395065355587952,3,2
"frozenset({'Balance_Band_Zero_Balance', 'Churn_Status_Retained', 'Age_Band_Young_Adult'})",frozenset({'Products_Label_Products_2'}),0.0739,0.459,0.0612,0.8281461434370772,1.8042399639152007,0.027279899999999996,3.148023603729217,0.48131951193175676,3,1
"frozenset({'Products_Label_Products_2', 'Tenure_Band_Established', 'CrCard_Status_Has_CrCard'})","frozenset({'Balance_Band_Zero_Balance', 'Churn_Status_Retained'})",0.0982,0.3117,0.0552,0.5621181262729125,1.8033946944912176,0.02459106,1.571885112689323,0.4940011281784258,3,2
"frozenset({'Products_Label_Products_2', 'Gender_Male', 'CrCard_Status_Has_CrCard'})","frozenset({'Balance_Band_Zero_Balance', 'Churn_Status_Retained'})",0.1797,0.3117,0.101,0.562047857540345,1.8031692574281202,0.04498751000000001,1.5716329061953946,0.5429975510046434,3,2
"frozenset({'Geography_France', 'Gender_Male', 'Balance_Band_Mid_Balance'})","frozenset({'Products_Label_Products_1', 'Churn_Status_Retained'})",0.0777,0.3675,0.0514,0.6615186615186615,1.8000507796426162,0.02284525,1.8686406788899852,0.4819040623783124,3,2
"frozenset({'Products_Label_Products_2', 'Tenure_Band_Loyal'})","frozenset({'Balance_Band_Zero_Balance', 'Churn_Status_Retained'})",0.2085,0.3117,0.1169,0.5606714628297362,1.7987534899895292,0.051910550000000014,1.5667090575692266,0.561035315885691,2,2
"frozenset({'Balance_Band_Zero_Balance', 'Churn_Status_Retained', 'Tenure_Band_Established'})","frozenset({'Products_Label_Products_2', 'CrCard_Status_Has_CrCard'})",0.0946,0.3246,0.0552,0.5835095137420718,1.7976263516391615,0.02449284,1.6216456813855915,0.4900716474102246,3,2
"frozenset({'Tenure_Band_Loyal', 'Balance_Band_Zero_Balance', 'Churn_Status_Retained', 'Active_Status_Inactive'})",frozenset({'Products_Label_Products_2'}),0.0657,0.459,0.0542,0.8249619482496195,1.7973027194980817,0.024043699999999998,3.090756504081505,0.47480541700418605,4,1
"frozenset({'Tenure_Band_Loyal', 'Age_Band_Middle_Aged', 'Products_Label_Products_2'})","frozenset({'Balance_Band_Zero_Balance', 'Churn_Status_Retained'})",0.1279,0.3117,0.0716,0.5598123534010945,1.7959972839303642,0.031733569999999996,1.5636513285969622,0.5082058077241155,3,2
"frozenset({'Gender_Female', 'Balance_Band_Zero_Balance', 'Churn_Status_Retained', 'Active_Status_Inactive'})",frozenset({'Products_Label_Products_2'}),0.0616,0.459,0.0507,0.823051948051948,1.793141499023852,0.0224256,3.057394478134357,0.47135499427453,4,1
"frozenset({'Geography_France', 'Balance_Band_Zero_Balance', 'Churn_Status_Retained', 'CreditScore_Band_Fair_Credit'})",frozenset({'Products_Label_Products_2'}),0.0681,0.459,0.056,0.8223201174743026,1.7915470968939053,0.024742100000000003,3.044801635756117,0.4741101129796269,4,1
"frozenset({'Balance_Band_Zero_Balance', 'Churn_Status_Retained', 'Geography_France'})","frozenset({'Products_Label_Products_2', 'CrCard_Status_Has_CrCard'})",0.2081,0.3246,0.1209,0.58097068716963,1.7898049512311458,0.053350739999999994,1.6118204089974788,0.5572419506811678,3,2
"frozenset({'Products_Label_Products_2', 'CreditScore_Band_Good_Credit'})","frozenset({'Balance_Band_Zero_Balance', 'Churn_Status_Retained'})",0.1128,0.3117,0.0629,0.5576241134751773,1.7889769440974568,0.02774024,1.5559166297493505,0.4970934441575719,2,2
"frozenset({'Products_Label_Products_2', 'Tenure_Band_Established'})","frozenset({'Balance_Band_Zero_Balance', 'Churn_Status_Retained'})",0.136,0.3117,0.0758,0.5573529411764706,1.7881069655966335,0.03340880000000001,1.5549634516366275,0.5101265513534644,2,2
"frozenset({'Gender_Female', 'Products_Label_Products_2', 'Active_Status_Active'})","frozenset({'Balance_Band_Zero_Balance', 'Churn_Status_Retained'})",0.1073,0.3117,0.0598,0.5573159366262814,1.7879882471167194,0.026354589999999997,1.5548334701719233,0.49368456072348993,3,2
"frozenset({'Products_Label_Products_2', 'Gender_Male'})","frozenset({'Balance_Band_Zero_Balance', 'Churn_Status_Retained'})",0.253,0.3117,0.1409,0.5569169960474308,1.7867083607553125,0.06203990000000001,1.5534335379748556,0.5894398507206019,2,2
"frozenset({'Gender_Female', 'Balance_Band_Zero_Balance', 'Churn_Status_Retained'})","frozenset({'Products_Label_Products_2', 'CrCard_Status_Has_CrCard'})",0.1364,0.3246,0.0789,0.5784457478005866,1.7820263333351403,0.03462456,1.6021662570689483,0.5081531549777482,3,2
"frozenset({'Active_Status_Inactive', 'Balance_Band_Zero_Balance', 'Churn_Status_Retained'})","frozenset({'Products_Label_Products_2', 'CrCard_Status_Has_CrCard'})",0.1424,0.3246,0.0823,0.5779494382022472,1.7804973450469723,0.03607696,1.6002821925477506,0.5111464246205183,3,2
"frozenset({'Products_Label_Products_2', 'CrCard_Status_Has_CrCard'})","frozenset({'Balance_Band_Zero_Balance', 'Churn_Status_Retained'})",0.3246,0.3117,0.1799,0.5542205791743685,1.7780576810213942,0.07872218000000002,1.5440371769095063,0.6478953941279193,2,2
"frozenset({'Balance_Band_Zero_Balance', 'Churn_Status_Retained'})","frozenset({'Products_Label_Products_2', 'CrCard_Status_Has_CrCard'})",0.3117,0.3246,0.1799,0.5771575232595445,1.778057681021394,0.07872218000000002,1.5972851252058138,0.6357526502891133,2,2
"frozenset({'Geography_France', 'Age_Band_Middle_Aged', 'Balance_Band_Mid_Balance'})","frozenset({'Products_Label_Products_1', 'Churn_Status_Retained'})",0.0839,0.3675,0.0548,0.6531585220500596,1.7773021008164889,0.023966750000000002,1.8235996510996564,0.47740361593138797,3,2
"frozenset({'Balance_Band_Zero_Balance', 'Churn_Status_Retained', 'CrCard_Status_No_CrCard'})",frozenset({'Products_Label_Products_2'}),0.0877,0.459,0.0715,0.8152793614595211,1.7762077591710699,0.031245699999999994,2.9287468977252398,0.4790121639842126,3,1
"frozenset({'Balance_Band_Zero_Balance', 'Churn_Status_Retained', 'Active_Status_Active'})","frozenset({'Products_Label_Products_2', 'CrCard_Status_Has_CrCard'})",0.1693,0.3246,0.0976,0.5764914353219138,1.7760056541032465,0.042645220000000005,1.594772939051673,0.5259885993838892,3,2
"frozenset({'Products_Label_Products_2', 'Active_Status_Active'})","frozenset({'Balance_Band_Zero_Balance', 'Churn_Status_Retained'})",0.2446,0.3117,0.1354,0.5535568274734259,1.7759282241688354,0.05915817999999999,1.5417415716381866,0.5783878477717694,2,2
"frozenset({'Balance_Band_Zero_Balance', 'Churn_Status_Retained', 'CreditScore_Band_Fair_Credit'})",frozenset({'Products_Label_Products_2'}),0.1017,0.459,0.0829,0.8151425762045231,1.775909752079571,0.0362197,2.9265797714024915,0.4863723959490833,3,1
"frozenset({'Gender_Female', 'Tenure_Band_Loyal', 'Products_Label_Products_2'})","frozenset({'Balance_Band_Zero_Balance', 'Churn_Status_Retained'})",0.092,0.3117,0.0509,0.5532608695652174,1.7749787281527667,0.022223600000000003,1.5407201911983877,0.4808512848030604,3,2
"frozenset({'Balance_Band_Zero_Balance', 'Churn_Status_Retained', 'Gender_Male'})","frozenset({'Products_Label_Products_2', 'CrCard_Status_Has_CrCard'})",0.1753,0.3246,0.101,0.576155162578437,1.7749696937105268,0.044097620000000004,1.5935076678419666,0.5294168776644853,3,2
"frozenset({'Balance_Band_Zero_Balance', 'Active_Status_Inactive', 'Churn_Status_Retained'})",frozenset({'Products_Label_Products_2'}),0.1424,0.459,0.116,0.8146067415730338,1.7747423563682654,0.0506384,2.9181211963810445,0.5090227740607308,3,1
"frozenset({'Tenure_Band_Loyal', 'Balance_Band_Zero_Balance', 'Churn_Status_Retained', 'Gender_Male'})",frozenset({'Products_Label_Products_2'}),0.0811,0.459,0.066,0.813810110974106,1.7730067777213638,0.028775099999999998,2.905635745983638,0.4744655170708059,4,1
"frozenset({'Salary_Band_Low_Income', 'Churn_Status_Retained', 'Balance_Band_Zero_Balance'})",frozenset({'Products_Label_Products_2'}),0.0806,0.459,0.0655,0.8126550868486352,1.7704903852911442,0.028504599999999998,2.887721838890702,0.4733355806226098,3,1
"frozenset({'Balance_Band_Zero_Balance', 'Churn_Status_Retained', 'CreditScore_Band_Fair_Credit', 'CrCard_Status_Has_CrCard'})",frozenset({'Products_Label_Products_2'}),0.0735,0.459,0.0597,0.8122448979591838,1.769596727579921,0.0259635,2.8814130281316053,0.4694004290204395,4,1
"frozenset({'Active_Status_Inactive', 'Balance_Band_Zero_Balance', 'Churn_Status_Retained', 'Geography_France'})",frozenset({'Products_Label_Products_2'}),0.0949,0.459,0.077,0.8113804004214963,1.767713290678641,0.033440899999999996,2.868206688704311,0.47983361241564754,4,1
"frozenset({'Active_Status_Inactive', 'Balance_Band_Zero_Balance', 'Churn_Status_Retained', 'CrCard_Status_Has_CrCard'})",frozenset({'Products_Label_Products_2'}),0.1015,0.459,0.0823,0.8108374384236452,1.7665303669360461,0.03571149999999999,2.859973943214198,0.4829366616833374,4,1
"frozenset({'Products_Label_Products_2', 'Gender_Male', 'Active_Status_Active'})","frozenset({'Balance_Band_Zero_Balance', 'Churn_Status_Retained'})",0.1373,0.3117,0.0756,0.5506190823015294,1.766503311843213,0.03280359,1.531662719444128,0.5029673358466681,3,2
"frozenset({'Tenure_Band_Loyal', 'Balance_Band_Zero_Balance', 'Churn_Status_Retained', 'Geography_France'})",frozenset({'Products_Label_Products_2'}),0.097,0.459,0.0786,0.8103092783505155,1.7653796913954585,0.034077,2.85201085453016,0.48012139348904836,4,1
"frozenset({'Gender_Female', 'Balance_Band_Zero_Balance', 'Churn_Status_Retained'})",frozenset({'Products_Label_Products_2'}),0.1364,0.459,0.1105,0.810117302052786,1.7649614423807973,0.0478924,2.8491273981227425,0.5018705241030391,3,1
"frozenset({'Age_Band_Middle_Aged', 'Gender_Male', 'Products_Label_Products_2'})","frozenset({'Balance_Band_Zero_Balance', 'Churn_Status_Retained'})",0.1589,0.3117,0.0874,0.5500314663310258,1.7646181146327427,0.03787087000000001,1.5296625140830298,0.5151648421607643,3,2
"frozenset({'Tenure_Band_Loyal', 'Balance_Band_Zero_Balance', 'Churn_Status_Retained', 'CrCard_Status_Has_CrCard'})",frozenset({'Products_Label_Products_2'}),0.1047,0.459,0.0848,0.8099331423113658,1.764560222900579,0.036742699999999996,2.8463668191952456,0.4839568374888569,4,1
"frozenset({'Balance_Band_Zero_Balance', 'Churn_Status_Retained', 'Tenure_Band_New_Customer'})",frozenset({'Products_Label_Products_2'}),0.0725,0.459,0.0587,0.8096551724137931,1.763954623995192,0.0254225,2.8422101299956353,0.4669455452136819,3,1
"frozenset({'Age_Band_Middle_Aged', 'CrCard_Status_Has_CrCard', 'Products_Label_Products_2'})","frozenset({'Balance_Band_Zero_Balance', 'Churn_Status_Retained'})",0.2003,0.3117,0.1101,0.5496754867698452,1.7634760563678065,0.047666490000000006,1.528453322548235,0.541375699811135,3,2
"frozenset({'Tenure_Band_Loyal', 'Balance_Band_Zero_Balance', 'Churn_Status_Retained'})",frozenset({'Products_Label_Products_2'}),0.1446,0.459,0.1169,0.8084370677731674,1.7613008012487306,0.05052859999999999,2.8241371693729156,0.5053048984032003,3,1
"frozenset({'Age_Band_Middle_Aged', 'Balance_Band_Zero_Balance', 'Churn_Status_Retained'})","frozenset({'Products_Label_Products_2', 'CrCard_Status_Has_CrCard'})",0.1926,0.3246,0.1101,0.5716510903426791,1.7610939320476868,0.047582040000000006,1.5767519963190006,0.5352627163316975,3,2
"frozenset({'Active_Status_Inactive', 'Balance_Band_Zero_Balance', 'Churn_Status_Retained', 'Age_Band_Middle_Aged'})",frozenset({'Products_Label_Products_2'}),0.0954,0.459,0.0771,0.8081761006289309,1.7607322453789342,0.0333114,2.8202950672646914,0.4776193618264108,4,1
"frozenset({'Active_Status_Inactive', 'Balance_Band_Zero_Balance', 'Churn_Status_Retained', 'Gender_Male'})",frozenset({'Products_Label_Products_2'}),0.0808,0.459,0.0653,0.8081683168316831,1.7607152872149958,0.028212799999999996,2.8201806304599604,0.47002720256111913,4,1
"frozenset({'Balance_Band_Zero_Balance', 'Churn_Status_Retained', 'Geography_France', 'Gender_Male'})",frozenset({'Products_Label_Products_2'}),0.1169,0.459,0.0944,0.8075278015397775,1.7593198290626961,0.04074289999999999,2.81079554095191,0.48873119346523886,4,1
"frozenset({'Tenure_Band_Loyal', 'Active_Status_Inactive', 'Products_Label_Products_2'})","frozenset({'Balance_Band_Zero_Balance', 'Churn_Status_Retained'})",0.0989,0.3117,0.0542,0.5480283114256824,1.7581915669736363,0.02337287,1.522882994393442,0.478563715278702,3,2
"frozenset({'Balance_Band_Zero_Balance', 'Churn_Status_Retained', 'Geography_France'})",frozenset({'Products_Label_Products_2'}),0.2081,0.459,0.1679,0.806823642479577,1.7577857134631307,0.07238209999999999,2.8005497367464063,0.5443900011740372,3,1
frozenset({'Products_Label_Products_2'}),"frozenset({'Balance_Band_Zero_Balance', 'Churn_Status_Retained'})",0.459,0.3117,0.2514,0.5477124183006536,1.7571781145353023,0.10832970000000003,1.5218193607971335,0.7964985728717704,1,2
"frozenset({'Balance_Band_Zero_Balance', 'Churn_Status_Retained'})",frozenset({'Products_Label_Products_2'}),0.3117,0.459,0.2514,0.8065447545717037,1.757178114535302,0.10832970000000003,2.796512423355343,0.6260434809292863,2,1
"frozenset({'Balance_Band_Zero_Balance', 'Age_Band_Young_Adult'})",frozenset({'Products_Label_Products_2'}),0.077,0.459,0.0621,0.8064935064935065,1.7570664629488157,0.026757000000000003,2.795771797632588,0.46681426350746624,2,1
"frozenset({'Age_Band_Middle_Aged', 'Active_Status_Inactive', 'Products_Label_Products_2'})","frozenset({'Balance_Band_Zero_Balance', 'Churn_Status_Retained'})",0.1408,0.3117,0.0771,0.5475852272727273,1.7567700586228019,0.03321264,1.5213915194001268,0.5013658529516192,3,2
"frozenset({'Age_Band_Middle_Aged', 'CreditScore_Band_Fair_Credit', 'Products_Label_Products_2'})","frozenset({'Balance_Band_Zero_Balance', 'Churn_Status_Retained'})",0.0926,0.3117,0.0507,0.5475161987041037,1.7565486002698227,0.021836580000000005,1.5211594238458388,0.47465481061045744,3,2
"frozenset({'Balance_Band_Zero_Balance', 'Churn_Status_Retained', 'Geography_Spain'})",frozenset({'Products_Label_Products_2'}),0.1036,0.459,0.0835,0.8059845559845561,1.7559576383105797,0.0359476,2.7884377965730285,0.48026570687273384,3,1
"frozenset({'Gender_Female', 'Balance_Band_Zero_Balance', 'Churn_Status_Retained', 'Geography_France'})",frozenset({'Products_Label_Products_2'}),0.0912,0.459,0.0735,0.8059210526315789,1.7558192867790388,0.03163919999999999,2.787525409365969,0.4736634090255819,4,1
"frozenset({'Balance_Band_Zero_Balance', 'Churn_Status_Retained', 'Geography_Spain'})","frozenset({'Products_Label_Products_2', 'CrCard_Status_Has_CrCard'})",0.1036,0.3246,0.059,0.5694980694980695,1.7544610890267083,0.025371439999999995,1.5688663640687317,0.47972379158819833,3,2
"frozenset({'Balance_Band_Zero_Balance', 'Churn_Status_Retained', 'Geography_France', 'CrCard_Status_Has_CrCard'})",frozenset({'Products_Label_Products_2'}),0.1502,0.459,0.1209,0.8049267643142476,1.753653081294657,0.051958199999999996,2.773317391926542,0.5057210950817795,4,1
"frozenset({'Salary_Band_Mid_Income', 'Products_Label_Products_2'})","frozenset({'Balance_Band_Zero_Balance', 'Churn_Status_Retained'})",0.1128,0.3117,0.0616,0.5460992907801419,1.752002857812454,0.026440240000000004,1.5164109341591572,0.48379697399084237,2,2
"frozenset({'Balance_Band_Zero_Balance', 'Churn_Status_Retained', 'Gender_Male'})",frozenset({'Products_Label_Products_2'}),0.1753,0.459,0.1409,0.8037649743297204,1.7511219484307632,0.060437299999999985,2.7568982417649908,0.5201134283469145,3,1
"frozenset({'Balance_Band_Zero_Balance', 'Churn_Status_Retained', 'Salary_Band_Upper_Mid_Income'})",frozenset({'Products_Label_Products_2'}),0.0764,0.459,0.0614,0.8036649214659687,1.7509039683354437,0.026332400000000006,2.7554933192986883,0.4643421930612827,3,1
"frozenset({'Balance_Band_Zero_Balance', 'Churn_Status_Retained', 'CrCard_Status_Has_CrCard', 'Gender_Male'})",frozenset({'Products_Label_Products_2'}),0.1257,0.459,0.101,0.8035003977724742,1.7505455289160656,0.0433037,2.7531862208066595,0.49039174762723897,4,1
"frozenset({'Age_Band_Middle_Aged', 'Balance_Band_Zero_Balance', 'Churn_Status_Retained', 'CreditScore_Band_Fair_Credit'})",frozenset({'Products_Label_Products_2'}),0.0631,0.459,0.0507,0.803486529318542,1.7505153144194814,0.0217371,2.7529919214746945,0.4576151616719118,4,1
"frozenset({'Balance_Band_Zero_Balance', 'Churn_Status_Retained', 'CrCard_Status_Has_CrCard'})",frozenset({'Products_Label_Products_2'}),0.224,0.459,0.1799,0.803125,1.7497276688453158,0.077084,2.7479364939787345,0.5521681575674916,3,1
"frozenset({'Balance_Band_Zero_Balance', 'Churn_Status_Retained', 'Geography_France', 'Active_Status_Active'})",frozenset({'Products_Label_Products_2'}),0.1132,0.459,0.0909,0.8030035335689046,1.7494630360978314,0.038941199999999995,2.7462421385258025,0.48308078439779023,4,1
"frozenset({'Gender_Female', 'Balance_Band_Zero_Balance', 'Churn_Status_Retained', 'CrCard_Status_Has_CrCard'})",frozenset({'Products_Label_Products_2'}),0.0983,0.459,0.0789,0.8026449643947101,1.7486818396398913,0.0337803,2.741252563429633,0.4748149987918891,4,1
"frozenset({'Age_Band_Middle_Aged', 'Products_Label_Products_2'})","frozenset({'Balance_Band_Zero_Balance', 'Churn_Status_Retained'})",0.2826,0.3117,0.154,0.5449398443029015,1.7482831065219813,0.06591358,1.512547275058741,0.5966131303878724,2,2
"frozenset({'Products_Label_Products_2', 'Active_Status_Inactive', 'CrCard_Status_Has_CrCard'})","frozenset({'Balance_Band_Zero_Balance', 'Churn_Status_Retained'})",0.1511,0.3117,0.0823,0.5446724023825281,1.747425095869516,0.03520213,1.5116588629591328,0.503863122414011,3,2
"frozenset({'Gender_Female', 'CrCard_Status_Has_CrCard', 'Products_Label_Products_2'})","frozenset({'Balance_Band_Zero_Balance', 'Churn_Status_Retained'})",0.1449,0.3117,0.0789,0.5445134575569358,1.7469151670097396,0.03373467,1.5111313603187433,0.5000144514260889,3,2
"frozenset({'Gender_Female', 'Balance_Band_Zero_Balance', 'Tenure_Band_Loyal', 'Churn_Status_Retained'})",frozenset({'Products_Label_Products_2'}),0.0635,0.459,0.0509,0.8015748031496063,1.746350333659273,0.0217535,2.7264682402277187,0.45635580375452217,4,1
"frozenset({'Balance_Band_Zero_Balance', 'Churn_Status_Retained', 'Tenure_Band_Established'})",frozenset({'Products_Label_Products_2'}),0.0946,0.459,0.0758,0.8012684989429176,1.7456830042329359,0.0323786,2.7222659437485985,0.4717896082898679,3,1
"frozenset({'Age_Band_Middle_Aged', 'Balance_Band_Zero_Balance', 'Churn_Status_Retained', 'CrCard_Status_Has_CrCard'})",frozenset({'Products_Label_Products_2'}),0.1375,0.459,0.1101,0.8007272727272727,1.744503862150921,0.0469875,2.7148722491498196,0.4948070923666232,4,1
"frozenset({'Gender_Female', 'Balance_Band_Zero_Balance', 'Churn_Status_Retained', 'Age_Band_Middle_Aged'})",frozenset({'Products_Label_Products_2'}),0.0832,0.459,0.0666,0.8004807692307694,1.7439668174962295,0.028411200000000005,2.711518058698899,0.4653082401773501,4,1
"frozenset({'Geography_France', 'Balance_Band_Mid_Balance', 'CrCard_Status_Has_CrCard'})","frozenset({'Products_Label_Products_1', 'Churn_Status_Retained'})",0.0963,0.3675,0.0617,0.6407061266874351,1.7434180318025445,0.02630975,1.7603973939443276,0.47185360239706065,3,2
"frozenset({'Age_Band_Middle_Aged', 'Balance_Band_Zero_Balance', 'Churn_Status_Retained', 'Geography_France'})",frozenset({'Products_Label_Products_2'}),0.1281,0.459,0.1025,0.8001561280249805,1.7432595381807854,0.043702099999999994,2.7071132677038587,0.48900327012216094,4,1
"frozenset({'Balance_Band_Zero_Balance', 'Churn_Status_Retained', 'Active_Status_Active', 'Gender_Male'})",frozenset({'Products_Label_Products_2'}),0.0945,0.459,0.0756,0.8,1.7429193899782136,0.032224499999999996,2.7049999864750003,0.4707344008834897,4,1
"frozenset({'Balance_Band_Zero_Balance', 'Churn_Status_Retained', 'Active_Status_Active'})",frozenset({'Products_Label_Products_2'}),0.1693,0.459,0.1354,0.7997637330183106,1.7424046470987158,0.05769129999999999,2.701808246093918,0.5129174217113966,3,1
"frozenset({'Age_Band_Middle_Aged', 'Balance_Band_Zero_Balance', 'Churn_Status_Retained'})",frozenset({'Products_Label_Products_2'}),0.1926,0.459,0.154,0.7995846313603323,1.7420144474081314,0.06559659999999999,2.699393768914424,0.5275600050185137,3,1
"frozenset({'Gender_Female', 'Balance_Band_Zero_Balance', 'Churn_Status_Retained', 'Active_Status_Active'})",frozenset({'Products_Label_Products_2'}),0.0748,0.459,0.0598,0.7994652406417112,1.741754336910046,0.025466799999999998,2.6977866532137034,0.46029639076500856,4,1
"frozenset({'CrCard_Status_Has_CrCard', 'Balance_Band_Zero_Balance', 'Churn_Status_Retained', 'Geography_Spain'})",frozenset({'Products_Label_Products_2'}),0.0738,0.459,0.059,0.7994579945799457,1.741738550283106,0.025125799999999997,2.697689175737197,0.45979379934047987,4,1
"frozenset({'Balance_Band_Zero_Balance', 'Churn_Status_Retained', 'CreditScore_Band_Good_Credit'})",frozenset({'Products_Label_Products_2'}),0.0787,0.459,0.0629,0.7992376111817026,1.7412584121605719,0.026776699999999994,2.6947278346787904,0.4620674076877267,3,1
"frozenset({'Age_Band_Middle_Aged', 'Balance_Band_Zero_Balance', 'Churn_Status_Retained', 'Gender_Male'})",frozenset({'Products_Label_Products_2'}),0.1094,0.459,0.0874,0.7989031078610604,1.7405296467561229,0.03718540000000001,2.690245441167599,0.4777254014854358,4,1
"frozenset({'Balance_Band_Zero_Balance', 'Gender_Male', 'Active_Status_Active'})","frozenset({'Products_Label_Products_2', 'Churn_Status_Retained'})",0.1024,0.4242,0.0756,0.73828125,1.740408415841584,0.03216192,2.2000716333848005,0.473955238661121,3,2
"frozenset({'Age_Band_Middle_Aged', 'Products_Label_Products_2', 'Active_Status_Active'})","frozenset({'Balance_Band_Zero_Balance', 'Churn_Status_Retained'})",0.1418,0.3117,0.0769,0.5423131170662905,1.7398560059874575,0.03270094,1.503866560658732,0.4955019714956668,3,2
"frozenset({'Age_Band_Middle_Aged', 'Balance_Band_Zero_Balance', 'Churn_Status_Retained', 'Geography_Spain'})",frozenset({'Products_Label_Products_2'}),0.0645,0.459,0.0515,0.7984496124031008,1.7395416392224416,0.021894499999999994,2.6841922943745837,0.45444780580448635,4,1
"frozenset({'Tenure_Band_Loyal', 'Balance_Band_Zero_Balance', 'Churn_Status_Retained', 'Age_Band_Middle_Aged'})",frozenset({'Products_Label_Products_2'}),0.0898,0.459,0.0716,0.7973273942093541,1.7370967194103573,0.030381799999999994,2.669329657159021,0.46619074449841574,4,1
"frozenset({'Balance_Band_Zero_Balance', 'Churn_Status_Retained', 'CrCard_Status_Has_CrCard', 'Active_Status_Active'})",frozenset({'Products_Label_Products_2'}),0.1225,0.459,0.0976,0.7967346938775511,1.735805433284425,0.041372500000000006,2.661546171645005,0.48307528840315733,4,1
"frozenset({'Products_Label_Products_2', 'Active_Status_Inactive'})","frozenset({'Balance_Band_Zero_Balance', 'Churn_Status_Retained'})",0.2144,0.3117,0.116,0.541044776119403,1.735786898041075,0.04917152000000001,1.4997105658380292,0.5395779197977387,2,2
"frozenset({'Age_Band_Middle_Aged', 'Balance_Band_Zero_Balance', 'Gender_Male'})","frozenset({'Products_Label_Products_2', 'Churn_Status_Retained'})",0.1187,0.4242,0.0874,0.7363100252737995,1.7357614928660996,0.037047460000000004,2.1836249118467643,0.4809758103862066,3,2
"frozenset({'Products_Label_Products_2', 'CreditScore_Band_Fair_Credit', 'CrCard_Status_Has_CrCard'})","frozenset({'Balance_Band_Zero_Balance', 'Churn_Status_Retained'})",0.1106,0.3117,0.0597,0.5397830018083183,1.7317388572612074,0.025225980000000002,1.495598817968306,0.4750907675322871,3,2
"frozenset({'Tenure_Band_Loyal', 'Balance_Band_Zero_Balance', 'Churn_Status_Retained', 'Active_Status_Active'})",frozenset({'Products_Label_Products_2'}),0.0789,0.459,0.0627,0.7946768060836503,1.7313220176114386,0.026484900000000006,2.634870357537577,0.45858940241514856,4,1
"frozenset({'Balance_Band_Zero_Balance', 'Active_Status_Active'})","frozenset({'Products_Label_Products_2', 'Churn_Status_Retained', 'CrCard_Status_Has_CrCard'})",0.1873,0.301,0.0976,0.5210891617725575,1.7311932284802576,0.04122270000000001,1.45956186986203,0.5197043552457201,2,3
"frozenset({'Gender_Female', 'Age_Band_Middle_Aged', 'Products_Label_Products_2'})","frozenset({'Balance_Band_Zero_Balance', 'Churn_Status_Retained'})",0.1237,0.3117,0.0666,0.5383993532740502,1.727299818011069,0.028042710000000005,1.4911157585910506,0.48049949984219076,3,2
"frozenset({'Products_Label_Products_2', 'CreditScore_Band_Fair_Credit'})","frozenset({'Balance_Band_Zero_Balance', 'Churn_Status_Retained'})",0.154,0.3117,0.0829,0.5383116883116883,1.7270185701369534,0.034898200000000004,1.490832626869364,0.49759743574388243,2,2
"frozenset({'Products_Label_Products_2', 'Salary_Band_High_Income'})","frozenset({'Balance_Band_Zero_Balance', 'Churn_Status_Retained'})",0.1169,0.3117,0.0629,0.5380667236954662,1.7262326714644407,0.026462269999999996,1.4900420338113718,0.476394310474789,2,2
"frozenset({'Balance_Band_Zero_Balance', 'Churn_Status_Retained', 'Tenure_Band_Established', 'CrCard_Status_Has_CrCard'})",frozenset({'Products_Label_Products_2'}),0.0697,0.459,0.0552,0.7919655667144907,1.7254151780272127,0.023207699999999998,2.600531021982275,0.4519287840761979,4,1
"frozenset({'Products_Label_Products_2', 'Salary_Band_Upper_Mid_Income'})","frozenset({'Balance_Band_Zero_Balance', 'Churn_Status_Retained'})",0.1142,0.3117,0.0614,0.5376532399299475,1.7249061274621353,0.025803860000000005,1.4887094664770717,0.4744392709290191,2,2
"frozenset({'Age_Band_Middle_Aged', 'Balance_Band_Zero_Balance', 'Active_Status_Active'})","frozenset({'Products_Label_Products_2', 'Churn_Status_Retained'})",0.1051,0.4242,0.0769,0.7316841103710752,1.7248564600921148,0.03231658,2.1459780061864433,0.4695961699449605,3,2
"frozenset({'Age_Band_Middle_Aged', 'Balance_Band_Zero_Balance', 'Churn_Status_Retained', 'Active_Status_Active'})",frozenset({'Products_Label_Products_2'}),0.0972,0.459,0.0769,0.7911522633744856,1.7236432753256767,0.0322852,2.5904039284833864,0.4650349469040978,4,1
"frozenset({'Gender_Female', 'Products_Label_Products_2'})","frozenset({'Balance_Band_Zero_Balance', 'Churn_Status_Retained'})",0.206,0.3117,0.1105,0.5364077669902912,1.7209103849544154,0.046289800000000006,1.4847099444413585,0.5275972508747735,2,2
"frozenset({'Tenure_Band_Loyal', 'Balance_Band_Zero_Balance', 'Gender_Male'})","frozenset({'Products_Label_Products_2', 'Churn_Status_Retained'})",0.0905,0.4242,0.066,0.7292817679558011,1.7191932295044816,0.0276099,2.1269346860209146,0.4599580188914988,3,2
"frozenset({'Balance_Band_Zero_Balance', 'CrCard_Status_Has_CrCard', 'Active_Status_Active'})","frozenset({'Products_Label_Products_2', 'Churn_Status_Retained'})",0.1342,0.4242,0.0976,0.7272727272727273,1.7144571600017144,0.04067236,2.1112666589253553,0.48131785631785623,3,2
"frozenset({'Balance_Band_Zero_Balance', 'Churn_Status_Retained', 'CreditScore_Band_Poor_Credit'})",frozenset({'Products_Label_Products_2'}),0.0749,0.459,0.0588,0.7850467289719627,1.7103414574552565,0.024420900000000002,2.5168260752478098,0.44894760412001794,3,1
"frozenset({'Balance_Band_Zero_Balance', 'Gender_Male'})","frozenset({'Products_Label_Products_2', 'Churn_Status_Retained', 'CrCard_Status_Has_CrCard'})",0.1963,0.301,0.101,0.5145185939887927,1.7093640996305408,0.041913700000000005,1.4398079718506371,0.5163458115128423,2,3
"frozenset({'Gender_Female', 'Tenure_Band_Loyal', 'Churn_Status_Retained', 'Products_Label_Products_2'})",frozenset({'Balance_Band_Zero_Balance'}),0.0824,0.3617,0.0509,0.6177184466019418,1.7078198689575386,0.021095919999999997,1.669711741663992,0.4516762785981367,4,1
"frozenset({'Tenure_Band_Loyal', 'Balance_Band_Zero_Balance', 'Active_Status_Active'})","frozenset({'Products_Label_Products_2', 'Churn_Status_Retained'})",0.0866,0.4242,0.0627,0.7240184757505774,1.7067856571206446,0.025964280000000006,2.0863715405573315,0.4533647353648968,3,2
"frozenset({'Products_Label_Products_2', 'CrCard_Status_No_CrCard'})","frozenset({'Balance_Band_Zero_Balance', 'Churn_Status_Retained'})",0.1344,0.3117,0.0715,0.5319940476190476,1.7067502329773745,0.02960752,1.470707787000586,0.4783863087005416,2,2
"frozenset({'Balance_Band_Zero_Balance', 'Active_Status_Active'})","frozenset({'Products_Label_Products_2', 'Churn_Status_Retained'})",0.1873,0.4242,0.1354,0.7229044313934864,1.7041594327993548,0.055947339999999984,2.077983422173289,0.5084292397335576,2,2
"frozenset({'Tenure_Band_Loyal', 'Balance_Band_Zero_Balance'})","frozenset({'Products_Label_Products_2', 'Churn_Status_Retained', 'CrCard_Status_Has_CrCard'})",0.1654,0.301,0.0848,0.5126964933494559,1.703310609134405,0.03501460000000001,1.4344243146742708,0.49473762145689504,2,3
"frozenset({'Salary_Band_Mid_Income', 'Balance_Band_Zero_Balance', 'Churn_Status_Retained'})",frozenset({'Products_Label_Products_2'}),0.0788,0.459,0.0616,0.7817258883248732,1.7031065105117063,0.025430800000000003,2.478534872365783,0.4481520433539539,3,1
"frozenset({'Balance_Band_Zero_Balance', 'Geography_France', 'Active_Status_Active'})","frozenset({'Products_Label_Products_2', 'Churn_Status_Retained'})",0.126,0.4242,0.0909,0.7214285714285714,1.7006802721088434,0.03745079999999999,2.0669743515544505,0.4713958810068649,3,2
"frozenset({'Products_Label_Products_2', 'Salary_Band_Low_Income', 'Churn_Status_Retained'})",frozenset({'Balance_Band_Zero_Balance'}),0.1065,0.3617,0.0655,0.6150234741784038,1.700369019016875,0.02697895,1.6580231664248908,0.460987539353345,3,1
"frozenset({'Balance_Band_Zero_Balance', 'Gender_Male', 'Geography_France'})","frozenset({'Products_Label_Products_2', 'Churn_Status_Retained'})",0.1309,0.4242,0.0944,0.721161191749427,1.70004995697649,0.03887222,2.0649923213614385,0.4738027747387225,3,2
"frozenset({'Age_Band_Middle_Aged', 'Balance_Band_Zero_Balance'})","frozenset({'Products_Label_Products_2', 'Churn_Status_Retained', 'CrCard_Status_Has_CrCard'})",0.2154,0.301,0.1101,0.511142061281337,1.6981463829944752,0.0452646,1.4298632449383424,0.5239900787711124,2,3
"frozenset({'Products_Label_Products_2', 'Age_Band_Young_Adult', 'Churn_Status_Retained'})",frozenset({'Balance_Band_Zero_Balance'}),0.0997,0.3617,0.0612,0.6138415245737212,1.6971012567700337,0.025138509999999996,1.6529483074078195,0.4562478810621586,3,1
"frozenset({'Age_Band_Middle_Aged', 'Balance_Band_Zero_Balance', 'CrCard_Status_Has_CrCard'})","frozenset({'Products_Label_Products_2', 'Churn_Status_Retained'})",0.153,0.4242,0.1101,0.7196078431372549,1.6963881262075786,0.0451974,2.053552440228589,0.4846661884065897,3,2
"frozenset({'Balance_Band_Zero_Balance', 'Gender_Male'})","frozenset({'Products_Label_Products_2', 'Churn_Status_Retained'})",0.1963,0.4242,0.1409,0.71777890983189,1.6920766379818244,0.05762953999999999,2.0402443971028883,0.5089090705663736,2,2
"frozenset({'Products_Label_Products_2', 'Churn_Status_Retained', 'CreditScore_Band_Poor_Credit'})",frozenset({'Balance_Band_Zero_Balance'}),0.0961,0.3617,0.0588,0.6118626430801248,1.6916301992815173,0.024040629999999993,1.6445209072911937,0.45232243799168065,3,1
"frozenset({'Balance_Band_Zero_Balance', 'Gender_Male', 'CrCard_Status_Has_CrCard'})","frozenset({'Products_Label_Products_2', 'Churn_Status_Retained'})",0.1409,0.4242,0.101,0.716820440028389,1.689817161783095,0.041230220000000005,2.0333388399374073,0.475171691304854,3,2
"frozenset({'Active_Status_Inactive', 'Churn_Status_Retained', 'Products_Label_Products_2', 'Gender_Male'})",frozenset({'Balance_Band_Zero_Balance'}),0.1069,0.3617,0.0653,0.6108512628624883,1.6888340139963733,0.026634269999999995,1.6402468707850384,0.4566963360238602,4,1
"frozenset({'Age_Band_Middle_Aged', 'Balance_Band_Zero_Balance', 'Geography_France'})","frozenset({'Products_Label_Products_2', 'Churn_Status_Retained'})",0.1431,0.4242,0.1025,0.7162823200559049,1.6885486092784179,0.04179697999999999,2.029482258856676,0.4758728143705756,3,2
"frozenset({'Tenure_Band_Loyal', 'Balance_Band_Zero_Balance', 'Age_Band_Middle_Aged'})","frozenset({'Products_Label_Products_2', 'Churn_Status_Retained'})",0.1,0.4242,0.0716,0.716,1.6878830740216877,0.02917999999999999,2.0274647815934332,0.45282433271260075,3,2
"frozenset({'Tenure_Band_Loyal', 'Churn_Status_Retained', 'CrCard_Status_Has_CrCard', 'Products_Label_Products_2'})",frozenset({'Balance_Band_Zero_Balance'}),0.1391,0.3617,0.0848,0.6096333572969087,1.6854668435081799,0.034487529999999995,1.6351294617413166,0.4724039618477372,4,1
"frozenset({'Age_Band_Middle_Aged', 'Balance_Band_Zero_Balance'})","frozenset({'Products_Label_Products_2', 'Churn_Status_Retained'})",0.2154,0.4242,0.154,0.7149489322191271,1.6854053093331616,0.06262731999999999,2.019988917995022,0.5183162236692698,2,2
"frozenset({'Products_Label_Products_2', 'Churn_Status_Retained', 'Tenure_Band_Established', 'CrCard_Status_Has_CrCard'})",frozenset({'Balance_Band_Zero_Balance'}),0.0906,0.3617,0.0552,0.609271523178808,1.6844664727088967,0.022429979999999995,1.6336152500563406,0.44682231954179047,4,1
"frozenset({'Age_Band_Middle_Aged', 'Balance_Band_Zero_Balance', 'CreditScore_Band_Fair_Credit'})","frozenset({'Products_Label_Products_2', 'Churn_Status_Retained'})",0.0711,0.4242,0.0507,0.7130801687763714,1.680999926394086,0.020539380000000003,2.006832345946776,0.4361244227918624,3,2
"frozenset({'Tenure_Band_Loyal', 'Churn_Status_Retained', 'Products_Label_Products_2', 'Active_Status_Inactive'})",frozenset({'Balance_Band_Zero_Balance'}),0.0892,0.3617,0.0542,0.6076233183856502,1.6799096444170587,0.021936359999999995,1.626753138711246,0.4443674673900888,4,1
"frozenset({'Age_Band_Middle_Aged', 'Balance_Band_Zero_Balance', 'Geography_Spain'})","frozenset({'Products_Label_Products_2', 'Churn_Status_Retained'})",0.0723,0.4242,0.0515,0.7123098201936375,1.679183923134459,0.020830339999999996,2.0014586468891595,0.4359950645243325,3,2
"frozenset({'Geography_France', 'Balance_Band_Mid_Balance'})","frozenset({'Products_Label_Products_1', 'Churn_Status_Retained'})",0.1413,0.3675,0.0871,0.616418966737438,1.6773305217345251,0.035172249999999995,1.6489344975462277,0.4702627005257326,2,2
"frozenset({'Tenure_Band_Loyal', 'Balance_Band_Zero_Balance', 'CrCard_Status_Has_CrCard'})","frozenset({'Products_Label_Products_2', 'Churn_Status_Retained'})",0.1192,0.4242,0.0848,0.7114093959731543,1.67706128235067,0.03423536,1.9952139465747234,0.4583547546827069,3,2
"frozenset({'Products_Label_Products_2', 'Churn_Status_Retained', 'Tenure_Band_Loyal'})",frozenset({'Balance_Band_Zero_Balance'}),0.1929,0.3617,0.1169,0.6060134784862624,1.6754588843966336,0.04712807000000001,1.6201061800984413,0.49950264965581875,3,1
"frozenset({'Gender_Female', 'Churn_Status_Retained', 'Products_Label_Products_2', 'Active_Status_Active'})",frozenset({'Balance_Band_Zero_Balance'}),0.0987,0.3617,0.0598,0.6058763931104357,1.6750798814222718,0.024100209999999997,1.6195426694126258,0.44714694901864155,4,1
"frozenset({'Products_Label_Products_2', 'Age_Band_Young_Adult'})",frozenset({'Balance_Band_Zero_Balance'}),0.1025,0.3617,0.0621,0.6058536585365855,1.675017026642481,0.02502575,1.6194492533169915,0.44901520146766605,2,1
"frozenset({'Balance_Band_Zero_Balance', 'Tenure_Band_Established'})","frozenset({'Products_Label_Products_2', 'Churn_Status_Retained', 'CrCard_Status_Has_CrCard'})",0.1095,0.301,0.0552,0.5041095890410959,1.6747826878441725,0.022240500000000003,1.4095856325165816,0.4524509923589582,2,3
"frozenset({'Gender_Female', 'Churn_Status_Retained', 'CrCard_Status_Has_CrCard', 'Products_Label_Products_2'})",frozenset({'Balance_Band_Zero_Balance'}),0.1304,0.3617,0.0789,0.6050613496932515,1.6728265128373003,0.031734319999999996,1.6162003842572323,0.4625222849134197,4,1
"frozenset({'Tenure_Band_Loyal', 'Churn_Status_Retained', 'Products_Label_Products_2', 'Active_Status_Active'})",frozenset({'Balance_Band_Zero_Balance'}),0.1037,0.3617,0.0627,0.6046287367405979,1.6716304582267014,0.025191710000000006,1.6144319471361805,0.4482669404130147,4,1
"frozenset({'Balance_Band_Zero_Balance', 'CreditScore_Band_Fair_Credit'})","frozenset({'Products_Label_Products_2', 'Churn_Status_Retained', 'CrCard_Status_Has_CrCard'})",0.1187,0.301,0.0597,0.5029486099410279,1.6709256144220195,0.0239713,1.406293217509712,0.4556102498954168,2,3
"frozenset({'Products_Label_Products_2', 'Churn_Status_Retained', 'CreditScore_Band_Good_Credit'})",frozenset({'Balance_Band_Zero_Balance'}),0.1042,0.3617,0.0629,0.6036468330134357,1.6689157672475412,0.025210859999999995,1.610432441457456,0.4474308830717167,3,1
"frozenset({'Tenure_Band_Loyal', 'Balance_Band_Zero_Balance', 'Geography_France'})","frozenset({'Products_Label_Products_2', 'Churn_Status_Retained'})",0.1111,0.4242,0.0786,0.7074707470747075,1.667776395744242,0.03147138,1.9683501471174243,0.45044351067749056,3,2
"frozenset({'Active_Status_Inactive', 'Churn_Status_Retained', 'CrCard_Status_Has_CrCard', 'Products_Label_Products_2'})",frozenset({'Balance_Band_Zero_Balance'}),0.1365,0.3617,0.0823,0.6029304029304029,1.6669350371313323,0.03292794999999999,1.6075267487190514,0.46334290424189883,4,1
"frozenset({'Geography_France', 'Balance_Band_Zero_Balance', 'CreditScore_Band_Fair_Credit'})","frozenset({'Products_Label_Products_2', 'Churn_Status_Retained'})",0.0792,0.4242,0.056,0.7070707070707071,1.6668333500016668,0.022403359999999997,1.9656620622551535,0.43447002606429186,3,2
"frozenset({'Tenure_Band_Loyal', 'Balance_Band_Zero_Balance'})","frozenset({'Products_Label_Products_2', 'Churn_Status_Retained'})",0.1654,0.4242,0.1169,0.7067714631197098,1.666127918716902,0.04673732,1.9636560757775523,0.47903904627839927,2,2
"frozenset({'Products_Label_Products_2', 'Churn_Status_Retained', 'Tenure_Band_Established'})",frozenset({'Balance_Band_Zero_Balance'}),0.1258,0.3617,0.0758,0.6025437201907791,1.6658659667978408,0.030298140000000008,1.6059627959593976,0.45723130805156803,3,1
"frozenset({'Salary_Band_Low_Income', 'Balance_Band_Zero_Balance'})","frozenset({'Products_Label_Products_2', 'Churn_Status_Retained'})",0.0927,0.4242,0.0655,0.7065803667745415,1.6656774322832189,0.026176659999999997,1.962377199194398,0.440475767796911,2,2
"frozenset({'Balance_Band_Zero_Balance', 'Salary_Band_High_Income'})","frozenset({'Products_Label_Products_2', 'Churn_Status_Retained'})",0.0891,0.4242,0.0629,0.7059483726150393,1.664187582779442,0.02510378,1.9581595353254955,0.4381449119749314,2,2
"frozenset({'Balance_Band_Zero_Balance', 'Geography_France'})","frozenset({'Products_Label_Products_2', 'Churn_Status_Retained', 'CrCard_Status_Has_CrCard'})",0.2418,0.301,0.1209,0.5,1.6611295681063123,0.0481182,1.3979999972040003,0.5249274597731469,2,3
"frozenset({'Gender_Female', 'Balance_Band_Zero_Balance', 'Active_Status_Active'})","frozenset({'Products_Label_Products_2', 'Churn_Status_Retained'})",0.0849,0.4242,0.0598,0.7043580683156655,1.660438633464558,0.023785419999999995,1.9476262882329292,0.4346514023907323,3,2
"frozenset({'Products_Label_Products_2', 'Active_Status_Inactive', 'Churn_Status_Retained'})",frozenset({'Balance_Band_Zero_Balance'}),0.1932,0.3617,0.116,0.6004140786749482,1.6599780997372082,0.046119560000000004,1.5974036229453576,0.49278930812233945,3,1
"frozenset({'Age_Band_Middle_Aged', 'Balance_Band_Zero_Balance', 'Active_Status_Active'})","frozenset({'Products_Label_Products_2', 'CrCard_Status_Has_CrCard'})",0.1051,0.3246,0.0566,0.538534728829686,1.6590718694691498,0.022484539999999997,1.4635987597149642,0.44390809798911535,3,2
"frozenset({'Balance_Band_Zero_Balance', 'Geography_France', 'Active_Status_Active'})","frozenset({'Products_Label_Products_2', 'CrCard_Status_Has_CrCard'})",0.126,0.3246,0.0678,0.5380952380952381,1.6577179238916762,0.026900399999999998,1.4622061824014092,0.4539600251108726,3,2
"frozenset({'Balance_Band_Zero_Balance', 'Gender_Male', 'Active_Status_Active'})","frozenset({'Products_Label_Products_2', 'CrCard_Status_Has_CrCard'})",0.1024,0.3246,0.0551,0.5380859375,1.6576892714109674,0.02186096,1.4621767410205728,0.4420127397601508,3,2
"frozenset({'Balance_Band_Zero_Balance', 'Gender_Male', 'Geography_France', 'Active_Status_Active'})",frozenset({'Products_Label_Products_2'}),0.0686,0.459,0.0521,0.7594752186588922,1.6546301060106583,0.020612600000000002,2.2492484754970645,0.4247748729854589,4,1
"frozenset({'Products_Label_Products_2', 'Churn_Status_Retained', 'CrCard_Status_Has_CrCard'})",frozenset({'Balance_Band_Zero_Balance'}),0.301,0.3617,0.1799,0.5976744186046512,1.652403700869923,0.0710283,1.5865260076173053,0.5648369265710326,3,1
"frozenset({'Balance_Band_Zero_Balance', 'Gender_Male', 'Geography_France'})","frozenset({'Products_Label_Products_2', 'CrCard_Status_Has_CrCard'})",0.1309,0.3246,0.0702,0.5362872421695951,1.652148004219332,0.027709860000000003,1.4565051039430557,0.4541794389913134,3,2
"frozenset({'Gender_Female', 'Churn_Status_Retained', 'Products_Label_Products_2'})",frozenset({'Balance_Band_Zero_Balance'}),0.185,0.3617,0.1105,0.5972972972972973,1.6513610652399704,0.0435855,1.5850402645203696,0.483974127640674,3,1
"frozenset({'Tenure_Band_Loyal', 'Churn_Status_Retained', 'Products_Label_Products_2', 'Gender_Male'})",frozenset({'Balance_Band_Zero_Balance'}),0.1105,0.3617,0.066,0.5972850678733032,1.6513272542806279,0.026032149999999997,1.5849921308956936,0.44342497487522775,4,1
"frozenset({'Tenure_Band_Loyal', 'Churn_Status_Retained', 'Age_Band_Middle_Aged', 'Products_Label_Products_2'})",frozenset({'Balance_Band_Zero_Balance'}),0.1201,0.3617,0.0716,0.5961698584512906,1.6482440100948037,0.028159829999999997,1.5806150476323324,0.44697546889850986,4,1
"frozenset({'Age_Band_Middle_Aged', 'Balance_Band_Zero_Balance', 'Gender_Male'})","frozenset({'Products_Label_Products_2', 'CrCard_Status_Has_CrCard'})",0.1187,0.3246,0.0635,0.5349620893007582,1.6480655862623481,0.024969980000000003,1.4523547070218386,0.44619089015779306,3,2
"frozenset({'Gender_Female', 'Active_Status_Inactive', 'Products_Label_Products_2'})","frozenset({'Balance_Band_Zero_Balance', 'Churn_Status_Retained'})",0.0987,0.3117,0.0507,0.513677811550152,1.647987845845852,0.019935210000000005,1.4153168720897549,0.436258080865443,3,2
"frozenset({'Age_Band_Middle_Aged', 'Balance_Band_Zero_Balance', 'Active_Status_Inactive'})","frozenset({'Products_Label_Products_2', 'Churn_Status_Retained'})",0.1103,0.4242,0.0771,0.6990027198549411,1.6478140496344673,0.030310740000000003,1.9129740900300891,0.4418741244917515,3,2
"frozenset({'Balance_Band_Zero_Balance', 'CreditScore_Band_Fair_Credit'})","frozenset({'Products_Label_Products_2', 'Churn_Status_Retained'})",0.1187,0.4242,0.0829,0.6983993260320135,1.6463916219519412,0.03254746,1.9091469210442529,0.44549086316587094,2,2
"frozenset({'Tenure_Band_Loyal', 'Balance_Band_Zero_Balance', 'Age_Band_Middle_Aged'})","frozenset({'Products_Label_Products_2', 'CrCard_Status_Has_CrCard'})",0.1,0.3246,0.0534,0.534,1.6451016635859521,0.02094,1.4493562200657593,0.4357053682896379,3,2
"frozenset({'Age_Band_Middle_Aged', 'Balance_Band_Zero_Balance', 'Gender_Male', 'CrCard_Status_Has_CrCard'})",frozenset({'Products_Label_Products_2'}),0.0841,0.459,0.0635,0.7550535077288942,1.6449967488646933,0.0248981,2.208645622051112,0.4280992062366262,4,1
"frozenset({'Products_Label_Products_2', 'Tenure_Band_New_Customer'})","frozenset({'Balance_Band_Zero_Balance', 'Churn_Status_Retained'})",0.1145,0.3117,0.0587,0.5126637554585153,1.6447345378842326,0.023010350000000006,1.4123718609011366,0.4426867851058653,2,2
"frozenset({'Balance_Band_Zero_Balance', 'CrCard_Status_No_CrCard'})","frozenset({'Products_Label_Products_2', 'Churn_Status_Retained'})",0.1025,0.4242,0.0715,0.697560975609756,1.6444153126114003,0.028019499999999996,1.903854832414673,0.43663634415723557,2,2
"frozenset({'Balance_Band_Zero_Balance', 'CreditScore_Band_Good_Credit'})","frozenset({'Products_Label_Products_2', 'Churn_Status_Retained'})",0.0903,0.4242,0.0629,0.6965669988925802,1.6420721331743993,0.02459473999999999,1.8976182419213523,0.42982670609102064,2,2
"frozenset({'Balance_Band_Zero_Balance', 'Geography_Spain'})","frozenset({'Products_Label_Products_2', 'Churn_Status_Retained'})",0.1199,0.4242,0.0835,0.6964136780650542,1.6417106979374214,0.03263842,1.8966598838623754,0.4441305322544321,2,2
"frozenset({'Products_Label_Products_2', 'Salary_Band_Low_Income'})",frozenset({'Balance_Band_Zero_Balance'}),0.1151,0.3617,0.0683,0.5933970460469158,1.6405779542353214,0.026668329999999997,1.5698361072502536,0.4412461425772605,2,1
"frozenset({'Products_Label_Products_2', 'Churn_Status_Retained', 'CrCard_Status_Has_CrCard', 'Active_Status_Active'})",frozenset({'Balance_Band_Zero_Balance'}),0.1645,0.3617,0.0976,0.5933130699088146,1.6403457835466257,0.03810035,1.5695119542872238,0.467232122710461,4,1
"frozenset({'Balance_Band_Zero_Balance', 'CreditScore_Band_Fair_Credit', 'CrCard_Status_Has_CrCard'})","frozenset({'Products_Label_Products_2', 'Churn_Status_Retained'})",0.0858,0.4242,0.0597,0.6958041958041958,1.6402739175016403,0.02330364,1.892859763892438,0.4269806701413433,3,2
"frozenset({'Balance_Band_Zero_Balance', 'Gender_Male', 'CrCard_Status_Has_CrCard', 'Active_Status_Active'})",frozenset({'Products_Label_Products_2'}),0.0732,0.459,0.0551,0.7527322404371585,1.6399395216495827,0.021501199999999998,2.1879115933615947,0.4210416655243692,4,1
"frozenset({'Balance_Band_Zero_Balance', 'Active_Status_Active'})","frozenset({'Products_Label_Products_2', 'CrCard_Status_Has_CrCard'})",0.1873,0.3246,0.0997,0.5323011211959423,1.639867902636914,0.03890242,1.444091549423763,0.48012155082202435,2,2
"frozenset({'Active_Status_Inactive', 'Churn_Status_Retained', 'Age_Band_Middle_Aged', 'Products_Label_Products_2'})",frozenset({'Balance_Band_Zero_Balance'}),0.13,0.3617,0.0771,0.5930769230769231,1.6396929031709235,0.030078999999999995,1.5686011303607152,0.44842494446680675,4,1
"frozenset({'Balance_Band_Zero_Balance', 'Active_Status_Inactive', 'Gender_Male'})","frozenset({'Products_Label_Products_2', 'Churn_Status_Retained'})",0.0939,0.4242,0.0653,0.6954206602768903,1.6393697790591473,0.025467619999999996,1.8904762175693803,0.4304265474452295,3,2
"frozenset({'Products_Label_Products_2', 'Churn_Status_Retained'})",frozenset({'Balance_Band_Zero_Balance'}),0.4242,0.3617,0.2514,0.5926449787835927,1.6384986972175632,0.09796685999999999,1.5669378433756074,0.6767718007363005,2,1
frozenset({'Balance_Band_Zero_Balance'}),"frozenset({'Products_Label_Products_2', 'Churn_Status_Retained'})",0.3617,0.4242,0.2514,0.6950511473596903,1.638498697217563,0.09796685999999999,1.88818548791517,0.6105047828042641,1,2
"frozenset({'Balance_Band_Zero_Balance', 'Geography_France', 'CrCard_Status_Has_CrCard'})","frozenset({'Products_Label_Products_2', 'Churn_Status_Retained'})",0.174,0.4242,0.1209,0.6948275862068966,1.637971678941293,0.0470892,1.8868022537042635,0.4715361183376492,3,2
"frozenset({'Balance_Band_Zero_Balance', 'Geography_France'})","frozenset({'Products_Label_Products_2', 'Churn_Status_Retained'})",0.2418,0.4242,0.1679,0.6943755169561622,1.636905980566153,0.06532843999999999,1.8840113605473081,0.5131777418980314,2,2
"frozenset({'Products_Label_Products_2', 'Churn_Status_Retained', 'CrCard_Status_Has_CrCard', 'Gender_Male'})",frozenset({'Balance_Band_Zero_Balance'}),0.1706,0.3617,0.101,0.5920281359906213,1.63679329828759,0.03929398,1.5645686743259277,0.4690731937915276,4,1
"frozenset({'Balance_Band_Zero_Balance', 'CrCard_Status_Has_CrCard'})","frozenset({'Products_Label_Products_2', 'Churn_Status_Retained'})",0.2592,0.4242,0.1799,0.6940586419753086,1.6361589862689971,0.06994736,1.882060019068979,0.5248548209528451,2,2
"frozenset({'Age_Band_Middle_Aged', 'Balance_Band_Zero_Balance', 'Geography_France'})","frozenset({'Products_Label_Products_2', 'CrCard_Status_Has_CrCard'})",0.1431,0.3246,0.076,0.5310971348707197,1.6361587642351194,0.029549739999999998,1.4403836034855604,0.45374299033849064,3,2
"frozenset({'Age_Band_Middle_Aged', 'Balance_Band_Zero_Balance', 'CrCard_Status_Has_CrCard', 'Active_Status_Active'})",frozenset({'Products_Label_Products_2'}),0.0754,0.459,0.0566,0.7506631299734748,1.6354316557156314,0.0219914,2.1697553104468326,0.4202256500566763,4,1
"frozenset({'Balance_Band_Zero_Balance', 'Salary_Band_Upper_Mid_Income'})","frozenset({'Products_Label_Products_2', 'Churn_Status_Retained'})",0.0886,0.4242,0.0614,0.6930022573363431,1.6336686877330107,0.023815880000000005,1.8755838174199733,0.42558786675330007,2,2
"frozenset({'Tenure_Band_Loyal', 'Balance_Band_Zero_Balance', 'Geography_France'})","frozenset({'Products_Label_Products_2', 'CrCard_Status_Has_CrCard'})",0.1111,0.3246,0.0589,0.5301530153015301,1.6332502011753856,0.02283694,1.4374892689711674,0.43618397893965205,3,2
"frozenset({'Balance_Band_Zero_Balance', 'CrCard_Status_Has_CrCard', 'Geography_Spain'})","frozenset({'Products_Label_Products_2', 'Churn_Status_Retained'})",0.0852,0.4242,0.059,0.6924882629107981,1.6324570082762804,0.022858159999999995,1.8724488488727997,0.42350944542847185,3,2
"frozenset({'Balance_Band_Zero_Balance', 'Tenure_Band_Established'})","frozenset({'Products_Label_Products_2', 'Churn_Status_Retained'})",0.1095,0.4242,0.0758,0.6922374429223744,1.6318657306043716,0.029350100000000004,1.8709228425855768,0.4348169404695415,2,2
"frozenset({'Age_Band_Middle_Aged', 'Balance_Band_Zero_Balance', 'Gender_Male'})",frozenset({'Products_Label_Products_2'}),0.1187,0.459,0.0889,0.7489469250210615,1.631692647104709,0.0344167,2.154922810208411,0.4392822904398949,3,1
"frozenset({'Age_Band_Middle_Aged', 'Balance_Band_Zero_Balance', 'Gender_Male', 'Geography_France'})",frozenset({'Products_Label_Products_2'}),0.079,0.459,0.0591,0.7481012658227848,1.6298502523372218,0.022838999999999998,2.1476884336850555,0.4195946802471381,4,1
"frozenset({'Salary_Band_Mid_Income', 'Products_Label_Products_2', 'Churn_Status_Retained'})",frozenset({'Balance_Band_Zero_Balance'}),0.1045,0.3617,0.0616,0.5894736842105264,1.6297309488817426,0.02380235,1.554833329545919,0.43149278136715324,3,1
"frozenset({'Products_Label_Products_2', 'Churn_Status_Retained', 'Gender_Male'})",frozenset({'Balance_Band_Zero_Balance'}),0.2392,0.3617,0.1409,0.5890468227424749,1.6285507955279923,0.05438135999999999,1.5532183075124126,0.5073043279682437,3,1
"frozenset({'Products_Label_Products_2', 'Churn_Status_Retained', 'CreditScore_Band_Fair_Credit', 'CrCard_Status_Has_CrCard'})",frozenset({'Balance_Band_Zero_Balance'}),0.1014,0.3617,0.0597,0.5887573964497042,1.627750612246901,0.02302362,1.5521251760818826,0.4291734658156127,4,1
"frozenset({'Balance_Band_Zero_Balance', 'Gender_Male', 'Active_Status_Active'})",frozenset({'Products_Label_Products_2'}),0.1024,0.459,0.0765,0.7470703125,1.6276041666666665,0.029498399999999994,2.138934354477726,0.4295900178253119,3,1
"frozenset({'Products_Label_Products_2', 'Tenure_Band_Loyal', 'Active_Status_Active'})",frozenset({'Balance_Band_Zero_Balance'}),0.1096,0.3617,0.0645,0.5885036496350365,1.6270490728090585,0.02485768,1.5511680671838577,0.43282837780424444,3,1
"frozenset({'Age_Band_Middle_Aged', 'Balance_Band_Zero_Balance', 'Geography_France', 'CrCard_Status_Has_CrCard'})",frozenset({'Products_Label_Products_2'}),0.1018,0.459,0.076,0.7465618860510805,1.6264964837714173,0.029273799999999996,2.134643402429972,0.42883720657689645,4,1
"frozenset({'Balance_Band_Zero_Balance', 'Tenure_Band_Established', 'CrCard_Status_Has_CrCard'})","frozenset({'Products_Label_Products_2', 'Churn_Status_Retained'})",0.0801,0.4242,0.0552,0.6891385767790261,1.6245605298892647,0.021221579999999997,1.8522722831981113,0.41792467990377025,3,2
"frozenset({'Gender_Female', 'Churn_Status_Retained', 'Products_Label_Products_2', 'Active_Status_Inactive'})",frozenset({'Balance_Band_Zero_Balance'}),0.0863,0.3617,0.0507,0.5874855156431055,1.6242342152145575,0.01948529,1.5473396029905784,0.4206252014318961,4,1
"frozenset({'Gender_Female', 'Geography_Germany'})",frozenset({'Balance_Band_Mid_Balance'}),0.1193,0.3577,0.0693,0.5808885163453479,1.6239544767831922,0.02662639,1.5325277963433885,0.43626568856499587,2,1
"frozenset({'Gender_Female', 'Balance_Band_Zero_Balance', 'Age_Band_Middle_Aged'})","frozenset({'Products_Label_Products_2', 'Churn_Status_Retained'})",0.0967,0.4242,0.0666,0.6887280248190281,1.623592703486629,0.02557986000000001,1.8498292299375925,0.4251986958728906,3,2
"frozenset({'Balance_Band_Zero_Balance', 'Geography_France', 'CrCard_Status_Has_CrCard', 'Active_Status_Active'})",frozenset({'Products_Label_Products_2'}),0.091,0.459,0.0678,0.7450549450549451,1.6232133879192703,0.026031,2.1220258537455017,0.42237409581666124,4,1
"frozenset({'Active_Status_Inactive', 'Geography_Germany'})",frozenset({'Balance_Band_Mid_Balance'}),0.1261,0.3577,0.0732,0.5804916732751785,1.6228450468973399,0.028094030000000006,1.531078068183952,0.43917865206970585,2,1
"frozenset({'Products_Label_Products_1', 'Geography_Germany'})",frozenset({'Balance_Band_Mid_Balance'}),0.1349,0.3577,0.0783,0.5804299481097109,1.6226724856296084,0.030046269999999993,1.5308528232065008,0.44357033263637635,2,1
"frozenset({'Tenure_Band_Loyal', 'Balance_Band_Zero_Balance', 'Active_Status_Active'})",frozenset({'Products_Label_Products_2'}),0.0866,0.459,0.0645,0.7448036951501156,1.6226660025056983,0.024750600000000005,2.119936643276629,0.420111925288088,3,1
"frozenset({'Tenure_Band_Loyal', 'Balance_Band_Zero_Balance', 'Active_Status_Inactive'})","frozenset({'Products_Label_Products_2', 'Churn_Status_Retained'})",0.0788,0.4242,0.0542,0.6878172588832487,1.6214456833645656,0.02077304,1.8444325144170208,0.41605125994811837,3,2
"frozenset({'Age_Band_Middle_Aged', 'Balance_Band_Zero_Balance', 'Geography_France', 'Active_Status_Active'})",frozenset({'Products_Label_Products_2'}),0.0707,0.459,0.0526,0.743988684582744,1.620890380354562,0.0201487,2.1131878370495922,0.4121974960506272,4,1
"frozenset({'Products_Label_Products_2', 'Churn_Status_Retained', 'Active_Status_Active'})",frozenset({'Balance_Band_Zero_Balance'}),0.231,0.3617,0.1354,0.5861471861471861,1.6205341060193146,0.051847299999999985,1.5423357703318032,0.497944730538807,3,1
"frozenset({'Tenure_Band_Loyal', 'Balance_Band_Zero_Balance'})","frozenset({'Products_Label_Products_2', 'CrCard_Status_Has_CrCard'})",0.1654,0.3246,0.087,0.5259975816203144,1.6204484954415108,0.03331116,1.4248872418918832,0.4587669500979201,2,2
"frozenset({'Balance_Band_High_Balance', 'Geography_France'})","frozenset({'Products_Label_Products_1', 'Churn_Status_Retained'})",0.1142,0.3675,0.068,0.5954465849387041,1.620262816159739,0.026031500000000006,1.5634523770877435,0.4321699892420279,2,2
"frozenset({'Tenure_Band_Loyal', 'Balance_Band_Zero_Balance', 'Gender_Male'})",frozenset({'Products_Label_Products_2'}),0.0905,0.459,0.0673,0.7436464088397791,1.620144681568146,0.0257605,2.1103663710780967,0.42085890472615706,3,1
"frozenset({'Gender_Female', 'Churn_Status_Retained', 'Age_Band_Middle_Aged', 'Products_Label_Products_2'})",frozenset({'Balance_Band_Zero_Balance'}),0.1137,0.3617,0.0666,0.5857519788918206,1.6194414677683733,0.025474710000000005,1.540864327490525,0.4315730036704876,4,1
"frozenset({'Age_Band_Middle_Aged', 'Balance_Band_Zero_Balance'})","frozenset({'Products_Label_Products_2', 'CrCard_Status_Has_CrCard'})",0.2154,0.3246,0.1132,0.5255338904363973,1.6190199951829862,0.04328116,1.423494713242458,0.4873086959302258,2,2
"frozenset({'Age_Band_Middle_Aged', 'Balance_Band_Zero_Balance', 'Active_Status_Active'})",frozenset({'Products_Label_Products_2'}),0.1051,0.459,0.0781,0.7431018078020932,1.618958186932665,0.0298591,2.10589258439521,0.42721960221594296,3,1
"frozenset({'Balance_Band_Zero_Balance', 'CrCard_Status_Has_CrCard', 'Active_Status_Active'})",frozenset({'Products_Label_Products_2'}),0.1342,0.459,0.0997,0.7429210134128166,1.6185642993743279,0.03810219999999999,2.104411586017041,0.44140506527668,3,1
"frozenset({'Products_Label_Products_2', 'Churn_Status_Retained', 'CreditScore_Band_Fair_Credit'})",frozenset({'Balance_Band_Zero_Balance'}),0.1417,0.3617,0.0829,0.5850388143966126,1.6174697660951414,0.03164711,1.5382161527556935,0.44477504624888275,3,1
"frozenset({'Balance_Band_Zero_Balance', 'Gender_Male'})","frozenset({'Products_Label_Products_2', 'CrCard_Status_Has_CrCard'})",0.1963,0.3246,0.103,0.5247070809984717,1.6164728311721248,0.03928102,1.4210184321656385,0.4745167677163024,2,2
"frozenset({'Tenure_Band_Loyal', 'Balance_Band_Zero_Balance', 'CrCard_Status_Has_CrCard', 'Age_Band_Middle_Aged'})",frozenset({'Products_Label_Products_2'}),0.072,0.459,0.0534,0.7416666666666668,1.6158315177923024,0.020352000000000002,2.094193540280542,0.41069352963967454,4,1
"frozenset({'Products_Label_Products_2', 'Churn_Status_Retained', 'Salary_Band_High_Income'})",frozenset({'Balance_Band_Zero_Balance'}),0.1077,0.3617,0.0629,0.5840297121634168,1.6146798788040275,0.023944909999999993,1.534484594525357,0.4266302745250078,3,1
"frozenset({'Age_Band_Middle_Aged', 'Balance_Band_Zero_Balance', 'Geography_France'})",frozenset({'Products_Label_Products_2'}),0.1431,0.459,0.1059,0.7400419287211739,1.6122917837062611,0.04021709999999999,2.081104830704136,0.44318458690774465,3,1
"frozenset({'Age_Band_Middle_Aged', 'Churn_Status_Retained', 'CrCard_Status_Has_CrCard', 'Products_Label_Products_2'})",frozenset({'Balance_Band_Zero_Balance'}),0.1888,0.3617,0.1101,0.583156779661017,1.612266462983182,0.04181104000000001,1.5312711526162135,0.4681399552495759,4,1
"frozenset({'Products_Label_Products_2', 'Tenure_Band_Loyal', 'CrCard_Status_Has_CrCard'})",frozenset({'Balance_Band_Zero_Balance'}),0.1492,0.3617,0.087,0.5831099195710455,1.6121369078547014,0.03303435999999999,1.531099031697106,0.4462920631832649,3,1
"frozenset({'Age_Band_Middle_Aged', 'Balance_Band_Zero_Balance', 'CrCard_Status_Has_CrCard'})",frozenset({'Products_Label_Products_2'}),0.153,0.459,0.1132,0.7398692810457517,1.611915644979851,0.042973,2.0797236100955345,0.4481937914318255,3,1
"frozenset({'Balance_Band_Zero_Balance', 'Geography_France', 'Active_Status_Active'})",frozenset({'Products_Label_Products_2'}),0.126,0.459,0.0932,0.7396825396825397,1.6115088010512848,0.035366,2.078231699333622,0.4341687863996621,3,1
"frozenset({'Balance_Band_Zero_Balance', 'Active_Status_Active'})",frozenset({'Products_Label_Products_2'}),0.1873,0.459,0.1385,0.7394554191137214,1.6110139849972143,0.052529300000000015,2.076420073997675,0.4666825694447222,2,1
"frozenset({'Gender_Female', 'Tenure_Band_Loyal', 'Products_Label_Products_2'})",frozenset({'Balance_Band_Zero_Balance'}),0.092,0.3617,0.0536,0.582608695652174,1.6107511629863809,0.020323599999999997,1.5292604130028138,0.4175899138667893,3,1
"frozenset({'Products_Label_Products_2', 'Active_Status_Inactive', 'Gender_Male'})",frozenset({'Balance_Band_Zero_Balance'}),0.1157,0.3617,0.0674,0.5825410544511669,1.6105641538600135,0.02555131,1.52901262573692,0.4287001638540568,3,1
"frozenset({'Products_Label_Products_2', 'CreditScore_Band_Poor_Credit'})",frozenset({'Balance_Band_Zero_Balance'}),0.1044,0.3617,0.0608,0.582375478927203,1.61010638354217,0.023038519999999993,1.528406418358586,0.42309404456876887,2,1
"frozenset({'Balance_Band_Zero_Balance', 'CreditScore_Band_Fair_Credit'})","frozenset({'Products_Label_Products_2', 'CrCard_Status_Has_CrCard'})",0.1187,0.3246,0.062,0.5223251895534962,1.6091349031222926,0.02346998,1.4139326249059292,0.42953371668685925,2,2
"frozenset({'Products_Label_Products_2', 'Churn_Status_Retained', 'Salary_Band_Upper_Mid_Income'})",frozenset({'Balance_Band_Zero_Balance'}),0.1055,0.3617,0.0614,0.5819905213270142,1.6090420827398788,0.02324065,1.5269988625601274,0.42315507544294395,3,1
frozenset({'Geography_Germany'}),frozenset({'Balance_Band_Mid_Balance'}),0.2509,0.3577,0.1444,0.575528098844161,1.6089686856140928,0.05465307,1.513174362632343,0.50525145409949,1,1
"frozenset({'Age_Band_Middle_Aged', 'Balance_Band_Zero_Balance', 'Tenure_Band_Loyal'})",frozenset({'Products_Label_Products_2'}),0.1,0.459,0.0738,0.738,1.6078431372549018,0.0279,2.064885488301963,0.4200542005420054,3,1
"frozenset({'Age_Band_Middle_Aged', 'Churn_Status_Retained', 'CreditScore_Band_Fair_Credit', 'Products_Label_Products_2'})",frozenset({'Balance_Band_Zero_Balance'}),0.0872,0.3617,0.0507,0.5814220183486238,1.6074703299657833,0.019159759999999998,1.5249249278637407,0.41400584628522324,4,1
"frozenset({'Balance_Band_Zero_Balance', 'Gender_Male', 'Geography_France', 'CrCard_Status_Has_CrCard'})",frozenset({'Products_Label_Products_2'}),0.0952,0.459,0.0702,0.7373949579831932,1.6065249629263467,0.02650319999999999,2.0601279921550315,0.4172617833095285,4,1
"frozenset({'Salary_Band_Low_Income', 'Balance_Band_Zero_Balance'})",frozenset({'Products_Label_Products_2'}),0.0927,0.459,0.0683,0.7367853290183387,1.6051967952469253,0.025750699999999994,2.0553565495683785,0.41554439111814545,2,1
"frozenset({'Products_Label_Products_2', 'Churn_Status_Retained', 'CrCard_Status_No_CrCard'})",frozenset({'Balance_Band_Zero_Balance'}),0.1232,0.3617,0.0715,0.5803571428571428,1.6045262451123659,0.026938559999999993,1.5210553155242934,0.4297024143739471,3,1
"frozenset({'Age_Band_Middle_Aged', 'Balance_Band_Zero_Balance'})",frozenset({'Products_Label_Products_2'}),0.2154,0.459,0.1586,0.7363045496750231,1.604149345697218,0.05973139999999999,2.051609147149354,0.48001101918102534,2,1
"frozenset({'Age_Band_Middle_Aged', 'Balance_Band_Zero_Balance', 'Active_Status_Inactive', 'Geography_France'})",frozenset({'Products_Label_Products_2'}),0.0724,0.459,0.0533,0.7361878453038674,1.6038950878079898,0.020068399999999993,2.0507015629072876,0.4059053726172647,4,1
"frozenset({'Products_Label_Products_2', 'Tenure_Band_Loyal'})",frozenset({'Balance_Band_Zero_Balance'}),0.2085,0.3617,0.1209,0.5798561151079137,1.6031410425986001,0.045485549999999986,1.5192414347401615,0.47533110013496366,2,1
"frozenset({'Balance_Band_Zero_Balance', 'Gender_Male', 'Geography_France'})",frozenset({'Products_Label_Products_2'}),0.1309,0.459,0.0963,0.7356760886172651,1.602780149492952,0.036216899999999996,2.0467312061295626,0.4327282385796027,3,1
"frozenset({'Gender_Female', 'Balance_Band_Zero_Balance', 'Tenure_Band_Loyal'})","frozenset({'Products_Label_Products_2', 'Churn_Status_Retained'})",0.0749,0.4242,0.0509,0.6795727636849133,1.6020102868574098,0.01912742,1.7969758277252712,0.4062093642932245,3,2
"frozenset({'Products_Label_Products_2', 'Tenure_Band_Established', 'CrCard_Status_Has_CrCard'})",frozenset({'Balance_Band_Zero_Balance'}),0.0982,0.3617,0.0569,0.5794297352342159,1.6019622207194246,0.02138106,1.5177012070450784,0.41668391395299614,3,1
"frozenset({'Age_Band_Middle_Aged', 'Churn_Status_Retained', 'Products_Label_Products_2'})",frozenset({'Balance_Band_Zero_Balance'}),0.2659,0.3617,0.154,0.5791650996615268,1.6012305768911441,0.05782396999999999,1.5167468239204378,0.5114838913980719,3,1
"frozenset({'Balance_Band_Zero_Balance', 'Tenure_Band_Established'})","frozenset({'Products_Label_Products_2', 'CrCard_Status_Has_CrCard'})",0.1095,0.3246,0.0569,0.519634703196347,1.600846282182215,0.0213563,1.4060133050578238,0.4214827672295634,2,2
"frozenset({'Products_Label_Products_2', 'CreditScore_Band_Good_Credit'})",frozenset({'Balance_Band_Zero_Balance'}),0.1128,0.3617,0.0653,0.5789007092198581,1.6004996107820242,0.024500239999999993,1.5157945227161762,0.4228979931701779,2,1
"frozenset({'Tenure_Band_Loyal', 'CrCard_Status_Has_CrCard', 'Age_Band_Middle_Aged', 'Products_Label_Products_2'})",frozenset({'Balance_Band_Zero_Balance'}),0.0924,0.3617,0.0534,0.577922077922078,1.5977939671608459,0.019978920000000004,1.5122799964170597,0.41222683853204656,4,1
"frozenset({'Gender_Female', 'Products_Label_Products_2', 'Active_Status_Active'})",frozenset({'Balance_Band_Zero_Balance'}),0.1073,0.3617,0.062,0.5778191985088537,1.5975095341687964,0.023189589999999996,1.5119114754475032,0.41898246349422,3,1
"frozenset({'Products_Label_Products_2', 'Gender_Male', 'Tenure_Band_Loyal'})",frozenset({'Balance_Band_Zero_Balance'}),0.1165,0.3617,0.0673,0.5776824034334763,1.5971313337945157,0.025161949999999995,1.5114217443886047,0.4231776056159187,3,1
"frozenset({'Balance_Band_Zero_Balance', 'Gender_Male'})",frozenset({'Products_Label_Products_2'}),0.1963,0.459,0.1439,0.7330616403464085,1.5970841837612386,0.05379829999999999,2.0266851069114824,0.4651722406524445,2,1
"frozenset({'Age_Band_Middle_Aged', 'Balance_Band_Zero_Balance', 'CreditScore_Band_Fair_Credit'})",frozenset({'Products_Label_Products_2'}),0.0711,0.459,0.0521,0.7327707454289734,1.5964504257711838,0.0194651,2.024478939792608,0.40220730399752536,3,1
"frozenset({'Gender_Male', 'Geography_Germany'})",frozenset({'Balance_Band_Mid_Balance'}),0.1316,0.3577,0.0751,0.5706686930091186,1.5953835420998563,0.028026679999999998,1.4960474301437197,0.4297460594533559,2,1
"frozenset({'Age_Band_Middle_Aged', 'Tenure_Band_Loyal', 'Products_Label_Products_2'})",frozenset({'Balance_Band_Zero_Balance'}),0.1279,0.3617,0.0738,0.5770132916340891,1.595281425584985,0.02753857,1.5090308651939914,0.42787679740115825,3,1
"frozenset({'Active_Status_Active', 'Geography_Germany'})",frozenset({'Balance_Band_Mid_Balance'}),0.1248,0.3577,0.0712,0.5705128205128205,1.594947778900812,0.02655904,1.49550447412987,0.42621140849988703,2,1
"frozenset({'Tenure_Band_Loyal', 'Balance_Band_Zero_Balance', 'Geography_France'})",frozenset({'Products_Label_Products_2'}),0.1111,0.459,0.0813,0.7317731773177317,1.5942770747663,0.030305099999999995,2.016949656909962,0.4193457729379858,3,1
"frozenset({'Balance_Band_Zero_Balance', 'Tenure_Band_New_Customer'})","frozenset({'Products_Label_Products_2', 'Churn_Status_Retained'})",0.0868,0.4242,0.0587,0.6762672811059908,1.5942180129797048,0.02187944,1.778627752512993,0.408161651074791,2,2
"frozenset({'Products_Label_Products_2', 'Geography_Germany'})",frozenset({'Balance_Band_Mid_Balance'}),0.104,0.3577,0.0593,0.5701923076923077,1.594051740822778,0.0220992,1.4943892582680873,0.4159238737653577,2,1
"frozenset({'Geography_France', 'Balance_Band_Zero_Balance', 'CreditScore_Band_Fair_Credit'})",frozenset({'Products_Label_Products_2'}),0.0792,0.459,0.0579,0.731060606060606,1.5927246319403179,0.021547199999999996,2.0116056263230426,0.40415408092985144,3,1
"frozenset({'Balance_Band_Zero_Balance', 'Gender_Male', 'CrCard_Status_Has_CrCard'})",frozenset({'Products_Label_Products_2'}),0.1409,0.459,0.103,0.7310149041873669,1.5926250635890347,0.0383269,2.011263844765512,0.4331344724045146,3,1
"frozenset({'Tenure_Band_Loyal', 'Balance_Band_Zero_Balance'})",frozenset({'Products_Label_Products_2'}),0.1654,0.459,0.1209,0.7309552599758162,1.59249511977302,0.04498139999999999,2.010817970054173,0.44578791106005217,2,1
"frozenset({'Balance_Band_Zero_Balance', 'Salary_Band_High_Income'})",frozenset({'Products_Label_Products_2'}),0.0891,0.459,0.0651,0.7306397306397308,1.591807692025557,0.024203100000000005,2.0084624925435834,0.4081495335802491,2,1
"frozenset({'Balance_Band_Zero_Balance', 'Geography_France'})","frozenset({'Products_Label_Products_2', 'CrCard_Status_Has_CrCard'})",0.2418,0.3246,0.1249,0.5165425971877585,1.5913203856677711,0.046411720000000004,1.3970206985645885,0.4900963239597218,2,2
"frozenset({'Gender_Female', 'Balance_Band_Zero_Balance', 'Active_Status_Active'})",frozenset({'Products_Label_Products_2'}),0.0849,0.459,0.062,0.7302709069493521,1.5910041545737519,0.023030899999999993,2.0057161497692,0.405929547625678,3,1
"frozenset({'Salary_Band_Mid_Income', 'Balance_Band_Zero_Balance'})","frozenset({'Products_Label_Products_2', 'Churn_Status_Retained'})",0.0913,0.4242,0.0616,0.6746987951807228,1.5905204978329157,0.022870539999999995,1.7700518464105808,0.408578188621107,2,2
"frozenset({'Tenure_Band_Loyal', 'Balance_Band_Zero_Balance', 'CrCard_Status_Has_CrCard'})",frozenset({'Products_Label_Products_2'}),0.1192,0.459,0.087,0.7298657718120805,1.5901215072158614,0.03228719999999999,2.002708067120409,0.4213411005668827,3,1
"frozenset({'Age_Band_Middle_Aged', 'Balance_Band_Zero_Balance', 'Active_Status_Inactive'})",frozenset({'Products_Label_Products_2'}),0.1103,0.459,0.0805,0.729827742520399,1.590038654728538,0.029872300000000004,2.0024261670849794,0.41708943694468864,3,1
"frozenset({'Active_Status_Inactive', 'CrCard_Status_Has_CrCard', 'Geography_Germany'})",frozenset({'Balance_Band_Mid_Balance'}),0.0918,0.3577,0.0522,0.5686274509803921,1.5896769666770816,0.01936314,1.4889681783664825,0.4084357843100031,3,1
"frozenset({'Age_Band_Middle_Aged', 'Balance_Band_Zero_Balance', 'Active_Status_Inactive', 'CrCard_Status_Has_CrCard'})",frozenset({'Products_Label_Products_2'}),0.0776,0.459,0.0566,0.729381443298969,1.589066325270085,0.020981599999999996,1.9991238021365703,0.40188600026356186,4,1
"frozenset({'Products_Label_Products_2', 'CrCard_Status_Has_CrCard', 'Active_Status_Active'})",frozenset({'Balance_Band_Zero_Balance'}),0.1735,0.3617,0.0997,0.5746397694524495,1.58871929624675,0.03694504999999999,1.500610430076478,0.448351102915522,3,1
"frozenset({'Age_Band_Middle_Aged', 'Balance_Band_Zero_Balance', 'Geography_Spain'})",frozenset({'Products_Label_Products_2'}),0.0723,0.459,0.0527,0.7289073305670816,1.5880333999282823,0.01951429999999999,1.9956275436589854,0.3991487793259082,3,1
"frozenset({'Products_Label_Products_2', 'Tenure_Band_Established'})",frozenset({'Balance_Band_Zero_Balance'}),0.136,0.3617,0.0781,0.5742647058823529,1.587682349688562,0.0289088,1.499288424803053,0.428415611514203,2,1
"frozenset({'Age_Band_Middle_Aged', 'Churn_Status_Retained', 'Products_Label_Products_2', 'Gender_Male'})",frozenset({'Balance_Band_Zero_Balance'}),0.1522,0.3617,0.0874,0.5742444152431012,1.587626251708878,0.032349260000000005,1.499216971787333,0.43657564632218104,4,1
"frozenset({'Balance_Band_Zero_Balance', 'CreditScore_Band_Poor_Credit'})","frozenset({'Products_Label_Products_2', 'Churn_Status_Retained'})",0.0874,0.4242,0.0588,0.6727688787185354,1.5859709540748124,0.021724919999999995,1.7596125820353092,0.40485582793275093,2,2
"frozenset({'Products_Label_Products_2', 'Gender_Male', 'CrCard_Status_Has_CrCard'})",frozenset({'Balance_Band_Zero_Balance'}),0.1797,0.3617,0.103,0.5731775180856984,1.5846765775109162,0.03800250999999999,1.4954694880216965,0.44978228424599564,3,1
"frozenset({'Products_Label_Products_2', 'CrCard_Status_Has_CrCard'})",frozenset({'Balance_Band_Zero_Balance'}),0.3246,0.3617,0.1858,0.5723967960566851,1.5825180980278826,0.06839217999999998,1.4927390455004097,0.5450039891840994,2,1
frozenset({'Balance_Band_Zero_Balance'}),"frozenset({'Products_Label_Products_2', 'CrCard_Status_Has_CrCard'})",0.3617,0.3246,0.1858,0.5136853746198506,1.5825180980278823,0.06839217999999998,1.3888128453534188,0.5766813321243001,1,2
"frozenset({'Age_Band_Middle_Aged', 'Balance_Band_Zero_Balance', 'Active_Status_Inactive'})","frozenset({'Products_Label_Products_2', 'CrCard_Status_Has_CrCard'})",0.1103,0.3246,0.0566,0.5131459655485041,1.5808563325585463,0.020796620000000002,1.3872741126067722,0.4129835323853556,3,2
"frozenset({'Age_Band_Middle_Aged', 'Active_Status_Inactive', 'Products_Label_Products_2'})",frozenset({'Balance_Band_Zero_Balance'}),0.1408,0.3617,0.0805,0.5717329545454545,1.5806827607007312,0.029572639999999997,1.4904252038167183,0.4275628347039569,3,1
"frozenset({'Products_Label_Products_2', 'Churn_Status_Retained', 'Active_Status_Active', 'Gender_Male'})",frozenset({'Balance_Band_Zero_Balance'}),0.1323,0.3617,0.0756,0.5714285714285714,1.579841225956791,0.027747089999999995,1.4893666631914775,0.42298605508816406,4,1
"frozenset({'Gender_Female', 'CrCard_Status_Has_CrCard', 'Products_Label_Products_2'})",frozenset({'Balance_Band_Zero_Balance'}),0.1449,0.3617,0.0828,0.5714285714285714,1.579841225956791,0.030389669999999994,1.4893666631914775,0.4292188048181499,3,1
"frozenset({'Age_Band_Middle_Aged', 'Geography_Germany'})",frozenset({'Balance_Band_Mid_Balance'}),0.1441,0.3577,0.0814,0.564885496183206,1.5792158126452502,0.029855429999999995,1.476163154502151,0.4285247392502912,2,1
"frozenset({'Tenure_Band_Loyal', 'Balance_Band_Zero_Balance', 'Geography_France', 'CrCard_Status_Has_CrCard'})",frozenset({'Products_Label_Products_2'}),0.0813,0.459,0.0589,0.7244772447724478,1.5783817968898644,0.0215833,1.9635401714448297,0.3988676699174278,4,1
"frozenset({'Balance_Band_Zero_Balance', 'CrCard_Status_No_CrCard'})",frozenset({'Products_Label_Products_2'}),0.1025,0.459,0.0742,0.7239024390243903,1.5771294967851641,0.027152500000000003,1.959452289722832,0.4077288664979841,2,1
"frozenset({'Products_Label_Products_1', 'CrCard_Status_Has_CrCard', 'Geography_Germany'})",frozenset({'Balance_Band_Mid_Balance'}),0.0952,0.3577,0.0537,0.5640756302521007,1.5769517200226466,0.01964695999999999,1.473420719511574,0.40436027509809036,3,1
"frozenset({'Products_Label_Products_2', 'Active_Status_Inactive', 'Tenure_Band_Loyal'})",frozenset({'Balance_Band_Zero_Balance'}),0.0989,0.3617,0.0564,0.570273003033367,1.576646400424017,0.020627869999999993,1.4853616436022994,0.4058843367956106,3,1
"frozenset({'Balance_Band_Zero_Balance', 'CreditScore_Band_Fair_Credit'})",frozenset({'Products_Label_Products_2'}),0.1187,0.459,0.0859,0.7236731255265375,1.5766299031079247,0.0314167,1.9578262124270127,0.4149957327035796,2,1
"frozenset({'Balance_Band_Zero_Balance', 'CreditScore_Band_Good_Credit'})",frozenset({'Products_Label_Products_2'}),0.0903,0.459,0.0653,0.7231450719822812,1.575479459656386,0.023852299999999993,1.9540919929418186,0.4015308212104321,2,1
"frozenset({'Products_Label_Products_2', 'Active_Status_Inactive', 'CrCard_Status_Has_CrCard'})",frozenset({'Balance_Band_Zero_Balance'}),0.1511,0.3617,0.0861,0.5698213103904698,1.5753975957712738,0.03144712999999999,1.4838019965507305,0.430250447768096,3,1
"frozenset({'Gender_Female', 'Balance_Band_Zero_Balance'})","frozenset({'Products_Label_Products_2', 'Churn_Status_Retained'})",0.1654,0.4242,0.1105,0.6680773881499396,1.574911334629749,0.040337319999999996,1.7347417069776634,0.43738751486880206,2,2
"frozenset({'Balance_Band_Zero_Balance', 'CreditScore_Band_Fair_Credit', 'CrCard_Status_Has_CrCard'})",frozenset({'Products_Label_Products_2'}),0.0858,0.459,0.062,0.7226107226107226,1.5743152998054957,0.0226178,1.9503277240614227,0.3990409383137734,3,1
"frozenset({'Age_Band_Middle_Aged', 'Active_Status_Inactive', 'CrCard_Status_Has_CrCard', 'Products_Label_Products_2'})",frozenset({'Balance_Band_Zero_Balance'}),0.0994,0.3617,0.0566,0.5694164989939637,1.5742784047386333,0.020647019999999995,1.4824070059030077,0.40505034335178186,4,1
"frozenset({'Products_Label_Products_2', 'Gender_Male'})",frozenset({'Balance_Band_Zero_Balance'}),0.253,0.3617,0.1439,0.5687747035573123,1.5725040186820909,0.05238989999999999,1.480200729839681,0.4873782831115985,2,1
"frozenset({'Gender_Female', 'Balance_Band_Zero_Balance', 'CrCard_Status_Has_CrCard'})","frozenset({'Products_Label_Products_2', 'Churn_Status_Retained'})",0.1183,0.4242,0.0789,0.6669484361792054,1.5722499674191546,0.028717139999999995,1.7288614161288245,0.41280347203445117,3,2
"frozenset({'CrCard_Status_Has_CrCard', 'Geography_Germany'})",frozenset({'Balance_Band_Mid_Balance'}),0.1791,0.3577,0.1007,0.5622557230597431,1.571863916856984,0.03663593,1.4672950221582581,0.44318749143376074,2,1
"frozenset({'Age_Band_Middle_Aged', 'Balance_Band_Zero_Balance', 'Gender_Female'})",frozenset({'Products_Label_Products_2'}),0.0967,0.459,0.0697,0.7207859358841779,1.5703397295951589,0.025314699999999996,1.9375814745420694,0.40207585735771,3,1
"frozenset({'Gender_Male', 'CrCard_Status_Has_CrCard', 'Geography_Germany'})",frozenset({'Balance_Band_Mid_Balance'}),0.0948,0.3577,0.0532,0.5611814345991561,1.5688605943504503,0.019290039999999994,1.463702881279831,0.4005686443240225,3,1
"frozenset({'Balance_Band_Zero_Balance', 'Active_Status_Inactive'})","frozenset({'Products_Label_Products_2', 'Churn_Status_Retained'})",0.1744,0.4242,0.116,0.6651376146788991,1.5679811755749624,0.042019520000000005,1.719512323632141,0.4387563485699011,2,2
"frozenset({'Balance_Band_Zero_Balance', 'Active_Status_Inactive', 'Geography_France'})","frozenset({'Products_Label_Products_2', 'Churn_Status_Retained'})",0.1158,0.4242,0.077,0.6649395509499136,1.5675142643798057,0.027877639999999995,1.7184958711597467,0.40946309966893535,3,2
"frozenset({'Products_Label_Products_2', 'Gender_Male', 'CrCard_Status_Has_CrCard', 'Active_Status_Active'})",frozenset({'Balance_Band_Zero_Balance'}),0.0972,0.3617,0.0551,0.5668724279835392,1.5672447552765805,0.019942760000000004,1.4736997590678478,0.40090559155746147,4,1
"frozenset({'Balance_Band_Zero_Balance', 'Geography_France'})",frozenset({'Products_Label_Products_2'}),0.2418,0.459,0.1739,0.7191894127377999,1.5668614656596946,0.0629138,1.9265655306944987,0.4771583798618714,2,1
"frozenset({'Products_Label_Products_2', 'Active_Status_Inactive'})",frozenset({'Balance_Band_Zero_Balance'}),0.2144,0.3617,0.1215,0.5666977611940298,1.5667618501355538,0.043951519999999994,1.4731057016594846,0.4604644925532004,2,1
frozenset({'Products_Label_Products_2'}),frozenset({'Balance_Band_Zero_Balance'}),0.459,0.3617,0.26,0.5664488017429193,1.566073546427756,0.0939797,1.4722597955991592,0.6681337978103229,1,1
frozenset({'Balance_Band_Zero_Balance'}),frozenset({'Products_Label_Products_2'}),0.3617,0.459,0.26,0.71882775781034,1.566073546427756,0.0939797,1.9240875054479596,0.566286048277275,1,1
"frozenset({'Products_Label_Products_2', 'Churn_Status_Retained', 'Geography_Germany'})",frozenset({'Balance_Band_Mid_Balance'}),0.0914,0.3577,0.0512,0.5601750547045953,1.5660471196661874,0.018506220000000004,1.460353728022977,0.3978093873816862,3,1
"frozenset({'Products_Label_Products_2', 'Active_Status_Active'})",frozenset({'Balance_Band_Zero_Balance'}),0.2446,0.3617,0.1385,0.5662305805396566,1.565470225434494,0.050028180000000005,1.4715191295010972,0.47817619278379786,2,1
"frozenset({'Tenure_Band_Loyal', 'Geography_Germany'})",frozenset({'Balance_Band_Mid_Balance'}),0.1113,0.3577,0.0623,0.559748427672956,1.564854424581929,0.02248799,1.4589385681146965,0.4061695975563346,2,1
"frozenset({'Balance_Band_Zero_Balance', 'Geography_Spain'})","frozenset({'Products_Label_Products_2', 'CrCard_Status_Has_CrCard'})",0.1199,0.3246,0.0609,0.5079232693911593,1.5647666955981494,0.02198046,1.3725501667022242,0.4100978225156904,2,2
"frozenset({'Balance_Band_Zero_Balance', 'Geography_Spain'})",frozenset({'Products_Label_Products_2'}),0.1199,0.459,0.0861,0.7180984153461217,1.5644845650242303,0.031065899999999994,1.919109460647892,0.4099668750027218,2,1
"frozenset({'Age_Band_Middle_Aged', 'Churn_Status_Retained', 'Products_Label_Products_2', 'Active_Status_Active'})",frozenset({'Balance_Band_Zero_Balance'}),0.1359,0.3617,0.0769,0.5658572479764533,1.564438064629398,0.027744969999999994,1.4702537254269918,0.4175359887216251,4,1
"frozenset({'Balance_Band_Zero_Balance', 'Geography_France', 'CrCard_Status_Has_CrCard'})",frozenset({'Products_Label_Products_2'}),0.174,0.459,0.1249,0.7178160919540231,1.5638694813813139,0.045034000000000005,1.9171894025745224,0.43651385999841036,3,1
"frozenset({'Balance_Band_Zero_Balance', 'Active_Status_Inactive', 'Gender_Male'})",frozenset({'Products_Label_Products_2'}),0.0939,0.459,0.0674,0.7177848775292865,1.5638014760986634,0.0242999,1.9169773516979558,0.3978949795271547,3,1
"frozenset({'Churn_Status_Retained', 'Geography_Germany'})",frozenset({'Balance_Band_Mid_Balance'}),0.1695,0.3577,0.0948,0.55929203539823,1.5635785166291025,0.03416984999999999,1.4574277075363584,0.43400536507670373,2,1
"frozenset({'Age_Band_Middle_Aged', 'CrCard_Status_Has_CrCard', 'Products_Label_Products_2'})",frozenset({'Balance_Band_Zero_Balance'}),0.2003,0.3617,0.1132,0.565152271592611,1.5624890008089882,0.04075148999999999,1.4678701458781354,0.45016317956689583,3,1
"frozenset({'Gender_Female', 'Balance_Band_Zero_Balance', 'Geography_France'})","frozenset({'Products_Label_Products_2', 'Churn_Status_Retained'})",0.1109,0.4242,0.0735,0.6627592425608656,1.5623744520529599,0.026456219999999996,1.7073855564345168,0.40484599193405846,3,2
"frozenset({'Churn_Status_Retained', 'Active_Status_Active', 'Geography_Germany'})",frozenset({'Balance_Band_Mid_Balance'}),0.0952,0.3577,0.0532,0.5588235294117646,1.5622687431136835,0.01914695999999999,1.455879996700005,0.3977732793522265,3,1
"frozenset({'Balance_Band_Zero_Balance', 'CrCard_Status_Has_CrCard'})",frozenset({'Products_Label_Products_2'}),0.2592,0.459,0.1858,0.716820987654321,1.561701498157562,0.06682719999999999,1.9104523093298467,0.48551939310947684,2,1
"frozenset({'Balance_Band_Zero_Balance', 'Salary_Band_Upper_Mid_Income'})",frozenset({'Products_Label_Products_2'}),0.0886,0.459,0.0635,0.7167042889390519,1.561447252590527,0.0228326,1.9096653319045276,0.3945232652370067,2,1
"frozenset({'Products_Label_Products_2', 'Balance_Band_Zero_Balance', 'Active_Status_Active'})","frozenset({'Churn_Status_Retained', 'Geography_France'})",0.1385,0.4204,0.0909,0.6563176895306858,1.5611743328512984,0.03267459999999999,1.6864411715636107,0.41724497464256,3,2
"frozenset({'Age_Band_Middle_Aged', 'Gender_Male', 'CrCard_Status_Has_CrCard', 'Products_Label_Products_2'})",frozenset({'Balance_Band_Zero_Balance'}),0.1125,0.3617,0.0635,0.5644444444444444,1.5605320554173192,0.022808749999999996,1.4654846905129175,0.4047244094488188,4,1
"frozenset({'Products_Label_Products_2', 'Balance_Band_Zero_Balance', 'Gender_Male'})","frozenset({'Churn_Status_Retained', 'Geography_France'})",0.1439,0.4204,0.0944,0.6560111188325226,1.5604450971277892,0.03390444,1.6849381769199474,0.4195271620019046,3,2
"frozenset({'Balance_Band_Zero_Balance', 'Age_Band_Young_Adult'})","frozenset({'Churn_Status_Retained', 'Geography_France'})",0.077,0.4204,0.0505,0.6558441558441559,1.560047944443758,0.018129200000000005,1.6841207498234982,0.3889426429100115,2,2
"frozenset({'Tenure_Band_Loyal', 'Balance_Band_Zero_Balance', 'Active_Status_Inactive'})",frozenset({'Products_Label_Products_2'}),0.0788,0.459,0.0564,0.7157360406091371,1.5593377791048737,0.0202308,1.9031607075906667,0.38938572260049337,3,1
"frozenset({'Gender_Female', 'Balance_Band_Zero_Balance', 'Tenure_Band_Loyal'})",frozenset({'Products_Label_Products_2'}),0.0749,0.459,0.0536,0.7156208277703605,1.5590867707415261,0.019220900000000006,1.9023896646718783,0.3876325592876608,3,1
"frozenset({'Gender_Female', 'Products_Label_Products_2'})",frozenset({'Balance_Band_Zero_Balance'}),0.206,0.3617,0.1161,0.5635922330097087,1.5581759275911216,0.041589799999999996,1.4626229109977715,0.45116365853288115,2,1
"frozenset({'Age_Band_Middle_Aged', 'Products_Label_Products_2', 'Gender_Female'})",frozenset({'Balance_Band_Zero_Balance'}),0.1237,0.3617,0.0697,0.5634599838318513,1.557810295360385,0.024957709999999994,1.4621798114653397,0.40861955289710167,3,1
"frozenset({'Balance_Band_Zero_Balance', 'Geography_Spain', 'CrCard_Status_Has_CrCard'})",frozenset({'Products_Label_Products_2'}),0.0852,0.459,0.0609,0.7147887323943662,1.5572739267851117,0.0217932,1.8968394995221922,0.3911808228561089,3,1
"frozenset({'Age_Band_Middle_Aged', 'CreditScore_Band_Fair_Credit', 'Products_Label_Products_2'})",frozenset({'Balance_Band_Zero_Balance'}),0.0926,0.3617,0.0521,0.562634989200864,1.5555294144342382,0.018606579999999998,1.459421725058211,0.393577312919112,3,1
"frozenset({'Age_Band_Middle_Aged', 'CrCard_Status_Has_CrCard', 'Geography_Germany'})",frozenset({'Balance_Band_Mid_Balance'}),0.1021,0.3577,0.0568,0.5563173359451519,1.5552623314094265,0.020278830000000005,1.4476562881279094,0.39761850420935235,3,1
"frozenset({'Balance_Band_Zero_Balance', 'Tenure_Band_Established'})",frozenset({'Products_Label_Products_2'}),0.1095,0.459,0.0781,0.7132420091324201,1.5539041593298912,0.027839500000000003,1.8866082736756808,0.40029159696066247,2,1
"frozenset({'Balance_Band_Zero_Balance', 'Active_Status_Inactive', 'CrCard_Status_Has_CrCard'})","frozenset({'Products_Label_Products_2', 'Churn_Status_Retained'})",0.125,0.4242,0.0823,0.6584,1.5520980669495519,0.029274999999999995,1.6855971847611322,0.4065266446797431,3,2
"frozenset({'Age_Band_Middle_Aged', 'Products_Label_Products_2'})",frozenset({'Balance_Band_Zero_Balance'}),0.2826,0.3617,0.1586,0.5612172682236376,1.5516098098524678,0.056383579999999975,1.4547062870072578,0.4955506978225628,2,1
"frozenset({'Age_Band_Middle_Aged', 'CrCard_Status_Has_CrCard', 'Active_Status_Active', 'Products_Label_Products_2'})",frozenset({'Balance_Band_Zero_Balance'}),0.1009,0.3617,0.0566,0.5609514370664024,1.5508748605651157,0.020104469999999992,1.453825504589368,0.3950646759834037,4,1
"frozenset({'Gender_Male', 'Churn_Status_Retained', 'Geography_Germany'})",frozenset({'Balance_Band_Mid_Balance'}),0.095,0.3577,0.0527,0.5547368421052631,1.5508438415019934,0.018718499999999992,1.4425177272567564,0.392474865547716,3,1
"frozenset({'Products_Label_Products_2', 'Balance_Band_Zero_Balance', 'CreditScore_Band_Fair_Credit'})","frozenset({'Churn_Status_Retained', 'Geography_France'})",0.0859,0.4204,0.056,0.6519208381839348,1.5507155998666384,0.019887639999999998,1.6651384567546688,0.38850938471877094,3,2
"frozenset({'Products_Label_Products_2', 'CreditScore_Band_Fair_Credit', 'CrCard_Status_Has_CrCard'})",frozenset({'Balance_Band_Zero_Balance'}),0.1106,0.3617,0.062,0.5605786618444846,1.549844240653814,0.02199598,1.4525921777642652,0.3988912423743444,3,1
"frozenset({'Gender_Male', 'Balance_Band_Mid_Balance', 'Active_Status_Active'})","frozenset({'Products_Label_Products_1', 'Churn_Status_Retained'})",0.1051,0.3675,0.0598,0.5689819219790675,1.5482501278341974,0.02117575,1.4674558464849974,0.3956973201168569,3,2
"frozenset({'Products_Label_Products_2', 'Balance_Band_Zero_Balance', 'CrCard_Status_Has_CrCard'})","frozenset({'Churn_Status_Retained', 'Geography_France'})",0.1858,0.4204,0.1209,0.6506996770721205,1.5478108398480508,0.04278968,1.6593170984853445,0.434691992159841,3,2
"frozenset({'Balance_Band_Zero_Balance', 'Tenure_Band_Established', 'CrCard_Status_Has_CrCard'})",frozenset({'Products_Label_Products_2'}),0.0801,0.459,0.0569,0.7103620474406991,1.5476297329862725,0.020134099999999995,1.8678491314821237,0.38466204491165934,3,1
"frozenset({'Age_Band_Middle_Aged', 'Gender_Male', 'Products_Label_Products_2'})",frozenset({'Balance_Band_Zero_Balance'}),0.1589,0.3617,0.0889,0.5594713656387665,1.546782874312321,0.03142587,1.448940996710904,0.4202792181591972,3,1
"frozenset({'Salary_Band_Mid_Income', 'Products_Label_Products_2'})",frozenset({'Balance_Band_Zero_Balance'}),0.1128,0.3617,0.0631,0.5593971631205674,1.5465777249670096,0.02230024,1.4486969786033599,0.3983443344255829,2,1
"frozenset({'Tenure_Band_Loyal', 'Balance_Band_Zero_Balance', 'Products_Label_Products_2'})","frozenset({'Churn_Status_Retained', 'Geography_France'})",0.1209,0.4204,0.0786,0.6501240694789082,1.5464416495692395,0.02777364000000001,1.6565872293077684,0.4019499470746019,3,2
"frozenset({'Gender_Female', 'Balance_Band_Zero_Balance'})","frozenset({'Products_Label_Products_2', 'CrCard_Status_Has_CrCard'})",0.1654,0.3246,0.0828,0.5006045949214026,1.5422199473857137,0.029111160000000004,1.3524353483814429,0.4212605535238612,2,2
"frozenset({'Products_Label_Products_2', 'CreditScore_Band_Fair_Credit'})",frozenset({'Balance_Band_Zero_Balance'}),0.154,0.3617,0.0859,0.5577922077922078,1.542140469428277,0.0301982,1.4434390569414153,0.41554449205602206,2,1
"frozenset({'Products_Label_Products_2', 'Gender_Male', 'Active_Status_Active'})",frozenset({'Balance_Band_Zero_Balance'}),0.1373,0.3617,0.0765,0.5571740713765476,1.540431493991008,0.026838589999999996,1.4414241743765204,0.40666656060051615,3,1
"frozenset({'Products_Label_Products_2', 'Salary_Band_High_Income'})",frozenset({'Balance_Band_Zero_Balance'}),0.1169,0.3617,0.0651,0.5568862275449102,1.5396356857752562,0.02281727,1.4404878345870071,0.39689242319638907,2,1
"frozenset({'Products_Label_Products_2', 'Churn_Status_Retained', 'Tenure_Band_New_Customer'})",frozenset({'Balance_Band_Zero_Balance'}),0.1055,0.3617,0.0587,0.5563981042654029,1.5382861605347053,0.02054065,1.4389027745340974,0.3911971988576794,3,1
"frozenset({'Products_Label_Products_2', 'Salary_Band_Upper_Mid_Income'})",frozenset({'Balance_Band_Zero_Balance'}),0.1142,0.3617,0.0635,0.5560420315236427,1.537301718340179,0.022193860000000003,1.4377487147102384,0.3945694358762843,2,1
"frozenset({'Age_Band_Middle_Aged', 'Balance_Band_Zero_Balance', 'Products_Label_Products_2'})","frozenset({'Churn_Status_Retained', 'Geography_France'})",0.1586,0.4204,0.1025,0.6462799495586381,1.5372976916237824,0.03582455999999999,1.6385839525868198,0.4153885220335444,3,2
"frozenset({'Products_Label_Products_2', 'Balance_Band_Zero_Balance'})","frozenset({'Churn_Status_Retained', 'Geography_France'})",0.26,0.4204,0.1679,0.6457692307692308,1.536082851496743,0.058595999999999995,1.636221493752252,0.4716127682178903,2,2
"frozenset({'Churn_Status_Retained', 'CrCard_Status_Has_CrCard', 'Geography_Germany'})",frozenset({'Balance_Band_Mid_Balance'}),0.1214,0.3577,0.0666,0.5485996705107085,1.5336865264487236,0.023175220000000003,1.4229054713003517,0.39605767843873924,3,1
"frozenset({'Balance_Band_Zero_Balance', 'Tenure_Band_New_Customer'})",frozenset({'Products_Label_Products_2'}),0.0868,0.459,0.061,0.7027649769585254,1.5310783811732578,0.0211588,1.8201085210083168,0.37983527570137077,2,1
"frozenset({'Age_Band_Middle_Aged', 'Churn_Status_Retained', 'Geography_Germany'})",frozenset({'Balance_Band_Mid_Balance'}),0.1065,0.3577,0.0583,0.5474178403755868,1.5303825562638713,0.02020495,1.4191898308891342,0.3878775720589238,3,1
"frozenset({'Gender_Female', 'Balance_Band_Zero_Balance'})",frozenset({'Products_Label_Products_2'}),0.1654,0.459,0.1161,0.7019347037484885,1.529269507077317,0.04018139999999999,1.8150385334643533,0.4146813123122621,2,1
"frozenset({'Balance_Band_Zero_Balance', 'Geography_France', 'Tenure_Band_Established'})",frozenset({'Products_Label_Products_2'}),0.072,0.459,0.0505,0.701388888888889,1.528080367949649,0.017452000000000002,1.8117209241653998,0.3723967224308638,3,1
"frozenset({'Products_Label_Products_2', 'CrCard_Status_No_CrCard'})",frozenset({'Balance_Band_Zero_Balance'}),0.1344,0.3617,0.0742,0.5520833333333334,1.5263570177863792,0.025587520000000002,1.4250418572836274,0.39838872807170506,2,1
"frozenset({'Gender_Female', 'Balance_Band_Zero_Balance', 'CrCard_Status_Has_CrCard'})",frozenset({'Products_Label_Products_2'}),0.1183,0.459,0.0828,0.6999154691462384,1.5248703031508462,0.028500299999999992,1.8028253461049506,0.39038961295126495,3,1
"frozenset({'Gender_Female', 'Balance_Band_Zero_Balance', 'Geography_France'})",frozenset({'Products_Label_Products_2'}),0.1109,0.459,0.0776,0.6997294860234445,1.5244651111621885,0.026696900000000003,1.801708702708423,0.3869443442749358,3,1
"frozenset({'Age_Band_Middle_Aged', 'Products_Label_Products_2', 'Active_Status_Active'})",frozenset({'Balance_Band_Zero_Balance'}),0.1418,0.3617,0.0781,0.5507757404795487,1.522741886866322,0.02681094,1.420893874388026,0.4000115180180892,3,1
"frozenset({'Balance_Band_Zero_Balance', 'Active_Status_Inactive', 'Geography_France'})",frozenset({'Products_Label_Products_2'}),0.1158,0.459,0.0807,0.6968911917098445,1.5182814634201405,0.02754779999999999,1.7848376009491673,0.3860671734851153,3,1
"frozenset({'Balance_Band_Zero_Balance', 'Active_Status_Inactive'})",frozenset({'Products_Label_Products_2'}),0.1744,0.459,0.1215,0.6966743119266054,1.5178089584457635,0.0414504,1.7835614307929462,0.4132213608957795,2,1
"frozenset({'Balance_Band_Zero_Balance', 'CreditScore_Band_Poor_Credit'})",frozenset({'Products_Label_Products_2'}),0.0874,0.459,0.0608,0.6956521739130435,1.5155820782419247,0.020683399999999998,1.7775714227308361,0.37276736795967563,2,1
"frozenset({'Gender_Female', 'Active_Status_Inactive', 'Products_Label_Products_2'})",frozenset({'Balance_Band_Zero_Balance'}),0.0987,0.3617,0.0541,0.5481256332320162,1.5154150766713192,0.01840021,1.4125607592058351,0.37736024346020625,3,1
"frozenset({'Gender_Female', 'Balance_Band_Zero_Balance', 'Geography_France', 'CrCard_Status_Has_CrCard'})",frozenset({'Products_Label_Products_2'}),0.0788,0.459,0.0547,0.6941624365482234,1.5123364630680247,0.0185308,1.768912857286708,0.3677501962705032,4,1
"frozenset({'Products_Label_Products_2', 'Balance_Band_Zero_Balance', 'Active_Status_Inactive'})","frozenset({'Churn_Status_Retained', 'Geography_France'})",0.1215,0.4204,0.077,0.6337448559670782,1.507480627895048,0.025921400000000004,1.582503366465749,0.38320040801543365,3,2
"frozenset({'Gender_Female', 'Balance_Band_Zero_Balance', 'Products_Label_Products_2'})","frozenset({'Churn_Status_Retained', 'Geography_France'})",0.1161,0.4204,0.0735,0.6330749354005167,1.50588709657592,0.02469156,1.5796140802020373,0.38006515650722333,3,2
"frozenset({'Salary_Band_Mid_Income', 'Balance_Band_Zero_Balance'})",frozenset({'Products_Label_Products_2'}),0.0913,0.459,0.0631,0.6911281489594743,1.5057258147265233,0.021193299999999998,1.7515354553221563,0.3696142431578383,2,1
"frozenset({'Balance_Band_Mid_Balance', 'CrCard_Status_Has_CrCard', 'Active_Status_Active'})","frozenset({'Products_Label_Products_1', 'Churn_Status_Retained'})",0.1269,0.3675,0.07,0.5516154452324665,1.5009944087958274,0.023364250000000003,1.410619504762608,0.382287252319322,3,2
"frozenset({'Balance_Band_Zero_Balance', 'Active_Status_Inactive', 'CrCard_Status_Has_CrCard'})",frozenset({'Products_Label_Products_2'}),0.125,0.459,0.0861,0.6888,1.5006535947712416,0.028724999999999994,1.7384318710204625,0.38128422100547527,3,1
